#-----------------------------------------------------------
# Vivado v2024.1 (64-bit)
# SW Build 5076996 on Wed May 22 18:37:14 MDT 2024
# IP Build 5075265 on Wed May 22 21:45:21 MDT 2024
# SharedData Build 5076995 on Wed May 22 18:29:18 MDT 2024
# Start of session at: Tue Apr  8 12:58:35 2025
# Process ID: 27956
# Current directory: C:/Progh/Code/Project_RetroGame/Oplevering
# Command line: vivado.exe -gui_launcher_event rodinguilauncherevent22620 C:\Progh\Code\Project_RetroGame\Oplevering\EindProject_FPGA.xpr
# Log file: C:/Progh/Code/Project_RetroGame/Oplevering/vivado.log
# Journal file: C:/Progh/Code/Project_RetroGame/Oplevering\vivado.jou
# Running On        :DESKTOP-H0VVJ00
# Platform          :Windows Server 2016 or Windows 10
# Operating System  :22631
# Processor Detail  :11th Gen Intel(R) Core(TM) i5-1155G7 @ 2.50GHz
# CPU Frequency     :2496 MHz
# CPU Physical cores:4
# CPU Logical cores :8
# Host memory       :16804 MB
# Swap memory       :12348 MB
# Total Virtual     :29153 MB
# Available Virtual :10047 MB
#-----------------------------------------------------------
start_guioopen_project C:/Progh/Code/Project_RetroGame/Oplevering/EindProject_FPGA.xprSWARNING: [Board 49-26] cannot add Board Part xilinx.com:k24c:part0:1.0 available at C:/Xilinx/Vivado/2024.1/data/xhub/boards/XilinxBoardStore/boards/Xilinx/k24c/1.0/board.xml as part xck24-ubva530-2lv-c specified in board_part file is eitheWARNING: [Board 49-26] cannot add Board Part xilinx.com:k24c:part0:1.0 available at C:/Xilinx/Vivado/2024.1/data/xhub/boards/XilinxBoardStore/boards/Xilinx/k24c/1.0/board.xml as part xck24-ubva530-2lv-c specified in board_part file is either invalid or not available
WARNING: [Board 49-26] cannot add Board Part xilinx.com:k24i:part0:1.0 available at C:/Xilinx/Vivado/2024.1/data/xhub/boards/XilinxBoardStore/boards/Xilinx/k24i/1.0/board.xml as part xck24-ubva530-2lvi-i specified in board_part file is either invalid or not available
WARNING: [Board 49-26] cannot add Board Part xilinx.com:k26c:part0:1.2 available at C:/Xilinx/Vivado/2024.1/data/xhub/boards/XilinxBoardStore/boards/Xilinx/k26c/1.2/board.xml as part xck26-sfvc784-2lv-c specified in board_part file is either invalid or not available
WARNING: [Board 49-26] cannot add Board Part xilinx.com:k26c:part0:1.3 available at C:/Xilinx/Vivado/2024.1/data/xhub/boards/XilinxBoardStore/boards/Xilinx/k26c/1.3/board.xml as part xck26-sfvc784-2lv-c specified in board_part file is either invalid or not available
WARNING: [Board 49-26] cannot add Board Part xilinx.com:k26c:part0:1.4 available at C:/Xilinx/Vivado/2024.1/data/xhub/boards/XilinxBoardStore/boards/Xilinx/k26c/1.4/board.xml as part xck26-sfvc784-2lv-c specified in board_part file is either invalid or not available
WARNING: [Board 49-26] cannot add Board Part xilinx.com:k26i:part0:1.2 available at C:/Xilinx/Vivado/2024.1/data/xhub/boards/XilinxBoardStore/boards/Xilinx/k26i/1.2/board.xml as part xck26-sfvc784-2lvi-i specified in board_part file is either invalid or not available
WARNING: [Board 49-26] cannot add Board Part xilinx.com:k26i:part0:1.3 available at C:/Xilinx/Vivado/2024.1/data/xhub/boards/XilinxBoardStore/boards/Xilinx/k26i/1.3/board.xml as part xck26-sfvc784-2lvi-i specified in board_part file is either invalid or not available
WARNING: [Board 49-26] cannot add Board Part xilinx.com:k26i:part0:1.4 available at C:/Xilinx/Vivado/2024.1/data/xhub/boards/XilinxBoardStore/boards/Xilinx/k26i/1.4/board.xml as part xck26-sfvc784-2lvi-i specified in board_part file is either invalid or not available
WARNING: [Board 49-26] cannot add Board Part xilinx.com:kcu105:part0:1.6 available at C:/Xilinx/Vivado/2024.1/data/xhub/boards/XilinxBoardStore/boards/Xilinx/kcu105/1.6/board.xml as part xcku040-ffva1156-2-e specified in board_part file is either invalid or not available
WARNING: [Board 49-26] cannot add Board Part xilinx.com:kcu105:part0:1.7 available at C:/Xilinx/Vivado/2024.1/data/xhub/boards/XilinxBoardStore/boards/Xilinx/kcu105/1.7/board.xml as part xcku040-ffva1156-2-e specified in board_part file is either invalid or not available
WARNING: [Board 49-26] cannot add Board Part xilinx.com:kcu116:part0:1.4 available at C:/Xilinx/Vivado/2024.1/data/xhub/boards/XilinxBoardStore/boards/Xilinx/kcu116/1.4/board.xml as part xcku5p-ffvb676-2-e specified in board_part file is either invalid or not available
WARNING: [Board 49-26] cannot add Board Part xilinx.com:kcu116:part0:1.5 available at C:/Xilinx/Vivado/2024.1/data/xhub/boards/XilinxBoardStore/boards/Xilinx/kcu116/1.5/board.xml as part xcku5p-ffvb676-2-e specified in board_part file is either invalid or not available
WARNING: [Board 49-26] cannot add Board Part xilinx.com:kcu1500:part0:1.2 available at C:/Xilinx/Vivado/2024.1/data/xhub/boards/XilinxBoardStore/boards/Xilinx/kcu1500/1.2/board.xml as part xcku115-flvb2104-2-e specified in board_part file is either invalid or not available
WARNING: [Board 49-26] cannot add Board Part xilinx.com:kd240_som:part0:1.0 available at C:/Xilinx/Vivado/2024.1/data/xhub/boards/XilinxBoardStore/boards/Xilinx/kd240_som/1.0/board.xml as part xck24-ubva530-2lv-c specified in board_part file is either invalid or not available
WARNING: [Board 49-26] cannot add Board Part xilinx.com:kr260_som:part0:1.0 available at C:/Xilinx/Vivado/2024.1/data/xhub/boards/XilinxBoardStore/boards/Xilinx/kr260_som/1.0/board.xml as part xck26-sfvc784-2lv-c specified in board_part file is either invalid or not available
WARNING: [Board 49-26] cannot add Board Part xilinx.com:kr260_som:part0:1.1 available at C:/Xilinx/Vivado/2024.1/data/xhub/boards/XilinxBoardStore/boards/Xilinx/kr260_som/1.1/board.xml as part xck26-sfvc784-2lv-c specified in board_part file is either invalid or not available
WARNING: [Board 49-26] cannot add Board Part xilinx.com:kv260_som:part0:1.2 available at C:/Xilinx/Vivado/2024.1/data/xhub/boards/XilinxBoardStore/boards/Xilinx/kv260_som/1.2/board.xml as part xck26-sfvc784-2lv-c specified in board_part file is either invalid or not available
WARNING: [Board 49-26] cannot add Board Part xilinx.com:kv260_som:part0:1.3 available at C:/Xilinx/Vivado/2024.1/data/xhub/boards/XilinxBoardStore/boards/Xilinx/kv260_som/1.3/board.xml as part xck26-sfvc784-2lv-c specified in board_part file is either invalid or not available
WARNING: [Board 49-26] cannot add Board Part xilinx.com:kv260_som:part0:1.4 available at C:/Xilinx/Vivado/2024.1/data/xhub/boards/XilinxBoardStore/boards/Xilinx/kv260_som/1.4/board.xml as part xck26-sfvc784-2lv-c specified in board_part file is either invalid or not available
WARNING: [Board 49-26] cannot add Board Part xilinx.com:vck190:part0:2.2 available at C:/Xilinx/Vivado/2024.1/data/xhub/boards/XilinxBoardStore/boards/Xilinx/vck190/production/2.2/board.xml as part xcvc1902-vsva2197-2mp-e-s specified in board_part file is either invalid or not available
WARNING: [Board 49-26] cannot add Board Part xilinx.com:vck190:part0:3.0 available at C:/Xilinx/Vivado/2024.1/data/xhub/boards/XilinxBoardStore/boards/Xilinx/vck190/production/3.0/board.xml as part xcvc1902-vsva2197-2mp-e-s specified in board_part file is either invalid or not available
WARNING: [Board 49-26] cannot add Board Part xilinx.com:vck190:part0:3.1 available at C:/Xilinx/Vivado/2024.1/data/xhub/boards/XilinxBoardStore/boards/Xilinx/vck190/production/3.1/board.xml as part xcvc1902-vsva2197-2mp-e-s specified in board_part file is either invalid or not available
WARNING: [Board 49-26] cannot add Board Part xilinx.com:vck190:part0:3.2 available at C:/Xilinx/Vivado/2024.1/data/xhub/boards/XilinxBoardStore/boards/Xilinx/vck190/production/3.2/board.xml as part xcvc1902-vsva2197-2mp-e-s specified in board_part file is either invalid or not available
WARNING: [Board 49-26] cannot add Board Part xilinx.com:vck190:part0:3.3 available at C:/Xilinx/Vivado/2024.1/data/xhub/boards/XilinxBoardStore/boards/Xilinx/vck190/production/3.3/board.xml as part xcvc1902-vsva2197-2mp-e-s specified in board_part file is either invalid or not available
WARNING: [Board 49-26] cannot add Board Part xilinx.com:vck190_newl:part0:1.0 available at C:/Xilinx/Vivado/2024.1/data/xhub/boards/XilinxBoardStore/boards/Xilinx/vck190_newl/production/1.0/board.xml as part xcvc1902-vsva2197-2mp-e-s specified in board_part file is either invalid or not available
WARNING: [Board 49-26] cannot add Board Part xilinx.com:vck190_newl:part0:1.1 available at C:/Xilinx/Vivado/2024.1/data/xhub/boards/XilinxBoardStore/boards/Xilinx/vck190_newl/production/1.1/board.xml as part xcvc1902-vsva2197-2mp-e-s specified in board_part file is either invalid or not available
WARNING: [Board 49-26] cannot add Board Part xilinx.com:vck190_newl:part0:1.2 available at C:/Xilinx/Vivado/2024.1/data/xhub/boards/XilinxBoardStore/boards/Xilinx/vck190_newl/production/1.2/board.xml as part xcvc1902-vsva2197-2mp-e-s specified in board_part file is either invalid or not available
WARNING: [Board 49-26] cannot add Board Part xilinx.com:vcu108:part0:1.6 available at C:/Xilinx/Vivado/2024.1/data/xhub/boards/XilinxBoardStore/boards/Xilinx/vcu108/1.6/board.xml as part xcvu095-ffva2104-2-e specified in board_part file is either invalid or not available
WARNING: [Board 49-26] cannot add Board Part xilinx.com:vcu108:part0:1.7 available at C:/Xilinx/Vivado/2024.1/data/xhub/boards/XilinxBoardStore/boards/Xilinx/vcu108/1.7/board.xml as part xcvu095-ffva2104-2-e specified in board_part file is either invalid or not available
WARNING: [Board 49-26] cannot add Board Part xilinx.com:vcu110:part0:1.4 available at C:/Xilinx/Vivado/2024.1/data/xhub/boards/XilinxBoardStore/boards/Xilinx/vcu110/1.4/board.xml as part xcvu190-flgc2104-2-e specified in board_part file is either invalid or not available
WARNING: [Board 49-26] cannot add Board Part xilinx.com:vcu118:part0:2.0 available at C:/Xilinx/Vivado/2024.1/data/xhub/boards/XilinxBoardStore/boards/Xilinx/vcu118/2.0/board.xml as part xcvu9p-flga2104-2l-e specified in board_part file is either invalid or not available
WARNING: [Board 49-26] cannot add Board Part xilinx.com:vcu118:part0:2.3 available at C:/Xilinx/Vivado/2024.1/data/xhub/boards/XilinxBoardStore/boards/Xilinx/vcu118/2.3/board.xml as part xcvu9p-flga2104-2l-e specified in board_part file is either invalid or not available
WARNING: [Board 49-26] cannot add Board Part xilinx.com:vcu118:part0:2.4 available at C:/Xilinx/Vivado/2024.1/data/xhub/boards/XilinxBoardStore/boards/Xilinx/vcu118/2.4/board.xml as part xcvu9p-flga2104-2l-e specified in board_part file is either invalid or not available
WARNING: [Board 49-26] cannot add Board Part xilinx.com:vcu128:part0:1.0 available at C:/Xilinx/Vivado/2024.1/data/xhub/boards/XilinxBoardStore/boards/Xilinx/vcu128/production/1.0/board.xml as part xcvu37p-fsvh2892-2l-e specified in board_part file is either invalid or not available
WARNING: [Board 49-26] cannot add Board Part xilinx.com:vcu129:part0:1.0 available at C:/Xilinx/Vivado/2024.1/data/xhub/boards/XilinxBoardStore/boards/Xilinx/vcu129/production/1.0/board.xml as part xcvu29p-fsga2577-2l-e specified in board_part file is either invalid or not available
WARNING: [Board 49-26] cannot add Board Part xilinx.com:vcu1525:part0:1.3 available at C:/Xilinx/Vivado/2024.1/data/xhub/boards/XilinxBoardStore/boards/Xilinx/vcu1525/1.3/board.xml as part xcvu9p-fsgd2104-2l-e specified in board_part file is either invalid or not available
WARNING: [Board 49-26] cannot add Board Part xilinx.com:vek280:part0:1.0 available at C:/Xilinx/Vivado/2024.1/data/xhub/boards/XilinxBoardStore/boards/Xilinx/vek280/production/1.0/board.xml as part xcve2802-vsvh1760-2mp-e-s specified in board_part file is either invalid or not available
WARNING: [Board 49-26] cannot add Board Part xilinx.com:vek280:part0:1.1 available at C:/Xilinx/Vivado/2024.1/data/xhub/boards/XilinxBoardStore/boards/Xilinx/vek280/production/1.1/board.xml as part xcve2802-vsvh1760-2mp-e-s specified in board_part file is either invalid or not available
WARNING: [Board 49-26] cannot add Board Part xilinx.com:vek280:part0:1.2 available at C:/Xilinx/Vivado/2024.1/data/xhub/boards/XilinxBoardStore/boards/Xilinx/vek280/production/1.2/board.xml as part xcve2802-vsvh1760-2mp-e-s specified in board_part file is either invalid or not available
WARNING: [Board 49-26] cannot add Board Part xilinx.com:vek280_es:part0:1.0 available at C:/Xilinx/Vivado/2024.1/data/xhub/boards/XilinxBoardStore/boards/Xilinx/vek280/es/rev_a/1.0/board.xml as part xcve2802-vsvh1760-2lp-e-s-es1 specified in board_part file is either invalid or not available
WARNING: [Board 49-26] cannot add Board Part xilinx.com:vek280_es:part0:1.1 available at C:/Xilinx/Vivado/2024.1/data/xhub/boards/XilinxBoardStore/boards/Xilinx/vek280/es/rev_a/1.1/board.xml as part xcve2802-vsvh1760-2lp-e-s-es1 specified in board_part file is either invalid or not available
WARNING: [Board 49-26] cannot add Board Part xilinx.com:vek280_es_revb:part0:1.0 available at C:/Xilinx/Vivado/2024.1/data/xhub/boards/XilinxBoardStore/boards/Xilinx/vek280/es/rev_b/1.0/board.xml as part xcve2802-vsvh1760-2mp-e-s-es1 specified in board_part file is either invalid or not available
WARNING: [Board 49-26] cannot add Board Part xilinx.com:vek280_es_revb:part0:1.1 available at C:/Xilinx/Vivado/2024.1/data/xhub/boards/XilinxBoardStore/boards/Xilinx/vek280/es/rev_b/1.1/board.xml as part xcve2802-vsvh1760-2mp-e-s-es1 specified in board_part file is either invalid or not available
WARNING: [Board 49-26] cannot add Board Part xilinx.com:vermeo_t1_mpsoc:part0:1.0 available at C:/Xilinx/Vivado/2024.1/data/xhub/boards/XilinxBoardStore/boards/Xilinx/vermeo_t1_mpsoc/1.0/board.xml as part xczu19eg-ffvd1760-2l-e specified in board_part file is either invalid or not available
WARNING: [Board 49-26] cannot add Board Part xilinx.com:vermeo_t1_rfsoc:part0:1.0 available at C:/Xilinx/Vivado/2024.1/data/xhub/boards/XilinxBoardStore/boards/Xilinx/vermeo_t1_rfsoc/1.0/board.xml as part xczu21dr-ffvd1156-2l-e specified in board_part file is either invalid or not available
WARNING: [Board 49-26] cannot add Board Part xilinx.com:vhk158:part0:1.0 available at C:/Xilinx/Vivado/2024.1/data/xhub/boards/XilinxBoardStore/boards/Xilinx/vhk158/production/1.0/board.xml as part xcvh1582-vsva3697-2mp-e-s specified in board_part file is either invalid or not available
WARNING: [Board 49-26] cannot add Board Part xilinx.com:vhk158:part0:1.1 available at C:/Xilinx/Vivado/2024.1/data/xhub/boards/XilinxBoardStore/boards/Xilinx/vhk158/production/1.1/board.xml as part xcvh1582-vsva3697-2mp-e-s specified in board_part file is either invalid or not available
WARNING: [Board 49-26] cannot add Board Part xilinx.com:vhk158_es:part0:1.0 available at C:/Xilinx/Vivado/2024.1/data/xhub/boards/XilinxBoardStore/boards/Xilinx/vhk158/es/1.0/board.xml as part xcvh1582-vsva3697-2mp-e-s-es1 specified in board_part file is either invalid or not available
WARNING: [Board 49-26] cannot add Board Part xilinx.com:vhk158_es:part0:1.1 available at C:/Xilinx/Vivado/2024.1/data/xhub/boards/XilinxBoardStore/boards/Xilinx/vhk158/es/1.1/board.xml as part xcvh1582-vsva3697-2mp-e-s-es1 specified in board_part file is either invalid or not available
WARNING: [Board 49-26] cannot add Board Part xilinx.com:vmk180:part0:2.2 available at C:/Xilinx/Vivado/2024.1/data/xhub/boards/XilinxBoardStore/boards/Xilinx/vmk180/production/2.2/board.xml as part xcvm1802-vsva2197-2mp-e-s specified in board_part file is either invalid or not available
WARNING: [Board 49-26] cannot add Board Part xilinx.com:vmk180:part0:3.0 available at C:/Xilinx/Vivado/2024.1/data/xhub/boards/XilinxBoardStore/boards/Xilinx/vmk180/production/3.0/board.xml as part xcvm1802-vsva2197-2mp-e-s specified in board_part file is either invalid or not available
WARNING: [Board 49-26] cannot add Board Part xilinx.com:vmk180:part0:3.1 available at C:/Xilinx/Vivado/2024.1/data/xhub/boards/XilinxBoardStore/boards/Xilinx/vmk180/production/3.1/board.xml as part xcvm1802-vsva2197-2mp-e-s specified in board_part file is either invalid or not available
WARNING: [Board 49-26] cannot add Board Part xilinx.com:vmk180:part0:3.2 available at C:/Xilinx/Vivado/2024.1/data/xhub/boards/XilinxBoardStore/boards/Xilinx/vmk180/production/3.2/board.xml as part xcvm1802-vsva2197-2mp-e-s specified in board_part file is either invalid or not available
WARNING: [Board 49-26] cannot add Board Part xilinx.com:vmk180_newl:part0:1.0 available at C:/Xilinx/Vivado/2024.1/data/xhub/boards/XilinxBoardStore/boards/Xilinx/vmk180_newl/production/1.0/board.xml as part xcvm1802-vsva2197-2mp-e-s specified in board_part file is either invalid or not available
WARNING: [Board 49-26] cannot add Board Part xilinx.com:vmk180_newl:part0:1.1 available at C:/Xilinx/Vivado/2024.1/data/xhub/boards/XilinxBoardStore/boards/Xilinx/vmk180_newl/production/1.1/board.xml as part xcvm1802-vsva2197-2mp-e-s specified in board_part file is either invalid or not available
WARNING: [Board 49-26] cannot add Board Part xilinx.com:vpk120:part0:1.0 available at C:/Xilinx/Vivado/2024.1/data/xhub/boards/XilinxBoardStore/boards/Xilinx/vpk120/production/1.0/board.xml as part xcvp1202-vsva2785-2mp-e-s specified in board_part file is either invalid or not available
WARNING: [Board 49-26] cannot add Board Part xilinx.com:vpk120:part0:1.1 available at C:/Xilinx/Vivado/2024.1/data/xhub/boards/XilinxBoardStore/boards/Xilinx/vpk120/production/1.1/board.xml as part xcvp1202-vsva2785-2mp-e-s specified in board_part file is either invalid or not available
WARNING: [Board 49-26] cannot add Board Part xilinx.com:vpk120:part0:1.2 available at C:/Xilinx/Vivado/2024.1/data/xhub/boards/XilinxBoardStore/boards/Xilinx/vpk120/production/1.2/board.xml as part xcvp1202-vsva2785-2mp-e-s specified in board_part file is either invalid or not available
WARNING: [Board 49-26] cannot add Board Part xilinx.com:vpk180:part0:1.0 available at C:/Xilinx/Vivado/2024.1/data/xhub/boards/XilinxBoardStore/boards/Xilinx/vpk180/production/1.0/board.xml as part xcvp1802-lsvc4072-2mp-e-s specified in board_part file is either invalid or not available
WARNING: [Board 49-26] cannot add Board Part xilinx.com:vpk180:part0:1.1 available at C:/Xilinx/Vivado/2024.1/data/xhub/boards/XilinxBoardStore/boards/Xilinx/vpk180/production/1.1/board.xml as part xcvp1802-lsvc4072-2mp-e-s specified in board_part file is either invalid or not available
WARNING: [Board 49-26] cannot add Board Part xilinx.com:vpk180:part0:1.2 available at C:/Xilinx/Vivado/2024.1/data/xhub/boards/XilinxBoardStore/boards/Xilinx/vpk180/production/1.2/board.xml as part xcvp1802-lsvc4072-2mp-e-s specified in board_part file is either invalid or not available
WARNING: [Board 49-26] cannot add Board Part xilinx.com:zc702:part0:1.4 available at C:/Xilinx/Vivado/2024.1/data/xhub/boards/XilinxBoardStore/boards/Xilinx/zc702/1.4/board.xml as part xc7z020clg484-1 specified in board_part file is either invalid or not available
WARNING: [Board 49-26] cannot add Board Part xilinx.com:zc706:part0:1.4 available at C:/Xilinx/Vivado/2024.1/data/xhub/boards/XilinxBoardStore/boards/Xilinx/zc706/1.4/board.xml as part xc7z045ffg900-2 specified in board_part file is either invalid or not available
WARNING: [Board 49-26] cannot add Board Part xilinx.com:zcu102:part0:3.3 available at C:/Xilinx/Vivado/2024.1/data/xhub/boards/XilinxBoardStore/boards/Xilinx/zcu102/3.3/board.xml as part xczu9eg-ffvb1156-2-e specified in board_part file is either invalid or not available
WARNING: [Board 49-26] cannot add Board Part xilinx.com:zcu102:part0:3.4 available at C:/Xilinx/Vivado/2024.1/data/xhub/boards/XilinxBoardStore/boards/Xilinx/zcu102/3.4/board.xml as part xczu9eg-ffvb1156-2-e specified in board_part file is either invalid or not available
WARNING: [Board 49-26] cannot add Board Part xilinx.com:zcu104:part0:1.1 available at C:/Xilinx/Vivado/2024.1/data/xhub/boards/XilinxBoardStore/boards/Xilinx/zcu104/1.1/board.xml as part xczu7ev-ffvc1156-2-e specified in board_part file is either invalid or not available
WARNING: [Board 49-26] cannot add Board Part xilinx.com:zcu106:part0:2.4 available at C:/Xilinx/Vivado/2024.1/data/xhub/boards/XilinxBoardStore/boards/Xilinx/zcu106/2.4/board.xml as part xczu7ev-ffvc1156-2-e specified in board_part file is either invalid or not available
WARNING: [Board 49-26] cannot add Board Part xilinx.com:zcu106:part0:2.5 available at C:/Xilinx/Vivado/2024.1/data/xhub/boards/XilinxBoardStore/boards/Xilinx/zcu106/2.5/board.xml as part xczu7ev-ffvc1156-2-e specified in board_part file is either invalid or not available
WARNING: [Board 49-26] cannot add Board Part xilinx.com:zcu106:part0:2.6 available at C:/Xilinx/Vivado/2024.1/data/xhub/boards/XilinxBoardStore/boards/Xilinx/zcu106/2.6/board.xml as part xczu7ev-ffvc1156-2-e specified in board_part file is either invalid or not available
WARNING: [Board 49-26] cannot add Board Part xilinx.com:zcu111:part0:1.2 available at C:/Xilinx/Vivado/2024.1/data/xhub/boards/XilinxBoardStore/boards/Xilinx/zcu111/1.2/board.xml as part xczu28dr-ffvg1517-2-e specified in board_part file is either invalid or not available
WARNING: [Board 49-26] cannot add Board Part xilinx.com:zcu111:part0:1.3 available at C:/Xilinx/Vivado/2024.1/data/xhub/boards/XilinxBoardStore/boards/Xilinx/zcu111/1.3/board.xml as part xczu28dr-ffvg1517-2-e specified in board_part file is either invalid or not available
WARNING: [Board 49-26] cannot add Board Part xilinx.com:zcu111:part0:1.4 available at C:/Xilinx/Vivado/2024.1/data/xhub/boards/XilinxBoardStore/boards/Xilinx/zcu111/1.4/board.xml as part xczu28dr-ffvg1517-2-e specified in board_part file is either invalid or not available
WARNING: [Board 49-26] cannot add Board Part xilinx.com:zcu1275:part0:1.0 available at C:/Xilinx/Vivado/2024.1/data/xhub/boards/XilinxBoardStore/boards/Xilinx/zcu1275/1.0/board.xml as part xczu29dr-ffvf1760-2-e specified in board_part file is either invalid or not available
WARNING: [Board 49-26] cannot add Board Part xilinx.com:zcu1285:part0:1.0 available at C:/Xilinx/Vivado/2024.1/data/xhub/boards/XilinxBoardStore/boards/Xilinx/zcu1285/1.0/board.xml as part xczu39dr-ffvf1760-2-i specified in board_part file is either invalid or not available
WARNING: [Board 49-26] cannot add Board Part xilinx.com:zcu208:part0:2.0 available at C:/Xilinx/Vivado/2024.1/data/xhub/boards/XilinxBoardStore/boards/Xilinx/zcu208/production/2.0/board.xml as part xczu48dr-fsvg1517-2-e specified in board_part file is either invalid or not available
WARNING: [Board 49-26] cannot add Board Part xilinx.com:zcu208ld:part0:2.0 available at C:/Xilinx/Vivado/2024.1/data/xhub/boards/XilinxBoardStore/boards/Xilinx/zcu208ld/production/2.0/board.xml as part xczu58dr-fsvg1517-2-i specified in board_part file is either invalid or not available
WARNING: [Board 49-26] cannot add Board Part xilinx.com:zcu216:part0:2.0 available at C:/Xilinx/Vivado/2024.1/data/xhub/boards/XilinxBoardStore/boards/Xilinx/zcu216/production/2.0/board.xml as part xczu49dr-ffvf1760-2-e specified in board_part file is either invalid or not available
WARNING: [Board 49-26] cannot add Board Part xilinx.com:zcu216ld:part0:2.0 available at C:/Xilinx/Vivado/2024.1/data/xhub/boards/XilinxBoardStore/boards/Xilinx/zcu216ld/production/2.0/board.xml as part xczu59dr-ffvf1760-2-i specified in board_part file is either invalid or not available
WARNING: [Board 49-26] cannot add Board Part xilinx.com:zcu670:part0:2.0 available at C:/Xilinx/Vivado/2024.1/data/xhub/boards/XilinxBoardStore/boards/Xilinx/zcu670/2.0/board.xml as part xczu67dr-fsve1156-2-i specified in board_part file is either invalid or not available
WARNING: [Board 49-26] cannot add BoaScanning sources...
Finished scanning sources
INFO: [IP_Flow 19-234] Refreshing IP repositories
INFO: [IP_Flow 19-1704] No user IP repositories specified
INFO: [IP_Flow 19-2313] Loaded Vivado IP repository 'C:/Xilinx/Vivado/2024.1/data/ip'.oopen_project: Time (s): cpu = 00:01:15 ; elapsed = 00:00:54 . Memory (MB): peak = 1532.020 ; gain = 471.262update_compile_order -fileset sources_1
elaunch_runs impl_1 -to_step write_bitstream -jobs 8
INFO: [Vivado 12-4149] The synthesis checkpoint for IP 'C:/Progh/Code/Project_RetroGame/Oplevering/EindProject_FPGA.srcs/sources_1/ip/blk_mem_gen_8/blk_mem_gen_8.xci' is already up-to-date
INFO: [Vivado 12-4149] The synthesis checkpoint for IP 'C:/Progh/Code/Project_RetroGame/Oplevering/EindProject_FPGA.srcs/sources_1/ip/blk_mem_gen_7/blk_mem_gen_7.xci' is already up-to-date
INFO: [Vivado 12-4149] The synthesis checkpoint for IP 'C:/Progh/Code/Project_RetroGame/Oplevering/EindProject_FPGA.srcs/sources_1/ip/blk_mem_gen_6/blk_mem_gen_6.xci' is already up-to-date
INFO: [Vivado 12-4149] The synthesis checkpoint for IP 'C:/Progh/Code/Project_RetroGame/Oplevering/EindProject_FPGA.srcs/sources_1/ip/blk_mem_gen_5/blk_mem_gen_5.xci' is already up-to-date
[Tue Apr  8 13:00:39 2025] Launched impl_1...
Run output will be captured here: C:/Progh/Code/Project_RetroGame/Oplevering/EindProject_FPGA.runs/impl_1/runme.log
WARNING: [IP_Flow 19-4067] Ignoring invalid widget type specified checkbox.Providing a default widget
WARNING: [IP_Flow 19-4067] Ignoring invalid widget type specified checkbox.Providing a default widget
open_run impl_1
INFO: [Device 21-403] Loading part xc7a35tcpg236-1
INFO: [Device 21-9227] Part: xc7a35tcpg236-1 does not have CEAM library.
Netlist sorting complete. Time (s): cpu = 00:00:00 ; elapsed = 00:00:00.024 . Memory (MB): peak = 1951.953 ; gain = 0.000
INFO: [Netlist 29-17] Analyzing 111 Unisim elements for replacement
INFO: [Netlist 29-28] Unisim Transformation completed in 0 CPU seconds
INFO: [Project 1-479] Netlist was created with Vivado 2024.1
INFO: [Project 1-570] Preparing netlist for logic optimization
Read ShapeDB Complete: Time (s): cpu = 00:00:00 ; elapsed = 00:00:00.005 . Memory (MB): peak = 2041.742 ; gain = 0.211
INFO: [Timing 38-478] Restoring timing data from binary archive.
INFO: [Timing 38-479] Binary timing data restore complete.
INFO: [Project 1-856] Restoring constraints from binary archive.
INFO: [Project 1-853] Binary constraint restore complete.
INFO: [Designutils 20-5722] Start Reading Physical Databases.
Reading placement.
Read Netlist Cache: Time (s): cpu = 00:00:00 ; elapsed = 00:00:00.001 . Memory (MB): peak = 2649.016 ; gain = 0.000
Reading placer database...
Read Device Cache: Time (s): cpu = 00:00:00 ; elapsed = 00:00:00.007 . Memory (MB): peak = 2649.016 ; gain = 0.000
Read PlaceDB: Time (s): cpu = 00:00:00 ; elapsed = 00:00:00.052 . Memory (MB): peak = 2649.016 ; gain = 0.000
Read PulsedLatchDB: Time (s): cpu = 00:00:00 ; elapsed = 00:00:00 . Memory (MB): peak = 2649.016 ; gain = 0.000
Reading routing.
Read RouteStorage: Time (s): cpu = 00:00:00 ; elapsed = 00:00:00.048 . Memory (MB): peak = 2649.016 ; gain = 0.000
Read Physdb Files: Time (s): cpu = 00:00:00 ; elapsed = 00:00:00.117 . Memory (MB): peak = 2649.016 ; gain = 0.000
Restored from archive | CPU: 0.000000 secs | Memory: 0.000000 MB |
Finished XDEF File Restore: Time (s): cpu = 00:00:00 ; elapsed = 00:00:00.117 . Memory (MB): peak = 2649.016 ; gain = 0.000
Netlist sorting complete. Time (s): cpu = 00:00:00 ; elapsed = 00:00:00.001 . Memory (MB): peak = 2649.016 ; gain = 0.000
INFO: [Project 1-111] Unisim Transformation Summary:
No Unisim elements were transformed.

open_run: Time (s): cpu = 00:00:13 ; elapsed = 00:00:16 . Memory (MB): peak = 2781.770 ; gain = 1208.238
reset_run impl_1 -prev_step 
launch_runs impl_1 -to_step write_bitstream -jobs 8
INFO: [Vivado 12-4149] The synthesis checkpoint for IP 'C:/Progh/Code/Project_RetroGame/Oplevering/EindProject_FPGA.srcs/sources_1/ip/blk_mem_gen_8/blk_mem_gen_8.xci' is already up-to-date
INFO: [Vivado 12-4149] The synthesis checkpoint for IP 'C:/Progh/Code/Project_RetroGame/Oplevering/EindProject_FPGA.srcs/sources_1/ip/blk_mem_gen_7/blk_mem_gen_7.xci' is already up-to-date
INFO: [Vivado 12-4149] The synthesis checkpoint for IP 'C:/Progh/Code/Project_RetroGame/Oplevering/EindProject_FPGA.srcs/sources_1/ip/blk_mem_gen_6/blk_mem_gen_6.xci' is already up-to-date
INFO: [Vivado 12-4149] The synthesis checkpoint for IP 'C:/Progh/Code/Project_RetroGame/Oplevering/EindProject_FPGA.srcs/sources_1/ip/blk_mem_gen_5/blk_mem_gen_5.xci' is already up-to-date
[Tue Apr  8 13:05:06 2025] Launched impl_1...
Run output will be captured here: C:/Progh/Code/Project_RetroGame/Oplevering/EindProject_FPGA.runs/impl_1/runme.log
open_hw_manager
connect_hw_server -allow_non_jtag
INFO: [Labtools 27-2285] Connecting to hw_server url TCP:localhost:3121
INFO: [Labtools 27-2222] Launching hw_server...
INFO: [Labtools 27-2221] Launch Output:

****** Xilinx hw_server v2024.1.0
  **** Build date : Mar  6 2024 at 20:50:54
    ** Copyright 1986-2022 Xilinx, Inc. All Rights Reserved.


INFO: [Labtools 27-3415] Connecting to cs_server url TCP:localhost:0
INFO: [Labtools 27-3417] Launching cs_server...
INFO: [Labtools 27-2221] Launch Output:


******** Xilinx cs_server v2024.1.0
  ****** Build date   : Mar 09 2024-01:00:37
    **** Build number : 2024.1.1709942437
      ** Copyright 2017-2022 Xilinx, Inc. All Rights Reserved.
      ** Copyright 2022-2025 Advanced Micro Devices, Inc. All Rights Reserved.



connect_hw_server: Time (s): cpu = 00:00:00 ; elapsed = 00:00:07 . Memory (MB): peak = 2905.031 ; gain = 0.000
open_hw_target
INFO: [Labtoolstcl 44-466] Opening hw_target localhost:3121/xilinx_tcf/Digilent/210183A3873BA
set_property PROGRAM.FILE {C:/Progh/Code/Project_RetroGame/Oplevering/EindProject_FPGA.runs/impl_1/DVI_Top.bit} [get_hw_devices xc7a35t_0]
current_hw_device [get_hw_devices xc7a35t_0]
refresh_hw_device -update_hw_probes false [lindex [get_hw_devices xc7a35t_0] 0]
INFO: [Labtools 27-1434] Device xc7a35t (JTAG device index = 0) is programmed with a design that has no supported debug core(s) in it.
set_property PROBES.FILE {} [get_hw_devices xc7a35t_0]
set_property FULL_PROBES.FILE {} [get_hw_devices xc7a35t_0]
set_property PROGRAM.FILE {C:/Progh/Code/Project_RetroGame/Oplevering/EindProject_FPGA.runs/impl_1/DVI_Top.bit} [get_hw_devices xc7a35t_0]
program_hw_devices [get_hw_devices xc7a35t_0]
INFO: [Labtools 27-3164] End of startup status: HIGH
refresh_hw_device [lindex [get_hw_devices xc7a35t_0] 0]
INFO: [Labtools 27-1434] Device xc7a35t (JTAG device index = 0) is programmed with a design that has no supported debug core(s) in it.
reset_run synth_1
INFO: [Project 1-1161] Replacing file C:/Progh/Code/Project_RetroGame/Oplevering/EindProject_FPGA.srcs/utils_1/imports/synth_1/DVI.dcp with file C:/Progh/Code/Project_RetroGame/Oplevering/EindProject_FPGA.runs/synth_1/DVI_Top.dcp
launch_runs impl_1 -to_step write_bitstream -jobs 8
INFO: [Vivado 12-4149] The synthesis checkpoint for IP 'C:/Progh/Code/Project_RetroGame/Oplevering/EindProject_FPGA.srcs/sources_1/ip/blk_mem_gen_8/blk_mem_gen_8.xci' is already up-to-date
INFO: [Vivado 12-4149] The synthesis checkpoint for IP 'C:/Progh/Code/Project_RetroGame/Oplevering/EindProject_FPGA.srcs/sources_1/ip/blk_mem_gen_7/blk_mem_gen_7.xci' is already up-to-date
INFO: [Vivado 12-4149] The synthesis checkpoint for IP 'C:/Progh/Code/Project_RetroGame/Oplevering/EindProject_FPGA.srcs/sources_1/ip/blk_mem_gen_6/blk_mem_gen_6.xci' is already up-to-date
INFO: [Vivado 12-4149] The synthesis checkpoint for IP 'C:/Progh/Code/Project_RetroGame/Oplevering/EindProject_FPGA.srcs/sources_1/ip/blk_mem_gen_5/blk_mem_gen_5.xci' is already up-to-date
[Tue Apr  8 13:11:57 2025] Launched synth_1...
Run output will be captured here: C:/Progh/Code/Project_RetroGame/Oplevering/EindProject_FPGA.runs/synth_1/runme.log
[Tue Apr  8 13:11:57 2025] Launched impl_1...
Run output will be captured here: C:/Progh/Code/Project_RetroGame/Oplevering/EindProject_FPGA.runs/impl_1/runme.log
WARNING: [filemgmt 56-199] Attempt to get parsing info during refresh. "On-the-fly" syntax checking information may be incorrect. [C:\Progh\Code\Project_RetroGame\Oplevering\EindProject_FPGA.srcs\sources_1\new\DisplayBullet.vhd:]
WARNING: [filemgmt 56-199] Attempt to get parsing info during refresh. "On-the-fly" syntax checking information may be incorrect. [C:\Progh\Code\Project_RetroGame\Oplevering\EindProject_FPGA.srcs\sources_1\imports\Week 5 + 6 - Bounching Square - Ball\DVI.vhd:]
WARNING: [filemgmt 56-199] Attempt to get parsing info during refresh. "On-the-fly" syntax checking information may be incorrect. [C:\Progh\Code\Project_RetroGame\Oplevering\EindProject_FPGA.srcs\sources_1\new\DisplayBullet.vhd:]
WARNING: [filemgmt 56-199] Attempt to get parsing info during refresh. "On-the-fly" syntax checking information may be incorrect. [C:\Progh\Code\Project_RetroGame\Oplevering\EindProject_FPGA.srcs\sources_1\new\DisplayBullet.vhd:]
ERROR: [Common 17-180] Spawn failed: No error
set_property PROBES.FILE {} [get_hw_devices xc7a35t_0]
set_property FULL_PROBES.FILE {} [get_hw_devices xc7a35t_0]
set_property PROGRAM.FILE {C:/Progh/Code/Project_RetroGame/Oplevering/EindProject_FPGA.runs/impl_1/DVI_Top.bit} [get_hw_devices xc7a35t_0]
program_hw_devices [get_hw_devices xc7a35t_0]
INFO: [Labtools 27-3164] End of startup status: HIGH
refresh_hw_device [lindex [get_hw_devices xc7a35t_0] 0]
INFO: [Labtools 27-1434] Device xc7a35t (JTAG device index = 0) is programmed with a design that has no supported debug core(s) in it.
set_property PROBES.FILE {} [get_hw_devices xc7a35t_0]
set_property FULL_PROBES.FILE {} [get_hw_devices xc7a35t_0]
set_property PROGRAM.FILE {C:/Progh/Code/Project_RetroGame/Oplevering/EindProject_FPGA.runs/impl_1/DVI_Top.bit} [get_hw_devices xc7a35t_0]
program_hw_devices [get_hw_devices xc7a35t_0]
INFO: [Labtools 27-3164] End of startup status: HIGH
refresh_hw_device [lindex [get_hw_devices xc7a35t_0] 0]
INFO: [Labtools 27-1434] Device xc7a35t (JTAG device index = 0) is programmed with a design that has no supported debug core(s) in it.
WARNING: [filemgmt 56-199] Attempt to get parsing info during refresh. "On-the-fly" syntax checking information may be incorrect. [C:\Progh\Code\Project_RetroGame\Oplevering\EindProject_FPGA.srcs\sources_1\new\DisplayBullet.vhd:]
WARNING: [filemgmt 56-199] Attempt to get parsing info during refresh. "On-the-fly" syntax checking information may be incorrect. [C:\Progh\Code\Project_RetroGame\Oplevering\EindProject_FPGA.srcs\sources_1\imports\Week 5 + 6 - Bounching Square - Ball\DVI.vhd:]
WARNING: [filemgmt 56-199] Attempt to get parsing info during refresh. "On-the-fly" syntax checking information may be incorrect. [C:\Progh\Code\Project_RetroGame\Oplevering\EindProject_FPGA.srcs\sources_1\new\DisplayBullet.vhd:]
WARNING: [filemgmt 56-199] Attempt to get parsing info during refresh. "On-the-fly" syntax checking information may be incorrect. [C:\Progh\Code\Project_RetroGame\Oplevering\EindProject_FPGA.srcs\sources_1\new\DisplayBullet.vhd:]
reset_run impl_1 -prev_step 
launch_runs impl_1 -to_step write_bitstream -jobs 8
INFO: [Vivado 12-4149] The synthesis checkpoint for IP 'C:/Progh/Code/Project_RetroGame/Oplevering/EindProject_FPGA.srcs/sources_1/ip/blk_mem_gen_8/blk_mem_gen_8.xci' is already up-to-date
INFO: [Vivado 12-4149] The synthesis checkpoint for IP 'C:/Progh/Code/Project_RetroGame/Oplevering/EindProject_FPGA.srcs/sources_1/ip/blk_mem_gen_7/blk_mem_gen_7.xci' is already up-to-date
INFO: [Vivado 12-4149] The synthesis checkpoint for IP 'C:/Progh/Code/Project_RetroGame/Oplevering/EindProject_FPGA.srcs/sources_1/ip/blk_mem_gen_6/blk_mem_gen_6.xci' is already up-to-date
INFO: [Vivado 12-4149] The synthesis checkpoint for IP 'C:/Progh/Code/Project_RetroGame/Oplevering/EindProject_FPGA.srcs/sources_1/ip/blk_mem_gen_5/blk_mem_gen_5.xci' is already up-to-date
ERROR: [Common 17-180] Spawn failed: No error
[Tue Apr  8 13:17:18 2025] Launched impl_1...
Run output will be captured here: C:/Progh/Code/Project_RetroGame/Oplevering/EindProject_FPGA.runs/impl_1/runme.log
ERROR: [Common 17-39] 'launch_runs' failed due to earlier errors.
set_property PROBES.FILE {} [get_hw_devices xc7a35t_0]
set_property FULL_PROBES.FILE {} [get_hw_devices xc7a35t_0]
set_property PROGRAM.FILE {C:/Progh/Code/Project_RetroGame/Oplevering/EindProject_FPGA.runs/impl_1/DVI_Top.bit} [get_hw_devices xc7a35t_0]
program_hw_devices [get_hw_devices xc7a35t_0]
INFO: [Labtools 27-3164] End of startup status: HIGH
refresh_hw_device [lindex [get_hw_devices xc7a35t_0] 0]
INFO: [Labtools 27-1434] Device xc7a35t (JTAG device index = 0) is programmed with a design that has no supported debug core(s) in it.
ERROR: [Labtoolstcl 44-513] HW Target shutdown. Closing target: localhost:3121/xilinx_tcf/Digilent/210183A3873BA
WARNING: [IP_Flow 19-4067] Ignoring invalid widget type specified checkbox.Providing a default widget
WARNING: [IP_Flow 19-4067] Ignoring invalid widget type specified checkbox.Providing a default widget
WARNING: [IP_Flow 19-4067] Ignoring invalid widget type specified checkbox.Providing a default widget
WARNING: [IP_Flow 19-4067] Ignoring invalid widget type specified checkbox.Providing a default widget
WARNING: [filemgmt 56-199] Attempt to get parsing info during refresh. "On-the-fly" syntax checking information may be incorrect. [C:\Progh\Code\Project_RetroGame\Oplevering\EindProject_FPGA.srcs\sources_1\new\DisplayBullet.vhd:]
WARNING: [filemgmt 56-199] Attempt to get parsing info during refresh. "On-the-fly" syntax checking information may be incorrect. [C:\Progh\Code\Project_RetroGame\Oplevering\EindProject_FPGA.srcs\sources_1\imports\Week 5 + 6 - Bounching Square - Ball\DVI.vhd:]
WARNING: [filemgmt 56-199] Attempt to get parsing info during refresh. "On-the-fly" syntax checking information may be incorrect. [C:\Progh\Code\Project_RetroGame\Oplevering\EindProject_FPGA.srcs\sources_1\new\DisplayBullet.vhd:]
WARNING: [filemgmt 56-199] Attempt to get parsing info during refresh. "On-the-fly" syntax checking information may be incorrect. [C:\Progh\Code\Project_RetroGame\Oplevering\EindProject_FPGA.srcs\sources_1\new\DisplayBullet.vhd:]
ERROR: [Common 17-180] Spawn failed: No error
reset_run synth_1
INFO: [Project 1-1161] Replacing file C:/Progh/Code/Project_RetroGame/Oplevering/EindProject_FPGA.srcs/utils_1/imports/synth_1/DVI.dcp with file C:/Progh/Code/Project_RetroGame/Oplevering/EindProject_FPGA.runs/synth_1/DVI_Top.dcp
launch_runs impl_1 -to_step write_bitstream -jobs 8
INFO: [Vivado 12-4149] The synthesis checkpoint for IP 'C:/Progh/Code/Project_RetroGame/Oplevering/EindProject_FPGA.srcs/sources_1/ip/blk_mem_gen_8/blk_mem_gen_8.xci' is already up-to-date
INFO: [Vivado 12-4149] The synthesis checkpoint for IP 'C:/Progh/Code/Project_RetroGame/Oplevering/EindProject_FPGA.srcs/sources_1/ip/blk_mem_gen_7/blk_mem_gen_7.xci' is already up-to-date
INFO: [Vivado 12-4149] The synthesis checkpoint for IP 'C:/Progh/Code/Project_RetroGame/Oplevering/EindProject_FPGA.srcs/sources_1/ip/blk_mem_gen_6/blk_mem_gen_6.xci' is already up-to-date
INFO: [Vivado 12-4149] The synthesis checkpoint for IP 'C:/Progh/Code/Project_RetroGame/Oplevering/EindProject_FPGA.srcs/sources_1/ip/blk_mem_gen_5/blk_mem_gen_5.xci' is already up-to-date
[Tue Apr  8 13:21:47 2025] Launched synth_1...
Run output will be captured here: C:/Progh/Code/Project_RetroGame/Oplevering/EindProject_FPGA.runs/synth_1/runme.log
[Tue Apr  8 13:21:47 2025] Launched impl_1...
Run output will be captured here: C:/Progh/Code/Project_RetroGame/Oplevering/EindProject_FPGA.runs/impl_1/runme.log
WARNING: [filemgmt 56-199] Attempt to get parsing info during refresh. "On-the-fly" syntax checking information may be incorrect. [C:\Progh\Code\Project_RetroGame\Oplevering\EindProject_FPGA.srcs\sources_1\new\DisplayBullet.vhd:]
WARNING: [filemgmt 56-199] Attempt to get parsing info during refresh. "On-the-fly" syntax checking information may be incorrect. [C:\Progh\Code\Project_RetroGame\Oplevering\EindProject_FPGA.srcs\sources_1\imports\Week 5 + 6 - Bounching Square - Ball\DVI.vhd:]
WARNING: [filemgmt 56-199] Attempt to get parsing info during refresh. "On-the-fly" syntax checking information may be incorrect. [C:\Progh\Code\Project_RetroGame\Oplevering\EindProject_FPGA.srcs\sources_1\new\DisplayBullet.vhd:]
WARNING: [filemgmt 56-199] Attempt to get parsing info during refresh. "On-the-fly" syntax checking information may be incorrect. [C:\Progh\Code\Project_RetroGame\Oplevering\EindProject_FPGA.srcs\sources_1\new\DisplayBullet.vhd:]
ERROR: [Common 17-180] Spawn failed: No error
INFO: [Labtoolstcl 44-466] Opening hw_target localhost:3121/xilinx_tcf/Digilent/210183A3873BA
INFO: [Labtools 27-1434] Device xc7a35t (JTAG device index = 0) is programmed with a design that has no supported debug core(s) in it.
WARNING: [Labtoolstcl 44-129] No matching hw_ila_data was found.
set_property PROBES.FILE {} [get_hw_devices xc7a35t_0]
set_property FULL_PROBES.FILE {} [get_hw_devices xc7a35t_0]
set_property PROGRAM.FILE {C:/Progh/Code/Project_RetroGame/Oplevering/EindProject_FPGA.runs/impl_1/DVI_Top.bit} [get_hw_devices xc7a35t_0]
program_hw_devices [get_hw_devices xc7a35t_0]
INFO: [Labtools 27-3164] End of startup status: HIGH
refresh_hw_device [lindex [get_hw_devices xc7a35t_0] 0]
INFO: [Labtools 27-1434] Device xc7a35t (JTAG device index = 0) is programmed with a design that has no supported debug core(s) in it.
WARNING: [filemgmt 56-199] Attempt to get parsing info during refresh. "On-the-fly" syntax checking information may be incorrect. [C:\Progh\Code\Project_RetroGame\Oplevering\EindProject_FPGA.srcs\sources_1\new\DisplayBullet.vhd:]
WARNING: [filemgmt 56-199] Attempt to get parsing info during refresh. "On-the-fly" syntax checking information may be incorrect. [C:\Progh\Code\Project_RetroGame\Oplevering\EindProject_FPGA.srcs\sources_1\imports\Week 5 + 6 - Bounching Square - Ball\DVI.vhd:]
WARNING: [filemgmt 56-199] Attempt to get parsing info during refresh. "On-the-fly" syntax checking information may be incorrect. [C:\Progh\Code\Project_RetroGame\Oplevering\EindProject_FPGA.srcs\sources_1\new\DisplayBullet.vhd:]
WARNING: [filemgmt 56-199] Attempt to get parsing info during refresh. "On-the-fly" syntax checking information may be incorrect. [C:\Progh\Code\Project_RetroGame\Oplevering\EindProject_FPGA.srcs\sources_1\new\DisplayBullet.vhd:]
ERROR: [Common 17-180] Spawn failed: No error
reset_run synth_1
INFO: [Project 1-1161] Replacing file C:/Progh/Code/Project_RetroGame/Oplevering/EindProject_FPGA.srcs/utils_1/imports/synth_1/DVI.dcp with file C:/Progh/Code/Project_RetroGame/Oplevering/EindProject_FPGA.runs/synth_1/DVI_Top.dcp
launch_runs impl_1 -to_step write_bitstream -jobs 8
INFO: [Vivado 12-4149] The synthesis checkpoint for IP 'C:/Progh/Code/Project_RetroGame/Oplevering/EindProject_FPGA.srcs/sources_1/ip/blk_mem_gen_8/blk_mem_gen_8.xci' is already up-to-date
INFO: [Vivado 12-4149] The synthesis checkpoint for IP 'C:/Progh/Code/Project_RetroGame/Oplevering/EindProject_FPGA.srcs/sources_1/ip/blk_mem_gen_7/blk_mem_gen_7.xci' is already up-to-date
INFO: [Vivado 12-4149] The synthesis checkpoint for IP 'C:/Progh/Code/Project_RetroGame/Oplevering/EindProject_FPGA.srcs/sources_1/ip/blk_mem_gen_6/blk_mem_gen_6.xci' is already up-to-date
INFO: [Vivado 12-4149] The synthesis checkpoint for IP 'C:/Progh/Code/Project_RetroGame/Oplevering/EindProject_FPGA.srcs/sources_1/ip/blk_mem_gen_5/blk_mem_gen_5.xci' is already up-to-date
[Tue Apr  8 13:38:22 2025] Launched synth_1...
Run output will be captured here: C:/Progh/Code/Project_RetroGame/Oplevering/EindProject_FPGA.runs/synth_1/runme.log
[Tue Apr  8 13:38:22 2025] Launched impl_1...
Run output will be captured here: C:/Progh/Code/Project_RetroGame/Oplevering/EindProject_FPGA.runs/impl_1/runme.log
WARNING: [filemgmt 56-199] Attempt to get parsing info during refresh. "On-the-fly" syntax checking information may be incorrect. [C:\Progh\Code\Project_RetroGame\Oplevering\EindProject_FPGA.srcs\sources_1\new\DisplayBullet.vhd:]
WARNING: [filemgmt 56-199] Attempt to get parsing info during refresh. "On-the-fly" syntax checking information may be incorrect. [C:\Progh\Code\Project_RetroGame\Oplevering\EindProject_FPGA.srcs\sources_1\imports\Week 5 + 6 - Bounching Square - Ball\DVI.vhd:]
WARNING: [filemgmt 56-199] Attempt to get parsing info during refresh. "On-the-fly" syntax checking information may be incorrect. [C:\Progh\Code\Project_RetroGame\Oplevering\EindProject_FPGA.srcs\sources_1\new\DisplayBullet.vhd:]
WARNING: [filemgmt 56-199] Attempt to get parsing info during refresh. "On-the-fly" syntax checking information may be incorrect. [C:\Progh\Code\Project_RetroGame\Oplevering\EindProject_FPGA.srcs\sources_1\new\DisplayBullet.vhd:]
ERROR: [Common 17-180] Spawn failed: No error
set_property PROBES.FILE {} [get_hw_devices xc7a35t_0]
set_property FULL_PROBES.FILE {} [get_hw_devices xc7a35t_0]
set_property PROGRAM.FILE {C:/Progh/Code/Project_RetroGame/Oplevering/EindProject_FPGA.runs/impl_1/DVI_Top.bit} [get_hw_devices xc7a35t_0]
program_hw_devices [get_hw_devices xc7a35t_0]
INFO: [Labtools 27-3164] End of startup status: HIGH
refresh_hw_device [lindex [get_hw_devices xc7a35t_0] 0]
INFO: [Labtools 27-1434] Device xc7a35t (JTAG device index = 0) is programmed with a design that has no supported debug core(s) in it.
WARNING: [filemgmt 56-199] Attempt to get parsing info during refresh. "On-the-fly" syntax checking information may be incorrect. [C:\Progh\Code\Project_RetroGame\Oplevering\EindProject_FPGA.srcs\sources_1\new\DisplayBullet.vhd:]
WARNING: [filemgmt 56-199] Attempt to get parsing info during refresh. "On-the-fly" syntax checking information may be incorrect. [C:\Progh\Code\Project_RetroGame\Oplevering\EindProject_FPGA.srcs\sources_1\imports\Week 5 + 6 - Bounching Square - Ball\DVI.vhd:]
WARNING: [filemgmt 56-199] Attempt to get parsing info during refresh. "On-the-fly" syntax checking information may be incorrect. [C:\Progh\Code\Project_RetroGame\Oplevering\EindProject_FPGA.srcs\sources_1\new\DisplayBullet.vhd:]
WARNING: [filemgmt 56-199] Attempt to get parsing info during refresh. "On-the-fly" syntax checking information may be incorrect. [C:\Progh\Code\Project_RetroGame\Oplevering\EindProject_FPGA.srcs\sources_1\new\DisplayBullet.vhd:]
ERROR: [Common 17-180] Spawn failed: No error
close [ open C:/Progh/Code/Project_RetroGame/Oplevering/EindProject_FPGA.srcs/sources_1/new/DisplayHUD.vhd w ]
add_files C:/Progh/Code/Project_RetroGame/Oplevering/EindProject_FPGA.srcs/sources_1/new/DisplayHUD.vhd
WARNING: [filemgmt 56-199] Attempt to get parsing info during refresh. "On-the-fly" syntax checking information may be incorrect. [C:\Progh\Code\Project_RetroGame\Oplevering\EindProject_FPGA.srcs\sources_1\new\DisplayBullet.vhd:]
WARNING: [filemgmt 56-199] Attempt to get parsing info during refresh. "On-the-fly" syntax checking information may be incorrect. [C:\Progh\Code\Project_RetroGame\Oplevering\EindProject_FPGA.srcs\sources_1\imports\Week 5 + 6 - Bounching Square - Ball\DVI.vhd:]
WARNING: [filemgmt 56-199] Attempt to get parsing info during refresh. "On-the-fly" syntax checking information may be incorrect. [C:\Progh\Code\Project_RetroGame\Oplevering\EindProject_FPGA.srcs\sources_1\new\DisplayBullet.vhd:]
WARNING: [filemgmt 56-199] Attempt to get parsing info during refresh. "On-the-fly" syntax checking information may be incorrect. [C:\Progh\Code\Project_RetroGame\Oplevering\EindProject_FPGA.srcs\sources_1\new\DisplayBullet.vhd:]
ERROR: [Common 17-180] Spawn failed: No error
WARNING: [filemgmt 56-199] Attempt to get parsing info during refresh. "On-the-fly" syntax checking information may be incorrect. [C:\Progh\Code\Project_RetroGame\Oplevering\EindProject_FPGA.srcs\sources_1\new\DisplayBullet.vhd:]
WARNING: [filemgmt 56-199] Attempt to get parsing info during refresh. "On-the-fly" syntax checking information may be incorrect. [C:\Progh\Code\Project_RetroGame\Oplevering\EindProject_FPGA.srcs\sources_1\imports\Week 5 + 6 - Bounching Square - Ball\DVI.vhd:]
WARNING: [filemgmt 56-199] Attempt to get parsing info during refresh. "On-the-fly" syntax checking information may be incorrect. [C:\Progh\Code\Project_RetroGame\Oplevering\EindProject_FPGA.srcs\sources_1\new\DisplayBullet.vhd:]
WARNING: [filemgmt 56-199] Attempt to get parsing info during refresh. "On-the-fly" syntax checking information may be incorrect. [C:\Progh\Code\Project_RetroGame\Oplevering\EindProject_FPGA.srcs\sources_1\new\DisplayBullet.vhd:]
ERROR: [Common 17-180] Spawn failed: No error
update_compile_order -fileset sources_1
WARNING: [filemgmt 56-199] Attempt to get parsing info during refresh. "On-the-fly" syntax checking information may be incorrect. [C:\Progh\Code\Project_RetroGame\Oplevering\EindProject_FPGA.srcs\sources_1\new\DisplayBullet.vhd:]
WARNING: [filemgmt 56-199] Attempt to get parsing info during refresh. "On-the-fly" syntax checking information may be incorrect. [C:\Progh\Code\Project_RetroGame\Oplevering\EindProject_FPGA.srcs\sources_1\imports\Week 5 + 6 - Bounching Square - Ball\DVI.vhd:]
WARNING: [filemgmt 56-199] Attempt to get parsing info during refresh. "On-the-fly" syntax checking information may be incorrect. [C:\Progh\Code\Project_RetroGame\Oplevering\EindProject_FPGA.srcs\sources_1\new\DisplayBullet.vhd:]
WARNING: [filemgmt 56-199] Attempt to get parsing info during refresh. "On-the-fly" syntax checking information may be incorrect. [C:\Progh\Code\Project_RetroGame\Oplevering\EindProject_FPGA.srcs\sources_1\new\DisplayBullet.vhd:]
ERROR: [Common 17-180] Spawn failed: No error
ERROR: [Labtoolstcl 44-513] HW Target shutdown. Closing target: localhost:3121/xilinx_tcf/Digilent/210183A3873BA
INFO: [Labtoolstcl 44-466] Opening hw_target localhost:3121/xilinx_tcf/Digilent/210183A3873BA
INFO: [Labtools 27-1434] Device xc7a35t (JTAG device index = 0) is programmed with a design that has no supported debug core(s) in it.
WARNING: [Labtoolstcl 44-129] No matching hw_ila_data was found.
ERROR: [Labtoolstcl 44-513] HW Target shutdown. Closing target: localhost:3121/xilinx_tcf/Digilent/210183A3873BA
INFO: [Labtoolstcl 44-466] Opening hw_target localhost:3121/xilinx_tcf/Digilent/210183A3873BA
INFO: [Labtools 27-1435] Device xc7a35t (JTAG device index = 0) is not programmed (DONE status = 0).
WARNING: [Labtoolstcl 44-129] No matching hw_ila_data was found.
WARNING: [filemgmt 56-199] Attempt to get parsing info during refresh. "On-the-fly" syntax checking information may be incorrect. [C:\Progh\Code\Project_RetroGame\Oplevering\EindProject_FPGA.srcs\sources_1\new\DisplayBullet.vhd:]
WARNING: [filemgmt 56-199] Attempt to get parsing info during refresh. "On-the-fly" syntax checking information may be incorrect. [C:\Progh\Code\Project_RetroGame\Oplevering\EindProject_FPGA.srcs\sources_1\imports\Week 5 + 6 - Bounching Square - Ball\DVI.vhd:]
WARNING: [filemgmt 56-199] Attempt to get parsing info during refresh. "On-the-fly" syntax checking information may be incorrect. [C:\Progh\Code\Project_RetroGame\Oplevering\EindProject_FPGA.srcs\sources_1\imports\Week 5 + 6 - Bounching Square - Ball\DVI.vhd:]
WARNING: [filemgmt 56-199] Attempt to get parsing info during refresh. "On-the-fly" syntax checking information may be incorrect. [C:\Progh\Code\Project_RetroGame\Oplevering\EindProject_FPGA.srcs\sources_1\imports\Week 5 + 6 - Bounching Square - Ball\DVI.vhd:]
ERROR: [Common 17-180] Spawn failed: No error
WARNING: [filemgmt 56-199] Attempt to get parsing info during refresh. "On-the-fly" syntax checking information may be incorrect. [C:\Progh\Code\Project_RetroGame\Oplevering\EindProject_FPGA.srcs\sources_1\new\DisplayBullet.vhd:]
WARNING: [filemgmt 56-199] Attempt to get parsing info during refresh. "On-the-fly" syntax checking information may be incorrect. [C:\Progh\Code\Project_RetroGame\Oplevering\EindProject_FPGA.srcs\sources_1\imports\Week 5 + 6 - Bounching Square - Ball\DVI.vhd:]
WARNING: [filemgmt 56-199] Attempt to get parsing info during refresh. "On-the-fly" syntax checking information may be incorrect. [C:\Progh\Code\Project_RetroGame\Oplevering\EindProject_FPGA.srcs\sources_1\new\DisplayBullet.vhd:]
WARNING: [filemgmt 56-199] Attempt to get parsing info during refresh. "On-the-fly" syntax checking information may be incorrect. [C:\Progh\Code\Project_RetroGame\Oplevering\EindProject_FPGA.srcs\sources_1\new\DisplayBullet.vhd:]
ERROR: [Common 17-180] Spawn failed: No error
WARNING: [filemgmt 56-199] Attempt to get parsing info during refresh. "On-the-fly" syntax checking information may be incorrect. [C:\Progh\Code\Project_RetroGame\Oplevering\EindProject_FPGA.srcs\sources_1\new\DisplayBullet.vhd:]
WARNING: [filemgmt 56-199] Attempt to get parsing info during refresh. "On-the-fly" syntax checking information may be incorrect. [C:\Progh\Code\Project_RetroGame\Oplevering\EindProject_FPGA.srcs\sources_1\imports\Week 5 + 6 - Bounching Square - Ball\DVI.vhd:]
WARNING: [filemgmt 56-199] Attempt to get parsing info during refresh. "On-the-fly" syntax checking information may be incorrect. [C:\Progh\Code\Project_RetroGame\Oplevering\EindProject_FPGA.srcs\sources_1\new\XY_GEN.vhd:]
WARNING: [filemgmt 56-199] Attempt to get parsing info during refresh. "On-the-fly" syntax checking information may be incorrect. [C:\Progh\Code\Project_RetroGame\Oplevering\EindProject_FPGA.srcs\sources_1\new\DisplayBullet.vhd:]
WARNING: [filemgmt 56-199] Attempt to get parsing info during refresh. "On-the-fly" syntax checking information may be incorrect. [C:\Progh\Code\Project_RetroGame\Oplevering\EindProject_FPGA.srcs\sources_1\new\DisplayBullet.vhd:]
reset_run synth_1
INFO: [Project 1-1161] Replacing file C:/Progh/Code/Project_RetroGame/Oplevering/EindProject_FPGA.srcs/utils_1/imports/synth_1/DVI.dcp with file C:/Progh/Code/Project_RetroGame/Oplevering/EindProject_FPGA.runs/synth_1/DVI_Top.dcp
launch_runs impl_1 -to_step write_bitstream -jobs 8
WARNING: [filemgmt 56-199] Attempt to get parsing info during refresh. "On-the-fly" syntax checking information may be incorrect. [C:\Progh\Code\Project_RetroGame\Oplevering\EindProject_FPGA.srcs\sources_1\new\DisplayBullet.vhd:]
WARNING: [filemgmt 56-199] Attempt to get parsing info during refresh. "On-the-fly" syntax checking information may be incorrect. [C:\Progh\Code\Project_RetroGame\Oplevering\EindProject_FPGA.srcs\sources_1\imports\Week 5 + 6 - Bounching Square - Ball\DVI.vhd:]
WARNING: [filemgmt 56-199] Attempt to get parsing info during refresh. "On-the-fly" syntax checking information may be incorrect. [C:\Progh\Code\Project_RetroGame\Oplevering\EindProject_FPGA.srcs\sources_1\new\XY_GEN.vhd:]
WARNING: [filemgmt 56-199] Attempt to get parsing info during refresh. "On-the-fly" syntax checking information may be incorrect. [C:\Progh\Code\Project_RetroGame\Oplevering\EindProject_FPGA.srcs\sources_1\new\XY_GEN.vhd:]
WARNING: [filemgmt 56-199] Attempt to get parsing info during refresh. "On-the-fly" syntax checking information may be incorrect. [C:\Progh\Code\Project_RetroGame\Oplevering\EindProject_FPGA.srcs\sources_1\new\XY_GEN.vhd:]
WARNING: [filemgmt 56-199] Attempt to get parsing info during refresh. "On-the-fly" syntax checking information may be incorrect. [C:\Progh\Code\Project_RetroGame\Oplevering\EindProject_FPGA.srcs\sources_1\new\DisplayBullet.vhd:]
WARNING: [filemgmt 56-199] Attempt to get parsing info during refresh. "On-the-fly" syntax checking information may be incorrect. [C:\Progh\Code\Project_RetroGame\Oplevering\EindProject_FPGA.srcs\sources_1\imports\Week 5 + 6 - Bounching Square - Ball\DVI.vhd:]
WARNING: [filemgmt 56-199] Attempt to get parsing info during refresh. "On-the-fly" syntax checking information may be incorrect. [C:\Progh\Code\Project_RetroGame\Oplevering\EindProject_FPGA.srcs\sources_1\new\XY_GEN.vhd:]
WARNING: [filemgmt 56-199] Attempt to get parsing info during refresh. "On-the-fly" syntax checking information may be incorrect. [C:\Progh\Code\Project_RetroGame\Oplevering\EindProject_FPGA.srcs\sources_1\new\DisplayBullet.vhd:]
WARNING: [filemgmt 56-199] Attempt to get parsing info during refresh. "On-the-fly" syntax checking information may be incorrect. [C:\Progh\Code\Project_RetroGame\Oplevering\EindProject_FPGA.srcs\sources_1\new\DisplayBullet.vhd:]
INFO: [Vivado 12-4149] The synthesis checkpoint for IP 'C:/Progh/Code/Project_RetroGame/Oplevering/EindProject_FPGA.srcs/sources_1/ip/blk_mem_gen_8/blk_mem_gen_8.xci' is already up-to-date
INFO: [Vivado 12-4149] The synthesis checkpoint for IP 'C:/Progh/Code/Project_RetroGame/Oplevering/EindProject_FPGA.srcs/sources_1/ip/blk_mem_gen_7/blk_mem_gen_7.xci' is already up-to-date
INFO: [Vivado 12-4149] The synthesis checkpoint for IP 'C:/Progh/Code/Project_RetroGame/Oplevering/EindProject_FPGA.srcs/sources_1/ip/blk_mem_gen_6/blk_mem_gen_6.xci' is already up-to-date
INFO: [Vivado 12-4149] The synthesis checkpoint for IP 'C:/Progh/Code/Project_RetroGame/Oplevering/EindProject_FPGA.srcs/sources_1/ip/blk_mem_gen_5/blk_mem_gen_5.xci' is already up-to-date
WARNING: [filemgmt 56-199] Attempt to get parsing info during refresh. "On-the-fly" syntax checking information may be incorrect. [C:\Progh\Code\Project_RetroGame\Oplevering\EindProject_FPGA.srcs\sources_1\new\DisplayBullet.vhd:]
WARNING: [filemgmt 56-199] Attempt to get parsing info during refresh. "On-the-fly" syntax checking information may be incorrect. [C:\Progh\Code\Project_RetroGame\Oplevering\EindProject_FPGA.srcs\sources_1\imports\Week 5 + 6 - Bounching Square - Ball\DVI.vhd:]
WARNING: [filemgmt 56-199] Attempt to get parsing info during refresh. "On-the-fly" syntax checking information may be incorrect. [C:\Progh\Code\Project_RetroGame\Oplevering\EindProject_FPGA.srcs\sources_1\new\XY_GEN.vhd:]
WARNING: [filemgmt 56-199] Attempt to get parsing info during refresh. "On-the-fly" syntax checking information may be incorrect. [C:\Progh\Code\Project_RetroGame\Oplevering\EindProject_FPGA.srcs\sources_1\imports\Week 5 + 6 - Bounching Square - Ball\DVI.vhd:]
WARNING: [filemgmt 56-199] Attempt to get parsing info during refresh. "On-the-fly" syntax checking information may be incorrect. [C:\Progh\Code\Project_RetroGame\Oplevering\EindProject_FPGA.srcs\sources_1\imports\Week 5 + 6 - Bounching Square - Ball\DVI.vhd:]
[Tue Apr  8 16:19:15 2025] Launched synth_1...
Run output will be captured here: C:/Progh/Code/Project_RetroGame/Oplevering/EindProject_FPGA.runs/synth_1/runme.log
[Tue Apr  8 16:19:15 2025] Launched impl_1...
Run output will be captured here: C:/Progh/Code/Project_RetroGame/Oplevering/EindProject_FPGA.runs/impl_1/runme.log
set_property PROBES.FILE {} [get_hw_devices xc7a35t_0]
set_property FULL_PROBES.FILE {} [get_hw_devices xc7a35t_0]
set_property PROGRAM.FILE {C:/Progh/Code/Project_RetroGame/Oplevering/EindProject_FPGA.runs/impl_1/DVI_Top.bit} [get_hw_devices xc7a35t_0]
program_hw_devices [get_hw_devices xc7a35t_0]
INFO: [Labtools 27-3164] End of startup status: HIGH
refresh_hw_device [lindex [get_hw_devices xc7a35t_0] 0]
INFO: [Labtools 27-1434] Device xc7a35t (JTAG device index = 0) is programmed with a design that has no supported debug core(s) in it.
ERROR: [Labtoolstcl 44-513] HW Target shutdown. Closing target: localhost:3121/xilinx_tcf/Digilent/210183A3873BA
INFO: [Labtoolstcl 44-466] Opening hw_target localhost:3121/xilinx_tcf/Digilent/210183A3873BA
INFO: [Labtools 27-1434] Device xc7a35t (JTAG device index = 0) is programmed with a design that has no supported debug core(s) in it.
WARNING: [Labtoolstcl 44-129] No matching hw_ila_data was found.
WARNING: [filemgmt 56-199] Attempt to get parsing info during refresh. "On-the-fly" syntax checking information may be incorrect. [C:\Progh\Code\Project_RetroGame\Oplevering\EindProject_FPGA.srcs\sources_1\new\DisplayBullet.vhd:]
WARNING: [filemgmt 56-199] Attempt to get parsing info during refresh. "On-the-fly" syntax checking information may be incorrect. [C:\Progh\Code\Project_RetroGame\Oplevering\EindProject_FPGA.srcs\sources_1\imports\Week 5 + 6 - Bounching Square - Ball\DVI.vhd:]
WARNING: [filemgmt 56-199] Attempt to get parsing info during refresh. "On-the-fly" syntax checking information may be incorrect. [C:\Progh\Code\Project_RetroGame\Oplevering\EindProject_FPGA.srcs\sources_1\new\XY_GEN.vhd:]
WARNING: [filemgmt 56-199] Attempt to get parsing info during refresh. "On-the-fly" syntax checking information may be incorrect. [C:\Progh\Code\Project_RetroGame\Oplevering\EindProject_FPGA.srcs\sources_1\new\DisplayBullet.vhd:]
WARNING: [filemgmt 56-199] Attempt to get parsing info during refresh. "On-the-fly" syntax checking information may be incorrect. [C:\Progh\Code\Project_RetroGame\Oplevering\EindProject_FPGA.srcs\sources_1\new\DisplayBullet.vhd:]
WARNING: [filemgmt 56-199] Attempt to get parsing info during refresh. "On-the-fly" syntax checking information may be incorrect. [C:\Progh\Code\Project_RetroGame\Oplevering\EindProject_FPGA.srcs\sources_1\new\DisplayBullet.vhd:]
WARNING: [filemgmt 56-199] Attempt to get parsing info during refresh. "On-the-fly" syntax checking information may be incorrect. [C:\Progh\Code\Project_RetroGame\Oplevering\EindProject_FPGA.srcs\sources_1\imports\Week 5 + 6 - Bounching Square - Ball\DVI.vhd:]
WARNING: [filemgmt 56-199] Attempt to get parsing info during refresh. "On-the-fly" syntax checking information may be incorrect. [C:\Progh\Code\Project_RetroGame\Oplevering\EindProject_FPGA.srcs\sources_1\new\XY_GEN.vhd:]
WARNING: [filemgmt 56-199] Attempt to get parsing info during refresh. "On-the-fly" syntax checking information may be incorrect. [C:\Progh\Code\Project_RetroGame\Oplevering\EindProject_FPGA.srcs\sources_1\new\XY_GEN.vhd:]
WARNING: [filemgmt 56-199] Attempt to get parsing info during refresh. "On-the-fly" syntax checking information may be incorrect. [C:\Progh\Code\Project_RetroGame\Oplevering\EindProject_FPGA.srcs\sources_1\new\XY_GEN.vhd:]
reset_run synth_1
INFO: [Project 1-1161] Replacing file C:/Progh/Code/Project_RetroGame/Oplevering/EindProject_FPGA.srcs/utils_1/imports/synth_1/DVI.dcp with file C:/Progh/Code/Project_RetroGame/Oplevering/EindProject_FPGA.runs/synth_1/DVI_Top.dcp
launch_runs impl_1 -to_step write_bitstream -jobs 8
INFO: [Vivado 12-4149] The synthesis checkpoint for IP 'C:/Progh/Code/Project_RetroGame/Oplevering/EindProject_FPGA.srcs/sources_1/ip/blk_mem_gen_8/blk_mem_gen_8.xci' is already up-to-date
INFO: [Vivado 12-4149] The synthesis checkpoint for IP 'C:/Progh/Code/Project_RetroGame/Oplevering/EindProject_FPGA.srcs/sources_1/ip/blk_mem_gen_7/blk_mem_gen_7.xci' is already up-to-date
INFO: [Vivado 12-4149] The synthesis checkpoint for IP 'C:/Progh/Code/Project_RetroGame/Oplevering/EindProject_FPGA.srcs/sources_1/ip/blk_mem_gen_6/blk_mem_gen_6.xci' is already up-to-date
INFO: [Vivado 12-4149] The synthesis checkpoint for IP 'C:/Progh/Code/Project_RetroGame/Oplevering/EindProject_FPGA.srcs/sources_1/ip/blk_mem_gen_5/blk_mem_gen_5.xci' is already up-to-date
[Tue Apr  8 16:56:43 2025] Launched synth_1...
Run output will be captured here: C:/Progh/Code/Project_RetroGame/Oplevering/EindProject_FPGA.runs/synth_1/runme.log
[Tue Apr  8 16:56:43 2025] Launched impl_1...
Run output will be captured here: C:/Progh/Code/Project_RetroGame/Oplevering/EindProject_FPGA.runs/impl_1/runme.log
WARNING: [filemgmt 56-199] Attempt to get parsing info during refresh. "On-the-fly" syntax checking information may be incorrect. [C:\Progh\Code\Project_RetroGame\Oplevering\EindProject_FPGA.srcs\sources_1\new\DisplayBullet.vhd:]
WARNING: [filemgmt 56-199] Attempt to get parsing info during refresh. "On-the-fly" syntax checking information may be incorrect. [C:\Progh\Code\Project_RetroGame\Oplevering\EindProject_FPGA.srcs\sources_1\imports\Week 5 + 6 - Bounching Square - Ball\DVI.vhd:]
WARNING: [filemgmt 56-199] Attempt to get parsing info during refresh. "On-the-fly" syntax checking information may be incorrect. [C:\Progh\Code\Project_RetroGame\Oplevering\EindProject_FPGA.srcs\sources_1\new\XY_GEN.vhd:]
WARNING: [filemgmt 56-199] Attempt to get parsing info during refresh. "On-the-fly" syntax checking information may be incorrect. [C:\Progh\Code\Project_RetroGame\Oplevering\EindProject_FPGA.srcs\sources_1\new\XY_GEN.vhd:]
WARNING: [filemgmt 56-199] Attempt to get parsing info during refresh. "On-the-fly" syntax checking information may be incorrect. [C:\Progh\Code\Project_RetroGame\Oplevering\EindProject_FPGA.srcs\sources_1\new\XY_GEN.vhd:]
WARNING: [filemgmt 56-199] Attempt to get parsing info during refresh. "On-the-fly" syntax checking information may be incorrect. [C:\Progh\Code\Project_RetroGame\Oplevering\EindProject_FPGA.srcs\sources_1\new\DisplayBullet.vhd:]
WARNING: [filemgmt 56-199] Attempt to get parsing info during refresh. "On-the-fly" syntax checking information may be incorrect. [C:\Progh\Code\Project_RetroGame\Oplevering\EindProject_FPGA.srcs\sources_1\imports\Week 5 + 6 - Bounching Square - Ball\DVI.vhd:]
WARNING: [filemgmt 56-199] Attempt to get parsing info during refresh. "On-the-fly" syntax checking information may be incorrect. [C:\Progh\Code\Project_RetroGame\Oplevering\EindProject_FPGA.srcs\sources_1\new\XY_GEN.vhd:]
WARNING: [filemgmt 56-199] Attempt to get parsing info during refresh. "On-the-fly" syntax checking information may be incorrect. [C:\Progh\Code\Project_RetroGame\Oplevering\EindProject_FPGA.srcs\sources_1\new\DisplayBullet.vhd:]
WARNING: [filemgmt 56-199] Attempt to get parsing info during refresh. "On-the-fly" syntax checking information may be incorrect. [C:\Progh\Code\Project_RetroGame\Oplevering\EindProject_FPGA.srcs\sources_1\new\DisplayBullet.vhd:]
ERROR: [Common 17-180] Spawn failed: No error
reset_run synth_1
WARNING: [Vivado 12-1017] Problems encountered:
1. Failed to delete one or more files in run directory C:/Progh/Code/Project_RetroGame/Oplevering/EindProject_FPGA.runs/synth_1

WARNING: [filemgmt 56-199] Attempt to get parsing info during refresh. "On-the-fly" syntax checking information may be incorrect. [C:\Progh\Code\Project_RetroGame\Oplevering\EindProject_FPGA.srcs\sources_1\new\DisplayBullet.vhd:]
WARNING: [filemgmt 56-199] Attempt to get parsing info during refresh. "On-the-fly" syntax checking information may be incorrect. [C:\Progh\Code\Project_RetroGame\Oplevering\EindProject_FPGA.srcs\sources_1\imports\Week 5 + 6 - Bounching Square - Ball\DVI.vhd:]
WARNING: [filemgmt 56-199] Attempt to get parsing info during refresh. "On-the-fly" syntax checking information may be incorrect. [C:\Progh\Code\Project_RetroGame\Oplevering\EindProject_FPGA.srcs\sources_1\new\XY_GEN.vhd:]
WARNING: [filemgmt 56-199] Attempt to get parsing info during refresh. "On-the-fly" syntax checking information may be incorrect. [C:\Progh\Code\Project_RetroGame\Oplevering\EindProject_FPGA.srcs\sources_1\new\DisplayBullet.vhd:]
WARNING: [filemgmt 56-199] Attempt to get parsing info during refresh. "On-the-fly" syntax checking information may be incorrect. [C:\Progh\Code\Project_RetroGame\Oplevering\EindProject_FPGA.srcs\sources_1\new\DisplayBullet.vhd:]
WARNING: [filemgmt 56-199] Attempt to get parsing info during refresh. "On-the-fly" syntax checking information may be incorrect. [C:\Progh\Code\Project_RetroGame\Oplevering\EindProject_FPGA.srcs\sources_1\new\DisplayBullet.vhd:]
WARNING: [filemgmt 56-199] Attempt to get parsing info during refresh. "On-the-fly" syntax checking information may be incorrect. [C:\Progh\Code\Project_RetroGame\Oplevering\EindProject_FPGA.srcs\sources_1\imports\Week 5 + 6 - Bounching Square - Ball\DVI.vhd:]
WARNING: [filemgmt 56-199] Attempt to get parsing info during refresh. "On-the-fly" syntax checking information may be incorrect. [C:\Progh\Code\Project_RetroGame\Oplevering\EindProject_FPGA.srcs\sources_1\new\XY_GEN.vhd:]
WARNING: [filemgmt 56-199] Attempt to get parsing info during refresh. "On-the-fly" syntax checking information may be incorrect. [C:\Progh\Code\Project_RetroGame\Oplevering\EindProject_FPGA.srcs\sources_1\new\XY_GEN.vhd:]
WARNING: [filemgmt 56-199] Attempt to get parsing info during refresh. "On-the-fly" syntax checking information may be incorrect. [C:\Progh\Code\Project_RetroGame\Oplevering\EindProject_FPGA.srcs\sources_1\new\XY_GEN.vhd:]
launch_runs impl_1 -to_step write_bitstream -jobs 8
INFO: [Vivado 12-4149] The synthesis checkpoint for IP 'C:/Progh/Code/Project_RetroGame/Oplevering/EindProject_FPGA.srcs/sources_1/ip/blk_mem_gen_8/blk_mem_gen_8.xci' is already up-to-date
INFO: [Vivado 12-4149] The synthesis checkpoint for IP 'C:/Progh/Code/Project_RetroGame/Oplevering/EindProject_FPGA.srcs/sources_1/ip/blk_mem_gen_7/blk_mem_gen_7.xci' is already up-to-date
INFO: [Vivado 12-4149] The synthesis checkpoint for IP 'C:/Progh/Code/Project_RetroGame/Oplevering/EindProject_FPGA.srcs/sources_1/ip/blk_mem_gen_6/blk_mem_gen_6.xci' is already up-to-date
INFO: [Vivado 12-4149] The synthesis checkpoint for IP 'C:/Progh/Code/Project_RetroGame/Oplevering/EindProject_FPGA.srcs/sources_1/ip/blk_mem_gen_5/blk_mem_gen_5.xci' is already up-to-date
[Tue Apr  8 17:10:29 2025] Launched synth_1...
Run output will be captured here: C:/Progh/Code/Project_RetroGame/Oplevering/EindProject_FPGA.runs/synth_1/runme.log
[Tue Apr  8 17:10:29 2025] Launched impl_1...
Run output will be captured here: C:/Progh/Code/Project_RetroGame/Oplevering/EindProject_FPGA.runs/impl_1/runme.log
set_property PROBES.FILE {} [get_hw_devices xc7a35t_0]
set_property FULL_PROBES.FILE {} [get_hw_devices xc7a35t_0]
set_property PROGRAM.FILE {C:/Progh/Code/Project_RetroGame/Oplevering/EindProject_FPGA.runs/impl_1/DVI_Top.bit} [get_hw_devices xc7a35t_0]
program_hw_devices [get_hw_devices xc7a35t_0]
INFO: [Labtools 27-3164] End of startup status: HIGH
refresh_hw_device [lindex [get_hw_devices xc7a35t_0] 0]
INFO: [Labtools 27-1434] Device xc7a35t (JTAG device index = 0) is programmed with a design that has no supported debug core(s) in it.
WARNING: [filemgmt 56-199] Attempt to get parsing info during refresh. "On-the-fly" syntax checking information may be incorrect. [C:\Progh\Code\Project_RetroGame\Oplevering\EindProject_FPGA.srcs\sources_1\new\DisplayBullet.vhd:]
WARNING: [filemgmt 56-199] Attempt to get parsing info during refresh. "On-the-fly" syntax checking information may be incorrect. [C:\Progh\Code\Project_RetroGame\Oplevering\EindProject_FPGA.srcs\sources_1\imports\Week 5 + 6 - Bounching Square - Ball\DVI.vhd:]
WARNING: [filemgmt 56-199] Attempt to get parsing info during refresh. "On-the-fly" syntax checking information may be incorrect. [C:\Progh\Code\Project_RetroGame\Oplevering\EindProject_FPGA.srcs\sources_1\new\XY_GEN.vhd:]
WARNING: [filemgmt 56-199] Attempt to get parsing info during refresh. "On-the-fly" syntax checking information may be incorrect. [C:\Progh\Code\Project_RetroGame\Oplevering\EindProject_FPGA.srcs\sources_1\new\DisplayBullet.vhd:]
WARNING: [filemgmt 56-199] Attempt to get parsing info during refresh. "On-the-fly" syntax checking information may be incorrect. [C:\Progh\Code\Project_RetroGame\Oplevering\EindProject_FPGA.srcs\sources_1\new\DisplayBullet.vhd:]
reset_run impl_1 -prev_step 
launch_runs impl_1 -to_step write_bitstream -jobs 8
INFO: [Vivado 12-4149] The synthesis checkpoint for IP 'C:/Progh/Code/Project_RetroGame/Oplevering/EindProject_FPGA.srcs/sources_1/ip/blk_mem_gen_8/blk_mem_gen_8.xci' is already up-to-date
INFO: [Vivado 12-4149] The synthesis checkpoint for IP 'C:/Progh/Code/Project_RetroGame/Oplevering/EindProject_FPGA.srcs/sources_1/ip/blk_mem_gen_7/blk_mem_gen_7.xci' is already up-to-date
INFO: [Vivado 12-4149] The synthesis checkpoint for IP 'C:/Progh/Code/Project_RetroGame/Oplevering/EindProject_FPGA.srcs/sources_1/ip/blk_mem_gen_6/blk_mem_gen_6.xci' is already up-to-date
INFO: [Vivado 12-4149] The synthesis checkpoint for IP 'C:/Progh/Code/Project_RetroGame/Oplevering/EindProject_FPGA.srcs/sources_1/ip/blk_mem_gen_5/blk_mem_gen_5.xci' is already up-to-date
WARNING: [filemgmt 56-199] Attempt to get parsing info during refresh. "On-the-fly" syntax checking information may be incorrect. [C:\Progh\Code\Project_RetroGame\Oplevering\EindProject_FPGA.srcs\sources_1\new\DisplayBullet.vhd:]
WARNING: [filemgmt 56-199] Attempt to get parsing info during refresh. "On-the-fly" syntax checking information may be incorrect. [C:\Progh\Code\Project_RetroGame\Oplevering\EindProject_FPGA.srcs\sources_1\imports\Week 5 + 6 - Bounching Square - Ball\DVI.vhd:]
WARNING: [filemgmt 56-199] Attempt to get parsing info during refresh. "On-the-fly" syntax checking information may be incorrect. [C:\Progh\Code\Project_RetroGame\Oplevering\EindProject_FPGA.srcs\sources_1\new\XY_GEN.vhd:]
WARNING: [filemgmt 56-199] Attempt to get parsing info during refresh. "On-the-fly" syntax checking information may be incorrect. [C:\Progh\Code\Project_RetroGame\Oplevering\EindProject_FPGA.srcs\sources_1\imports\Week 5 + 6 - Bounching Square - Ball\DVI.vhd:]
WARNING: [filemgmt 56-199] Attempt to get parsing info during refresh. "On-the-fly" syntax checking information may be incorrect. [C:\Progh\Code\Project_RetroGame\Oplevering\EindProject_FPGA.srcs\sources_1\imports\Week 5 + 6 - Bounching Square - Ball\DVI.vhd:]
[Tue Apr  8 17:27:16 2025] Launched impl_1...
Run output will be captured here: C:/Progh/Code/Project_RetroGame/Oplevering/EindProject_FPGA.runs/impl_1/runme.log
reset_run impl_1 -prev_step 
reset_run synth_1
INFO: [Project 1-1161] Replacing file C:/Progh/Code/Project_RetroGame/Oplevering/EindProject_FPGA.srcs/utils_1/imports/synth_1/DVI.dcp with file C:/Progh/Code/Project_RetroGame/Oplevering/EindProject_FPGA.runs/synth_1/DVI_Top.dcp
launch_runs synth_1 -jobs 8
INFO: [Vivado 12-4149] The synthesis checkpoint for IP 'C:/Progh/Code/Project_RetroGame/Oplevering/EindProject_FPGA.srcs/sources_1/ip/blk_mem_gen_8/blk_mem_gen_8.xci' is already up-to-date
INFO: [Vivado 12-4149] The synthesis checkpoint for IP 'C:/Progh/Code/Project_RetroGame/Oplevering/EindProject_FPGA.srcs/sources_1/ip/blk_mem_gen_7/blk_mem_gen_7.xci' is already up-to-date
INFO: [Vivado 12-4149] The synthesis checkpoint for IP 'C:/Progh/Code/Project_RetroGame/Oplevering/EindProject_FPGA.srcs/sources_1/ip/blk_mem_gen_6/blk_mem_gen_6.xci' is already up-to-date
INFO: [Vivado 12-4149] The synthesis checkpoint for IP 'C:/Progh/Code/Project_RetroGame/Oplevering/EindProject_FPGA.srcs/sources_1/ip/blk_mem_gen_5/blk_mem_gen_5.xci' is already up-to-date
[Tue Apr  8 17:27:47 2025] Launched synth_1...
Run output will be captured here: C:/Progh/Code/Project_RetroGame/Oplevering/EindProject_FPGA.runs/synth_1/runme.log
WARNING: [filemgmt 56-199] Attempt to get parsing info during refresh. "On-the-fly" syntax checking information may be incorrect. [C:\Progh\Code\Project_RetroGame\Oplevering\EindProject_FPGA.srcs\sources_1\new\DisplayBullet.vhd:]
WARNING: [filemgmt 56-199] Attempt to get parsing info during refresh. "On-the-fly" syntax checking information may be incorrect. [C:\Progh\Code\Project_RetroGame\Oplevering\EindProject_FPGA.srcs\sources_1\imports\Week 5 + 6 - Bounching Square - Ball\DVI.vhd:]
WARNING: [filemgmt 56-199] Attempt to get parsing info during refresh. "On-the-fly" syntax checking information may be incorrect. [C:\Progh\Code\Project_RetroGame\Oplevering\EindProject_FPGA.srcs\sources_1\new\XY_GEN.vhd:]
WARNING: [filemgmt 56-199] Attempt to get parsing info during refresh. "On-the-fly" syntax checking information may be incorrect. [C:\Progh\Code\Project_RetroGame\Oplevering\EindProject_FPGA.srcs\sources_1\new\DisplayBullet.vhd:]
WARNING: [filemgmt 56-199] Attempt to get parsing info during refresh. "On-the-fly" syntax checking information may be incorrect. [C:\Progh\Code\Project_RetroGame\Oplevering\EindProject_FPGA.srcs\sources_1\new\DisplayBullet.vhd:]
WARNING: [filemgmt 56-199] Attempt to get parsing info during refresh. "On-the-fly" syntax checking information may be incorrect. [C:\Progh\Code\Project_RetroGame\Oplevering\EindProject_FPGA.srcs\sources_1\new\DisplayBullet.vhd:]
WARNING: [filemgmt 56-199] Attempt to get parsing info during refresh. "On-the-fly" syntax checking information may be incorrect. [C:\Progh\Code\Project_RetroGame\Oplevering\EindProject_FPGA.srcs\sources_1\imports\Week 5 + 6 - Bounching Square - Ball\DVI.vhd:]
WARNING: [filemgmt 56-199] Attempt to get parsing info during refresh. "On-the-fly" syntax checking information may be incorrect. [C:\Progh\Code\Project_RetroGame\Oplevering\EindProject_FPGA.srcs\sources_1\new\XY_GEN.vhd:]
WARNING: [filemgmt 56-199] Attempt to get parsing info during refresh. "On-the-fly" syntax checking information may be incorrect. [C:\Progh\Code\Project_RetroGame\Oplevering\EindProject_FPGA.srcs\sources_1\imports\Week 5 + 6 - Bounching Square - Ball\DVI.vhd:]
WARNING: [filemgmt 56-199] Attempt to get parsing info during refresh. "On-the-fly" syntax checking information may be incorrect. [C:\Progh\Code\Project_RetroGame\Oplevering\EindProject_FPGA.srcs\sources_1\imports\Week 5 + 6 - Bounching Square - Ball\DVI.vhd:]
launch_runs impl_1 -jobs 8
INFO: [Vivado 12-4149] The synthesis checkpoint for IP 'C:/Progh/Code/Project_RetroGame/Oplevering/EindProject_FPGA.srcs/sources_1/ip/blk_mem_gen_8/blk_mem_gen_8.xci' is already up-to-date
INFO: [Vivado 12-4149] The synthesis checkpoint for IP 'C:/Progh/Code/Project_RetroGame/Oplevering/EindProject_FPGA.srcs/sources_1/ip/blk_mem_gen_7/blk_mem_gen_7.xci' is already up-to-date
INFO: [Vivado 12-4149] The synthesis checkpoint for IP 'C:/Progh/Code/Project_RetroGame/Oplevering/EindProject_FPGA.srcs/sources_1/ip/blk_mem_gen_6/blk_mem_gen_6.xci' is already up-to-date
INFO: [Vivado 12-4149] The synthesis checkpoint for IP 'C:/Progh/Code/Project_RetroGame/Oplevering/EindProject_FPGA.srcs/sources_1/ip/blk_mem_gen_5/blk_mem_gen_5.xci' is already up-to-date
[Tue Apr  8 17:29:09 2025] Launched impl_1...
Run output will be captured here: C:/Progh/Code/Project_RetroGame/Oplevering/EindProject_FPGA.runs/impl_1/runme.log
launch_runs impl_1 -to_step write_bitstream -jobs 8
INFO: [Vivado 12-4149] The synthesis checkpoint for IP 'C:/Progh/Code/Project_RetroGame/Oplevering/EindProject_FPGA.srcs/sources_1/ip/blk_mem_gen_8/blk_mem_gen_8.xci' is already up-to-date
INFO: [Vivado 12-4149] The synthesis checkpoint for IP 'C:/Progh/Code/Project_RetroGame/Oplevering/EindProject_FPGA.srcs/sources_1/ip/blk_mem_gen_7/blk_mem_gen_7.xci' is already up-to-date
INFO: [Vivado 12-4149] The synthesis checkpoint for IP 'C:/Progh/Code/Project_RetroGame/Oplevering/EindProject_FPGA.srcs/sources_1/ip/blk_mem_gen_6/blk_mem_gen_6.xci' is already up-to-date
INFO: [Vivado 12-4149] The synthesis checkpoint for IP 'C:/Progh/Code/Project_RetroGame/Oplevering/EindProject_FPGA.srcs/sources_1/ip/blk_mem_gen_5/blk_mem_gen_5.xci' is already up-to-date
[Tue Apr  8 17:30:34 2025] Launched impl_1...
Run output will be captured here: C:/Progh/Code/Project_RetroGame/Oplevering/EindProject_FPGA.runs/impl_1/runme.log
set_property PROBES.FILE {} [get_hw_devices xc7a35t_0]
set_property FULL_PROBES.FILE {} [get_hw_devices xc7a35t_0]
set_property PROGRAM.FILE {C:/Progh/Code/Project_RetroGame/Oplevering/EindProject_FPGA.runs/impl_1/DVI_Top.bit} [get_hw_devices xc7a35t_0]
program_hw_devices [get_hw_devices xc7a35t_0]
INFO: [Labtools 27-3164] End of startup status: HIGH
refresh_hw_device [lindex [get_hw_devices xc7a35t_0] 0]
INFO: [Labtools 27-1434] Device xc7a35t (JTAG device index = 0) is programmed with a design that has no supported debug core(s) in it.
WARNING: [filemgmt 56-199] Attempt to get parsing info during refresh. "On-the-fly" syntax checking information may be incorrect. [C:\Progh\Code\Project_RetroGame\Oplevering\EindProject_FPGA.srcs\sources_1\new\DisplayBullet.vhd:]
WARNING: [filemgmt 56-199] Attempt to get parsing info during refresh. "On-the-fly" syntax checking information may be incorrect. [C:\Progh\Code\Project_RetroGame\Oplevering\EindProject_FPGA.srcs\sources_1\imports\Week 5 + 6 - Bounching Square - Ball\DVI.vhd:]
WARNING: [filemgmt 56-199] Attempt to get parsing info during refresh. "On-the-fly" syntax checking information may be incorrect. [C:\Progh\Code\Project_RetroGame\Oplevering\EindProject_FPGA.srcs\sources_1\new\XY_GEN.vhd:]
WARNING: [filemgmt 56-199] Attempt to get parsing info during refresh. "On-the-fly" syntax checking information may be incorrect. [C:\Progh\Code\Project_RetroGame\Oplevering\EindProject_FPGA.srcs\sources_1\new\DisplayBullet.vhd:]
WARNING: [filemgmt 56-199] Attempt to get parsing info during refresh. "On-the-fly" syntax checking information may be incorrect. [C:\Progh\Code\Project_RetroGame\Oplevering\EindProject_FPGA.srcs\sources_1\new\DisplayBullet.vhd:]
WARNING: [filemgmt 56-199] Attempt to get parsing info during refresh. "On-the-fly" syntax checking information may be incorrect. [C:\Progh\Code\Project_RetroGame\Oplevering\EindProject_FPGA.srcs\sources_1\new\DisplayBullet.vhd:]
WARNING: [filemgmt 56-199] Attempt to get parsing info during refresh. "On-the-fly" syntax checking information may be incorrect. [C:\Progh\Code\Project_RetroGame\Oplevering\EindProject_FPGA.srcs\sources_1\imports\Week 5 + 6 - Bounching Square - Ball\DVI.vhd:]
WARNING: [filemgmt 56-199] Attempt to get parsing info during refresh. "On-the-fly" syntax checking information may be incorrect. [C:\Progh\Code\Project_RetroGame\Oplevering\EindProject_FPGA.srcs\sources_1\new\XY_GEN.vhd:]
WARNING: [filemgmt 56-199] Attempt to get parsing info during refresh. "On-the-fly" syntax checking information may be incorrect. [C:\Progh\Code\Project_RetroGame\Oplevering\EindProject_FPGA.srcs\sources_1\new\XY_GEN.vhd:]
WARNING: [filemgmt 56-199] Attempt to get parsing info during refresh. "On-the-fly" syntax checking information may be incorrect. [C:\Progh\Code\Project_RetroGame\Oplevering\EindProject_FPGA.srcs\sources_1\new\XY_GEN.vhd:]
reset_run synth_1
INFO: [Project 1-1161] Replacing file C:/Progh/Code/Project_RetroGame/Oplevering/EindProject_FPGA.srcs/utils_1/imports/synth_1/DVI.dcp with file C:/Progh/Code/Project_RetroGame/Oplevering/EindProject_FPGA.runs/synth_1/DVI_Top.dcp
launch_runs impl_1 -to_step write_bitstream -jobs 8
INFO: [Vivado 12-4149] The synthesis checkpoint for IP 'C:/Progh/Code/Project_RetroGame/Oplevering/EindProject_FPGA.srcs/sources_1/ip/blk_mem_gen_8/blk_mem_gen_8.xci' is already up-to-date
INFO: [Vivado 12-4149] The synthesis checkpoint for IP 'C:/Progh/Code/Project_RetroGame/Oplevering/EindProject_FPGA.srcs/sources_1/ip/blk_mem_gen_7/blk_mem_gen_7.xci' is already up-to-date
INFO: [Vivado 12-4149] The synthesis checkpoint for IP 'C:/Progh/Code/Project_RetroGame/Oplevering/EindProject_FPGA.srcs/sources_1/ip/blk_mem_gen_6/blk_mem_gen_6.xci' is already up-to-date
INFO: [Vivado 12-4149] The synthesis checkpoint for IP 'C:/Progh/Code/Project_RetroGame/Oplevering/EindProject_FPGA.srcs/sources_1/ip/blk_mem_gen_5/blk_mem_gen_5.xci' is already up-to-date
[Tue Apr  8 17:32:46 2025] Launched synth_1...
Run output will be captured here: C:/Progh/Code/Project_RetroGame/Oplevering/EindProject_FPGA.runs/synth_1/runme.log
[Tue Apr  8 17:32:46 2025] Launched impl_1...
Run output will be captured here: C:/Progh/Code/Project_RetroGame/Oplevering/EindProject_FPGA.runs/impl_1/runme.log
WARNING: [filemgmt 56-199] Attempt to get parsing info during refresh. "On-the-fly" syntax checking information may be incorrect. [C:\Progh\Code\Project_RetroGame\Oplevering\EindProject_FPGA.srcs\sources_1\new\DisplayBullet.vhd:]
WARNING: [filemgmt 56-199] Attempt to get parsing info during refresh. "On-the-fly" syntax checking information may be incorrect. [C:\Progh\Code\Project_RetroGame\Oplevering\EindProject_FPGA.srcs\sources_1\imports\Week 5 + 6 - Bounching Square - Ball\DVI.vhd:]
WARNING: [filemgmt 56-199] Attempt to get parsing info during refresh. "On-the-fly" syntax checking information may be incorrect. [C:\Progh\Code\Project_RetroGame\Oplevering\EindProject_FPGA.srcs\sources_1\new\XY_GEN.vhd:]
WARNING: [filemgmt 56-199] Attempt to get parsing info during refresh. "On-the-fly" syntax checking information may be incorrect. [C:\Progh\Code\Project_RetroGame\Oplevering\EindProject_FPGA.srcs\sources_1\new\DisplayBullet.vhd:]
WARNING: [filemgmt 56-199] Attempt to get parsing info during refresh. "On-the-fly" syntax checking information may be incorrect. [C:\Progh\Code\Project_RetroGame\Oplevering\EindProject_FPGA.srcs\sources_1\new\DisplayBullet.vhd:]
WARNING: [filemgmt 56-199] Attempt to get parsing info during refresh. "On-the-fly" syntax checking information may be incorrect. [C:\Progh\Code\Project_RetroGame\Oplevering\EindProject_FPGA.srcs\sources_1\new\DisplayBullet.vhd:]
WARNING: [filemgmt 56-199] Attempt to get parsing info during refresh. "On-the-fly" syntax checking information may be incorrect. [C:\Progh\Code\Project_RetroGame\Oplevering\EindProject_FPGA.srcs\sources_1\imports\Week 5 + 6 - Bounching Square - Ball\DVI.vhd:]
WARNING: [filemgmt 56-199] Attempt to get parsing info during refresh. "On-the-fly" syntax checking information may be incorrect. [C:\Progh\Code\Project_RetroGame\Oplevering\EindProject_FPGA.srcs\sources_1\new\XY_GEN.vhd:]
WARNING: [filemgmt 56-199] Attempt to get parsing info during refresh. "On-the-fly" syntax checking information may be incorrect. [C:\Progh\Code\Project_RetroGame\Oplevering\EindProject_FPGA.srcs\sources_1\imports\Week 5 + 6 - Bounching Square - Ball\DVI.vhd:]
WARNING: [filemgmt 56-199] Attempt to get parsing info during refresh. "On-the-fly" syntax checking information may be incorrect. [C:\Progh\Code\Project_RetroGame\Oplevering\EindProject_FPGA.srcs\sources_1\imports\Week 5 + 6 - Bounching Square - Ball\DVI.vhd:]
ERROR: [Common 17-180] Spawn failed: No error
reset_run synth_1
WARNING: [Vivado 12-1017] Problems encountered:
1. Failed to delete one or more files in run directory C:/Progh/Code/Project_RetroGame/Oplevering/EindProject_FPGA.runs/synth_1

WARNING: [filemgmt 56-199] Attempt to get parsing info during refresh. "On-the-fly" syntax checking information may be incorrect. [C:\Progh\Code\Project_RetroGame\Oplevering\EindProject_FPGA.srcs\sources_1\new\DisplayBullet.vhd:]
WARNING: [filemgmt 56-199] Attempt to get parsing info during refresh. "On-the-fly" syntax checking information may be incorrect. [C:\Progh\Code\Project_RetroGame\Oplevering\EindProject_FPGA.srcs\sources_1\imports\Week 5 + 6 - Bounching Square - Ball\DVI.vhd:]
WARNING: [filemgmt 56-199] Attempt to get parsing info during refresh. "On-the-fly" syntax checking information may be incorrect. [C:\Progh\Code\Project_RetroGame\Oplevering\EindProject_FPGA.srcs\sources_1\new\XY_GEN.vhd:]
WARNING: [filemgmt 56-199] Attempt to get parsing info during refresh. "On-the-fly" syntax checking information may be incorrect. [C:\Progh\Code\Project_RetroGame\Oplevering\EindProject_FPGA.srcs\sources_1\new\DisplayBullet.vhd:]
WARNING: [filemgmt 56-199] Attempt to get parsing info during refresh. "On-the-fly" syntax checking information may be incorrect. [C:\Progh\Code\Project_RetroGame\Oplevering\EindProject_FPGA.srcs\sources_1\new\DisplayBullet.vhd:]
WARNING: [filemgmt 56-199] Attempt to get parsing info during refresh. "On-the-fly" syntax checking information may be incorrect. [C:\Progh\Code\Project_RetroGame\Oplevering\EindProject_FPGA.srcs\sources_1\new\DisplayBullet.vhd:]
WARNING: [filemgmt 56-199] Attempt to get parsing info during refresh. "On-the-fly" syntax checking information may be incorrect. [C:\Progh\Code\Project_RetroGame\Oplevering\EindProject_FPGA.srcs\sources_1\imports\Week 5 + 6 - Bounching Square - Ball\DVI.vhd:]
WARNING: [filemgmt 56-199] Attempt to get parsing info during refresh. "On-the-fly" syntax checking information may be incorrect. [C:\Progh\Code\Project_RetroGame\Oplevering\EindProject_FPGA.srcs\sources_1\new\XY_GEN.vhd:]
WARNING: [filemgmt 56-199] Attempt to get parsing info during refresh. "On-the-fly" syntax checking information may be incorrect. [C:\Progh\Code\Project_RetroGame\Oplevering\EindProject_FPGA.srcs\sources_1\new\XY_GEN.vhd:]
WARNING: [filemgmt 56-199] Attempt to get parsing info during refresh. "On-the-fly" syntax checking information may be incorrect. [C:\Progh\Code\Project_RetroGame\Oplevering\EindProject_FPGA.srcs\sources_1\new\XY_GEN.vhd:]
launch_runs impl_1 -to_step write_bitstream -jobs 8
INFO: [Vivado 12-4149] The synthesis checkpoint for IP 'C:/Progh/Code/Project_RetroGame/Oplevering/EindProject_FPGA.srcs/sources_1/ip/blk_mem_gen_8/blk_mem_gen_8.xci' is already up-to-date
INFO: [Vivado 12-4149] The synthesis checkpoint for IP 'C:/Progh/Code/Project_RetroGame/Oplevering/EindProject_FPGA.srcs/sources_1/ip/blk_mem_gen_7/blk_mem_gen_7.xci' is already up-to-date
INFO: [Vivado 12-4149] The synthesis checkpoint for IP 'C:/Progh/Code/Project_RetroGame/Oplevering/EindProject_FPGA.srcs/sources_1/ip/blk_mem_gen_6/blk_mem_gen_6.xci' is already up-to-date
INFO: [Vivado 12-4149] The synthesis checkpoint for IP 'C:/Progh/Code/Project_RetroGame/Oplevering/EindProject_FPGA.srcs/sources_1/ip/blk_mem_gen_5/blk_mem_gen_5.xci' is already up-to-date
[Tue Apr  8 17:37:34 2025] Launched synth_1...
Run output will be captured here: C:/Progh/Code/Project_RetroGame/Oplevering/EindProject_FPGA.runs/synth_1/runme.log
[Tue Apr  8 17:37:34 2025] Launched impl_1...
Run output will be captured here: C:/Progh/Code/Project_RetroGame/Oplevering/EindProject_FPGA.runs/impl_1/runme.log
set_property PROBES.FILE {} [get_hw_devices xc7a35t_0]
set_property FULL_PROBES.FILE {} [get_hw_devices xc7a35t_0]
set_property PROGRAM.FILE {C:/Progh/Code/Project_RetroGame/Oplevering/EindProject_FPGA.runs/impl_1/DVI_Top.bit} [get_hw_devices xc7a35t_0]
program_hw_devices [get_hw_devices xc7a35t_0]
INFO: [Labtools 27-3164] End of startup status: HIGH
refresh_hw_device [lindex [get_hw_devices xc7a35t_0] 0]
INFO: [Labtools 27-1434] Device xc7a35t (JTAG device index = 0) is programmed with a design that has no supported debug core(s) in it.
export_ip_user_files -of_objects  [get_files C:/Progh/Code/Project_RetroGame/Oplevering/EindProject_FPGA.srcs/sources_1/new/ControlBullet.vhd] -no_script -reset -force -quiet
remove_files  C:/Progh/Code/Project_RetroGame/Oplevering/EindProject_FPGA.srcs/sources_1/new/ControlBullet.vhd
file delete -force C:/Progh/Code/Project_RetroGame/Oplevering/EindProject_FPGA.srcs/sources_1/new/ControlBullet.vhd
WARNING: [filemgmt 56-199] Attempt to get parsing info during refresh. "On-the-fly" syntax checking information may be incorrect. [C:\Progh\Code\Project_RetroGame\Oplevering\EindProject_FPGA.srcs\sources_1\new\ControlBullet.vhd:]
WARNING: [filemgmt 56-199] Attempt to get parsing info during refresh. "On-the-fly" syntax checking information may be incorrect. [C:\Progh\Code\Project_RetroGame\Oplevering\EindProject_FPGA.srcs\sources_1\new\DisplayBullet.vhd:]
WARNING: [filemgmt 56-199] Attempt to get parsing info during refresh. "On-the-fly" syntax checking information may be incorrect. [C:\Progh\Code\Project_RetroGame\Oplevering\EindProject_FPGA.srcs\sources_1\imports\Week 5 + 6 - Bounching Square - Ball\DVI.vhd:]
WARNING: [filemgmt 56-199] Attempt to get parsing info during refresh. "On-the-fly" syntax checking information may be incorrect. [C:\Progh\Code\Project_RetroGame\Oplevering\EindProject_FPGA.srcs\sources_1\new\XY_GEN.vhd:]
WARNING: [filemgmt 56-199] Attempt to get parsing info during refresh. "On-the-fly" syntax checking information may be incorrect. [C:\Progh\Code\Project_RetroGame\Oplevering\EindProject_FPGA.srcs\sources_1\new\DisplayHUD.vhd:]
WARNING: [filemgmt 56-199] Attempt to get parsing info during refresh. "On-the-fly" syntax checking information may be incorrect. [C:\Progh\Code\Project_RetroGame\Oplevering\EindProject_FPGA.srcs\sources_1\new\DisplayBullet.vhd:]
WARNING: [filemgmt 56-199] Attempt to get parsing info during refresh. "On-the-fly" syntax checking information may be incorrect. [C:\Progh\Code\Project_RetroGame\Oplevering\EindProject_FPGA.srcs\sources_1\new\DisplayBullet.vhd:]
WARNING: [filemgmt 56-199] Attempt to get parsing info during refresh. "On-the-fly" syntax checking information may be incorrect. [C:\Progh\Code\Project_RetroGame\Oplevering\EindProject_FPGA.srcs\sources_1\new\ControlBullet.vhd:]
WARNING: [filemgmt 56-199] Attempt to get parsing info during refresh. "On-the-fly" syntax checking information may be incorrect. [C:\Progh\Code\Project_RetroGame\Oplevering\EindProject_FPGA.srcs\sources_1\new\DisplayBullet.vhd:]
WARNING: [filemgmt 56-199] Attempt to get parsing info during refresh. "On-the-fly" syntax checking information may be incorrect. [C:\Progh\Code\Project_RetroGame\Oplevering\EindProject_FPGA.srcs\sources_1\imports\Week 5 + 6 - Bounching Square - Ball\DVI.vhd:]
WARNING: [filemgmt 56-199] Attempt to get parsing info during refresh. "On-the-fly" syntax checking information may be incorrect. [C:\Progh\Code\Project_RetroGame\Oplevering\EindProject_FPGA.srcs\sources_1\new\XY_GEN.vhd:]
WARNING: [filemgmt 56-199] Attempt to get parsing info during refresh. "On-the-fly" syntax checking information may be incorrect. [C:\Progh\Code\Project_RetroGame\Oplevering\EindProject_FPGA.srcs\sources_1\new\DisplayHUD.vhd:]
WARNING: [filemgmt 56-199] Attempt to get parsing info during refresh. "On-the-fly" syntax checking information may be incorrect. [C:\Progh\Code\Project_RetroGame\Oplevering\EindProject_FPGA.srcs\sources_1\imports\Week 5 + 6 - Bounching Square - Ball\DVI.vhd:]
WARNING: [filemgmt 56-199] Attempt to get parsing info during refresh. "On-the-fly" syntax checking information may be incorrect. [C:\Progh\Code\Project_RetroGame\Oplevering\EindProject_FPGA.srcs\sources_1\imports\Week 5 + 6 - Bounching Square - Ball\DVI.vhd:]
ERROR: [Common 17-180] Spawn failed: No such file or directory
WARNING: [filemgmt 56-199] Attempt to get parsing info during refresh. "On-the-fly" syntax checking information may be incorrect. [C:\Progh\Code\Project_RetroGame\Oplevering\EindProject_FPGA.srcs\sources_1\new\ControlBullet.vhd:]
WARNING: [filemgmt 56-199] Attempt to get parsing info during refresh. "On-the-fly" syntax checking information may be incorrect. [C:\Progh\Code\Project_RetroGame\Oplevering\EindProject_FPGA.srcs\sources_1\new\DisplayBullet.vhd:]
WARNING: [filemgmt 56-199] Attempt to get parsing info during refresh. "On-the-fly" syntax checking information may be incorrect. [C:\Progh\Code\Project_RetroGame\Oplevering\EindProject_FPGA.srcs\sources_1\imports\Week 5 + 6 - Bounching Square - Ball\DVI.vhd:]
WARNING: [filemgmt 56-199] Attempt to get parsing info during refresh. "On-the-fly" syntax checking information may be incorrect. [C:\Progh\Code\Project_RetroGame\Oplevering\EindProject_FPGA.srcs\sources_1\new\XY_GEN.vhd:]
WARNING: [filemgmt 56-199] Attempt to get parsing info during refresh. "On-the-fly" syntax checking information may be incorrect. [C:\Progh\Code\Project_RetroGame\Oplevering\EindProject_FPGA.srcs\sources_1\new\DisplayHUD.vhd:]
WARNING: [filemgmt 56-199] Attempt to get parsing info during refresh. "On-the-fly" syntax checking information may be incorrect. [C:\Progh\Code\Project_RetroGame\Oplevering\EindProject_FPGA.srcs\sources_1\new\XY_GEN.vhd:]
WARNING: [filemgmt 56-199] Attempt to get parsing info during refresh. "On-the-fly" syntax checking information may be incorrect. [C:\Progh\Code\Project_RetroGame\Oplevering\EindProject_FPGA.srcs\sources_1\new\XY_GEN.vhd:]
ERROR: [Common 17-180] Spawn failed: No such file or directory
close [ open C:/Progh/Code/Project_RetroGame/Oplevering/EindProject_FPGA.srcs/sources_1/new/DisplayLives.vhd w ]
add_files C:/Progh/Code/Project_RetroGame/Oplevering/EindProject_FPGA.srcs/sources_1/new/DisplayLives.vhd
WARNING: [filemgmt 56-199] Attempt to get parsing info during refresh. "On-the-fly" syntax checking information may be incorrect. [C:\Progh\Code\Project_RetroGame\Oplevering\EindProject_FPGA.srcs\sources_1\new\ControlBullet.vhd:]
WARNING: [filemgmt 56-199] Attempt to get parsing info during refresh. "On-the-fly" syntax checking information may be incorrect. [C:\Progh\Code\Project_RetroGame\Oplevering\EindProject_FPGA.srcs\sources_1\new\DisplayBullet.vhd:]
WARNING: [filemgmt 56-199] Attempt to get parsing info during refresh. "On-the-fly" syntax checking information may be incorrect. [C:\Progh\Code\Project_RetroGame\Oplevering\EindProject_FPGA.srcs\sources_1\imports\Week 5 + 6 - Bounching Square - Ball\DVI.vhd:]
WARNING: [filemgmt 56-199] Attempt to get parsing info during refresh. "On-the-fly" syntax checking information may be incorrect. [C:\Progh\Code\Project_RetroGame\Oplevering\EindProject_FPGA.srcs\sources_1\new\XY_GEN.vhd:]
WARNING: [filemgmt 56-199] Attempt to get parsing info during refresh. "On-the-fly" syntax checking information may be incorrect. [C:\Progh\Code\Project_RetroGame\Oplevering\EindProject_FPGA.srcs\sources_1\new\DisplayHUD.vhd:]
WARNING: [filemgmt 56-199] Attempt to get parsing info during refresh. "On-the-fly" syntax checking information may be incorrect. [C:\Progh\Code\Project_RetroGame\Oplevering\EindProject_FPGA.srcs\sources_1\new\DisplayBullet.vhd:]
WARNING: [filemgmt 56-199] Attempt to get parsing info during refresh. "On-the-fly" syntax checking information may be incorrect. [C:\Progh\Code\Project_RetroGame\Oplevering\EindProject_FPGA.srcs\sources_1\new\DisplayBullet.vhd:]
WARNING: [filemgmt 56-199] Attempt to get parsing info during refresh. "On-the-fly" syntax checking information may be incorrect. [C:\Progh\Code\Project_RetroGame\Oplevering\EindProject_FPGA.srcs\sources_1\new\ControlBullet.vhd:]
WARNING: [filemgmt 56-199] Attempt to get parsing info during refresh. "On-the-fly" syntax checking information may be incorrect. [C:\Progh\Code\Project_RetroGame\Oplevering\EindProject_FPGA.srcs\sources_1\new\DisplayBullet.vhd:]
WARNING: [filemgmt 56-199] Attempt to get parsing info during refresh. "On-the-fly" syntax checking information may be incorrect. [C:\Progh\Code\Project_RetroGame\Oplevering\EindProject_FPGA.srcs\sources_1\imports\Week 5 + 6 - Bounching Square - Ball\DVI.vhd:]
WARNING: [filemgmt 56-199] Attempt to get parsing info during refresh. "On-the-fly" syntax checking information may be incorrect. [C:\Progh\Code\Project_RetroGame\Oplevering\EindProject_FPGA.srcs\sources_1\new\XY_GEN.vhd:]
WARNING: [filemgmt 56-199] Attempt to get parsing info during refresh. "On-the-fly" syntax checking information may be incorrect. [C:\Progh\Code\Project_RetroGame\Oplevering\EindProject_FPGA.srcs\sources_1\new\DisplayHUD.vhd:]
WARNING: [filemgmt 56-199] Attempt to get parsing info during refresh. "On-the-fly" syntax checking information may be incorrect. [C:\Progh\Code\Project_RetroGame\Oplevering\EindProject_FPGA.srcs\sources_1\new\DisplayHUD.vhd:]
WARNING: [filemgmt 56-199] Attempt to get parsing info during refresh. "On-the-fly" syntax checking information may be incorrect. [C:\Progh\Code\Project_RetroGame\Oplevering\EindProject_FPGA.srcs\sources_1\new\DisplayHUD.vhd:]
ERROR: [Common 17-180] Spawn failed: No such file or directory
WARNING: [filemgmt 56-199] Attempt to get parsing info during refresh. "On-the-fly" syntax checking information may be incorrect. [C:\Progh\Code\Project_RetroGame\Oplevering\EindProject_FPGA.srcs\sources_1\new\ControlBullet.vhd:]
WARNING: [filemgmt 56-199] Attempt to get parsing info during refresh. "On-the-fly" syntax checking information may be incorrect. [C:\Progh\Code\Project_RetroGame\Oplevering\EindProject_FPGA.srcs\sources_1\new\DisplayBullet.vhd:]
WARNING: [filemgmt 56-199] Attempt to get parsing info during refresh. "On-the-fly" syntax checking information may be incorrect. [C:\Progh\Code\Project_RetroGame\Oplevering\EindProject_FPGA.srcs\sources_1\imports\Week 5 + 6 - Bounching Square - Ball\DVI.vhd:]
WARNING: [filemgmt 56-199] Attempt to get parsing info during refresh. "On-the-fly" syntax checking information may be incorrect. [C:\Progh\Code\Project_RetroGame\Oplevering\EindProject_FPGA.srcs\sources_1\new\XY_GEN.vhd:]
WARNING: [filemgmt 56-199] Attempt to get parsing info during refresh. "On-the-fly" syntax checking information may be incorrect. [C:\Progh\Code\Project_RetroGame\Oplevering\EindProject_FPGA.srcs\sources_1\new\DisplayHUD.vhd:]
WARNING: [filemgmt 56-199] Attempt to get parsing info during refresh. "On-the-fly" syntax checking information may be incorrect. [C:\Progh\Code\Project_RetroGame\Oplevering\EindProject_FPGA.srcs\sources_1\imports\Week 5 + 6 - Bounching Square - Ball\DVI.vhd:]
WARNING: [filemgmt 56-199] Attempt to get parsing info during refresh. "On-the-fly" syntax checking information may be incorrect. [C:\Progh\Code\Project_RetroGame\Oplevering\EindProject_FPGA.srcs\sources_1\imports\Week 5 + 6 - Bounching Square - Ball\DVI.vhd:]
ERROR: [Common 17-180] Spawn failed: No such file or directory
WARNING: [filemgmt 56-199] Attempt to get parsing info during refresh. "On-the-fly" syntax checking information may be incorrect. [C:\Progh\Code\Project_RetroGame\Oplevering\EindProject_FPGA.srcs\sources_1\new\ControlBullet.vhd:]
WARNING: [filemgmt 56-199] Attempt to get parsing info during refresh. "On-the-fly" syntax checking information may be incorrect. [C:\Progh\Code\Project_RetroGame\Oplevering\EindProject_FPGA.srcs\sources_1\new\DisplayBullet.vhd:]
WARNING: [filemgmt 56-199] Attempt to get parsing info during refresh. "On-the-fly" syntax checking information may be incorrect. [C:\Progh\Code\Project_RetroGame\Oplevering\EindProject_FPGA.srcs\sources_1\imports\Week 5 + 6 - Bounching Square - Ball\DVI.vhd:]
WARNING: [filemgmt 56-199] Attempt to get parsing info during refresh. "On-the-fly" syntax checking information may be incorrect. [C:\Progh\Code\Project_RetroGame\Oplevering\EindProject_FPGA.srcs\sources_1\new\XY_GEN.vhd:]
WARNING: [filemgmt 56-199] Attempt to get parsing info during refresh. "On-the-fly" syntax checking information may be incorrect. [C:\Progh\Code\Project_RetroGame\Oplevering\EindProject_FPGA.srcs\sources_1\new\DisplayHUD.vhd:]
WARNING: [filemgmt 56-199] Attempt to get parsing info during refresh. "On-the-fly" syntax checking information may be incorrect. [C:\Progh\Code\Project_RetroGame\Oplevering\EindProject_FPGA.srcs\sources_1\new\DisplayBullet.vhd:]
WARNING: [filemgmt 56-199] Attempt to get parsing info during refresh. "On-the-fly" syntax checking information may be incorrect. [C:\Progh\Code\Project_RetroGame\Oplevering\EindProject_FPGA.srcs\sources_1\new\DisplayBullet.vhd:]
WARNING: [filemgmt 56-199] Attempt to get parsing info during refresh. "On-the-fly" syntax checking information may be incorrect. [C:\Progh\Code\Project_RetroGame\Oplevering\EindProject_FPGA.srcs\sources_1\new\ControlBullet.vhd:]
WARNING: [filemgmt 56-199] Attempt to get parsing info during refresh. "On-the-fly" syntax checking information may be incorrect. [C:\Progh\Code\Project_RetroGame\Oplevering\EindProject_FPGA.srcs\sources_1\new\DisplayBullet.vhd:]
WARNING: [filemgmt 56-199] Attempt to get parsing info during refresh. "On-the-fly" syntax checking information may be incorrect. [C:\Progh\Code\Project_RetroGame\Oplevering\EindProject_FPGA.srcs\sources_1\imports\Week 5 + 6 - Bounching Square - Ball\DVI.vhd:]
WARNING: [filemgmt 56-199] Attempt to get parsing info during refresh. "On-the-fly" syntax checking information may be incorrect. [C:\Progh\Code\Project_RetroGame\Oplevering\EindProject_FPGA.srcs\sources_1\new\XY_GEN.vhd:]
WARNING: [filemgmt 56-199] Attempt to get parsing info during refresh. "On-the-fly" syntax checking information may be incorrect. [C:\Progh\Code\Project_RetroGame\Oplevering\EindProject_FPGA.srcs\sources_1\new\DisplayHUD.vhd:]
WARNING: [filemgmt 56-199] Attempt to get parsing info during refresh. "On-the-fly" syntax checking information may be incorrect. [C:\Progh\Code\Project_RetroGame\Oplevering\EindProject_FPGA.srcs\sources_1\new\DisplayHUD.vhd:]
WARNING: [filemgmt 56-199] Attempt to get parsing info during refresh. "On-the-fly" syntax checking information may be incorrect. [C:\Progh\Code\Project_RetroGame\Oplevering\EindProject_FPGA.srcs\sources_1\new\DisplayHUD.vhd:]
ERROR: [Common 17-180] Spawn failed: No such file or directory
WARNING: [filemgmt 56-199] Attempt to get parsing info during refresh. "On-the-fly" syntax checking information may be incorrect. [C:\Progh\Code\Project_RetroGame\Oplevering\EindProject_FPGA.srcs\sources_1\new\ControlBullet.vhd:]
WARNING: [filemgmt 56-199] Attempt to get parsing info during refresh. "On-the-fly" syntax checking information may be incorrect. [C:\Progh\Code\Project_RetroGame\Oplevering\EindProject_FPGA.srcs\sources_1\new\DisplayBullet.vhd:]
WARNING: [filemgmt 56-199] Attempt to get parsing info during refresh. "On-the-fly" syntax checking information may be incorrect. [C:\Progh\Code\Project_RetroGame\Oplevering\EindProject_FPGA.srcs\sources_1\imports\Week 5 + 6 - Bounching Square - Ball\DVI.vhd:]
WARNING: [filemgmt 56-199] Attempt to get parsing info during refresh. "On-the-fly" syntax checking information may be incorrect. [C:\Progh\Code\Project_RetroGame\Oplevering\EindProject_FPGA.srcs\sources_1\new\XY_GEN.vhd:]
WARNING: [filemgmt 56-199] Attempt to get parsing info during refresh. "On-the-fly" syntax checking information may be incorrect. [C:\Progh\Code\Project_RetroGame\Oplevering\EindProject_FPGA.srcs\sources_1\new\DisplayHUD.vhd:]
WARNING: [filemgmt 56-199] Attempt to get parsing info during refresh. "On-the-fly" syntax checking information may be incorrect. [C:\Progh\Code\Project_RetroGame\Oplevering\EindProject_FPGA.srcs\sources_1\imports\Week 5 + 6 - Bounching Square - Ball\DVI.vhd:]
WARNING: [filemgmt 56-199] Attempt to get parsing info during refresh. "On-the-fly" syntax checking information may be incorrect. [C:\Progh\Code\Project_RetroGame\Oplevering\EindProject_FPGA.srcs\sources_1\imports\Week 5 + 6 - Bounching Square - Ball\DVI.vhd:]
ERROR: [Common 17-180] Spawn failed: No such file or directory
update_compile_order -fileset sources_1
WARNING: [filemgmt 56-199] Attempt to get parsing info during refresh. "On-the-fly" syntax checking information may be incorrect. [C:\Progh\Code\Project_RetroGame\Oplevering\EindProject_FPGA.srcs\sources_1\new\ControlBullet.vhd:]
WARNING: [filemgmt 56-199] Attempt to get parsing info during refresh. "On-the-fly" syntax checking information may be incorrect. [C:\Progh\Code\Project_RetroGame\Oplevering\EindProject_FPGA.srcs\sources_1\new\DisplayBullet.vhd:]
WARNING: [filemgmt 56-199] Attempt to get parsing info during refresh. "On-the-fly" syntax checking information may be incorrect. [C:\Progh\Code\Project_RetroGame\Oplevering\EindProject_FPGA.srcs\sources_1\imports\Week 5 + 6 - Bounching Square - Ball\DVI.vhd:]
WARNING: [filemgmt 56-199] Attempt to get parsing info during refresh. "On-the-fly" syntax checking information may be incorrect. [C:\Progh\Code\Project_RetroGame\Oplevering\EindProject_FPGA.srcs\sources_1\new\XY_GEN.vhd:]
WARNING: [filemgmt 56-199] Attempt to get parsing info during refresh. "On-the-fly" syntax checking information may be incorrect. [C:\Progh\Code\Project_RetroGame\Oplevering\EindProject_FPGA.srcs\sources_1\new\DisplayHUD.vhd:]
WARNING: [filemgmt 56-199] Attempt to get parsing info during refresh. "On-the-fly" syntax checking information may be incorrect. [C:\Progh\Code\Project_RetroGame\Oplevering\EindProject_FPGA.srcs\sources_1\new\DisplayBullet.vhd:]
WARNING: [filemgmt 56-199] Attempt to get parsing info during refresh. "On-the-fly" syntax checking information may be incorrect. [C:\Progh\Code\Project_RetroGame\Oplevering\EindProject_FPGA.srcs\sources_1\new\DisplayBullet.vhd:]
WARNING: [filemgmt 56-199] Attempt to get parsing info during refresh. "On-the-fly" syntax checking information may be incorrect. [C:\Progh\Code\Project_RetroGame\Oplevering\EindProject_FPGA.srcs\sources_1\new\ControlBullet.vhd:]
WARNING: [filemgmt 56-199] Attempt to get parsing info during refresh. "On-the-fly" syntax checking information may be incorrect. [C:\Progh\Code\Project_RetroGame\Oplevering\EindProject_FPGA.srcs\sources_1\new\DisplayBullet.vhd:]
WARNING: [filemgmt 56-199] Attempt to get parsing info during refresh. "On-the-fly" syntax checking information may be incorrect. [C:\Progh\Code\Project_RetroGame\Oplevering\EindProject_FPGA.srcs\sources_1\imports\Week 5 + 6 - Bounching Square - Ball\DVI.vhd:]
WARNING: [filemgmt 56-199] Attempt to get parsing info during refresh. "On-the-fly" syntax checking information may be incorrect. [C:\Progh\Code\Project_RetroGame\Oplevering\EindProject_FPGA.srcs\sources_1\new\XY_GEN.vhd:]
WARNING: [filemgmt 56-199] Attempt to get parsing info during refresh. "On-the-fly" syntax checking information may be incorrect. [C:\Progh\Code\Project_RetroGame\Oplevering\EindProject_FPGA.srcs\sources_1\new\DisplayHUD.vhd:]
WARNING: [filemgmt 56-199] Attempt to get parsing info during refresh. "On-the-fly" syntax checking information may be incorrect. [C:\Progh\Code\Project_RetroGame\Oplevering\EindProject_FPGA.srcs\sources_1\new\DisplayHUD.vhd:]
WARNING: [filemgmt 56-199] Attempt to get parsing info during refresh. "On-the-fly" syntax checking information may be incorrect. [C:\Progh\Code\Project_RetroGame\Oplevering\EindProject_FPGA.srcs\sources_1\new\DisplayHUD.vhd:]
ERROR: [Common 17-180] Spawn failed: No such file or directory
ERROR: [Common 17-180] Spawn failed: No such file or directory
WARNING: [filemgmt 56-199] Attempt to get parsing info during refresh. "On-the-fly" syntax checking information may be incorrect. [C:\Progh\Code\Project_RetroGame\Oplevering\EindProject_FPGA.srcs\sources_1\new\ControlBullet.vhd:]
WARNING: [filemgmt 56-199] Attempt to get parsing info during refresh. "On-the-fly" syntax checking information may be incorrect. [C:\Progh\Code\Project_RetroGame\Oplevering\EindProject_FPGA.srcs\sources_1\new\DisplayBullet.vhd:]
WARNING: [filemgmt 56-199] Attempt to get parsing info during refresh. "On-the-fly" syntax checking information may be incorrect. [C:\Progh\Code\Project_RetroGame\Oplevering\EindProject_FPGA.srcs\sources_1\imports\Week 5 + 6 - Bounching Square - Ball\DVI.vhd:]
WARNING: [filemgmt 56-199] Attempt to get parsing info during refresh. "On-the-fly" syntax checking information may be incorrect. [C:\Progh\Code\Project_RetroGame\Oplevering\EindProject_FPGA.srcs\sources_1\new\XY_GEN.vhd:]
WARNING: [filemgmt 56-199] Attempt to get parsing info during refresh. "On-the-fly" syntax checking information may be incorrect. [C:\Progh\Code\Project_RetroGame\Oplevering\EindProject_FPGA.srcs\sources_1\new\ControlBullet.vhd:]
WARNING: [filemgmt 56-199] Attempt to get parsing info during refresh. "On-the-fly" syntax checking information may be incorrect. [C:\Progh\Code\Project_RetroGame\Oplevering\EindProject_FPGA.srcs\sources_1\new\DisplayBullet.vhd:]
WARNING: [filemgmt 56-199] Attempt to get parsing info during refresh. "On-the-fly" syntax checking information may be incorrect. [C:\Progh\Code\Project_RetroGame\Oplevering\EindProject_FPGA.srcs\sources_1\imports\Week 5 + 6 - Bounching Square - Ball\DVI.vhd:]
WARNING: [filemgmt 56-199] Attempt to get parsing info during refresh. "On-the-fly" syntax checking information may be incorrect. [C:\Progh\Code\Project_RetroGame\Oplevering\EindProject_FPGA.srcs\sources_1\new\XY_GEN.vhd:]
WARNING: [filemgmt 56-199] Attempt to get parsing info during refresh. "On-the-fly" syntax checking information may be incorrect. [C:\Progh\Code\Project_RetroGame\Oplevering\EindProject_FPGA.srcs\sources_1\new\DisplayHUD.vhd:]
WARNING: [filemgmt 56-199] Attempt to get parsing info during refresh. "On-the-fly" syntax checking information may be incorrect. [C:\Progh\Code\Project_RetroGame\Oplevering\EindProject_FPGA.srcs\sources_1\new\DisplayBullet.vhd:]
WARNING: [filemgmt 56-199] Attempt to get parsing info during refresh. "On-the-fly" syntax checking information may be incorrect. [C:\Progh\Code\Project_RetroGame\Oplevering\EindProject_FPGA.srcs\sources_1\new\DisplayBullet.vhd:]
WARNING: [filemgmt 56-199] Attempt to get parsing info during refresh. "On-the-fly" syntax checking information may be incorrect. [C:\Progh\Code\Project_RetroGame\Oplevering\EindProject_FPGA.srcs\sources_1\new\ControlBullet.vhd:]
WARNING: [filemgmt 56-199] Attempt to get parsing info during refresh. "On-the-fly" syntax checking information may be incorrect. [C:\Progh\Code\Project_RetroGame\Oplevering\EindProject_FPGA.srcs\sources_1\new\DisplayBullet.vhd:]
WARNING: [filemgmt 56-199] Attempt to get parsing info during refresh. "On-the-fly" syntax checking information may be incorrect. [C:\Progh\Code\Project_RetroGame\Oplevering\EindProject_FPGA.srcs\sources_1\imports\Week 5 + 6 - Bounching Square - Ball\DVI.vhd:]
WARNING: [filemgmt 56-199] Attempt to get parsing info during refresh. "On-the-fly" syntax checking information may be incorrect. [C:\Progh\Code\Project_RetroGame\Oplevering\EindProject_FPGA.srcs\sources_1\new\XY_GEN.vhd:]
WARNING: [filemgmt 56-199] Attempt to get parsing info during refresh. "On-the-fly" syntax checking information may be incorrect. [C:\Progh\Code\Project_RetroGame\Oplevering\EindProject_FPGA.srcs\sources_1\new\DisplayHUD.vhd:]
WARNING: [filemgmt 56-199] Attempt to get parsing info during refresh. "On-the-fly" syntax checking information may be incorrect. [C:\Progh\Code\Project_RetroGame\Oplevering\EindProject_FPGA.srcs\sources_1\new\DisplayHUD.vhd:]
WARNING: [filemgmt 56-199] Attempt to get parsing info during refresh. "On-the-fly" syntax checking information may be incorrect. [C:\Progh\Code\Project_RetroGame\Oplevering\EindProject_FPGA.srcs\sources_1\new\DisplayHUD.vhd:]
ERROR: [Common 17-180] Spawn failed: No such file or directory
WARNING: [filemgmt 56-199] Attempt to get parsing info during refresh. "On-the-fly" syntax checking information may be incorrect. [C:\Progh\Code\Project_RetroGame\Oplevering\EindProject_FPGA.srcs\sources_1\new\ControlBullet.vhd:]
WARNING: [filemgmt 56-199] Attempt to get parsing info during refresh. "On-the-fly" syntax checking information may be incorrect. [C:\Progh\Code\Project_RetroGame\Oplevering\EindProject_FPGA.srcs\sources_1\new\DisplayBullet.vhd:]
WARNING: [filemgmt 56-199] Attempt to get parsing info during refresh. "On-the-fly" syntax checking information may be incorrect. [C:\Progh\Code\Project_RetroGame\Oplevering\EindProject_FPGA.srcs\sources_1\imports\Week 5 + 6 - Bounching Square - Ball\DVI.vhd:]
WARNING: [filemgmt 56-199] Attempt to get parsing info during refresh. "On-the-fly" syntax checking information may be incorrect. [C:\Progh\Code\Project_RetroGame\Oplevering\EindProject_FPGA.srcs\sources_1\new\XY_GEN.vhd:]
WARNING: [filemgmt 56-199] Attempt to get parsing info during refresh. "On-the-fly" syntax checking information may be incorrect. [C:\Progh\Code\Project_RetroGame\Oplevering\EindProject_FPGA.srcs\sources_1\new\DisplayHUD.vhd:]
WARNING: [filemgmt 56-199] Attempt to get parsing info during refresh. "On-the-fly" syntax checking information may be incorrect. [C:\Progh\Code\Project_RetroGame\Oplevering\EindProject_FPGA.srcs\sources_1\imports\Week 5 + 6 - Bounching Square - Ball\DVI.vhd:]
WARNING: [filemgmt 56-199] Attempt to get parsing info during refresh. "On-the-fly" syntax checking information may be incorrect. [C:\Progh\Code\Project_RetroGame\Oplevering\EindProject_FPGA.srcs\sources_1\imports\Week 5 + 6 - Bounching Square - Ball\DVI.vhd:]
ERROR: [Common 17-180] Spawn failed: No such file or directory
WARNING: [IP_Flow 19-4067] Ignoring invalid widget type specified checkbox.Providing a default widget
WARNING: [IP_Flow 19-4067] Ignoring invalid widget type specified checkbox.Providing a default widget
INFO: [IP_Flow 19-3484] Absolute path of file 'c:/Progh/Code/Project_RetroGame/Oplevering/CoeFilesOpslag/ammo.coe' provided. It will be converted relative to IP Instance files '../../../../CoeFilesOpslag/ammo.coe'
create_ip -name blk_mem_gen -vendor xilinx.com -library ip -version 8.4 -module_name blk_mem_gen_10
set_property -dict [list \
  CONFIG.Coe_File {C:/Progh/Code/Project_RetroGame/Oplevering/CoeFilesOpslag/ammo.coe} \
  CONFIG.Load_Init_File {true} \
  CONFIG.Memory_Type {Single_Port_ROM} \
  CONFIG.Write_Depth_A {256} \
  CONFIG.Write_Width_A {2} \
] [get_ips blk_mem_gen_10]
INFO: [IP_Flow 19-3484] Absolute path of file 'c:/Progh/Code/Project_RetroGame/Oplevering/CoeFilesOpslag/ammo.coe' provided. It will be converted relative to IP Instance files '../../../../CoeFilesOpslag/ammo.coe'
WARNING: [filemgmt 56-199] Attempt to get parsing info during refresh. "On-the-fly" syntax checking information may be incorrect. [C:\Progh\Code\Project_RetroGame\Oplevering\EindProject_FPGA.srcs\sources_1\new\ControlBullet.vhd:]
WARNING: [filemgmt 56-199] Attempt to get parsing info during refresh. "On-the-fly" syntax checking information may be incorrect. [C:\Progh\Code\Project_RetroGame\Oplevering\EindProject_FPGA.srcs\sources_1\new\DisplayBullet.vhd:]
WARNING: [filemgmt 56-199] Attempt to get parsing info during refresh. "On-the-fly" syntax checking information may be incorrect. [C:\Progh\Code\Project_RetroGame\Oplevering\EindProject_FPGA.srcs\sources_1\imports\Week 5 + 6 - Bounching Square - Ball\DVI.vhd:]
WARNING: [filemgmt 56-199] Attempt to get parsing info during refresh. "On-the-fly" syntax checking information may be incorrect. [C:\Progh\Code\Project_RetroGame\Oplevering\EindProject_FPGA.srcs\sources_1\new\XY_GEN.vhd:]
WARNING: [filemgmt 56-199] Attempt to get parsing info during refresh. "On-the-fly" syntax checking information may be incorrect. [C:\Progh\Code\Project_RetroGame\Oplevering\EindProject_FPGA.srcs\sources_1\new\DisplayHUD.vhd:]
WARNING: [filemgmt 56-199] Attempt to get parsing info during refresh. "On-the-fly" syntax checking information may be incorrect. [C:\Progh\Code\Project_RetroGame\Oplevering\EindProject_FPGA.srcs\sources_1\new\DisplayBullet.vhd:]
WARNING: [filemgmt 56-199] Attempt to get parsing info during refresh. "On-the-fly" syntax checking information may be incorrect. [C:\Progh\Code\Project_RetroGame\Oplevering\EindProject_FPGA.srcs\sources_1\new\DisplayBullet.vhd:]
WARNING: [filemgmt 56-199] Attempt to get parsing info during refresh. "On-the-fly" syntax checking information may be incorrect. [C:\Progh\Code\Project_RetroGame\Oplevering\EindProject_FPGA.srcs\sources_1\new\ControlBullet.vhd:]
WARNING: [filemgmt 56-199] Attempt to get parsing info during refresh. "On-the-fly" syntax checking information may be incorrect. [C:\Progh\Code\Project_RetroGame\Oplevering\EindProject_FPGA.srcs\sources_1\new\DisplayBullet.vhd:]
WARNING: [filemgmt 56-199] Attempt to get parsing info during refresh. "On-the-fly" syntax checking information may be incorrect. [C:\Progh\Code\Project_RetroGame\Oplevering\EindProject_FPGA.srcs\sources_1\imports\Week 5 + 6 - Bounching Square - Ball\DVI.vhd:]
WARNING: [filemgmt 56-199] Attempt to get parsing info during refresh. "On-the-fly" syntax checking information may be incorrect. [C:\Progh\Code\Project_RetroGame\Oplevering\EindProject_FPGA.srcs\sources_1\new\XY_GEN.vhd:]
WARNING: [filemgmt 56-199] Attempt to get parsing info during refresh. "On-the-fly" syntax checking information may be incorrect. [C:\Progh\Code\Project_RetroGame\Oplevering\EindProject_FPGA.srcs\sources_1\new\DisplayHUD.vhd:]
WARNING: [filemgmt 56-199] Attempt to get parsing info during refresh. "On-the-fly" syntax checking information may be incorrect. [C:\Progh\Code\Project_RetroGame\Oplevering\EindProject_FPGA.srcs\sources_1\new\XY_GEN.vhd:]
WARNING: [filemgmt 56-199] Attempt to get parsing info during refresh. "On-the-fly" syntax checking information may be incorrect. [C:\Progh\Code\Project_RetroGame\Oplevering\EindProject_FPGA.srcs\sources_1\new\XY_GEN.vhd:]
generate_target {instantiation_template} [get_files c:/Progh/Code/Project_RetroGame/Oplevering/EindProject_FPGA.srcs/sources_1/ip/blk_mem_gen_10/blk_mem_gen_10.xci]
INFO: [IP_Flow 19-1686] Generating 'Instantiation Template' target for IP 'blk_mem_gen_10'...
WARNING: [filemgmt 56-199] Attempt to get parsing info during refresh. "On-the-fly" syntax checking information may be incorrect. [C:\Progh\Code\Project_RetroGame\Oplevering\EindProject_FPGA.srcs\sources_1\new\ControlBullet.vhd:]
WARNING: [filemgmt 56-199] Attempt to get parsing info during refresh. "On-the-fly" syntax checking information may be incorrect. [C:\Progh\Code\Project_RetroGame\Oplevering\EindProject_FPGA.srcs\sources_1\new\DisplayBullet.vhd:]
WARNING: [filemgmt 56-199] Attempt to get parsing info during refresh. "On-the-fly" syntax checking information may be incorrect. [C:\Progh\Code\Project_RetroGame\Oplevering\EindProject_FPGA.srcs\sources_1\imports\Week 5 + 6 - Bounching Square - Ball\DVI.vhd:]
WARNING: [filemgmt 56-199] Attempt to get parsing info during refresh. "On-the-fly" syntax checking information may be incorrect. [C:\Progh\Code\Project_RetroGame\Oplevering\EindProject_FPGA.srcs\sources_1\new\XY_GEN.vhd:]
WARNING: [filemgmt 56-199] Attempt to get parsing info during refresh. "On-the-fly" syntax checking information may be incorrect. [C:\Progh\Code\Project_RetroGame\Oplevering\EindProject_FPGA.srcs\sources_1\new\DisplayHUD.vhd:]
WARNING: [filemgmt 56-199] Attempt to get parsing info during refresh. "On-the-fly" syntax checking information may be incorrect. [C:\Progh\Code\Project_RetroGame\Oplevering\EindProject_FPGA.srcs\sources_1\imports\Week 5 + 6 - Bounching Square - Ball\DVI.vhd:]
WARNING: [filemgmt 56-199] Attempt to get parsing info during refresh. "On-the-fly" syntax checking information may be incorrect. [C:\Progh\Code\Project_RetroGame\Oplevering\EindProject_FPGA.srcs\sources_1\imports\Week 5 + 6 - Bounching Square - Ball\DVI.vhd:]
WARNING: [filemgmt 56-199] Attempt to get parsing info during refresh. "On-the-fly" syntax checking information may be incorrect. [C:\Progh\Code\Project_RetroGame\Oplevering\EindProject_FPGA.srcs\sources_1\new\ControlBullet.vhd:]
WARNING: [filemgmt 56-199] Attempt to get parsing info during refresh. "On-the-fly" syntax checking information may be incorrect. [C:\Progh\Code\Project_RetroGame\Oplevering\EindProject_FPGA.srcs\sources_1\new\DisplayBullet.vhd:]
WARNING: [filemgmt 56-199] Attempt to get parsing info during refresh. "On-the-fly" syntax checking information may be incorrect. [C:\Progh\Code\Project_RetroGame\Oplevering\EindProject_FPGA.srcs\sources_1\imports\Week 5 + 6 - Bounching Square - Ball\DVI.vhd:]
WARNING: [filemgmt 56-199] Attempt to get parsing info during refresh. "On-the-fly" syntax checking information may be incorrect. [C:\Progh\Code\Project_RetroGame\Oplevering\EindProject_FPGA.srcs\sources_1\new\XY_GEN.vhd:]
WARNING: [filemgmt 56-199] Attempt to get parsing info during refresh. "On-the-fly" syntax checking information may be incorrect. [C:\Progh\Code\Project_RetroGame\Oplevering\EindProject_FPGA.srcs\sources_1\new\DisplayHUD.vhd:]
WARNING: [filemgmt 56-199] Attempt to get parsing info during refresh. "On-the-fly" syntax checking information may be incorrect. [C:\Progh\Code\Project_RetroGame\Oplevering\EindProject_FPGA.srcs\sources_1\new\DisplayBullet.vhd:]
WARNING: [filemgmt 56-199] Attempt to get parsing info during refresh. "On-the-fly" syntax checking information may be incorrect. [C:\Progh\Code\Project_RetroGame\Oplevering\EindProject_FPGA.srcs\sources_1\new\DisplayBullet.vhd:]
WARNING: [filemgmt 56-199] Attempt to get parsing info during refresh. "On-the-fly" syntax checking information may be incorrect. [C:\Progh\Code\Project_RetroGame\Oplevering\EindProject_FPGA.srcs\sources_1\new\ControlBullet.vhd:]
WARNING: [filemgmt 56-199] Attempt to get parsing info during refresh. "On-the-fly" syntax checking information may be incorrect. [C:\Progh\Code\Project_RetroGame\Oplevering\EindProject_FPGA.srcs\sources_1\new\DisplayBullet.vhd:]
WARNING: [filemgmt 56-199] Attempt to get parsing info during refresh. "On-the-fly" syntax checking information may be incorrect. [C:\Progh\Code\Project_RetroGame\Oplevering\EindProject_FPGA.srcs\sources_1\imports\Week 5 + 6 - Bounching Square - Ball\DVI.vhd:]
WARNING: [filemgmt 56-199] Attempt to get parsing info during refresh. "On-the-fly" syntax checking information may be incorrect. [C:\Progh\Code\Project_RetroGame\Oplevering\EindProject_FPGA.srcs\sources_1\new\XY_GEN.vhd:]
WARNING: [filemgmt 56-199] Attempt to get parsing info during refresh. "On-the-fly" syntax checking information may be incorrect. [C:\Progh\Code\Project_RetroGame\Oplevering\EindProject_FPGA.srcs\sources_1\new\DisplayHUD.vhd:]
WARNING: [filemgmt 56-199] Attempt to get parsing info during refresh. "On-the-fly" syntax checking information may be incorrect. [C:\Progh\Code\Project_RetroGame\Oplevering\EindProject_FPGA.srcs\sources_1\new\DisplayHUD.vhd:]
WARNING: [filemgmt 56-199] Attempt to get parsing info during refresh. "On-the-fly" syntax checking information may be incorrect. [C:\Progh\Code\Project_RetroGame\Oplevering\EindProject_FPGA.srcs\sources_1\new\DisplayHUD.vhd:]
WARNING: [filemgmt 56-199] Attempt to get parsing info during refresh. "On-the-fly" syntax checking information may be incorrect. [C:\Progh\Code\Project_RetroGame\Oplevering\EindProject_FPGA.srcs\sources_1\new\ControlBullet.vhd:]
WARNING: [filemgmt 56-199] Attempt to get parsing info during refresh. "On-the-fly" syntax checking information may be incorrect. [C:\Progh\Code\Project_RetroGame\Oplevering\EindProject_FPGA.srcs\sources_1\new\DisplayBullet.vhd:]
WARNING: [filemgmt 56-199] Attempt to get parsing info during refresh. "On-the-fly" syntax checking information may be incorrect. [C:\Progh\Code\Project_RetroGame\Oplevering\EindProject_FPGA.srcs\sources_1\imports\Week 5 + 6 - Bounching Square - Ball\DVI.vhd:]
WARNING: [filemgmt 56-199] Attempt to get parsing info during refresh. "On-the-fly" syntax checking information may be incorrect. [C:\Progh\Code\Project_RetroGame\Oplevering\EindProject_FPGA.srcs\sources_1\new\XY_GEN.vhd:]
WARNING: [filemgmt 56-199] Attempt to get parsing info during refresh. "On-the-fly" syntax checking information may be incorrect. [C:\Progh\Code\Project_RetroGame\Oplevering\EindProject_FPGA.srcs\sources_1\new\DisplayHUD.vhd:]
WARNING: [filemgmt 56-199] Attempt to get parsing info during refresh. "On-the-fly" syntax checking information may be incorrect. [C:\Progh\Code\Project_RetroGame\Oplevering\EindProject_FPGA.srcs\sources_1\imports\Week 5 + 6 - Bounching Square - Ball\DVI.vhd:]
WARNING: [filemgmt 56-199] Attempt to get parsing info during refresh. "On-the-fly" syntax checking information may be incorrect. [C:\Progh\Code\Project_RetroGame\Oplevering\EindProject_FPGA.srcs\sources_1\imports\Week 5 + 6 - Bounching Square - Ball\DVI.vhd:]
ERROR: [Common 17-180] Spawn failed: No such file or directory
generate_target all [get_files  c:/Progh/Code/Project_RetroGame/Oplevering/EindProject_FPGA.srcs/sources_1/ip/blk_mem_gen_10/blk_mem_gen_10.xci]
INFO: [IP_Flow 19-1686] Generating 'Synthesis' target for IP 'blk_mem_gen_10'...
INFO: [IP_Flow 19-1686] Generating 'Simulation' target for IP 'blk_mem_gen_10'...
INFO: [IP_Flow 19-1686] Generating 'Miscellaneous' target for IP 'blk_mem_gen_10'...
INFO: [IP_Flow 19-1686] Generating 'Change Log' target for IP 'blk_mem_gen_10'...
catch { config_ip_cache -export [get_ips -all blk_mem_gen_10] }
WARNING: [filemgmt 56-199] Attempt to get parsing info during refresh. "On-the-fly" syntax checking information may be incorrect. [C:\Progh\Code\Project_RetroGame\Oplevering\EindProject_FPGA.srcs\sources_1\new\ControlBullet.vhd:]
INFO: [IP_Flow 19-6924] IPCACHE: Running cache check for IP inst: blk_mem_gen_10
WARNING: [filemgmt 56-199] Attempt to get parsing info during refresh. "On-the-fly" syntax checking information may be incorrect. [C:\Progh\Code\Project_RetroGame\Oplevering\EindProject_FPGA.srcs\sources_1\new\DisplayBullet.vhd:]
WARNING: [filemgmt 56-199] Attempt to get parsing info during refresh. "On-the-fly" syntax checking information may be incorrect. [C:\Progh\Code\Project_RetroGame\Oplevering\EindProject_FPGA.srcs\sources_1\imports\Week 5 + 6 - Bounching Square - Ball\DVI.vhd:]
WARNING: [filemgmt 56-199] Attempt to get parsing info during refresh. "On-the-fly" syntax checking information may be incorrect. [C:\Progh\Code\Project_RetroGame\Oplevering\EindProject_FPGA.srcs\sources_1\new\XY_GEN.vhd:]
WARNING: [filemgmt 56-199] Attempt to get parsing info during refresh. "On-the-fly" syntax checking information may be incorrect. [C:\Progh\Code\Project_RetroGame\Oplevering\EindProject_FPGA.srcs\sources_1\new\DisplayHUD.vhd:]
WARNING: [filemgmt 56-199] Attempt to get parsing info during refresh. "On-the-fly" syntax checking information may be incorrect. [C:\Progh\Code\Project_RetroGame\Oplevering\EindProject_FPGA.srcs\sources_1\imports\Week 5 + 6 - Bounching Square - Ball\DVI.vhd:]
WARNING: [filemgmt 56-199] Attempt to get parsing info during refresh. "On-the-fly" syntax checking information may be incorrect. [C:\Progh\Code\Project_RetroGame\Oplevering\EindProject_FPGA.srcs\sources_1\imports\Week 5 + 6 - Bounching Square - Ball\DVI.vhd:]
WARNING: [filemgmt 56-199] Attempt to get parsing info during refresh. "On-the-fly" syntax checking information may be incorrect. [C:\Progh\Code\Project_RetroGame\Oplevering\EindProject_FPGA.srcs\sources_1\new\ControlBullet.vhd:]
WARNING: [filemgmt 56-199] Attempt to get parsing info during refresh. "On-the-fly" syntax checking information may be incorrect. [C:\Progh\Code\Project_RetroGame\Oplevering\EindProject_FPGA.srcs\sources_1\new\DisplayBullet.vhd:]
WARNING: [filemgmt 56-199] Attempt to get parsing info during refresh. "On-the-fly" syntax checking information may be incorrect. [C:\Progh\Code\Project_RetroGame\Oplevering\EindProject_FPGA.srcs\sources_1\imports\Week 5 + 6 - Bounching Square - Ball\DVI.vhd:]
WARNING: [filemgmt 56-199] Attempt to get parsing info during refresh. "On-the-fly" syntax checking information may be incorrect. [C:\Progh\Code\Project_RetroGame\Oplevering\EindProject_FPGA.srcs\sources_1\new\XY_GEN.vhd:]
WARNING: [filemgmt 56-199] Attempt to get parsing info during refresh. "On-the-fly" syntax checking information may be incorrect. [C:\Progh\Code\Project_RetroGame\Oplevering\EindProject_FPGA.srcs\sources_1\new\DisplayHUD.vhd:]
WARNING: [filemgmt 56-199] Attempt to get parsing info during refresh. "On-the-fly" syntax checking information may be incorrect. [C:\Progh\Code\Project_RetroGame\Oplevering\EindProject_FPGA.srcs\sources_1\new\DisplayHUD.vhd:]
WARNING: [filemgmt 56-199] Attempt to get parsing info during refresh. "On-the-fly" syntax checking information may be incorrect. [C:\Progh\Code\Project_RetroGame\Oplevering\EindProject_FPGA.srcs\sources_1\new\DisplayHUD.vhd:]
WARNING: [filemgmt 56-199] Attempt to get parsing info during refresh. "On-the-fly" syntax checking information may be incorrect. [C:\Progh\Code\Project_RetroGame\Oplevering\EindProject_FPGA.srcs\sources_1\new\ControlBullet.vhd:]
WARNING: [filemgmt 56-199] Attempt to get parsing info during refresh. "On-the-fly" syntax checking information may be incorrect. [C:\Progh\Code\Project_RetroGame\Oplevering\EindProject_FPGA.srcs\sources_1\new\DisplayBullet.vhd:]
WARNING: [filemgmt 56-199] Attempt to get parsing info during refresh. "On-the-fly" syntax checking information may be incorrect. [C:\Progh\Code\Project_RetroGame\Oplevering\EindProject_FPGA.srcs\sources_1\imports\Week 5 + 6 - Bounching Square - Ball\DVI.vhd:]
WARNING: [filemgmt 56-199] Attempt to get parsing info during refresh. "On-the-fly" syntax checking information may be incorrect. [C:\Progh\Code\Project_RetroGame\Oplevering\EindProject_FPGA.srcs\sources_1\new\XY_GEN.vhd:]
WARNING: [filemgmt 56-199] Attempt to get parsing info during refresh. "On-the-fly" syntax checking information may be incorrect. [C:\Progh\Code\Project_RetroGame\Oplevering\EindProject_FPGA.srcs\sources_1\new\DisplayHUD.vhd:]
WARNING: [filemgmt 56-199] Attempt to get parsing info during refresh. "On-the-fly" syntax checking information may be incorrect. [C:\Progh\Code\Project_RetroGame\Oplevering\EindProject_FPGA.srcs\sources_1\new\DisplayBullet.vhd:]
WARNING: [filemgmt 56-199] Attempt to get parsing info during refresh. "On-the-fly" syntax checking information may be incorrect. [C:\Progh\Code\Project_RetroGame\Oplevering\EindProject_FPGA.srcs\sources_1\new\DisplayBullet.vhd:]
export_ip_user_files -of_objects [get_files c:/Progh/Code/Project_RetroGame/Oplevering/EindProject_FPGA.srcs/sources_1/ip/blk_mem_gen_10/blk_mem_gen_10.xci] -no_script -sync -force -quiet
create_ip_run [get_files -of_objects [get_fileset sources_1] c:/Progh/Code/Project_RetroGame/Oplevering/EindProject_FPGA.srcs/sources_1/ip/blk_mem_gen_10/blk_mem_gen_10.xci]
launch_runs blk_mem_gen_10_synth_1 -jobs 8
INFO: [IP_Flow 19-6924] IPCACHE: Running cache check for IP inst: blk_mem_gen_10
WARNING: [filemgmt 56-199] Attempt to get parsing info during refresh. "On-the-fly" syntax checking information may be incorrect. [C:\Progh\Code\Project_RetroGame\Oplevering\EindProject_FPGA.srcs\sources_1\new\ControlBullet.vhd:]
WARNING: [filemgmt 56-199] Attempt to get parsing info during refresh. "On-the-fly" syntax checking information may be incorrect. [C:\Progh\Code\Project_RetroGame\Oplevering\EindProject_FPGA.srcs\sources_1\new\DisplayBullet.vhd:]
WARNING: [filemgmt 56-199] Attempt to get parsing info during refresh. "On-the-fly" syntax checking information may be incorrect. [C:\Progh\Code\Project_RetroGame\Oplevering\EindProject_FPGA.srcs\sources_1\imports\Week 5 + 6 - Bounching Square - Ball\DVI.vhd:]
WARNING: [filemgmt 56-199] Attempt to get parsing info during refresh. "On-the-fly" syntax checking information may be incorrect. [C:\Progh\Code\Project_RetroGame\Oplevering\EindProject_FPGA.srcs\sources_1\new\XY_GEN.vhd:]
WARNING: [filemgmt 56-199] Attempt to get parsing info during refresh. "On-the-fly" syntax checking information may be incorrect. [C:\Progh\Code\Project_RetroGame\Oplevering\EindProject_FPGA.srcs\sources_1\new\DisplayHUD.vhd:]
WARNING: [filemgmt 56-199] Attempt to get parsing info during refresh. "On-the-fly" syntax checking information may be incorrect. [C:\Progh\Code\Project_RetroGame\Oplevering\EindProject_FPGA.srcs\sources_1\new\DisplayBullet.vhd:]
WARNING: [filemgmt 56-199] Attempt to get parsing info during refresh. "On-the-fly" syntax checking information may be incorrect. [C:\Progh\Code\Project_RetroGame\Oplevering\EindProject_FPGA.srcs\sources_1\new\DisplayBullet.vhd:]
[Tue Apr  8 18:07:12 2025] Launched blk_mem_gen_10_synth_1...
Run output will be captured here: C:/Progh/Code/Project_RetroGame/Oplevering/EindProject_FPGA.runs/blk_mem_gen_10_synth_1/runme.log
export_simulation -of_objects [get_files c:/Progh/Code/Project_RetroGame/Oplevering/EindProject_FPGA.srcs/sources_1/ip/blk_mem_gen_10/blk_mem_gen_10.xci] -directory C:/Progh/Code/Project_RetroGame/Oplevering/EindProject_FPGA.ip_user_files/sim_scripts -ip_user_files_dir C:/Progh/Code/Project_RetroGame/Oplevering/EindProject_FPGA.ip_user_files -ipstatic_source_dir C:/Progh/Code/Project_RetroGame/Oplevering/EindProject_FPGA.ip_user_files/ipstatic -lib_map_path [list {modelsim=C:/Progh/Code/Project_RetroGame/Oplevering/EindProject_FPGA.cache/compile_simlib/modelsim} {questa=C:/Progh/Code/Project_RetroGame/Oplevering/EindProject_FPGA.cache/compile_simlib/questa} {riviera=C:/Progh/Code/Project_RetroGame/Oplevering/EindProject_FPGA.cache/compile_simlib/riviera} {activehdl=C:/Progh/Code/Project_RetroGame/Oplevering/EindProject_FPGA.cache/compile_simlib/activehdl}] -use_ip_compiled_libs -force -quiet
WARNING: [filemgmt 56-199] Attempt to get parsing info during refresh. "On-the-fly" syntax checking information may be incorrect. [C:\Progh\Code\Project_RetroGame\Oplevering\EindProject_FPGA.srcs\sources_1\new\ControlBullet.vhd:]
WARNING: [filemgmt 56-199] Attempt to get parsing info during refresh. "On-the-fly" syntax checking information may be incorrect. [C:\Progh\Code\Project_RetroGame\Oplevering\EindProject_FPGA.srcs\sources_1\new\DisplayBullet.vhd:]
WARNING: [filemgmt 56-199] Attempt to get parsing info during refresh. "On-the-fly" syntax checking information may be incorrect. [C:\Progh\Code\Project_RetroGame\Oplevering\EindProject_FPGA.srcs\sources_1\imports\Week 5 + 6 - Bounching Square - Ball\DVI.vhd:]
WARNING: [filemgmt 56-199] Attempt to get parsing info during refresh. "On-the-fly" syntax checking information may be incorrect. [C:\Progh\Code\Project_RetroGame\Oplevering\EindProject_FPGA.srcs\sources_1\new\XY_GEN.vhd:]
WARNING: [filemgmt 56-199] Attempt to get parsing info during refresh. "On-the-fly" syntax checking information may be incorrect. [C:\Progh\Code\Project_RetroGame\Oplevering\EindProject_FPGA.srcs\sources_1\new\DisplayHUD.vhd:]
WARNING: [filemgmt 56-199] Attempt to get parsing info during refresh. "On-the-fly" syntax checking information may be incorrect. [C:\Progh\Code\Project_RetroGame\Oplevering\EindProject_FPGA.srcs\sources_1\new\XY_GEN.vhd:]
WARNING: [filemgmt 56-199] Attempt to get parsing info during refresh. "On-the-fly" syntax checking information may be incorrect. [C:\Progh\Code\Project_RetroGame\Oplevering\EindProject_FPGA.srcs\sources_1\new\XY_GEN.vhd:]
WARNING: [filemgmt 56-199] Attempt to get parsing info during refresh. "On-the-fly" syntax checking information may be incorrect. [C:\Progh\Code\Project_RetroGame\Oplevering\EindProject_FPGA.srcs\sources_1\new\ControlBullet.vhd:]
WARNING: [filemgmt 56-199] Attempt to get parsing info during refresh. "On-the-fly" syntax checking information may be incorrect. [C:\Progh\Code\Project_RetroGame\Oplevering\EindProject_FPGA.srcs\sources_1\new\DisplayBullet.vhd:]
WARNING: [filemgmt 56-199] Attempt to get parsing info during refresh. "On-the-fly" syntax checking information may be incorrect. [C:\Progh\Code\Project_RetroGame\Oplevering\EindProject_FPGA.srcs\sources_1\imports\Week 5 + 6 - Bounching Square - Ball\DVI.vhd:]
WARNING: [filemgmt 56-199] Attempt to get parsing info during refresh. "On-the-fly" syntax checking information may be incorrect. [C:\Progh\Code\Project_RetroGame\Oplevering\EindProject_FPGA.srcs\sources_1\new\XY_GEN.vhd:]
WARNING: [filemgmt 56-199] Attempt to get parsing info during refresh. "On-the-fly" syntax checking information may be incorrect. [C:\Progh\Code\Project_RetroGame\Oplevering\EindProject_FPGA.srcs\sources_1\new\DisplayHUD.vhd:]
WARNING: [filemgmt 56-199] Attempt to get parsing info during refresh. "On-the-fly" syntax checking information may be incorrect. [C:\Progh\Code\Project_RetroGame\Oplevering\EindProject_FPGA.srcs\sources_1\new\DisplayHUD.vhd:]
WARNING: [filemgmt 56-199] Attempt to get parsing info during refresh. "On-the-fly" syntax checking information may be incorrect. [C:\Progh\Code\Project_RetroGame\Oplevering\EindProject_FPGA.srcs\sources_1\new\DisplayHUD.vhd:]
ERROR: [Common 17-180] Spawn failed: No such file or directory
WARNING: [filemgmt 56-199] Attempt to get parsing info during refresh. "On-the-fly" syntax checking information may be incorrect. [C:\Progh\Code\Project_RetroGame\Oplevering\EindProject_FPGA.srcs\sources_1\new\ControlBullet.vhd:]
WARNING: [filemgmt 56-199] Attempt to get parsing info during refresh. "On-the-fly" syntax checking information may be incorrect. [C:\Progh\Code\Project_RetroGame\Oplevering\EindProject_FPGA.srcs\sources_1\new\DisplayBullet.vhd:]
WARNING: [filemgmt 56-199] Attempt to get parsing info during refresh. "On-the-fly" syntax checking information may be incorrect. [C:\Progh\Code\Project_RetroGame\Oplevering\EindProject_FPGA.srcs\sources_1\imports\Week 5 + 6 - Bounching Square - Ball\DVI.vhd:]
WARNING: [filemgmt 56-199] Attempt to get parsing info during refresh. "On-the-fly" syntax checking information may be incorrect. [C:\Progh\Code\Project_RetroGame\Oplevering\EindProject_FPGA.srcs\sources_1\new\XY_GEN.vhd:]
WARNING: [filemgmt 56-199] Attempt to get parsing info during refresh. "On-the-fly" syntax checking information may be incorrect. [C:\Progh\Code\Project_RetroGame\Oplevering\EindProject_FPGA.srcs\sources_1\new\DisplayHUD.vhd:]
WARNING: [filemgmt 56-199] Attempt to get parsing info during refresh. "On-the-fly" syntax checking information may be incorrect. [C:\Progh\Code\Project_RetroGame\Oplevering\EindProject_FPGA.srcs\sources_1\imports\Week 5 + 6 - Bounching Square - Ball\DVI.vhd:]
WARNING: [filemgmt 56-199] Attempt to get parsing info during refresh. "On-the-fly" syntax checking information may be incorrect. [C:\Progh\Code\Project_RetroGame\Oplevering\EindProject_FPGA.srcs\sources_1\imports\Week 5 + 6 - Bounching Square - Ball\DVI.vhd:]
ERROR: [Common 17-180] Spawn failed: No such file or directory
WARNING: [IP_Flow 19-4067] Ignoring invalid widget type specified checkbox.Providing a default widget
WARNING: [IP_Flow 19-4067] Ignoring invalid widget type specified checkbox.Providing a default widget
INFO: [IP_Flow 19-3484] Absolute path of file 'c:/Progh/Code/Project_RetroGame/Oplevering/CoeFilesOpslag/emptyammo.coe' provided. It will be converted relative to IP Instance files '../../../../CoeFilesOpslag/emptyammo.coe'
create_ip -name blk_mem_gen -vendor xilinx.com -library ip -version 8.4 -module_name blk_mem_gen_11
set_property -dict [list \
  CONFIG.Coe_File {C:/Progh/Code/Project_RetroGame/Oplevering/CoeFilesOpslag/emptyammo.coe} \
  CONFIG.Load_Init_File {true} \
  CONFIG.Memory_Type {Single_Port_ROM} \
  CONFIG.Write_Depth_A {256} \
  CONFIG.Write_Width_A {2} \
] [get_ips blk_mem_gen_11]
INFO: [IP_Flow 19-3484] Absolute path of file 'c:/Progh/Code/Project_RetroGame/Oplevering/CoeFilesOpslag/emptyammo.coe' provided. It will be converted relative to IP Instance files '../../../../CoeFilesOpslag/emptyammo.coe'
WARNING: [filemgmt 56-199] Attempt to get parsing info during refresh. "On-the-fly" syntax checking information may be incorrect. [C:\Progh\Code\Project_RetroGame\Oplevering\EindProject_FPGA.srcs\sources_1\new\ControlBullet.vhd:]
WARNING: [filemgmt 56-199] Attempt to get parsing info during refresh. "On-the-fly" syntax checking information may be incorrect. [C:\Progh\Code\Project_RetroGame\Oplevering\EindProject_FPGA.srcs\sources_1\new\DisplayBullet.vhd:]
WARNING: [filemgmt 56-199] Attempt to get parsing info during refresh. "On-the-fly" syntax checking information may be incorrect. [C:\Progh\Code\Project_RetroGame\Oplevering\EindProject_FPGA.srcs\sources_1\imports\Week 5 + 6 - Bounching Square - Ball\DVI.vhd:]
WARNING: [filemgmt 56-199] Attempt to get parsing info during refresh. "On-the-fly" syntax checking information may be incorrect. [C:\Progh\Code\Project_RetroGame\Oplevering\EindProject_FPGA.srcs\sources_1\new\XY_GEN.vhd:]
WARNING: [filemgmt 56-199] Attempt to get parsing info during refresh. "On-the-fly" syntax checking information may be incorrect. [C:\Progh\Code\Project_RetroGame\Oplevering\EindProject_FPGA.srcs\sources_1\new\DisplayHUD.vhd:]
WARNING: [filemgmt 56-199] Attempt to get parsing info during refresh. "On-the-fly" syntax checking information may be incorrect. [C:\Progh\Code\Project_RetroGame\Oplevering\EindProject_FPGA.srcs\sources_1\imports\Week 5 + 6 - Bounching Square - Ball\DVI.vhd:]
WARNING: [filemgmt 56-199] Attempt to get parsing info during refresh. "On-the-fly" syntax checking information may be incorrect. [C:\Progh\Code\Project_RetroGame\Oplevering\EindProject_FPGA.srcs\sources_1\imports\Week 5 + 6 - Bounching Square - Ball\DVI.vhd:]
WARNING: [filemgmt 56-199] Attempt to get parsing info during refresh. "On-the-fly" syntax checking information may be incorrect. [C:\Progh\Code\Project_RetroGame\Oplevering\EindProject_FPGA.srcs\sources_1\new\ControlBullet.vhd:]
WARNING: [filemgmt 56-199] Attempt to get parsing info during refresh. "On-the-fly" syntax checking information may be incorrect. [C:\Progh\Code\Project_RetroGame\Oplevering\EindProject_FPGA.srcs\sources_1\new\DisplayBullet.vhd:]
WARNING: [filemgmt 56-199] Attempt to get parsing info during refresh. "On-the-fly" syntax checking information may be incorrect. [C:\Progh\Code\Project_RetroGame\Oplevering\EindProject_FPGA.srcs\sources_1\imports\Week 5 + 6 - Bounching Square - Ball\DVI.vhd:]
WARNING: [filemgmt 56-199] Attempt to get parsing info during refresh. "On-the-fly" syntax checking information may be incorrect. [C:\Progh\Code\Project_RetroGame\Oplevering\EindProject_FPGA.srcs\sources_1\new\XY_GEN.vhd:]
WARNING: [filemgmt 56-199] Attempt to get parsing info during refresh. "On-the-fly" syntax checking information may be incorrect. [C:\Progh\Code\Project_RetroGame\Oplevering\EindProject_FPGA.srcs\sources_1\new\DisplayHUD.vhd:]
WARNING: [filemgmt 56-199] Attempt to get parsing info during refresh. "On-the-fly" syntax checking information may be incorrect. [C:\Progh\Code\Project_RetroGame\Oplevering\EindProject_FPGA.srcs\sources_1\new\DisplayHUD.vhd:]
WARNING: [filemgmt 56-199] Attempt to get parsing info during refresh. "On-the-fly" syntax checking information may be incorrect. [C:\Progh\Code\Project_RetroGame\Oplevering\EindProject_FPGA.srcs\sources_1\new\DisplayHUD.vhd:]
WARNING: [filemgmt 56-199] Attempt to get parsing info during refresh. "On-the-fly" syntax checking information may be incorrect. [C:\Progh\Code\Project_RetroGame\Oplevering\EindProject_FPGA.srcs\sources_1\new\ControlBullet.vhd:]
WARNING: [filemgmt 56-199] Attempt to get parsing info during refresh. "On-the-fly" syntax checking information may be incorrect. [C:\Progh\Code\Project_RetroGame\Oplevering\EindProject_FPGA.srcs\sources_1\new\DisplayBullet.vhd:]
WARNING: [filemgmt 56-199] Attempt to get parsing info during refresh. "On-the-fly" syntax checking information may be incorrect. [C:\Progh\Code\Project_RetroGame\Oplevering\EindProject_FPGA.srcs\sources_1\imports\Week 5 + 6 - Bounching Square - Ball\DVI.vhd:]
WARNING: [filemgmt 56-199] Attempt to get parsing info during refresh. "On-the-fly" syntax checking information may be incorrect. [C:\Progh\Code\Project_RetroGame\Oplevering\EindProject_FPGA.srcs\sources_1\new\XY_GEN.vhd:]
WARNING: [filemgmt 56-199] Attempt to get parsing info during refresh. "On-the-fly" syntax checking information may be incorrect. [C:\Progh\Code\Project_RetroGame\Oplevering\EindProject_FPGA.srcs\sources_1\new\DisplayHUD.vhd:]
WARNING: [filemgmt 56-199] Attempt to get parsing info during refresh. "On-the-fly" syntax checking information may be incorrect. [C:\Progh\Code\Project_RetroGame\Oplevering\EindProject_FPGA.srcs\sources_1\new\DisplayBullet.vhd:]
WARNING: [filemgmt 56-199] Attempt to get parsing info during refresh. "On-the-fly" syntax checking information may be incorrect. [C:\Progh\Code\Project_RetroGame\Oplevering\EindProject_FPGA.srcs\sources_1\new\DisplayBullet.vhd:]
generate_target {instantiation_template} [get_files c:/Progh/Code/Project_RetroGame/Oplevering/EindProject_FPGA.srcs/sources_1/ip/blk_mem_gen_11/blk_mem_gen_11.xci]
INFO: [IP_Flow 19-1686] Generating 'Instantiation Template' target for IP 'blk_mem_gen_11'...
WARNING: [filemgmt 56-199] Attempt to get parsing info during refresh. "On-the-fly" syntax checking information may be incorrect. [C:\Progh\Code\Project_RetroGame\Oplevering\EindProject_FPGA.srcs\sources_1\new\ControlBullet.vhd:]
WARNING: [filemgmt 56-199] Attempt to get parsing info during refresh. "On-the-fly" syntax checking information may be incorrect. [C:\Progh\Code\Project_RetroGame\Oplevering\EindProject_FPGA.srcs\sources_1\new\DisplayBullet.vhd:]
WARNING: [filemgmt 56-199] Attempt to get parsing info during refresh. "On-the-fly" syntax checking information may be incorrect. [C:\Progh\Code\Project_RetroGame\Oplevering\EindProject_FPGA.srcs\sources_1\imports\Week 5 + 6 - Bounching Square - Ball\DVI.vhd:]
WARNING: [filemgmt 56-199] Attempt to get parsing info during refresh. "On-the-fly" syntax checking information may be incorrect. [C:\Progh\Code\Project_RetroGame\Oplevering\EindProject_FPGA.srcs\sources_1\new\XY_GEN.vhd:]
WARNING: [filemgmt 56-199] Attempt to get parsing info during refresh. "On-the-fly" syntax checking information may be incorrect. [C:\Progh\Code\Project_RetroGame\Oplevering\EindProject_FPGA.srcs\sources_1\new\DisplayHUD.vhd:]
WARNING: [filemgmt 56-199] Attempt to get parsing info during refresh. "On-the-fly" syntax checking information may be incorrect. [C:\Progh\Code\Project_RetroGame\Oplevering\EindProject_FPGA.srcs\sources_1\imports\Week 5 + 6 - Bounching Square - Ball\DVI.vhd:]
WARNING: [filemgmt 56-199] Attempt to get parsing info during refresh. "On-the-fly" syntax checking information may be incorrect. [C:\Progh\Code\Project_RetroGame\Oplevering\EindProject_FPGA.srcs\sources_1\imports\Week 5 + 6 - Bounching Square - Ball\DVI.vhd:]
WARNING: [filemgmt 56-199] Attempt to get parsing info during refresh. "On-the-fly" syntax checking information may be incorrect. [C:\Progh\Code\Project_RetroGame\Oplevering\EindProject_FPGA.srcs\sources_1\new\ControlBullet.vhd:]
WARNING: [filemgmt 56-199] Attempt to get parsing info during refresh. "On-the-fly" syntax checking information may be incorrect. [C:\Progh\Code\Project_RetroGame\Oplevering\EindProject_FPGA.srcs\sources_1\new\DisplayBullet.vhd:]
WARNING: [filemgmt 56-199] Attempt to get parsing info during refresh. "On-the-fly" syntax checking information may be incorrect. [C:\Progh\Code\Project_RetroGame\Oplevering\EindProject_FPGA.srcs\sources_1\imports\Week 5 + 6 - Bounching Square - Ball\DVI.vhd:]
WARNING: [filemgmt 56-199] Attempt to get parsing info during refresh. "On-the-fly" syntax checking information may be incorrect. [C:\Progh\Code\Project_RetroGame\Oplevering\EindProject_FPGA.srcs\sources_1\new\XY_GEN.vhd:]
WARNING: [filemgmt 56-199] Attempt to get parsing info during refresh. "On-the-fly" syntax checking information may be incorrect. [C:\Progh\Code\Project_RetroGame\Oplevering\EindProject_FPGA.srcs\sources_1\new\DisplayHUD.vhd:]
WARNING: [filemgmt 56-199] Attempt to get parsing info during refresh. "On-the-fly" syntax checking information may be incorrect. [C:\Progh\Code\Project_RetroGame\Oplevering\EindProject_FPGA.srcs\sources_1\new\DisplayBullet.vhd:]
WARNING: [filemgmt 56-199] Attempt to get parsing info during refresh. "On-the-fly" syntax checking information may be incorrect. [C:\Progh\Code\Project_RetroGame\Oplevering\EindProject_FPGA.srcs\sources_1\new\DisplayBullet.vhd:]
WARNING: [filemgmt 56-199] Attempt to get parsing info during refresh. "On-the-fly" syntax checking information may be incorrect. [C:\Progh\Code\Project_RetroGame\Oplevering\EindProject_FPGA.srcs\sources_1\new\ControlBullet.vhd:]
WARNING: [filemgmt 56-199] Attempt to get parsing info during refresh. "On-the-fly" syntax checking information may be incorrect. [C:\Progh\Code\Project_RetroGame\Oplevering\EindProject_FPGA.srcs\sources_1\new\DisplayBullet.vhd:]
WARNING: [filemgmt 56-199] Attempt to get parsing info during refresh. "On-the-fly" syntax checking information may be incorrect. [C:\Progh\Code\Project_RetroGame\Oplevering\EindProject_FPGA.srcs\sources_1\imports\Week 5 + 6 - Bounching Square - Ball\DVI.vhd:]
WARNING: [filemgmt 56-199] Attempt to get parsing info during refresh. "On-the-fly" syntax checking information may be incorrect. [C:\Progh\Code\Project_RetroGame\Oplevering\EindProject_FPGA.srcs\sources_1\new\XY_GEN.vhd:]
WARNING: [filemgmt 56-199] Attempt to get parsing info during refresh. "On-the-fly" syntax checking information may be incorrect. [C:\Progh\Code\Project_RetroGame\Oplevering\EindProject_FPGA.srcs\sources_1\new\DisplayHUD.vhd:]
WARNING: [filemgmt 56-199] Attempt to get parsing info during refresh. "On-the-fly" syntax checking information may be incorrect. [C:\Progh\Code\Project_RetroGame\Oplevering\EindProject_FPGA.srcs\sources_1\new\XY_GEN.vhd:]
WARNING: [filemgmt 56-199] Attempt to get parsing info during refresh. "On-the-fly" syntax checking information may be incorrect. [C:\Progh\Code\Project_RetroGame\Oplevering\EindProject_FPGA.srcs\sources_1\new\XY_GEN.vhd:]
WARNING: [filemgmt 56-199] Attempt to get parsing info during refresh. "On-the-fly" syntax checking information may be incorrect. [C:\Progh\Code\Project_RetroGame\Oplevering\EindProject_FPGA.srcs\sources_1\new\ControlBullet.vhd:]
WARNING: [filemgmt 56-199] Attempt to get parsing info during refresh. "On-the-fly" syntax checking information may be incorrect. [C:\Progh\Code\Project_RetroGame\Oplevering\EindProject_FPGA.srcs\sources_1\new\DisplayBullet.vhd:]
WARNING: [filemgmt 56-199] Attempt to get parsing info during refresh. "On-the-fly" syntax checking information may be incorrect. [C:\Progh\Code\Project_RetroGame\Oplevering\EindProject_FPGA.srcs\sources_1\imports\Week 5 + 6 - Bounching Square - Ball\DVI.vhd:]
WARNING: [filemgmt 56-199] Attempt to get parsing info during refresh. "On-the-fly" syntax checking information may be incorrect. [C:\Progh\Code\Project_RetroGame\Oplevering\EindProject_FPGA.srcs\sources_1\new\XY_GEN.vhd:]
WARNING: [filemgmt 56-199] Attempt to get parsing info during refresh. "On-the-fly" syntax checking information may be incorrect. [C:\Progh\Code\Project_RetroGame\Oplevering\EindProject_FPGA.srcs\sources_1\new\DisplayHUD.vhd:]
WARNING: [filemgmt 56-199] Attempt to get parsing info during refresh. "On-the-fly" syntax checking information may be incorrect. [C:\Progh\Code\Project_RetroGame\Oplevering\EindProject_FPGA.srcs\sources_1\new\DisplayHUD.vhd:]
WARNING: [filemgmt 56-199] Attempt to get parsing info during refresh. "On-the-fly" syntax checking information may be incorrect. [C:\Progh\Code\Project_RetroGame\Oplevering\EindProject_FPGA.srcs\sources_1\new\DisplayHUD.vhd:]
ERROR: [Common 17-180] Spawn failed: No such file or directory
generate_target all [get_files  c:/Progh/Code/Project_RetroGame/Oplevering/EindProject_FPGA.srcs/sources_1/ip/blk_mem_gen_11/blk_mem_gen_11.xci]
INFO: [IP_Flow 19-1686] Generating 'Synthesis' target for IP 'blk_mem_gen_11'...
INFO: [IP_Flow 19-1686] Generating 'Simulation' target for IP 'blk_mem_gen_11'...
INFO: [IP_Flow 19-1686] Generating 'Miscellaneous' target for IP 'blk_mem_gen_11'...
INFO: [IP_Flow 19-1686] Generating 'Change Log' target for IP 'blk_mem_gen_11'...
catch { config_ip_cache -export [get_ips -all blk_mem_gen_11] }
INFO: [IP_Flow 19-6924] IPCACHE: Running cache check for IP inst: blk_mem_gen_11
export_ip_user_files -of_objects [get_files c:/Progh/Code/Project_RetroGame/Oplevering/EindProject_FPGA.srcs/sources_1/ip/blk_mem_gen_11/blk_mem_gen_11.xci] -no_script -sync -force -quiet
create_ip_run [get_files -of_objects [get_fileset sources_1] c:/Progh/Code/Project_RetroGame/Oplevering/EindProject_FPGA.srcs/sources_1/ip/blk_mem_gen_11/blk_mem_gen_11.xci]
launch_runs blk_mem_gen_11_synth_1 -jobs 8
INFO: [IP_Flow 19-6924] IPCACHE: Running cache check for IP inst: blk_mem_gen_11
[Tue Apr  8 18:07:41 2025] Launched blk_mem_gen_11_synth_1...
Run output will be captured here: C:/Progh/Code/Project_RetroGame/Oplevering/EindProject_FPGA.runs/blk_mem_gen_11_synth_1/runme.log
export_simulation -of_objects [get_files c:/Progh/Code/Project_RetroGame/Oplevering/EindProject_FPGA.srcs/sources_1/ip/blk_mem_gen_11/blk_mem_gen_11.xci] -directory C:/Progh/Code/Project_RetroGame/Oplevering/EindProject_FPGA.ip_user_files/sim_scripts -ip_user_files_dir C:/Progh/Code/Project_RetroGame/Oplevering/EindProject_FPGA.ip_user_files -ipstatic_source_dir C:/Progh/Code/Project_RetroGame/Oplevering/EindProject_FPGA.ip_user_files/ipstatic -lib_map_path [list {modelsim=C:/Progh/Code/Project_RetroGame/Oplevering/EindProject_FPGA.cache/compile_simlib/modelsim} {questa=C:/Progh/Code/Project_RetroGame/Oplevering/EindProject_FPGA.cache/compile_simlib/questa} {riviera=C:/Progh/Code/Project_RetroGame/Oplevering/EindProject_FPGA.cache/compile_simlib/riviera} {activehdl=C:/Progh/Code/Project_RetroGame/Oplevering/EindProject_FPGA.cache/compile_simlib/activehdl}] -use_ip_compiled_libs -force -quiet
WARNING: [filemgmt 56-199] Attempt to get parsing info during refresh. "On-the-fly" syntax checking information may be incorrect. [C:\Progh\Code\Project_RetroGame\Oplevering\EindProject_FPGA.srcs\sources_1\new\ControlBullet.vhd:]
WARNING: [filemgmt 56-199] Attempt to get parsing info during refresh. "On-the-fly" syntax checking information may be incorrect. [C:\Progh\Code\Project_RetroGame\Oplevering\EindProject_FPGA.srcs\sources_1\new\DisplayBullet.vhd:]
WARNING: [filemgmt 56-199] Attempt to get parsing info during refresh. "On-the-fly" syntax checking information may be incorrect. [C:\Progh\Code\Project_RetroGame\Oplevering\EindProject_FPGA.srcs\sources_1\imports\Week 5 + 6 - Bounching Square - Ball\DVI.vhd:]
WARNING: [filemgmt 56-199] Attempt to get parsing info during refresh. "On-the-fly" syntax checking information may be incorrect. [C:\Progh\Code\Project_RetroGame\Oplevering\EindProject_FPGA.srcs\sources_1\new\XY_GEN.vhd:]
WARNING: [filemgmt 56-199] Attempt to get parsing info during refresh. "On-the-fly" syntax checking information may be incorrect. [C:\Progh\Code\Project_RetroGame\Oplevering\EindProject_FPGA.srcs\sources_1\new\DisplayHUD.vhd:]
WARNING: [filemgmt 56-199] Attempt to get parsing info during refresh. "On-the-fly" syntax checking information may be incorrect. [C:\Progh\Code\Project_RetroGame\Oplevering\EindProject_FPGA.srcs\sources_1\new\XY_GEN.vhd:]
WARNING: [filemgmt 56-199] Attempt to get parsing info during refresh. "On-the-fly" syntax checking information may be incorrect. [C:\Progh\Code\Project_RetroGame\Oplevering\EindProject_FPGA.srcs\sources_1\new\XY_GEN.vhd:]
WARNING: [filemgmt 56-199] Attempt to get parsing info during refresh. "On-the-fly" syntax checking information may be incorrect. [C:\Progh\Code\Project_RetroGame\Oplevering\EindProject_FPGA.srcs\sources_1\new\ControlBullet.vhd:]
WARNING: [filemgmt 56-199] Attempt to get parsing info during refresh. "On-the-fly" syntax checking information may be incorrect. [C:\Progh\Code\Project_RetroGame\Oplevering\EindProject_FPGA.srcs\sources_1\new\DisplayBullet.vhd:]
WARNING: [filemgmt 56-199] Attempt to get parsing info during refresh. "On-the-fly" syntax checking information may be incorrect. [C:\Progh\Code\Project_RetroGame\Oplevering\EindProject_FPGA.srcs\sources_1\imports\Week 5 + 6 - Bounching Square - Ball\DVI.vhd:]
WARNING: [filemgmt 56-199] Attempt to get parsing info during refresh. "On-the-fly" syntax checking information may be incorrect. [C:\Progh\Code\Project_RetroGame\Oplevering\EindProject_FPGA.srcs\sources_1\new\XY_GEN.vhd:]
WARNING: [filemgmt 56-199] Attempt to get parsing info during refresh. "On-the-fly" syntax checking information may be incorrect. [C:\Progh\Code\Project_RetroGame\Oplevering\EindProject_FPGA.srcs\sources_1\new\DisplayHUD.vhd:]
WARNING: [filemgmt 56-199] Attempt to get parsing info during refresh. "On-the-fly" syntax checking information may be incorrect. [C:\Progh\Code\Project_RetroGame\Oplevering\EindProject_FPGA.srcs\sources_1\new\DisplayHUD.vhd:]
WARNING: [filemgmt 56-199] Attempt to get parsing info during refresh. "On-the-fly" syntax checking information may be incorrect. [C:\Progh\Code\Project_RetroGame\Oplevering\EindProject_FPGA.srcs\sources_1\new\DisplayHUD.vhd:]
WARNING: [filemgmt 56-199] Attempt to get parsing info during refresh. "On-the-fly" syntax checking information may be incorrect. [C:\Progh\Code\Project_RetroGame\Oplevering\EindProject_FPGA.srcs\sources_1\new\ControlBullet.vhd:]
WARNING: [filemgmt 56-199] Attempt to get parsing info during refresh. "On-the-fly" syntax checking information may be incorrect. [C:\Progh\Code\Project_RetroGame\Oplevering\EindProject_FPGA.srcs\sources_1\new\DisplayBullet.vhd:]
WARNING: [filemgmt 56-199] Attempt to get parsing info during refresh. "On-the-fly" syntax checking information may be incorrect. [C:\Progh\Code\Project_RetroGame\Oplevering\EindProject_FPGA.srcs\sources_1\imports\Week 5 + 6 - Bounching Square - Ball\DVI.vhd:]
WARNING: [filemgmt 56-199] Attempt to get parsing info during refresh. "On-the-fly" syntax checking information may be incorrect. [C:\Progh\Code\Project_RetroGame\Oplevering\EindProject_FPGA.srcs\sources_1\new\XY_GEN.vhd:]
WARNING: [filemgmt 56-199] Attempt to get parsing info during refresh. "On-the-fly" syntax checking information may be incorrect. [C:\Progh\Code\Project_RetroGame\Oplevering\EindProject_FPGA.srcs\sources_1\new\DisplayHUD.vhd:]
WARNING: [filemgmt 56-199] Attempt to get parsing info during refresh. "On-the-fly" syntax checking information may be incorrect. [C:\Progh\Code\Project_RetroGame\Oplevering\EindProject_FPGA.srcs\sources_1\imports\Week 5 + 6 - Bounching Square - Ball\DVI.vhd:]
WARNING: [filemgmt 56-199] Attempt to get parsing info during refresh. "On-the-fly" syntax checking information may be incorrect. [C:\Progh\Code\Project_RetroGame\Oplevering\EindProject_FPGA.srcs\sources_1\imports\Week 5 + 6 - Bounching Square - Ball\DVI.vhd:]
WARNING: [filemgmt 56-199] Attempt to get parsing info during refresh. "On-the-fly" syntax checking information may be incorrect. [C:\Progh\Code\Project_RetroGame\Oplevering\EindProject_FPGA.srcs\sources_1\new\ControlBullet.vhd:]
WARNING: [filemgmt 56-199] Attempt to get parsing info during refresh. "On-the-fly" syntax checking information may be incorrect. [C:\Progh\Code\Project_RetroGame\Oplevering\EindProject_FPGA.srcs\sources_1\new\DisplayBullet.vhd:]
WARNING: [filemgmt 56-199] Attempt to get parsing info during refresh. "On-the-fly" syntax checking information may be incorrect. [C:\Progh\Code\Project_RetroGame\Oplevering\EindProject_FPGA.srcs\sources_1\imports\Week 5 + 6 - Bounching Square - Ball\DVI.vhd:]
WARNING: [filemgmt 56-199] Attempt to get parsing info during refresh. "On-the-fly" syntax checking information may be incorrect. [C:\Progh\Code\Project_RetroGame\Oplevering\EindProject_FPGA.srcs\sources_1\new\XY_GEN.vhd:]
WARNING: [filemgmt 56-199] Attempt to get parsing info during refresh. "On-the-fly" syntax checking information may be incorrect. [C:\Progh\Code\Project_RetroGame\Oplevering\EindProject_FPGA.srcs\sources_1\new\DisplayHUD.vhd:]
WARNING: [filemgmt 56-199] Attempt to get parsing info during refresh. "On-the-fly" syntax checking information may be incorrect. [C:\Progh\Code\Project_RetroGame\Oplevering\EindProject_FPGA.srcs\sources_1\new\DisplayBullet.vhd:]
WARNING: [filemgmt 56-199] Attempt to get parsing info during refresh. "On-the-fly" syntax checking information may be incorrect. [C:\Progh\Code\Project_RetroGame\Oplevering\EindProject_FPGA.srcs\sources_1\new\DisplayBullet.vhd:]
WARNING: [filemgmt 56-199] Attempt to get parsing info during refresh. "On-the-fly" syntax checking information may be incorrect. [C:\Progh\Code\Project_RetroGame\Oplevering\EindProject_FPGA.srcs\sources_1\new\ControlBullet.vhd:]
WARNING: [filemgmt 56-199] Attempt to get parsing info during refresh. "On-the-fly" syntax checking information may be incorrect. [C:\Progh\Code\Project_RetroGame\Oplevering\EindProject_FPGA.srcs\sources_1\new\DisplayBullet.vhd:]
WARNING: [filemgmt 56-199] Attempt to get parsing info during refresh. "On-the-fly" syntax checking information may be incorrect. [C:\Progh\Code\Project_RetroGame\Oplevering\EindProject_FPGA.srcs\sources_1\imports\Week 5 + 6 - Bounching Square - Ball\DVI.vhd:]
WARNING: [filemgmt 56-199] Attempt to get parsing info during refresh. "On-the-fly" syntax checking information may be incorrect. [C:\Progh\Code\Project_RetroGame\Oplevering\EindProject_FPGA.srcs\sources_1\new\XY_GEN.vhd:]
WARNING: [filemgmt 56-199] Attempt to get parsing info during refresh. "On-the-fly" syntax checking information may be incorrect. [C:\Progh\Code\Project_RetroGame\Oplevering\EindProject_FPGA.srcs\sources_1\new\DisplayHUD.vhd:]
WARNING: [filemgmt 56-199] Attempt to get parsing info during refresh. "On-the-fly" syntax checking information may be incorrect. [C:\Progh\Code\Project_RetroGame\Oplevering\EindProject_FPGA.srcs\sources_1\new\DisplayHUD.vhd:]
WARNING: [filemgmt 56-199] Attempt to get parsing info during refresh. "On-the-fly" syntax checking information may be incorrect. [C:\Progh\Code\Project_RetroGame\Oplevering\EindProject_FPGA.srcs\sources_1\new\DisplayHUD.vhd:]
ERROR: [Common 17-180] Spawn failed: No such file or directory
WARNING: [filemgmt 56-199] Attempt to get parsing info during refresh. "On-the-fly" syntax checking information may be incorrect. [C:\Progh\Code\Project_RetroGame\Oplevering\EindProject_FPGA.srcs\sources_1\new\ControlBullet.vhd:]
WARNING: [filemgmt 56-199] Attempt to get parsing info during refresh. "On-the-fly" syntax checking information may be incorrect. [C:\Progh\Code\Project_RetroGame\Oplevering\EindProject_FPGA.srcs\sources_1\new\DisplayBullet.vhd:]
WARNING: [filemgmt 56-199] Attempt to get parsing info during refresh. "On-the-fly" syntax checking information may be incorrect. [C:\Progh\Code\Project_RetroGame\Oplevering\EindProject_FPGA.srcs\sources_1\imports\Week 5 + 6 - Bounching Square - Ball\DVI.vhd:]
WARNING: [filemgmt 56-199] Attempt to get parsing info during refresh. "On-the-fly" syntax checking information may be incorrect. [C:\Progh\Code\Project_RetroGame\Oplevering\EindProject_FPGA.srcs\sources_1\new\XY_GEN.vhd:]
WARNING: [filemgmt 56-199] Attempt to get parsing info during refresh. "On-the-fly" syntax checking information may be incorrect. [C:\Progh\Code\Project_RetroGame\Oplevering\EindProject_FPGA.srcs\sources_1\new\DisplayHUD.vhd:]
WARNING: [filemgmt 56-199] Attempt to get parsing info during refresh. "On-the-fly" syntax checking information may be incorrect. [C:\Progh\Code\Project_RetroGame\Oplevering\EindProject_FPGA.srcs\sources_1\imports\Week 5 + 6 - Bounching Square - Ball\DVI.vhd:]
WARNING: [filemgmt 56-199] Attempt to get parsing info during refresh. "On-the-fly" syntax checking information may be incorrect. [C:\Progh\Code\Project_RetroGame\Oplevering\EindProject_FPGA.srcs\sources_1\imports\Week 5 + 6 - Bounching Square - Ball\DVI.vhd:]
ERROR: [Common 17-180] Spawn failed: No such file or directory
export_ip_user_files -of_objects  [get_files C:/Progh/Code/Project_RetroGame/Oplevering/EindProject_FPGA.srcs/sources_1/new/DisplayLives.vhd] -no_script -reset -force -quiet
remove_files  C:/Progh/Code/Project_RetroGame/Oplevering/EindProject_FPGA.srcs/sources_1/new/DisplayLives.vhd
file delete -force C:/Progh/Code/Project_RetroGame/Oplevering/EindProject_FPGA.srcs/sources_1/new/DisplayLives.vhd
WARNING: [filemgmt 56-199] Attempt to get parsing info during refresh. "On-the-fly" syntax checking information may be incorrect. [C:\Progh\Code\Project_RetroGame\Oplevering\EindProject_FPGA.srcs\sources_1\new\ControlBullet.vhd:]
WARNING: [filemgmt 56-199] Attempt to get parsing info during refresh. "On-the-fly" syntax checking information may be incorrect. [C:\Progh\Code\Project_RetroGame\Oplevering\EindProject_FPGA.srcs\sources_1\new\DisplayBullet.vhd:]
WARNING: [filemgmt 56-199] Attempt to get parsing info during refresh. "On-the-fly" syntax checking information may be incorrect. [C:\Progh\Code\Project_RetroGame\Oplevering\EindProject_FPGA.srcs\sources_1\imports\Week 5 + 6 - Bounching Square - Ball\DVI.vhd:]
WARNING: [filemgmt 56-199] Attempt to get parsing info during refresh. "On-the-fly" syntax checking information may be incorrect. [C:\Progh\Code\Project_RetroGame\Oplevering\EindProject_FPGA.srcs\sources_1\new\DisplayLives.vhd:]
WARNING: [filemgmt 56-199] Attempt to get parsing info during refresh. "On-the-fly" syntax checking information may be incorrect. [C:\Progh\Code\Project_RetroGame\Oplevering\EindProject_FPGA.srcs\sources_1\new\XY_GEN.vhd:]
WARNING: [filemgmt 56-199] Attempt to get parsing info during refresh. "On-the-fly" syntax checking information may be incorrect. [C:\Progh\Code\Project_RetroGame\Oplevering\EindProject_FPGA.srcs\sources_1\new\DisplayHUD.vhd:]
WARNING: [filemgmt 56-199] Attempt to get parsing info during refresh. "On-the-fly" syntax checking information may be incorrect. [C:\Progh\Code\Project_RetroGame\Oplevering\EindProject_FPGA.srcs\sources_1\new\DisplayBullet.vhd:]
WARNING: [filemgmt 56-199] Attempt to get parsing info during refresh. "On-the-fly" syntax checking information may be incorrect. [C:\Progh\Code\Project_RetroGame\Oplevering\EindProject_FPGA.srcs\sources_1\new\DisplayBullet.vhd:]
WARNING: [filemgmt 56-199] Attempt to get parsing info during refresh. "On-the-fly" syntax checking information may be incorrect. [C:\Progh\Code\Project_RetroGame\Oplevering\EindProject_FPGA.srcs\sources_1\new\ControlBullet.vhd:]
WARNING: [filemgmt 56-199] Attempt to get parsing info during refresh. "On-the-fly" syntax checking information may be incorrect. [C:\Progh\Code\Project_RetroGame\Oplevering\EindProject_FPGA.srcs\sources_1\new\DisplayBullet.vhd:]
WARNING: [filemgmt 56-199] Attempt to get parsing info during refresh. "On-the-fly" syntax checking information may be incorrect. [C:\Progh\Code\Project_RetroGame\Oplevering\EindProject_FPGA.srcs\sources_1\imports\Week 5 + 6 - Bounching Square - Ball\DVI.vhd:]
WARNING: [filemgmt 56-199] Attempt to get parsing info during refresh. "On-the-fly" syntax checking information may be incorrect. [C:\Progh\Code\Project_RetroGame\Oplevering\EindProject_FPGA.srcs\sources_1\new\DisplayLives.vhd:]
WARNING: [filemgmt 56-199] Attempt to get parsing info during refresh. "On-the-fly" syntax checking information may be incorrect. [C:\Progh\Code\Project_RetroGame\Oplevering\EindProject_FPGA.srcs\sources_1\new\XY_GEN.vhd:]
WARNING: [filemgmt 56-199] Attempt to get parsing info during refresh. "On-the-fly" syntax checking information may be incorrect. [C:\Progh\Code\Project_RetroGame\Oplevering\EindProject_FPGA.srcs\sources_1\new\DisplayHUD.vhd:]
WARNING: [filemgmt 56-199] Attempt to get parsing info during refresh. "On-the-fly" syntax checking information may be incorrect. [C:\Progh\Code\Project_RetroGame\Oplevering\EindProject_FPGA.srcs\sources_1\new\DisplayHUD.vhd:]
WARNING: [filemgmt 56-199] Attempt to get parsing info during refresh. "On-the-fly" syntax checking information may be incorrect. [C:\Progh\Code\Project_RetroGame\Oplevering\EindProject_FPGA.srcs\sources_1\new\DisplayHUD.vhd:]
ERROR: [Common 17-180] Spawn failed: No such file or directory
WARNING: [filemgmt 56-199] Attempt to get parsing info during refresh. "On-the-fly" syntax checking information may be incorrect. [C:\Progh\Code\Project_RetroGame\Oplevering\EindProject_FPGA.srcs\sources_1\new\ControlBullet.vhd:]
WARNING: [filemgmt 56-199] Attempt to get parsing info during refresh. "On-the-fly" syntax checking information may be incorrect. [C:\Progh\Code\Project_RetroGame\Oplevering\EindProject_FPGA.srcs\sources_1\new\DisplayBullet.vhd:]
WARNING: [filemgmt 56-199] Attempt to get parsing info during refresh. "On-the-fly" syntax checking information may be incorrect. [C:\Progh\Code\Project_RetroGame\Oplevering\EindProject_FPGA.srcs\sources_1\imports\Week 5 + 6 - Bounching Square - Ball\DVI.vhd:]
WARNING: [filemgmt 56-199] Attempt to get parsing info during refresh. "On-the-fly" syntax checking information may be incorrect. [C:\Progh\Code\Project_RetroGame\Oplevering\EindProject_FPGA.srcs\sources_1\new\DisplayLives.vhd:]
WARNING: [filemgmt 56-199] Attempt to get parsing info during refresh. "On-the-fly" syntax checking information may be incorrect. [C:\Progh\Code\Project_RetroGame\Oplevering\EindProject_FPGA.srcs\sources_1\new\XY_GEN.vhd:]
WARNING: [filemgmt 56-199] Attempt to get parsing info during refresh. "On-the-fly" syntax checking information may be incorrect. [C:\Progh\Code\Project_RetroGame\Oplevering\EindProject_FPGA.srcs\sources_1\new\DisplayHUD.vhd:]
WARNING: [filemgmt 56-199] Attempt to get parsing info during refresh. "On-the-fly" syntax checking information may be incorrect. [C:\Progh\Code\Project_RetroGame\Oplevering\EindProject_FPGA.srcs\sources_1\imports\Week 5 + 6 - Bounching Square - Ball\DVI.vhd:]
WARNING: [filemgmt 56-199] Attempt to get parsing info during refresh. "On-the-fly" syntax checking information may be incorrect. [C:\Progh\Code\Project_RetroGame\Oplevering\EindProject_FPGA.srcs\sources_1\imports\Week 5 + 6 - Bounching Square - Ball\DVI.vhd:]
ERROR: [Common 17-180] Spawn failed: No such file or directory
import_files
INFO: [filemgmt 20-334] All file(s) are already imported in fileset: 'blk_mem_gen_0'
INFO: [filemgmt 20-348] Importing the appropriate files for fileset: 'blk_mem_gen_0'
INFO: [filemgmt 20-334] All file(s) are already imported in fileset: 'blk_mem_gen_1'
INFO: [filemgmt 20-348] Importing the appropriate files for fileset: 'blk_mem_gen_1'
INFO: [filemgmt 20-334] All file(s) are already imported in fileset: 'blk_mem_gen_10'
INFO: [filemgmt 20-348] Importing the appropriate files for fileset: 'blk_mem_gen_10'
INFO: [filemgmt 20-334] All file(s) are already imported in fileset: 'blk_mem_gen_11'
INFO: [filemgmt 20-348] Importing the appropriate files for fileset: 'blk_mem_gen_11'
INFO: [filemgmt 20-334] All file(s) are already imported in fileset: 'blk_mem_gen_2'
INFO: [filemgmt 20-348] Importing the appropriate files for fileset: 'blk_mem_gen_2'
INFO: [filemgmt 20-334] All file(s) are already imported in fileset: 'blk_mem_gen_3'
INFO: [filemgmt 20-348] Importing the appropriate files for fileset: 'blk_mem_gen_3'
INFO: [filemgmt 20-334] All file(s) are already imported in fileset: 'blk_mem_gen_4'
INFO: [filemgmt 20-348] Importing the appropriate files for fileset: 'blk_mem_gen_4'
INFO: [filemgmt 20-334] All file(s) are already imported in fileset: 'blk_mem_gen_9'
INFO: [filemgmt 20-348] Importing the appropriate files for fileset: 'blk_mem_gen_9'
INFO: [filemgmt 20-334] All file(s) are already imported in fileset: 'clkDVIprescaler'
INFO: [filemgmt 20-348] Importing the appropriate files for fileset: 'clkDVIprescaler'
INFO: [filemgmt 20-334] All file(s) are already imported in fileset: 'constrs_1'
INFO: [filemgmt 20-348] Importing the appropriate files for fileset: 'constrs_1'
INFO: [filemgmt 20-334] All file(s) are already imported in fileset: 'sim_1'
INFO: [filemgmt 20-348] Importing the appropriate files for fileset: 'sim_1'
INFO: [filemgmt 20-348] Importing the appropriate files for fileset: 'sources_1'
INFO: [filemgmt 20-334] All file(s) are already imported in fileset: 'utils_1'
INFO: [filemgmt 20-348] Importing the appropriate files for fileset: 'utils_1'
WARNING: [filemgmt 56-199] Attempt to get parsing info during refresh. "On-the-fly" syntax checking information may be incorrect. [C:\Progh\Code\Project_RetroGame\Oplevering\EindProject_FPGA.srcs\sources_1\new\ControlBullet.vhd:]
WARNING: [filemgmt 56-199] Attempt to get parsing info during refresh. "On-the-fly" syntax checking information may be incorrect. [C:\Progh\Code\Project_RetroGame\Oplevering\EindProject_FPGA.srcs\sources_1\new\DisplayBullet.vhd:]
WARNING: [filemgmt 56-199] Attempt to get parsing info during refresh. "On-the-fly" syntax checking information may be incorrect. [C:\Progh\Code\Project_RetroGame\Oplevering\EindProject_FPGA.srcs\sources_1\imports\Week 5 + 6 - Bounching Square - Ball\DVI.vhd:]
WARNING: [filemgmt 56-199] Attempt to get parsing info during refresh. "On-the-fly" syntax checking information may be incorrect. [C:\Progh\Code\Project_RetroGame\Oplevering\EindProject_FPGA.srcs\sources_1\new\DisplayLives.vhd:]
WARNING: [filemgmt 56-199] Attempt to get parsing info during refresh. "On-the-fly" syntax checking information may be incorrect. [C:\Progh\Code\Project_RetroGame\Oplevering\EindProject_FPGA.srcs\sources_1\new\XY_GEN.vhd:]
WARNING: [filemgmt 56-199] Attempt to get parsing info during refresh. "On-the-fly" syntax checking information may be incorrect. [C:\Progh\Code\Project_RetroGame\Oplevering\EindProject_FPGA.srcs\sources_1\new\DisplayHUD.vhd:]
WARNING: [filemgmt 56-199] Attempt to get parsing info during refresh. "On-the-fly" syntax checking information may be incorrect. [C:\Progh\Code\Project_RetroGame\Oplevering\EindProject_FPGA.srcs\sources_1\new\DisplayBullet.vhd:]
WARNING: [filemgmt 56-199] Attempt to get parsing info during refresh. "On-the-fly" syntax checking information may be incorrect. [C:\Progh\Code\Project_RetroGame\Oplevering\EindProject_FPGA.srcs\sources_1\new\DisplayBullet.vhd:]
WARNING: [filemgmt 56-199] Attempt to get parsing info during refresh. "On-the-fly" syntax checking information may be incorrect. [C:\Progh\Code\Project_RetroGame\Oplevering\EindProject_FPGA.srcs\sources_1\new\ControlBullet.vhd:]
WARNING: [filemgmt 56-199] Attempt to get parsing info during refresh. "On-the-fly" syntax checking information may be incorrect. [C:\Progh\Code\Project_RetroGame\Oplevering\EindProject_FPGA.srcs\sources_1\new\DisplayBullet.vhd:]
WARNING: [filemgmt 56-199] Attempt to get parsing info during refresh. "On-the-fly" syntax checking information may be incorrect. [C:\Progh\Code\Project_RetroGame\Oplevering\EindProject_FPGA.srcs\sources_1\imports\Week 5 + 6 - Bounching Square - Ball\DVI.vhd:]
WARNING: [filemgmt 56-199] Attempt to get parsing info during refresh. "On-the-fly" syntax checking information may be incorrect. [C:\Progh\Code\Project_RetroGame\Oplevering\EindProject_FPGA.srcs\sources_1\new\DisplayLives.vhd:]
WARNING: [filemgmt 56-199] Attempt to get parsing info during refresh. "On-the-fly" syntax checking information may be incorrect. [C:\Progh\Code\Project_RetroGame\Oplevering\EindProject_FPGA.srcs\sources_1\new\XY_GEN.vhd:]
WARNING: [filemgmt 56-199] Attempt to get parsing info during refresh. "On-the-fly" syntax checking information may be incorrect. [C:\Progh\Code\Project_RetroGame\Oplevering\EindProject_FPGA.srcs\sources_1\new\DisplayHUD.vhd:]
WARNING: [filemgmt 56-199] Attempt to get parsing info during refresh. "On-the-fly" syntax checking information may be incorrect. [C:\Progh\Code\Project_RetroGame\Oplevering\EindProject_FPGA.srcs\sources_1\new\DisplayHUD.vhd:]
WARNING: [filemgmt 56-199] Attempt to get parsing info during refresh. "On-the-fly" syntax checking information may be incorrect. [C:\Progh\Code\Project_RetroGame\Oplevering\EindProject_FPGA.srcs\sources_1\new\DisplayHUD.vhd:]
ERROR: [Common 17-180] Spawn failed: No such file or directory
WARNING: [filemgmt 56-199] Attempt to get parsing info during refresh. "On-the-fly" syntax checking information may be incorrect. [C:\Progh\Code\Project_RetroGame\Oplevering\EindProject_FPGA.srcs\sources_1\new\ControlBullet.vhd:]
WARNING: [filemgmt 56-199] Attempt to get parsing info during refresh. "On-the-fly" syntax checking information may be incorrect. [C:\Progh\Code\Project_RetroGame\Oplevering\EindProject_FPGA.srcs\sources_1\new\DisplayBullet.vhd:]
WARNING: [filemgmt 56-199] Attempt to get parsing info during refresh. "On-the-fly" syntax checking information may be incorrect. [C:\Progh\Code\Project_RetroGame\Oplevering\EindProject_FPGA.srcs\sources_1\imports\Week 5 + 6 - Bounching Square - Ball\DVI.vhd:]
WARNING: [filemgmt 56-199] Attempt to get parsing info during refresh. "On-the-fly" syntax checking information may be incorrect. [C:\Progh\Code\Project_RetroGame\Oplevering\EindProject_FPGA.srcs\sources_1\new\DisplayLives.vhd:]
WARNING: [filemgmt 56-199] Attempt to get parsing info during refresh. "On-the-fly" syntax checking information may be incorrect. [C:\Progh\Code\Project_RetroGame\Oplevering\EindProject_FPGA.srcs\sources_1\new\XY_GEN.vhd:]
WARNING: [filemgmt 56-199] Attempt to get parsing info during refresh. "On-the-fly" syntax checking information may be incorrect. [C:\Progh\Code\Project_RetroGame\Oplevering\EindProject_FPGA.srcs\sources_1\new\DisplayHUD.vhd:]
WARNING: [filemgmt 56-199] Attempt to get parsing info during refresh. "On-the-fly" syntax checking information may be incorrect. [C:\Progh\Code\Project_RetroGame\Oplevering\EindProject_FPGA.srcs\sources_1\new\XY_GEN.vhd:]
WARNING: [filemgmt 56-199] Attempt to get parsing info during refresh. "On-the-fly" syntax checking information may be incorrect. [C:\Progh\Code\Project_RetroGame\Oplevering\EindProject_FPGA.srcs\sources_1\new\XY_GEN.vhd:]
ERROR: [Common 17-180] Spawn failed: No such file or directory
remove_files  C:/Progh/Code/Project_RetroGame/Oplevering/EindProject_FPGA.srcs/sources_1/new/DisplayLives.vhd
WARNING: [Vivado 12-818] No files matched 'C:/Progh/Code/Project_RetroGame/Oplevering/EindProject_FPGA.srcs/sources_1/new/DisplayLives.vhd'
WARNING: [filemgmt 56-199] Attempt to get parsing info during refresh. "On-the-fly" syntax checking information may be incorrect. [C:\Progh\Code\Project_RetroGame\Oplevering\EindProject_FPGA.srcs\sources_1\new\ControlBullet.vhd:]
WARNING: [filemgmt 56-199] Attempt to get parsing info during refresh. "On-the-fly" syntax checking information may be incorrect. [C:\Progh\Code\Project_RetroGame\Oplevering\EindProject_FPGA.srcs\sources_1\new\DisplayBullet.vhd:]
WARNING: [filemgmt 56-199] Attempt to get parsing info during refresh. "On-the-fly" syntax checking information may be incorrect. [C:\Progh\Code\Project_RetroGame\Oplevering\EindProject_FPGA.srcs\sources_1\imports\Week 5 + 6 - Bounching Square - Ball\DVI.vhd:]
WARNING: [filemgmt 56-199] Attempt to get parsing info during refresh. "On-the-fly" syntax checking information may be incorrect. [C:\Progh\Code\Project_RetroGame\Oplevering\EindProject_FPGA.srcs\sources_1\new\DisplayLives.vhd:]
WARNING: [filemgmt 56-199] Attempt to get parsing info during refresh. "On-the-fly" syntax checking information may be incorrect. [C:\Progh\Code\Project_RetroGame\Oplevering\EindProject_FPGA.srcs\sources_1\new\XY_GEN.vhd:]
WARNING: [filemgmt 56-199] Attempt to get parsing info during refresh. "On-the-fly" syntax checking information may be incorrect. [C:\Progh\Code\Project_RetroGame\Oplevering\EindProject_FPGA.srcs\sources_1\new\DisplayHUD.vhd:]
WARNING: [filemgmt 56-199] Attempt to get parsing info during refresh. "On-the-fly" syntax checking information may be incorrect. [C:\Progh\Code\Project_RetroGame\Oplevering\EindProject_FPGA.srcs\sources_1\new\DisplayBullet.vhd:]
WARNING: [filemgmt 56-199] Attempt to get parsing info during refresh. "On-the-fly" syntax checking information may be incorrect. [C:\Progh\Code\Project_RetroGame\Oplevering\EindProject_FPGA.srcs\sources_1\new\DisplayBullet.vhd:]
WARNING: [filemgmt 56-199] Attempt to get parsing info during refresh. "On-the-fly" syntax checking information may be incorrect. [C:\Progh\Code\Project_RetroGame\Oplevering\EindProject_FPGA.srcs\sources_1\new\ControlBullet.vhd:]
WARNING: [filemgmt 56-199] Attempt to get parsing info during refresh. "On-the-fly" syntax checking information may be incorrect. [C:\Progh\Code\Project_RetroGame\Oplevering\EindProject_FPGA.srcs\sources_1\new\DisplayBullet.vhd:]
WARNING: [filemgmt 56-199] Attempt to get parsing info during refresh. "On-the-fly" syntax checking information may be incorrect. [C:\Progh\Code\Project_RetroGame\Oplevering\EindProject_FPGA.srcs\sources_1\imports\Week 5 + 6 - Bounching Square - Ball\DVI.vhd:]
WARNING: [filemgmt 56-199] Attempt to get parsing info during refresh. "On-the-fly" syntax checking information may be incorrect. [C:\Progh\Code\Project_RetroGame\Oplevering\EindProject_FPGA.srcs\sources_1\new\DisplayLives.vhd:]
WARNING: [filemgmt 56-199] Attempt to get parsing info during refresh. "On-the-fly" syntax checking information may be incorrect. [C:\Progh\Code\Project_RetroGame\Oplevering\EindProject_FPGA.srcs\sources_1\new\XY_GEN.vhd:]
WARNING: [filemgmt 56-199] Attempt to get parsing info during refresh. "On-the-fly" syntax checking information may be incorrect. [C:\Progh\Code\Project_RetroGame\Oplevering\EindProject_FPGA.srcs\sources_1\new\DisplayHUD.vhd:]
WARNING: [filemgmt 56-199] Attempt to get parsing info during refresh. "On-the-fly" syntax checking information may be incorrect. [C:\Progh\Code\Project_RetroGame\Oplevering\EindProject_FPGA.srcs\sources_1\new\DisplayHUD.vhd:]
WARNING: [filemgmt 56-199] Attempt to get parsing info during refresh. "On-the-fly" syntax checking information may be incorrect. [C:\Progh\Code\Project_RetroGame\Oplevering\EindProject_FPGA.srcs\sources_1\new\DisplayHUD.vhd:]
ERROR: [Common 17-180] Spawn failed: No such file or directory
WARNING: [filemgmt 56-199] Attempt to get parsing info during refresh. "On-the-fly" syntax checking information may be incorrect. [C:\Progh\Code\Project_RetroGame\Oplevering\EindProject_FPGA.srcs\sources_1\new\ControlBullet.vhd:]
WARNING: [filemgmt 56-199] Attempt to get parsing info during refresh. "On-the-fly" syntax checking information may be incorrect. [C:\Progh\Code\Project_RetroGame\Oplevering\EindProject_FPGA.srcs\sources_1\new\DisplayBullet.vhd:]
WARNING: [filemgmt 56-199] Attempt to get parsing info during refresh. "On-the-fly" syntax checking information may be incorrect. [C:\Progh\Code\Project_RetroGame\Oplevering\EindProject_FPGA.srcs\sources_1\imports\Week 5 + 6 - Bounching Square - Ball\DVI.vhd:]
WARNING: [filemgmt 56-199] Attempt to get parsing info during refresh. "On-the-fly" syntax checking information may be incorrect. [C:\Progh\Code\Project_RetroGame\Oplevering\EindProject_FPGA.srcs\sources_1\new\DisplayLives.vhd:]
WARNING: [filemgmt 56-199] Attempt to get parsing info during refresh. "On-the-fly" syntax checking information may be incorrect. [C:\Progh\Code\Project_RetroGame\Oplevering\EindProject_FPGA.srcs\sources_1\new\XY_GEN.vhd:]
WARNING: [filemgmt 56-199] Attempt to get parsing info during refresh. "On-the-fly" syntax checking information may be incorrect. [C:\Progh\Code\Project_RetroGame\Oplevering\EindProject_FPGA.srcs\sources_1\new\DisplayHUD.vhd:]
WARNING: [filemgmt 56-199] Attempt to get parsing info during refresh. "On-the-fly" syntax checking information may be incorrect. [C:\Progh\Code\Project_RetroGame\Oplevering\EindProject_FPGA.srcs\sources_1\imports\Week 5 + 6 - Bounching Square - Ball\DVI.vhd:]
WARNING: [filemgmt 56-199] Attempt to get parsing info during refresh. "On-the-fly" syntax checking information may be incorrect. [C:\Progh\Code\Project_RetroGame\Oplevering\EindProject_FPGA.srcs\sources_1\imports\Week 5 + 6 - Bounching Square - Ball\DVI.vhd:]
ERROR: [Common 17-180] Spawn failed: No such file or directory
WARNING: [IP_Flow 19-4067] Ignoring invalid widget type specified checkbox.Providing a default widget
WARNING: [IP_Flow 19-4067] Ignoring invalid widget type specified checkbox.Providing a default widget
WARNING: [filemgmt 56-199] Attempt to get parsing info during refresh. "On-the-fly" syntax checking information may be incorrect. [C:\Progh\Code\Project_RetroGame\Oplevering\EindProject_FPGA.srcs\sources_1\new\ControlBullet.vhd:]
WARNING: [filemgmt 56-199] Attempt to get parsing info during refresh. "On-the-fly" syntax checking information may be incorrect. [C:\Progh\Code\Project_RetroGame\Oplevering\EindProject_FPGA.srcs\sources_1\new\DisplayBullet.vhd:]
WARNING: [filemgmt 56-199] Attempt to get parsing info during refresh. "On-the-fly" syntax checking information may be incorrect. [C:\Progh\Code\Project_RetroGame\Oplevering\EindProject_FPGA.srcs\sources_1\new\CharacterController.vhd:]
WARNING: [filemgmt 56-199] Attempt to get parsing info during refresh. "On-the-fly" syntax checking information may be incorrect. [C:\Progh\Code\Project_RetroGame\Oplevering\EindProject_FPGA.srcs\sources_1\imports\Week 5 + 6 - Bounching Square - Ball\DVI.vhd:]
WARNING: [filemgmt 56-199] Attempt to get parsing info during refresh. "On-the-fly" syntax checking information may be incorrect. [C:\Progh\Code\Project_RetroGame\Oplevering\EindProject_FPGA.srcs\sources_1\new\DisplayLives.vhd:]
WARNING: [filemgmt 56-199] Attempt to get parsing info during refresh. "On-the-fly" syntax checking information may be incorrect. [C:\Progh\Code\Project_RetroGame\Oplevering\EindProject_FPGA.srcs\sources_1\new\XY_GEN.vhd:]
WARNING: [filemgmt 56-199] Attempt to get parsing info during refresh. "On-the-fly" syntax checking information may be incorrect. [C:\Progh\Code\Project_RetroGame\Oplevering\EindProject_FPGA.srcs\sources_1\new\DisplayHUD.vhd:]
WARNING: [filemgmt 56-199] Attempt to get parsing info during refresh. "On-the-fly" syntax checking information may be incorrect. [C:\Progh\Code\Project_RetroGame\Oplevering\EindProject_FPGA.srcs\sources_1\new\DisplayBullet.vhd:]
WARNING: [filemgmt 56-199] Attempt to get parsing info during refresh. "On-the-fly" syntax checking information may be incorrect. [C:\Progh\Code\Project_RetroGame\Oplevering\EindProject_FPGA.srcs\sources_1\new\DisplayBullet.vhd:]
WARNING: [filemgmt 56-199] Attempt to get parsing info during refresh. "On-the-fly" syntax checking information may be incorrect. [C:\Progh\Code\Project_RetroGame\Oplevering\EindProject_FPGA.srcs\sources_1\new\ControlBullet.vhd:]
WARNING: [filemgmt 56-199] Attempt to get parsing info during refresh. "On-the-fly" syntax checking information may be incorrect. [C:\Progh\Code\Project_RetroGame\Oplevering\EindProject_FPGA.srcs\sources_1\new\DisplayBullet.vhd:]
WARNING: [filemgmt 56-199] Attempt to get parsing info during refresh. "On-the-fly" syntax checking information may be incorrect. [C:\Progh\Code\Project_RetroGame\Oplevering\EindProject_FPGA.srcs\sources_1\new\CharacterController.vhd:]
WARNING: [filemgmt 56-199] Attempt to get parsing info during refresh. "On-the-fly" syntax checking information may be incorrect. [C:\Progh\Code\Project_RetroGame\Oplevering\EindProject_FPGA.srcs\sources_1\imports\Week 5 + 6 - Bounching Square - Ball\DVI.vhd:]
WARNING: [filemgmt 56-199] Attempt to get parsing info during refresh. "On-the-fly" syntax checking information may be incorrect. [C:\Progh\Code\Project_RetroGame\Oplevering\EindProject_FPGA.srcs\sources_1\new\DisplayLives.vhd:]
WARNING: [filemgmt 56-199] Attempt to get parsing info during refresh. "On-the-fly" syntax checking information may be incorrect. [C:\Progh\Code\Project_RetroGame\Oplevering\EindProject_FPGA.srcs\sources_1\new\XY_GEN.vhd:]
WARNING: [filemgmt 56-199] Attempt to get parsing info during refresh. "On-the-fly" syntax checking information may be incorrect. [C:\Progh\Code\Project_RetroGame\Oplevering\EindProject_FPGA.srcs\sources_1\new\DisplayHUD.vhd:]
WARNING: [filemgmt 56-199] Attempt to get parsing info during refresh. "On-the-fly" syntax checking information may be incorrect. [C:\Progh\Code\Project_RetroGame\Oplevering\EindProject_FPGA.srcs\sources_1\new\DisplayHUD.vhd:]
WARNING: [filemgmt 56-199] Attempt to get parsing info during refresh. "On-the-fly" syntax checking information may be incorrect. [C:\Progh\Code\Project_RetroGame\Oplevering\EindProject_FPGA.srcs\sources_1\new\DisplayHUD.vhd:]
WARNING: [filemgmt 56-199] Attempt to get parsing info during refresh. "On-the-fly" syntax checking information may be incorrect. [C:\Progh\Code\Project_RetroGame\Oplevering\EindProject_FPGA.srcs\sources_1\new\ControlBullet.vhd:]
WARNING: [filemgmt 56-199] Attempt to get parsing info during refresh. "On-the-fly" syntax checking information may be incorrect. [C:\Progh\Code\Project_RetroGame\Oplevering\EindProject_FPGA.srcs\sources_1\new\DisplayBullet.vhd:]
WARNING: [filemgmt 56-199] Attempt to get parsing info during refresh. "On-the-fly" syntax checking information may be incorrect. [C:\Progh\Code\Project_RetroGame\Oplevering\EindProject_FPGA.srcs\sources_1\new\CharacterController.vhd:]
WARNING: [filemgmt 56-199] Attempt to get parsing info during refresh. "On-the-fly" syntax checking information may be incorrect. [C:\Progh\Code\Project_RetroGame\Oplevering\EindProject_FPGA.srcs\sources_1\imports\Week 5 + 6 - Bounching Square - Ball\DVI.vhd:]
WARNING: [filemgmt 56-199] Attempt to get parsing info during refresh. "On-the-fly" syntax checking information may be incorrect. [C:\Progh\Code\Project_RetroGame\Oplevering\EindProject_FPGA.srcs\sources_1\new\DisplayLives.vhd:]
WARNING: [filemgmt 56-199] Attempt to get parsing info during refresh. "On-the-fly" syntax checking information may be incorrect. [C:\Progh\Code\Project_RetroGame\Oplevering\EindProject_FPGA.srcs\sources_1\new\XY_GEN.vhd:]
WARNING: [filemgmt 56-199] Attempt to get parsing info during refresh. "On-the-fly" syntax checking information may be incorrect. [C:\Progh\Code\Project_RetroGame\Oplevering\EindProject_FPGA.srcs\sources_1\new\DisplayHUD.vhd:]
WARNING: [filemgmt 56-199] Attempt to get parsing info during refresh. "On-the-fly" syntax checking information may be incorrect. [C:\Progh\Code\Project_RetroGame\Oplevering\EindProject_FPGA.srcs\sources_1\new\XY_GEN.vhd:]
WARNING: [filemgmt 56-199] Attempt to get parsing info during refresh. "On-the-fly" syntax checking information may be incorrect. [C:\Progh\Code\Project_RetroGame\Oplevering\EindProject_FPGA.srcs\sources_1\new\XY_GEN.vhd:]
WARNING: [filemgmt 56-199] Attempt to get parsing info during refresh. "On-the-fly" syntax checking information may be incorrect. [C:\Progh\Code\Project_RetroGame\Oplevering\EindProject_FPGA.srcs\sources_1\new\ControlBullet.vhd:]
WARNING: [filemgmt 56-199] Attempt to get parsing info during refresh. "On-the-fly" syntax checking information may be incorrect. [C:\Progh\Code\Project_RetroGame\Oplevering\EindProject_FPGA.srcs\sources_1\new\DisplayBullet.vhd:]
WARNING: [filemgmt 56-199] Attempt to get parsing info during refresh. "On-the-fly" syntax checking information may be incorrect. [C:\Progh\Code\Project_RetroGame\Oplevering\EindProject_FPGA.srcs\sources_1\new\CharacterController.vhd:]
WARNING: [filemgmt 56-199] Attempt to get parsing info during refresh. "On-the-fly" syntax checking information may be incorrect. [C:\Progh\Code\Project_RetroGame\Oplevering\EindProject_FPGA.srcs\sources_1\imports\Week 5 + 6 - Bounching Square - Ball\DVI.vhd:]
WARNING: [filemgmt 56-199] Attempt to get parsing info during refresh. "On-the-fly" syntax checking information may be incorrect. [C:\Progh\Code\Project_RetroGame\Oplevering\EindProject_FPGA.srcs\sources_1\new\DisplayLives.vhd:]
WARNING: [filemgmt 56-199] Attempt to get parsing info during refresh. "On-the-fly" syntax checking information may be incorrect. [C:\Progh\Code\Project_RetroGame\Oplevering\EindProject_FPGA.srcs\sources_1\new\XY_GEN.vhd:]
WARNING: [filemgmt 56-199] Attempt to get parsing info during refresh. "On-the-fly" syntax checking information may be incorrect. [C:\Progh\Code\Project_RetroGame\Oplevering\EindProject_FPGA.srcs\sources_1\new\DisplayHUD.vhd:]
WARNING: [filemgmt 56-199] Attempt to get parsing info during refresh. "On-the-fly" syntax checking information may be incorrect. [C:\Progh\Code\Project_RetroGame\Oplevering\EindProject_FPGA.srcs\sources_1\new\CharacterController.vhd:]
WARNING: [filemgmt 56-199] Attempt to get parsing info during refresh. "On-the-fly" syntax checking information may be incorrect. [C:\Progh\Code\Project_RetroGame\Oplevering\EindProject_FPGA.srcs\sources_1\new\CharacterController.vhd:]
WARNING: [filemgmt 56-199] Attempt to get parsing info during refresh. "On-the-fly" syntax checking information may be incorrect. [C:\Progh\Code\Project_RetroGame\Oplevering\EindProject_FPGA.srcs\sources_1\new\ControlBullet.vhd:]
WARNING: [filemgmt 56-199] Attempt to get parsing info during refresh. "On-the-fly" syntax checking information may be incorrect. [C:\Progh\Code\Project_RetroGame\Oplevering\EindProject_FPGA.srcs\sources_1\new\DisplayBullet.vhd:]
WARNING: [filemgmt 56-199] Attempt to get parsing info during refresh. "On-the-fly" syntax checking information may be incorrect. [C:\Progh\Code\Project_RetroGame\Oplevering\EindProject_FPGA.srcs\sources_1\new\CharacterController.vhd:]
WARNING: [filemgmt 56-199] Attempt to get parsing info during refresh. "On-the-fly" syntax checking information may be incorrect. [C:\Progh\Code\Project_RetroGame\Oplevering\EindProject_FPGA.srcs\sources_1\imports\Week 5 + 6 - Bounching Square - Ball\DVI.vhd:]
WARNING: [filemgmt 56-199] Attempt to get parsing info during refresh. "On-the-fly" syntax checking information may be incorrect. [C:\Progh\Code\Project_RetroGame\Oplevering\EindProject_FPGA.srcs\sources_1\new\DisplayLives.vhd:]
WARNING: [filemgmt 56-199] Attempt to get parsing info during refresh. "On-the-fly" syntax checking information may be incorrect. [C:\Progh\Code\Project_RetroGame\Oplevering\EindProject_FPGA.srcs\sources_1\new\XY_GEN.vhd:]
WARNING: [filemgmt 56-199] Attempt to get parsing info during refresh. "On-the-fly" syntax checking information may be incorrect. [C:\Progh\Code\Project_RetroGame\Oplevering\EindProject_FPGA.srcs\sources_1\new\DisplayHUD.vhd:]
WARNING: [filemgmt 56-199] Attempt to get parsing info during refresh. "On-the-fly" syntax checking information may be incorrect. [C:\Progh\Code\Project_RetroGame\Oplevering\EindProject_FPGA.srcs\sources_1\new\DisplayBullet.vhd:]
WARNING: [filemgmt 56-199] Attempt to get parsing info during refresh. "On-the-fly" syntax checking information may be incorrect. [C:\Progh\Code\Project_RetroGame\Oplevering\EindProject_FPGA.srcs\sources_1\new\DisplayBullet.vhd:]
WARNING: [filemgmt 56-199] Attempt to get parsing info during refresh. "On-the-fly" syntax checking information may be incorrect. [C:\Progh\Code\Project_RetroGame\Oplevering\EindProject_FPGA.srcs\sources_1\new\ControlBullet.vhd:]
WARNING: [filemgmt 56-199] Attempt to get parsing info during refresh. "On-the-fly" syntax checking information may be incorrect. [C:\Progh\Code\Project_RetroGame\Oplevering\EindProject_FPGA.srcs\sources_1\new\DisplayBullet.vhd:]
WARNING: [filemgmt 56-199] Attempt to get parsing info during refresh. "On-the-fly" syntax checking information may be incorrect. [C:\Progh\Code\Project_RetroGame\Oplevering\EindProject_FPGA.srcs\sources_1\new\CharacterController.vhd:]
WARNING: [filemgmt 56-199] Attempt to get parsing info during refresh. "On-the-fly" syntax checking information may be incorrect. [C:\Progh\Code\Project_RetroGame\Oplevering\EindProject_FPGA.srcs\sources_1\imports\Week 5 + 6 - Bounching Square - Ball\DVI.vhd:]
WARNING: [filemgmt 56-199] Attempt to get parsing info during refresh. "On-the-fly" syntax checking information may be incorrect. [C:\Progh\Code\Project_RetroGame\Oplevering\EindProject_FPGA.srcs\sources_1\new\DisplayLives.vhd:]
WARNING: [filemgmt 56-199] Attempt to get parsing info during refresh. "On-the-fly" syntax checking information may be incorrect. [C:\Progh\Code\Project_RetroGame\Oplevering\EindProject_FPGA.srcs\sources_1\new\XY_GEN.vhd:]
WARNING: [filemgmt 56-199] Attempt to get parsing info during refresh. "On-the-fly" syntax checking information may be incorrect. [C:\Progh\Code\Project_RetroGame\Oplevering\EindProject_FPGA.srcs\sources_1\new\DisplayHUD.vhd:]
WARNING: [filemgmt 56-199] Attempt to get parsing info during refresh. "On-the-fly" syntax checking information may be incorrect. [C:\Progh\Code\Project_RetroGame\Oplevering\EindProject_FPGA.srcs\sources_1\new\DisplayHUD.vhd:]
WARNING: [filemgmt 56-199] Attempt to get parsing info during refresh. "On-the-fly" syntax checking information may be incorrect. [C:\Progh\Code\Project_RetroGame\Oplevering\EindProject_FPGA.srcs\sources_1\new\DisplayHUD.vhd:]
WARNING: [filemgmt 56-199] Attempt to get parsing info during refresh. "On-the-fly" syntax checking information may be incorrect. [C:\Progh\Code\Project_RetroGame\Oplevering\EindProject_FPGA.srcs\sources_1\new\ControlBullet.vhd:]
WARNING: [filemgmt 56-199] Attempt to get parsing info during refresh. "On-the-fly" syntax checking information may be incorrect. [C:\Progh\Code\Project_RetroGame\Oplevering\EindProject_FPGA.srcs\sources_1\new\DisplayBullet.vhd:]
WARNING: [filemgmt 56-199] Attempt to get parsing info during refresh. "On-the-fly" syntax checking information may be incorrect. [C:\Progh\Code\Project_RetroGame\Oplevering\EindProject_FPGA.srcs\sources_1\new\CharacterController.vhd:]
WARNING: [filemgmt 56-199] Attempt to get parsing info during refresh. "On-the-fly" syntax checking information may be incorrect. [C:\Progh\Code\Project_RetroGame\Oplevering\EindProject_FPGA.srcs\sources_1\imports\Week 5 + 6 - Bounching Square - Ball\DVI.vhd:]
WARNING: [filemgmt 56-199] Attempt to get parsing info during refresh. "On-the-fly" syntax checking information may be incorrect. [C:\Progh\Code\Project_RetroGame\Oplevering\EindProject_FPGA.srcs\sources_1\new\DisplayLives.vhd:]
WARNING: [filemgmt 56-199] Attempt to get parsing info during refresh. "On-the-fly" syntax checking information may be incorrect. [C:\Progh\Code\Project_RetroGame\Oplevering\EindProject_FPGA.srcs\sources_1\new\XY_GEN.vhd:]
WARNING: [filemgmt 56-199] Attempt to get parsing info during refresh. "On-the-fly" syntax checking information may be incorrect. [C:\Progh\Code\Project_RetroGame\Oplevering\EindProject_FPGA.srcs\sources_1\new\DisplayHUD.vhd:]
WARNING: [filemgmt 56-199] Attempt to get parsing info during refresh. "On-the-fly" syntax checking information may be incorrect. [C:\Progh\Code\Project_RetroGame\Oplevering\EindProject_FPGA.srcs\sources_1\new\XY_GEN.vhd:]
WARNING: [filemgmt 56-199] Attempt to get parsing info during refresh. "On-the-fly" syntax checking information may be incorrect. [C:\Progh\Code\Project_RetroGame\Oplevering\EindProject_FPGA.srcs\sources_1\new\XY_GEN.vhd:]
WARNING: [filemgmt 56-199] Attempt to get parsing info during refresh. "On-the-fly" syntax checking information may be incorrect. [C:\Progh\Code\Project_RetroGame\Oplevering\EindProject_FPGA.srcs\sources_1\new\ControlBullet.vhd:]
WARNING: [filemgmt 56-199] Attempt to get parsing info during refresh. "On-the-fly" syntax checking information may be incorrect. [C:\Progh\Code\Project_RetroGame\Oplevering\EindProject_FPGA.srcs\sources_1\new\DisplayBullet.vhd:]
WARNING: [filemgmt 56-199] Attempt to get parsing info during refresh. "On-the-fly" syntax checking information may be incorrect. [C:\Progh\Code\Project_RetroGame\Oplevering\EindProject_FPGA.srcs\sources_1\new\CharacterController.vhd:]
WARNING: [filemgmt 56-199] Attempt to get parsing info during refresh. "On-the-fly" syntax checking information may be incorrect. [C:\Progh\Code\Project_RetroGame\Oplevering\EindProject_FPGA.srcs\sources_1\imports\Week 5 + 6 - Bounching Square - Ball\DVI.vhd:]
WARNING: [filemgmt 56-199] Attempt to get parsing info during refresh. "On-the-fly" syntax checking information may be incorrect. [C:\Progh\Code\Project_RetroGame\Oplevering\EindProject_FPGA.srcs\sources_1\new\DisplayLives.vhd:]
WARNING: [filemgmt 56-199] Attempt to get parsing info during refresh. "On-the-fly" syntax checking information may be incorrect. [C:\Progh\Code\Project_RetroGame\Oplevering\EindProject_FPGA.srcs\sources_1\new\XY_GEN.vhd:]
WARNING: [filemgmt 56-199] Attempt to get parsing info during refresh. "On-the-fly" syntax checking information may be incorrect. [C:\Progh\Code\Project_RetroGame\Oplevering\EindProject_FPGA.srcs\sources_1\new\DisplayHUD.vhd:]
WARNING: [filemgmt 56-199] Attempt to get parsing info during refresh. "On-the-fly" syntax checking information may be incorrect. [C:\Progh\Code\Project_RetroGame\Oplevering\EindProject_FPGA.srcs\sources_1\imports\Week 5 + 6 - Bounching Square - Ball\DVI.vhd:]
WARNING: [filemgmt 56-199] Attempt to get parsing info during refresh. "On-the-fly" syntax checking information may be incorrect. [C:\Progh\Code\Project_RetroGame\Oplevering\EindProject_FPGA.srcs\sources_1\imports\Week 5 + 6 - Bounching Square - Ball\DVI.vhd:]
WARNING: [filemgmt 56-199] Attempt to get parsing info during refresh. "On-the-fly" syntax checking information may be incorrect. [C:\Progh\Code\Project_RetroGame\Oplevering\EindProject_FPGA.srcs\sources_1\new\ControlBullet.vhd:]
WARNING: [filemgmt 56-199] Attempt to get parsing info during refresh. "On-the-fly" syntax checking information may be incorrect. [C:\Progh\Code\Project_RetroGame\Oplevering\EindProject_FPGA.srcs\sources_1\new\DisplayBullet.vhd:]
WARNING: [filemgmt 56-199] Attempt to get parsing info during refresh. "On-the-fly" syntax checking information may be incorrect. [C:\Progh\Code\Project_RetroGame\Oplevering\EindProject_FPGA.srcs\sources_1\new\CharacterController.vhd:]
WARNING: [filemgmt 56-199] Attempt to get parsing info during refresh. "On-the-fly" syntax checking information may be incorrect. [C:\Progh\Code\Project_RetroGame\Oplevering\EindProject_FPGA.srcs\sources_1\imports\Week 5 + 6 - Bounching Square - Ball\DVI.vhd:]
WARNING: [filemgmt 56-199] Attempt to get parsing info during refresh. "On-the-fly" syntax checking information may be incorrect. [C:\Progh\Code\Project_RetroGame\Oplevering\EindProject_FPGA.srcs\sources_1\new\DisplayLives.vhd:]
WARNING: [filemgmt 56-199] Attempt to get parsing info during refresh. "On-the-fly" syntax checking information may be incorrect. [C:\Progh\Code\Project_RetroGame\Oplevering\EindProject_FPGA.srcs\sources_1\new\XY_GEN.vhd:]
WARNING: [filemgmt 56-199] Attempt to get parsing info during refresh. "On-the-fly" syntax checking information may be incorrect. [C:\Progh\Code\Project_RetroGame\Oplevering\EindProject_FPGA.srcs\sources_1\new\DisplayHUD.vhd:]
WARNING: [filemgmt 56-199] Attempt to get parsing info during refresh. "On-the-fly" syntax checking information may be incorrect. [C:\Progh\Code\Project_RetroGame\Oplevering\EindProject_FPGA.srcs\sources_1\new\DisplayBullet.vhd:]
WARNING: [filemgmt 56-199] Attempt to get parsing info during refresh. "On-the-fly" syntax checking information may be incorrect. [C:\Progh\Code\Project_RetroGame\Oplevering\EindProject_FPGA.srcs\sources_1\new\DisplayBullet.vhd:]
WARNING: [filemgmt 56-199] Attempt to get parsing info during refresh. "On-the-fly" syntax checking information may be incorrect. [C:\Progh\Code\Project_RetroGame\Oplevering\EindProject_FPGA.srcs\sources_1\new\ControlBullet.vhd:]
WARNING: [filemgmt 56-199] Attempt to get parsing info during refresh. "On-the-fly" syntax checking information may be incorrect. [C:\Progh\Code\Project_RetroGame\Oplevering\EindProject_FPGA.srcs\sources_1\new\DisplayBullet.vhd:]
WARNING: [filemgmt 56-199] Attempt to get parsing info during refresh. "On-the-fly" syntax checking information may be incorrect. [C:\Progh\Code\Project_RetroGame\Oplevering\EindProject_FPGA.srcs\sources_1\new\CharacterController.vhd:]
WARNING: [filemgmt 56-199] Attempt to get parsing info during refresh. "On-the-fly" syntax checking information may be incorrect. [C:\Progh\Code\Project_RetroGame\Oplevering\EindProject_FPGA.srcs\sources_1\imports\Week 5 + 6 - Bounching Square - Ball\DVI.vhd:]
WARNING: [filemgmt 56-199] Attempt to get parsing info during refresh. "On-the-fly" syntax checking information may be incorrect. [C:\Progh\Code\Project_RetroGame\Oplevering\EindProject_FPGA.srcs\sources_1\new\DisplayLives.vhd:]
WARNING: [filemgmt 56-199] Attempt to get parsing info during refresh. "On-the-fly" syntax checking information may be incorrect. [C:\Progh\Code\Project_RetroGame\Oplevering\EindProject_FPGA.srcs\sources_1\new\XY_GEN.vhd:]
WARNING: [filemgmt 56-199] Attempt to get parsing info during refresh. "On-the-fly" syntax checking information may be incorrect. [C:\Progh\Code\Project_RetroGame\Oplevering\EindProject_FPGA.srcs\sources_1\new\DisplayHUD.vhd:]
WARNING: [filemgmt 56-199] Attempt to get parsing info during refresh. "On-the-fly" syntax checking information may be incorrect. [C:\Progh\Code\Project_RetroGame\Oplevering\EindProject_FPGA.srcs\sources_1\new\DisplayHUD.vhd:]
WARNING: [filemgmt 56-199] Attempt to get parsing info during refresh. "On-the-fly" syntax checking information may be incorrect. [C:\Progh\Code\Project_RetroGame\Oplevering\EindProject_FPGA.srcs\sources_1\new\DisplayHUD.vhd:]
WARNING: [filemgmt 56-199] Attempt to get parsing info during refresh. "On-the-fly" syntax checking information may be incorrect. [C:\Progh\Code\Project_RetroGame\Oplevering\EindProject_FPGA.srcs\sources_1\new\ControlBullet.vhd:]
WARNING: [filemgmt 56-199] Attempt to get parsing info during refresh. "On-the-fly" syntax checking information may be incorrect. [C:\Progh\Code\Project_RetroGame\Oplevering\EindProject_FPGA.srcs\sources_1\new\DisplayBullet.vhd:]
WARNING: [filemgmt 56-199] Attempt to get parsing info during refresh. "On-the-fly" syntax checking information may be incorrect. [C:\Progh\Code\Project_RetroGame\Oplevering\EindProject_FPGA.srcs\sources_1\new\CharacterController.vhd:]
WARNING: [filemgmt 56-199] Attempt to get parsing info during refresh. "On-the-fly" syntax checking information may be incorrect. [C:\Progh\Code\Project_RetroGame\Oplevering\EindProject_FPGA.srcs\sources_1\imports\Week 5 + 6 - Bounching Square - Ball\DVI.vhd:]
WARNING: [filemgmt 56-199] Attempt to get parsing info during refresh. "On-the-fly" syntax checking information may be incorrect. [C:\Progh\Code\Project_RetroGame\Oplevering\EindProject_FPGA.srcs\sources_1\new\DisplayLives.vhd:]
WARNING: [filemgmt 56-199] Attempt to get parsing info during refresh. "On-the-fly" syntax checking information may be incorrect. [C:\Progh\Code\Project_RetroGame\Oplevering\EindProject_FPGA.srcs\sources_1\new\XY_GEN.vhd:]
WARNING: [filemgmt 56-199] Attempt to get parsing info during refresh. "On-the-fly" syntax checking information may be incorrect. [C:\Progh\Code\Project_RetroGame\Oplevering\EindProject_FPGA.srcs\sources_1\new\DisplayHUD.vhd:]
WARNING: [filemgmt 56-199] Attempt to get parsing info during refresh. "On-the-fly" syntax checking information may be incorrect. [C:\Progh\Code\Project_RetroGame\Oplevering\EindProject_FPGA.srcs\sources_1\imports\Week 5 + 6 - Bounching Square - Ball\DVI.vhd:]
WARNING: [filemgmt 56-199] Attempt to get parsing info during refresh. "On-the-fly" syntax checking information may be incorrect. [C:\Progh\Code\Project_RetroGame\Oplevering\EindProject_FPGA.srcs\sources_1\imports\Week 5 + 6 - Bounching Square - Ball\DVI.vhd:]
WARNING: [filemgmt 56-199] Attempt to get parsing info during refresh. "On-the-fly" syntax checking information may be incorrect. [C:\Progh\Code\Project_RetroGame\Oplevering\EindProject_FPGA.srcs\sources_1\new\ControlBullet.vhd:]
WARNING: [filemgmt 56-199] Attempt to get parsing info during refresh. "On-the-fly" syntax checking information may be incorrect. [C:\Progh\Code\Project_RetroGame\Oplevering\EindProject_FPGA.srcs\sources_1\new\DisplayBullet.vhd:]
WARNING: [filemgmt 56-199] Attempt to get parsing info during refresh. "On-the-fly" syntax checking information may be incorrect. [C:\Progh\Code\Project_RetroGame\Oplevering\EindProject_FPGA.srcs\sources_1\new\CharacterController.vhd:]
WARNING: [filemgmt 56-199] Attempt to get parsing info during refresh. "On-the-fly" syntax checking information may be incorrect. [C:\Progh\Code\Project_RetroGame\Oplevering\EindProject_FPGA.srcs\sources_1\imports\Week 5 + 6 - Bounching Square - Ball\DVI.vhd:]
WARNING: [filemgmt 56-199] Attempt to get parsing info during refresh. "On-the-fly" syntax checking information may be incorrect. [C:\Progh\Code\Project_RetroGame\Oplevering\EindProject_FPGA.srcs\sources_1\new\DisplayLives.vhd:]
WARNING: [filemgmt 56-199] Attempt to get parsing info during refresh. "On-the-fly" syntax checking information may be incorrect. [C:\Progh\Code\Project_RetroGame\Oplevering\EindProject_FPGA.srcs\sources_1\new\XY_GEN.vhd:]
WARNING: [filemgmt 56-199] Attempt to get parsing info during refresh. "On-the-fly" syntax checking information may be incorrect. [C:\Progh\Code\Project_RetroGame\Oplevering\EindProject_FPGA.srcs\sources_1\new\DisplayHUD.vhd:]
WARNING: [filemgmt 56-199] Attempt to get parsing info during refresh. "On-the-fly" syntax checking information may be incorrect. [C:\Progh\Code\Project_RetroGame\Oplevering\EindProject_FPGA.srcs\sources_1\new\XY_GEN.vhd:]
WARNING: [filemgmt 56-199] Attempt to get parsing info during refresh. "On-the-fly" syntax checking information may be incorrect. [C:\Progh\Code\Project_RetroGame\Oplevering\EindProject_FPGA.srcs\sources_1\new\XY_GEN.vhd:]
ERROR: [Common 17-180] Spawn failed: No such file or directory
WARNING: [filemgmt 56-199] Attempt to get parsing info during refresh. "On-the-fly" syntax checking information may be incorrect. [C:\Progh\Code\Project_RetroGame\Oplevering\EindProject_FPGA.srcs\sources_1\new\ControlBullet.vhd:]
WARNING: [filemgmt 56-199] Attempt to get parsing info during refresh. "On-the-fly" syntax checking information may be incorrect. [C:\Progh\Code\Project_RetroGame\Oplevering\EindProject_FPGA.srcs\sources_1\new\DisplayBullet.vhd:]
WARNING: [filemgmt 56-199] Attempt to get parsing info during refresh. "On-the-fly" syntax checking information may be incorrect. [C:\Progh\Code\Project_RetroGame\Oplevering\EindProject_FPGA.srcs\sources_1\new\CharacterController.vhd:]
WARNING: [filemgmt 56-199] Attempt to get parsing info during refresh. "On-the-fly" syntax checking information may be incorrect. [C:\Progh\Code\Project_RetroGame\Oplevering\EindProject_FPGA.srcs\sources_1\imports\Week 5 + 6 - Bounching Square - Ball\DVI.vhd:]
WARNING: [filemgmt 56-199] Attempt to get parsing info during refresh. "On-the-fly" syntax checking information may be incorrect. [C:\Progh\Code\Project_RetroGame\Oplevering\EindProject_FPGA.srcs\sources_1\new\DisplayLives.vhd:]
WARNING: [filemgmt 56-199] Attempt to get parsing info during refresh. "On-the-fly" syntax checking information may be incorrect. [C:\Progh\Code\Project_RetroGame\Oplevering\EindProject_FPGA.srcs\sources_1\new\XY_GEN.vhd:]
WARNING: [filemgmt 56-199] Attempt to get parsing info during refresh. "On-the-fly" syntax checking information may be incorrect. [C:\Progh\Code\Project_RetroGame\Oplevering\EindProject_FPGA.srcs\sources_1\new\DisplayHUD.vhd:]
WARNING: [filemgmt 56-199] Attempt to get parsing info during refresh. "On-the-fly" syntax checking information may be incorrect. [C:\Progh\Code\Project_RetroGame\Oplevering\EindProject_FPGA.srcs\sources_1\new\XY_GEN.vhd:]
WARNING: [filemgmt 56-199] Attempt to get parsing info during refresh. "On-the-fly" syntax checking information may be incorrect. [C:\Progh\Code\Project_RetroGame\Oplevering\EindProject_FPGA.srcs\sources_1\new\XY_GEN.vhd:]
WARNING: [filemgmt 56-199] Attempt to get parsing info during refresh. "On-the-fly" syntax checking information may be incorrect. [C:\Progh\Code\Project_RetroGame\Oplevering\EindProject_FPGA.srcs\sources_1\new\ControlBullet.vhd:]
WARNING: [filemgmt 56-199] Attempt to get parsing info during refresh. "On-the-fly" syntax checking information may be incorrect. [C:\Progh\Code\Project_RetroGame\Oplevering\EindProject_FPGA.srcs\sources_1\new\DisplayBullet.vhd:]
WARNING: [filemgmt 56-199] Attempt to get parsing info during refresh. "On-the-fly" syntax checking information may be incorrect. [C:\Progh\Code\Project_RetroGame\Oplevering\EindProject_FPGA.srcs\sources_1\new\CharacterController.vhd:]
WARNING: [filemgmt 56-199] Attempt to get parsing info during refresh. "On-the-fly" syntax checking information may be incorrect. [C:\Progh\Code\Project_RetroGame\Oplevering\EindProject_FPGA.srcs\sources_1\imports\Week 5 + 6 - Bounching Square - Ball\DVI.vhd:]
WARNING: [filemgmt 56-199] Attempt to get parsing info during refresh. "On-the-fly" syntax checking information may be incorrect. [C:\Progh\Code\Project_RetroGame\Oplevering\EindProject_FPGA.srcs\sources_1\new\DisplayLives.vhd:]
WARNING: [filemgmt 56-199] Attempt to get parsing info during refresh. "On-the-fly" syntax checking information may be incorrect. [C:\Progh\Code\Project_RetroGame\Oplevering\EindProject_FPGA.srcs\sources_1\new\XY_GEN.vhd:]
WARNING: [filemgmt 56-199] Attempt to get parsing info during refresh. "On-the-fly" syntax checking information may be incorrect. [C:\Progh\Code\Project_RetroGame\Oplevering\EindProject_FPGA.srcs\sources_1\new\DisplayHUD.vhd:]
WARNING: [filemgmt 56-199] Attempt to get parsing info during refresh. "On-the-fly" syntax checking information may be incorrect. [C:\Progh\Code\Project_RetroGame\Oplevering\EindProject_FPGA.srcs\sources_1\new\DisplayHUD.vhd:]
WARNING: [filemgmt 56-199] Attempt to get parsing info during refresh. "On-the-fly" syntax checking information may be incorrect. [C:\Progh\Code\Project_RetroGame\Oplevering\EindProject_FPGA.srcs\sources_1\new\DisplayHUD.vhd:]
WARNING: [filemgmt 56-199] Attempt to get parsing info during refresh. "On-the-fly" syntax checking information may be incorrect. [C:\Progh\Code\Project_RetroGame\Oplevering\EindProject_FPGA.srcs\sources_1\new\ControlBullet.vhd:]
WARNING: [filemgmt 56-199] Attempt to get parsing info during refresh. "On-the-fly" syntax checking information may be incorrect. [C:\Progh\Code\Project_RetroGame\Oplevering\EindProject_FPGA.srcs\sources_1\new\DisplayBullet.vhd:]
WARNING: [filemgmt 56-199] Attempt to get parsing info during refresh. "On-the-fly" syntax checking information may be incorrect. [C:\Progh\Code\Project_RetroGame\Oplevering\EindProject_FPGA.srcs\sources_1\new\CharacterController.vhd:]
WARNING: [filemgmt 56-199] Attempt to get parsing info during refresh. "On-the-fly" syntax checking information may be incorrect. [C:\Progh\Code\Project_RetroGame\Oplevering\EindProject_FPGA.srcs\sources_1\imports\Week 5 + 6 - Bounching Square - Ball\DVI.vhd:]
WARNING: [filemgmt 56-199] Attempt to get parsing info during refresh. "On-the-fly" syntax checking information may be incorrect. [C:\Progh\Code\Project_RetroGame\Oplevering\EindProject_FPGA.srcs\sources_1\new\DisplayLives.vhd:]
WARNING: [filemgmt 56-199] Attempt to get parsing info during refresh. "On-the-fly" syntax checking information may be incorrect. [C:\Progh\Code\Project_RetroGame\Oplevering\EindProject_FPGA.srcs\sources_1\new\XY_GEN.vhd:]
WARNING: [filemgmt 56-199] Attempt to get parsing info during refresh. "On-the-fly" syntax checking information may be incorrect. [C:\Progh\Code\Project_RetroGame\Oplevering\EindProject_FPGA.srcs\sources_1\new\DisplayHUD.vhd:]
WARNING: [filemgmt 56-199] Attempt to get parsing info during refresh. "On-the-fly" syntax checking information may be incorrect. [C:\Progh\Code\Project_RetroGame\Oplevering\EindProject_FPGA.srcs\sources_1\new\CharacterController.vhd:]
WARNING: [filemgmt 56-199] Attempt to get parsing info during refresh. "On-the-fly" syntax checking information may be incorrect. [C:\Progh\Code\Project_RetroGame\Oplevering\EindProject_FPGA.srcs\sources_1\new\CharacterController.vhd:]
WARNING: [filemgmt 56-199] Attempt to get parsing info during refresh. "On-the-fly" syntax checking information may be incorrect. [C:\Progh\Code\Project_RetroGame\Oplevering\EindProject_FPGA.srcs\sources_1\new\ControlBullet.vhd:]
WARNING: [filemgmt 56-199] Attempt to get parsing info during refresh. "On-the-fly" syntax checking information may be incorrect. [C:\Progh\Code\Project_RetroGame\Oplevering\EindProject_FPGA.srcs\sources_1\new\DisplayBullet.vhd:]
WARNING: [filemgmt 56-199] Attempt to get parsing info during refresh. "On-the-fly" syntax checking information may be incorrect. [C:\Progh\Code\Project_RetroGame\Oplevering\EindProject_FPGA.srcs\sources_1\new\CharacterController.vhd:]
WARNING: [filemgmt 56-199] Attempt to get parsing info during refresh. "On-the-fly" syntax checking information may be incorrect. [C:\Progh\Code\Project_RetroGame\Oplevering\EindProject_FPGA.srcs\sources_1\imports\Week 5 + 6 - Bounching Square - Ball\DVI.vhd:]
WARNING: [filemgmt 56-199] Attempt to get parsing info during refresh. "On-the-fly" syntax checking information may be incorrect. [C:\Progh\Code\Project_RetroGame\Oplevering\EindProject_FPGA.srcs\sources_1\new\DisplayLives.vhd:]
WARNING: [filemgmt 56-199] Attempt to get parsing info during refresh. "On-the-fly" syntax checking information may be incorrect. [C:\Progh\Code\Project_RetroGame\Oplevering\EindProject_FPGA.srcs\sources_1\new\XY_GEN.vhd:]
WARNING: [filemgmt 56-199] Attempt to get parsing info during refresh. "On-the-fly" syntax checking information may be incorrect. [C:\Progh\Code\Project_RetroGame\Oplevering\EindProject_FPGA.srcs\sources_1\new\DisplayHUD.vhd:]
WARNING: [filemgmt 56-199] Attempt to get parsing info during refresh. "On-the-fly" syntax checking information may be incorrect. [C:\Progh\Code\Project_RetroGame\Oplevering\EindProject_FPGA.srcs\sources_1\new\DisplayBullet.vhd:]
WARNING: [filemgmt 56-199] Attempt to get parsing info during refresh. "On-the-fly" syntax checking information may be incorrect. [C:\Progh\Code\Project_RetroGame\Oplevering\EindProject_FPGA.srcs\sources_1\new\DisplayBullet.vhd:]
WARNING: [filemgmt 56-199] Attempt to get parsing info during refresh. "On-the-fly" syntax checking information may be incorrect. [C:\Progh\Code\Project_RetroGame\Oplevering\EindProject_FPGA.srcs\sources_1\new\ControlBullet.vhd:]
WARNING: [filemgmt 56-199] Attempt to get parsing info during refresh. "On-the-fly" syntax checking information may be incorrect. [C:\Progh\Code\Project_RetroGame\Oplevering\EindProject_FPGA.srcs\sources_1\new\DisplayBullet.vhd:]
WARNING: [filemgmt 56-199] Attempt to get parsing info during refresh. "On-the-fly" syntax checking information may be incorrect. [C:\Progh\Code\Project_RetroGame\Oplevering\EindProject_FPGA.srcs\sources_1\new\CharacterController.vhd:]
WARNING: [filemgmt 56-199] Attempt to get parsing info during refresh. "On-the-fly" syntax checking information may be incorrect. [C:\Progh\Code\Project_RetroGame\Oplevering\EindProject_FPGA.srcs\sources_1\imports\Week 5 + 6 - Bounching Square - Ball\DVI.vhd:]
WARNING: [filemgmt 56-199] Attempt to get parsing info during refresh. "On-the-fly" syntax checking information may be incorrect. [C:\Progh\Code\Project_RetroGame\Oplevering\EindProject_FPGA.srcs\sources_1\new\DisplayLives.vhd:]
WARNING: [filemgmt 56-199] Attempt to get parsing info during refresh. "On-the-fly" syntax checking information may be incorrect. [C:\Progh\Code\Project_RetroGame\Oplevering\EindProject_FPGA.srcs\sources_1\new\XY_GEN.vhd:]
WARNING: [filemgmt 56-199] Attempt to get parsing info during refresh. "On-the-fly" syntax checking information may be incorrect. [C:\Progh\Code\Project_RetroGame\Oplevering\EindProject_FPGA.srcs\sources_1\new\DisplayHUD.vhd:]
WARNING: [filemgmt 56-199] Attempt to get parsing info during refresh. "On-the-fly" syntax checking information may be incorrect. [C:\Progh\Code\Project_RetroGame\Oplevering\EindProject_FPGA.srcs\sources_1\new\DisplayHUD.vhd:]
WARNING: [filemgmt 56-199] Attempt to get parsing info during refresh. "On-the-fly" syntax checking information may be incorrect. [C:\Progh\Code\Project_RetroGame\Oplevering\EindProject_FPGA.srcs\sources_1\new\DisplayHUD.vhd:]
WARNING: [filemgmt 56-199] Attempt to get parsing info during refresh. "On-the-fly" syntax checking information may be incorrect. [C:\Progh\Code\Project_RetroGame\Oplevering\EindProject_FPGA.srcs\sources_1\new\ControlBullet.vhd:]
WARNING: [filemgmt 56-199] Attempt to get parsing info during refresh. "On-the-fly" syntax checking information may be incorrect. [C:\Progh\Code\Project_RetroGame\Oplevering\EindProject_FPGA.srcs\sources_1\new\DisplayBullet.vhd:]
WARNING: [filemgmt 56-199] Attempt to get parsing info during refresh. "On-the-fly" syntax checking information may be incorrect. [C:\Progh\Code\Project_RetroGame\Oplevering\EindProject_FPGA.srcs\sources_1\new\CharacterController.vhd:]
WARNING: [filemgmt 56-199] Attempt to get parsing info during refresh. "On-the-fly" syntax checking information may be incorrect. [C:\Progh\Code\Project_RetroGame\Oplevering\EindProject_FPGA.srcs\sources_1\imports\Week 5 + 6 - Bounching Square - Ball\DVI.vhd:]
WARNING: [filemgmt 56-199] Attempt to get parsing info during refresh. "On-the-fly" syntax checking information may be incorrect. [C:\Progh\Code\Project_RetroGame\Oplevering\EindProject_FPGA.srcs\sources_1\new\DisplayLives.vhd:]
WARNING: [filemgmt 56-199] Attempt to get parsing info during refresh. "On-the-fly" syntax checking information may be incorrect. [C:\Progh\Code\Project_RetroGame\Oplevering\EindProject_FPGA.srcs\sources_1\new\XY_GEN.vhd:]
WARNING: [filemgmt 56-199] Attempt to get parsing info during refresh. "On-the-fly" syntax checking information may be incorrect. [C:\Progh\Code\Project_RetroGame\Oplevering\EindProject_FPGA.srcs\sources_1\new\DisplayHUD.vhd:]
WARNING: [filemgmt 56-199] Attempt to get parsing info during refresh. "On-the-fly" syntax checking information may be incorrect. [C:\Progh\Code\Project_RetroGame\Oplevering\EindProject_FPGA.srcs\sources_1\new\XY_GEN.vhd:]
WARNING: [filemgmt 56-199] Attempt to get parsing info during refresh. "On-the-fly" syntax checking information may be incorrect. [C:\Progh\Code\Project_RetroGame\Oplevering\EindProject_FPGA.srcs\sources_1\new\XY_GEN.vhd:]
WARNING: [filemgmt 56-199] Attempt to get parsing info during refresh. "On-the-fly" syntax checking information may be incorrect. [C:\Progh\Code\Project_RetroGame\Oplevering\EindProject_FPGA.srcs\sources_1\new\ControlBullet.vhd:]
WARNING: [filemgmt 56-199] Attempt to get parsing info during refresh. "On-the-fly" syntax checking information may be incorrect. [C:\Progh\Code\Project_RetroGame\Oplevering\EindProject_FPGA.srcs\sources_1\new\DisplayBullet.vhd:]
WARNING: [filemgmt 56-199] Attempt to get parsing info during refresh. "On-the-fly" syntax checking information may be incorrect. [C:\Progh\Code\Project_RetroGame\Oplevering\EindProject_FPGA.srcs\sources_1\new\CharacterController.vhd:]
WARNING: [filemgmt 56-199] Attempt to get parsing info during refresh. "On-the-fly" syntax checking information may be incorrect. [C:\Progh\Code\Project_RetroGame\Oplevering\EindProject_FPGA.srcs\sources_1\imports\Week 5 + 6 - Bounching Square - Ball\DVI.vhd:]
WARNING: [filemgmt 56-199] Attempt to get parsing info during refresh. "On-the-fly" syntax checking information may be incorrect. [C:\Progh\Code\Project_RetroGame\Oplevering\EindProject_FPGA.srcs\sources_1\new\DisplayLives.vhd:]
WARNING: [filemgmt 56-199] Attempt to get parsing info during refresh. "On-the-fly" syntax checking information may be incorrect. [C:\Progh\Code\Project_RetroGame\Oplevering\EindProject_FPGA.srcs\sources_1\new\XY_GEN.vhd:]
WARNING: [filemgmt 56-199] Attempt to get parsing info during refresh. "On-the-fly" syntax checking information may be incorrect. [C:\Progh\Code\Project_RetroGame\Oplevering\EindProject_FPGA.srcs\sources_1\new\DisplayHUD.vhd:]
WARNING: [filemgmt 56-199] Attempt to get parsing info during refresh. "On-the-fly" syntax checking information may be incorrect. [C:\Progh\Code\Project_RetroGame\Oplevering\EindProject_FPGA.srcs\sources_1\imports\Week 5 + 6 - Bounching Square - Ball\DVI.vhd:]
WARNING: [filemgmt 56-199] Attempt to get parsing info during refresh. "On-the-fly" syntax checking information may be incorrect. [C:\Progh\Code\Project_RetroGame\Oplevering\EindProject_FPGA.srcs\sources_1\imports\Week 5 + 6 - Bounching Square - Ball\DVI.vhd:]
ERROR: [Common 17-180] Spawn failed: No such file or directory
WARNING: [IP_Flow 19-4067] Ignoring invalid widget type specified checkbox.Providing a default widget
WARNING: [IP_Flow 19-4067] Ignoring invalid widget type specified checkbox.Providing a default widget
create_ip -name blk_mem_gen -vendor xilinx.com -library ip -version 8.4 -module_name blk_mem_gen_12
set_property -dict [list \
  CONFIG.Load_Init_File {false} \
  CONFIG.Memory_Type {Single_Port_ROM} \
  CONFIG.Write_Depth_A {256} \
  CONFIG.Write_Width_A {12} \
] [get_ips blk_mem_gen_12]
generate_target {instantiation_template} [get_files c:/Progh/Code/Project_RetroGame/Oplevering/EindProject_FPGA.srcs/sources_1/ip/blk_mem_gen_12/blk_mem_gen_12.xci]
INFO: [IP_Flow 19-1686] Generating 'Instantiation Template' target for IP 'blk_mem_gen_12'...
WARNING: [filemgmt 56-199] Attempt to get parsing info during refresh. "On-the-fly" syntax checking information may be incorrect. [C:\Progh\Code\Project_RetroGame\Oplevering\EindProject_FPGA.srcs\sources_1\new\ControlBullet.vhd:]
WARNING: [filemgmt 56-199] Attempt to get parsing info during refresh. "On-the-fly" syntax checking information may be incorrect. [C:\Progh\Code\Project_RetroGame\Oplevering\EindProject_FPGA.srcs\sources_1\new\DisplayBullet.vhd:]
WARNING: [filemgmt 56-199] Attempt to get parsing info during refresh. "On-the-fly" syntax checking information may be incorrect. [C:\Progh\Code\Project_RetroGame\Oplevering\EindProject_FPGA.srcs\sources_1\new\CharacterController.vhd:]
WARNING: [filemgmt 56-199] Attempt to get parsing info during refresh. "On-the-fly" syntax checking information may be incorrect. [C:\Progh\Code\Project_RetroGame\Oplevering\EindProject_FPGA.srcs\sources_1\imports\Week 5 + 6 - Bounching Square - Ball\DVI.vhd:]
WARNING: [filemgmt 56-199] Attempt to get parsing info during refresh. "On-the-fly" syntax checking information may be incorrect. [C:\Progh\Code\Project_RetroGame\Oplevering\EindProject_FPGA.srcs\sources_1\new\DisplayLives.vhd:]
WARNING: [filemgmt 56-199] Attempt to get parsing info during refresh. "On-the-fly" syntax checking information may be incorrect. [C:\Progh\Code\Project_RetroGame\Oplevering\EindProject_FPGA.srcs\sources_1\new\XY_GEN.vhd:]
WARNING: [filemgmt 56-199] Attempt to get parsing info during refresh. "On-the-fly" syntax checking information may be incorrect. [C:\Progh\Code\Project_RetroGame\Oplevering\EindProject_FPGA.srcs\sources_1\new\DisplayHUD.vhd:]
WARNING: [filemgmt 56-199] Attempt to get parsing info during refresh. "On-the-fly" syntax checking information may be incorrect. [C:\Progh\Code\Project_RetroGame\Oplevering\EindProject_FPGA.srcs\sources_1\imports\Week 5 + 6 - Bounching Square - Ball\DVI.vhd:]
WARNING: [filemgmt 56-199] Attempt to get parsing info during refresh. "On-the-fly" syntax checking information may be incorrect. [C:\Progh\Code\Project_RetroGame\Oplevering\EindProject_FPGA.srcs\sources_1\imports\Week 5 + 6 - Bounching Square - Ball\DVI.vhd:]
WARNING: [filemgmt 56-199] Attempt to get parsing info during refresh. "On-the-fly" syntax checking information may be incorrect. [C:\Progh\Code\Project_RetroGame\Oplevering\EindProject_FPGA.srcs\sources_1\new\ControlBullet.vhd:]
WARNING: [filemgmt 56-199] Attempt to get parsing info during refresh. "On-the-fly" syntax checking information may be incorrect. [C:\Progh\Code\Project_RetroGame\Oplevering\EindProject_FPGA.srcs\sources_1\new\DisplayBullet.vhd:]
WARNING: [filemgmt 56-199] Attempt to get parsing info during refresh. "On-the-fly" syntax checking information may be incorrect. [C:\Progh\Code\Project_RetroGame\Oplevering\EindProject_FPGA.srcs\sources_1\new\CharacterController.vhd:]
WARNING: [filemgmt 56-199] Attempt to get parsing info during refresh. "On-the-fly" syntax checking information may be incorrect. [C:\Progh\Code\Project_RetroGame\Oplevering\EindProject_FPGA.srcs\sources_1\imports\Week 5 + 6 - Bounching Square - Ball\DVI.vhd:]
WARNING: [filemgmt 56-199] Attempt to get parsing info during refresh. "On-the-fly" syntax checking information may be incorrect. [C:\Progh\Code\Project_RetroGame\Oplevering\EindProject_FPGA.srcs\sources_1\new\DisplayLives.vhd:]
WARNING: [filemgmt 56-199] Attempt to get parsing info during refresh. "On-the-fly" syntax checking information may be incorrect. [C:\Progh\Code\Project_RetroGame\Oplevering\EindProject_FPGA.srcs\sources_1\new\XY_GEN.vhd:]
WARNING: [filemgmt 56-199] Attempt to get parsing info during refresh. "On-the-fly" syntax checking information may be incorrect. [C:\Progh\Code\Project_RetroGame\Oplevering\EindProject_FPGA.srcs\sources_1\new\DisplayHUD.vhd:]
WARNING: [filemgmt 56-199] Attempt to get parsing info during refresh. "On-the-fly" syntax checking information may be incorrect. [C:\Progh\Code\Project_RetroGame\Oplevering\EindProject_FPGA.srcs\sources_1\new\DisplayBullet.vhd:]
WARNING: [filemgmt 56-199] Attempt to get parsing info during refresh. "On-the-fly" syntax checking information may be incorrect. [C:\Progh\Code\Project_RetroGame\Oplevering\EindProject_FPGA.srcs\sources_1\new\DisplayBullet.vhd:]
WARNING: [filemgmt 56-199] Attempt to get parsing info during refresh. "On-the-fly" syntax checking information may be incorrect. [C:\Progh\Code\Project_RetroGame\Oplevering\EindProject_FPGA.srcs\sources_1\new\ControlBullet.vhd:]
WARNING: [filemgmt 56-199] Attempt to get parsing info during refresh. "On-the-fly" syntax checking information may be incorrect. [C:\Progh\Code\Project_RetroGame\Oplevering\EindProject_FPGA.srcs\sources_1\new\DisplayBullet.vhd:]
WARNING: [filemgmt 56-199] Attempt to get parsing info during refresh. "On-the-fly" syntax checking information may be incorrect. [C:\Progh\Code\Project_RetroGame\Oplevering\EindProject_FPGA.srcs\sources_1\new\CharacterController.vhd:]
WARNING: [filemgmt 56-199] Attempt to get parsing info during refresh. "On-the-fly" syntax checking information may be incorrect. [C:\Progh\Code\Project_RetroGame\Oplevering\EindProject_FPGA.srcs\sources_1\imports\Week 5 + 6 - Bounching Square - Ball\DVI.vhd:]
WARNING: [filemgmt 56-199] Attempt to get parsing info during refresh. "On-the-fly" syntax checking information may be incorrect. [C:\Progh\Code\Project_RetroGame\Oplevering\EindProject_FPGA.srcs\sources_1\new\DisplayLives.vhd:]
WARNING: [filemgmt 56-199] Attempt to get parsing info during refresh. "On-the-fly" syntax checking information may be incorrect. [C:\Progh\Code\Project_RetroGame\Oplevering\EindProject_FPGA.srcs\sources_1\new\XY_GEN.vhd:]
WARNING: [filemgmt 56-199] Attempt to get parsing info during refresh. "On-the-fly" syntax checking information may be incorrect. [C:\Progh\Code\Project_RetroGame\Oplevering\EindProject_FPGA.srcs\sources_1\new\DisplayHUD.vhd:]
WARNING: [filemgmt 56-199] Attempt to get parsing info during refresh. "On-the-fly" syntax checking information may be incorrect. [C:\Progh\Code\Project_RetroGame\Oplevering\EindProject_FPGA.srcs\sources_1\new\XY_GEN.vhd:]
WARNING: [filemgmt 56-199] Attempt to get parsing info during refresh. "On-the-fly" syntax checking information may be incorrect. [C:\Progh\Code\Project_RetroGame\Oplevering\EindProject_FPGA.srcs\sources_1\new\XY_GEN.vhd:]
WARNING: [filemgmt 56-199] Attempt to get parsing info during refresh. "On-the-fly" syntax checking information may be incorrect. [C:\Progh\Code\Project_RetroGame\Oplevering\EindProject_FPGA.srcs\sources_1\new\ControlBullet.vhd:]
WARNING: [filemgmt 56-199] Attempt to get parsing info during refresh. "On-the-fly" syntax checking information may be incorrect. [C:\Progh\Code\Project_RetroGame\Oplevering\EindProject_FPGA.srcs\sources_1\new\DisplayBullet.vhd:]
WARNING: [filemgmt 56-199] Attempt to get parsing info during refresh. "On-the-fly" syntax checking information may be incorrect. [C:\Progh\Code\Project_RetroGame\Oplevering\EindProject_FPGA.srcs\sources_1\new\CharacterController.vhd:]
WARNING: [filemgmt 56-199] Attempt to get parsing info during refresh. "On-the-fly" syntax checking information may be incorrect. [C:\Progh\Code\Project_RetroGame\Oplevering\EindProject_FPGA.srcs\sources_1\imports\Week 5 + 6 - Bounching Square - Ball\DVI.vhd:]
WARNING: [filemgmt 56-199] Attempt to get parsing info during refresh. "On-the-fly" syntax checking information may be incorrect. [C:\Progh\Code\Project_RetroGame\Oplevering\EindProject_FPGA.srcs\sources_1\new\DisplayLives.vhd:]
WARNING: [filemgmt 56-199] Attempt to get parsing info during refresh. "On-the-fly" syntax checking information may be incorrect. [C:\Progh\Code\Project_RetroGame\Oplevering\EindProject_FPGA.srcs\sources_1\new\XY_GEN.vhd:]
WARNING: [filemgmt 56-199] Attempt to get parsing info during refresh. "On-the-fly" syntax checking information may be incorrect. [C:\Progh\Code\Project_RetroGame\Oplevering\EindProject_FPGA.srcs\sources_1\new\DisplayHUD.vhd:]
WARNING: [filemgmt 56-199] Attempt to get parsing info during refresh. "On-the-fly" syntax checking information may be incorrect. [C:\Progh\Code\Project_RetroGame\Oplevering\EindProject_FPGA.srcs\sources_1\new\CharacterController.vhd:]
WARNING: [filemgmt 56-199] Attempt to get parsing info during refresh. "On-the-fly" syntax checking information may be incorrect. [C:\Progh\Code\Project_RetroGame\Oplevering\EindProject_FPGA.srcs\sources_1\new\CharacterController.vhd:]
generate_target all [get_files  c:/Progh/Code/Project_RetroGame/Oplevering/EindProject_FPGA.srcs/sources_1/ip/blk_mem_gen_12/blk_mem_gen_12.xci]
INFO: [IP_Flow 19-1686] Generating 'Synthesis' target for IP 'blk_mem_gen_12'...
INFO: [IP_Flow 19-1686] Generating 'Simulation' target for IP 'blk_mem_gen_12'...
INFO: [IP_Flow 19-1686] Generating 'Miscellaneous' target for IP 'blk_mem_gen_12'...
ERROR: [Common 17-180] Spawn failed: No such file or directory
ERROR: [Common 17-39] 'rdi::create_slave' failed due to earlier errors.
CRITICAL WARNING: [IP_Flow 19-1747] Failed to deliver file 'c:/Xilinx/Vivado/2024.1/data/ip/xilinx/blk_mem_gen_v8_4/ttcl/summary.ttcl': 
ERROR: [IP_Flow 19-167] Failed to deliver one or more file(s).
ERROR: [IP_Flow 19-3505] IP Generation error: Failed to generate IP 'blk_mem_gen_12'. Failed to generate 'Miscellaneous' outputs: 
ERROR: [IP_Flow 19-98] Generation of the IP CORE failed.
Failed to generate IP 'blk_mem_gen_12'. Failed to generate 'Miscellaneous' outputs: 
WARNING: [filemgmt 56-199] Attempt to get parsing info during refresh. "On-the-fly" syntax checking information may be incorrect. [C:\Progh\Code\Project_RetroGame\Oplevering\EindProject_FPGA.srcs\sources_1\new\ControlBullet.vhd:]
WARNING: [filemgmt 56-199] Attempt to get parsing info during refresh. "On-the-fly" syntax checking information may be incorrect. [C:\Progh\Code\Project_RetroGame\Oplevering\EindProject_FPGA.srcs\sources_1\new\DisplayBullet.vhd:]
WARNING: [filemgmt 56-199] Attempt to get parsing info during refresh. "On-the-fly" syntax checking information may be incorrect. [C:\Progh\Code\Project_RetroGame\Oplevering\EindProject_FPGA.srcs\sources_1\new\CharacterController.vhd:]
WARNING: [filemgmt 56-199] Attempt to get parsing info during refresh. "On-the-fly" syntax checking information may be incorrect. [C:\Progh\Code\Project_RetroGame\Oplevering\EindProject_FPGA.srcs\sources_1\imports\Week 5 + 6 - Bounching Square - Ball\DVI.vhd:]
WARNING: [filemgmt 56-199] Attempt to get parsing info during refresh. "On-the-fly" syntax checking information may be incorrect. [C:\Progh\Code\Project_RetroGame\Oplevering\EindProject_FPGA.srcs\sources_1\new\DisplayLives.vhd:]
WARNING: [filemgmt 56-199] Attempt to get parsing info during refresh. "On-the-fly" syntax checking information may be incorrect. [C:\Progh\Code\Project_RetroGame\Oplevering\EindProject_FPGA.srcs\sources_1\new\XY_GEN.vhd:]
WARNING: [filemgmt 56-199] Attempt to get parsing info during refresh. "On-the-fly" syntax checking information may be incorrect. [C:\Progh\Code\Project_RetroGame\Oplevering\EindProject_FPGA.srcs\sources_1\new\DisplayHUD.vhd:]
WARNING: [filemgmt 56-199] Attempt to get parsing info during refresh. "On-the-fly" syntax checking information may be incorrect. [C:\Progh\Code\Project_RetroGame\Oplevering\EindProject_FPGA.srcs\sources_1\new\DisplayBullet.vhd:]
WARNING: [filemgmt 56-199] Attempt to get parsing info during refresh. "On-the-fly" syntax checking information may be incorrect. [C:\Progh\Code\Project_RetroGame\Oplevering\EindProject_FPGA.srcs\sources_1\new\DisplayBullet.vhd:]
WARNING: [filemgmt 56-199] Attempt to get parsing info during refresh. "On-the-fly" syntax checking information may be incorrect. [C:\Progh\Code\Project_RetroGame\Oplevering\EindProject_FPGA.srcs\sources_1\new\ControlBullet.vhd:]
WARNING: [filemgmt 56-199] Attempt to get parsing info during refresh. "On-the-fly" syntax checking information may be incorrect. [C:\Progh\Code\Project_RetroGame\Oplevering\EindProject_FPGA.srcs\sources_1\new\DisplayBullet.vhd:]
WARNING: [filemgmt 56-199] Attempt to get parsing info during refresh. "On-the-fly" syntax checking information may be incorrect. [C:\Progh\Code\Project_RetroGame\Oplevering\EindProject_FPGA.srcs\sources_1\new\CharacterController.vhd:]
WARNING: [filemgmt 56-199] Attempt to get parsing info during refresh. "On-the-fly" syntax checking information may be incorrect. [C:\Progh\Code\Project_RetroGame\Oplevering\EindProject_FPGA.srcs\sources_1\imports\Week 5 + 6 - Bounching Square - Ball\DVI.vhd:]
WARNING: [filemgmt 56-199] Attempt to get parsing info during refresh. "On-the-fly" syntax checking information may be incorrect. [C:\Progh\Code\Project_RetroGame\Oplevering\EindProject_FPGA.srcs\sources_1\new\DisplayLives.vhd:]
WARNING: [filemgmt 56-199] Attempt to get parsing info during refresh. "On-the-fly" syntax checking information may be incorrect. [C:\Progh\Code\Project_RetroGame\Oplevering\EindProject_FPGA.srcs\sources_1\new\XY_GEN.vhd:]
WARNING: [filemgmt 56-199] Attempt to get parsing info during refresh. "On-the-fly" syntax checking information may be incorrect. [C:\Progh\Code\Project_RetroGame\Oplevering\EindProject_FPGA.srcs\sources_1\new\DisplayHUD.vhd:]
WARNING: [filemgmt 56-199] Attempt to get parsing info during refresh. "On-the-fly" syntax checking information may be incorrect. [C:\Progh\Code\Project_RetroGame\Oplevering\EindProject_FPGA.srcs\sources_1\new\DisplayHUD.vhd:]
WARNING: [filemgmt 56-199] Attempt to get parsing info during refresh. "On-the-fly" syntax checking information may be incorrect. [C:\Progh\Code\Project_RetroGame\Oplevering\EindProject_FPGA.srcs\sources_1\new\DisplayHUD.vhd:]
WARNING: [filemgmt 56-199] Attempt to get parsing info during refresh. "On-the-fly" syntax checking information may be incorrect. [C:\Progh\Code\Project_RetroGame\Oplevering\EindProject_FPGA.srcs\sources_1\new\ControlBullet.vhd:]
WARNING: [filemgmt 56-199] Attempt to get parsing info during refresh. "On-the-fly" syntax checking information may be incorrect. [C:\Progh\Code\Project_RetroGame\Oplevering\EindProject_FPGA.srcs\sources_1\new\DisplayBullet.vhd:]
WARNING: [filemgmt 56-199] Attempt to get parsing info during refresh. "On-the-fly" syntax checking information may be incorrect. [C:\Progh\Code\Project_RetroGame\Oplevering\EindProject_FPGA.srcs\sources_1\new\CharacterController.vhd:]
WARNING: [filemgmt 56-199] Attempt to get parsing info during refresh. "On-the-fly" syntax checking information may be incorrect. [C:\Progh\Code\Project_RetroGame\Oplevering\EindProject_FPGA.srcs\sources_1\imports\Week 5 + 6 - Bounching Square - Ball\DVI.vhd:]
WARNING: [filemgmt 56-199] Attempt to get parsing info during refresh. "On-the-fly" syntax checking information may be incorrect. [C:\Progh\Code\Project_RetroGame\Oplevering\EindProject_FPGA.srcs\sources_1\new\DisplayLives.vhd:]
WARNING: [filemgmt 56-199] Attempt to get parsing info during refresh. "On-the-fly" syntax checking information may be incorrect. [C:\Progh\Code\Project_RetroGame\Oplevering\EindProject_FPGA.srcs\sources_1\new\XY_GEN.vhd:]
WARNING: [filemgmt 56-199] Attempt to get parsing info during refresh. "On-the-fly" syntax checking information may be incorrect. [C:\Progh\Code\Project_RetroGame\Oplevering\EindProject_FPGA.srcs\sources_1\new\DisplayHUD.vhd:]
WARNING: [filemgmt 56-199] Attempt to get parsing info during refresh. "On-the-fly" syntax checking information may be incorrect. [C:\Progh\Code\Project_RetroGame\Oplevering\EindProject_FPGA.srcs\sources_1\imports\Week 5 + 6 - Bounching Square - Ball\DVI.vhd:]
WARNING: [filemgmt 56-199] Attempt to get parsing info during refresh. "On-the-fly" syntax checking information may be incorrect. [C:\Progh\Code\Project_RetroGame\Oplevering\EindProject_FPGA.srcs\sources_1\imports\Week 5 + 6 - Bounching Square - Ball\DVI.vhd:]
WARNING: [filemgmt 56-199] Attempt to get parsing info during refresh. "On-the-fly" syntax checking information may be incorrect. [C:\Progh\Code\Project_RetroGame\Oplevering\EindProject_FPGA.srcs\sources_1\new\ControlBullet.vhd:]
WARNING: [filemgmt 56-199] Attempt to get parsing info during refresh. "On-the-fly" syntax checking information may be incorrect. [C:\Progh\Code\Project_RetroGame\Oplevering\EindProject_FPGA.srcs\sources_1\new\DisplayBullet.vhd:]
WARNING: [filemgmt 56-199] Attempt to get parsing info during refresh. "On-the-fly" syntax checking information may be incorrect. [C:\Progh\Code\Project_RetroGame\Oplevering\EindProject_FPGA.srcs\sources_1\new\CharacterController.vhd:]
WARNING: [filemgmt 56-199] Attempt to get parsing info during refresh. "On-the-fly" syntax checking information may be incorrect. [C:\Progh\Code\Project_RetroGame\Oplevering\EindProject_FPGA.srcs\sources_1\imports\Week 5 + 6 - Bounching Square - Ball\DVI.vhd:]
WARNING: [filemgmt 56-199] Attempt to get parsing info during refresh. "On-the-fly" syntax checking information may be incorrect. [C:\Progh\Code\Project_RetroGame\Oplevering\EindProject_FPGA.srcs\sources_1\new\DisplayLives.vhd:]
WARNING: [filemgmt 56-199] Attempt to get parsing info during refresh. "On-the-fly" syntax checking information may be incorrect. [C:\Progh\Code\Project_RetroGame\Oplevering\EindProject_FPGA.srcs\sources_1\new\XY_GEN.vhd:]
WARNING: [filemgmt 56-199] Attempt to get parsing info during refresh. "On-the-fly" syntax checking information may be incorrect. [C:\Progh\Code\Project_RetroGame\Oplevering\EindProject_FPGA.srcs\sources_1\new\DisplayHUD.vhd:]
WARNING: [filemgmt 56-199] Attempt to get parsing info during refresh. "On-the-fly" syntax checking information may be incorrect. [C:\Progh\Code\Project_RetroGame\Oplevering\EindProject_FPGA.srcs\sources_1\new\XY_GEN.vhd:]
WARNING: [filemgmt 56-199] Attempt to get parsing info during refresh. "On-the-fly" syntax checking information may be incorrect. [C:\Progh\Code\Project_RetroGame\Oplevering\EindProject_FPGA.srcs\sources_1\new\XY_GEN.vhd:]
WARNING: [IP_Flow 19-4067] Ignoring invalid widget type specified checkbox.Providing a default widget
WARNING: [IP_Flow 19-4067] Ignoring invalid widget type specified checkbox.Providing a default widget
set_property CONFIG.Write_Width_A {12} [get_ips blk_mem_gen_10]
WARNING: [filemgmt 56-199] Attempt to get parsing info during refresh. "On-the-fly" syntax checking information may be incorrect. [C:\Progh\Code\Project_RetroGame\Oplevering\EindProject_FPGA.srcs\sources_1\new\ControlBullet.vhd:]
WARNING: [filemgmt 56-199] Attempt to get parsing info during refresh. "On-the-fly" syntax checking information may be incorrect. [C:\Progh\Code\Project_RetroGame\Oplevering\EindProject_FPGA.srcs\sources_1\new\DisplayBullet.vhd:]
WARNING: [filemgmt 56-199] Attempt to get parsing info during refresh. "On-the-fly" syntax checking information may be incorrect. [C:\Progh\Code\Project_RetroGame\Oplevering\EindProject_FPGA.srcs\sources_1\new\CharacterController.vhd:]
WARNING: [filemgmt 56-199] Attempt to get parsing info during refresh. "On-the-fly" syntax checking information may be incorrect. [C:\Progh\Code\Project_RetroGame\Oplevering\EindProject_FPGA.srcs\sources_1\imports\Week 5 + 6 - Bounching Square - Ball\DVI.vhd:]
WARNING: [filemgmt 56-199] Attempt to get parsing info during refresh. "On-the-fly" syntax checking information may be incorrect. [C:\Progh\Code\Project_RetroGame\Oplevering\EindProject_FPGA.srcs\sources_1\new\DisplayLives.vhd:]
WARNING: [filemgmt 56-199] Attempt to get parsing info during refresh. "On-the-fly" syntax checking information may be incorrect. [C:\Progh\Code\Project_RetroGame\Oplevering\EindProject_FPGA.srcs\sources_1\new\XY_GEN.vhd:]
WARNING: [filemgmt 56-199] Attempt to get parsing info during refresh. "On-the-fly" syntax checking information may be incorrect. [C:\Progh\Code\Project_RetroGame\Oplevering\EindProject_FPGA.srcs\sources_1\new\DisplayHUD.vhd:]
WARNING: [filemgmt 56-199] Attempt to get parsing info during refresh. "On-the-fly" syntax checking information may be incorrect. [C:\Progh\Code\Project_RetroGame\Oplevering\EindProject_FPGA.srcs\sources_1\new\DisplayBullet.vhd:]
WARNING: [filemgmt 56-199] Attempt to get parsing info during refresh. "On-the-fly" syntax checking information may be incorrect. [C:\Progh\Code\Project_RetroGame\Oplevering\EindProject_FPGA.srcs\sources_1\new\DisplayBullet.vhd:]
generate_target all [get_files  c:/Progh/Code/Project_RetroGame/Oplevering/EindProject_FPGA.srcs/sources_1/ip/blk_mem_gen_10/blk_mem_gen_10.xci]
INFO: [IP_Flow 19-1686] Generating 'Instantiation Template' target for IP 'blk_mem_gen_10'...
WARNING: [filemgmt 56-199] Attempt to get parsing info during refresh. "On-the-fly" syntax checking information may be incorrect. [C:\Progh\Code\Project_RetroGame\Oplevering\EindProject_FPGA.srcs\sources_1\new\ControlBullet.vhd:]
WARNING: [filemgmt 56-199] Attempt to get parsing info during refresh. "On-the-fly" syntax checking information may be incorrect. [C:\Progh\Code\Project_RetroGame\Oplevering\EindProject_FPGA.srcs\sources_1\new\DisplayBullet.vhd:]
WARNING: [filemgmt 56-199] Attempt to get parsing info during refresh. "On-the-fly" syntax checking information may be incorrect. [C:\Progh\Code\Project_RetroGame\Oplevering\EindProject_FPGA.srcs\sources_1\new\CharacterController.vhd:]
WARNING: [filemgmt 56-199] Attempt to get parsing info during refresh. "On-the-fly" syntax checking information may be incorrect. [C:\Progh\Code\Project_RetroGame\Oplevering\EindProject_FPGA.srcs\sources_1\imports\Week 5 + 6 - Bounching Square - Ball\DVI.vhd:]
WARNING: [filemgmt 56-199] Attempt to get parsing info during refresh. "On-the-fly" syntax checking information may be incorrect. [C:\Progh\Code\Project_RetroGame\Oplevering\EindProject_FPGA.srcs\sources_1\new\DisplayLives.vhd:]
WARNING: [filemgmt 56-199] Attempt to get parsing info during refresh. "On-the-fly" syntax checking information may be incorrect. [C:\Progh\Code\Project_RetroGame\Oplevering\EindProject_FPGA.srcs\sources_1\new\XY_GEN.vhd:]
WARNING: [filemgmt 56-199] Attempt to get parsing info during refresh. "On-the-fly" syntax checking information may be incorrect. [C:\Progh\Code\Project_RetroGame\Oplevering\EindProject_FPGA.srcs\sources_1\new\DisplayHUD.vhd:]
INFO: [IP_Flow 19-1686] Generating 'Synthesis' target for IP 'blk_mem_gen_10'...
WARNING: [filemgmt 56-199] Attempt to get parsing info during refresh. "On-the-fly" syntax checking information may be incorrect. [C:\Progh\Code\Project_RetroGame\Oplevering\EindProject_FPGA.srcs\sources_1\new\DisplayHUD.vhd:]
WARNING: [filemgmt 56-199] Attempt to get parsing info during refresh. "On-the-fly" syntax checking information may be incorrect. [C:\Progh\Code\Project_RetroGame\Oplevering\EindProject_FPGA.srcs\sources_1\new\DisplayHUD.vhd:]
INFO: [IP_Flow 19-1686] Generating 'Simulation' target for IP 'blk_mem_gen_10'...
INFO: [IP_Flow 19-1686] Generating 'Miscellaneous' target for IP 'blk_mem_gen_10'...
INFO: [IP_Flow 19-1686] Generating 'Change Log' target for IP 'blk_mem_gen_10'...
catch { config_ip_cache -export [get_ips -all blk_mem_gen_10] }
INFO: [IP_Flow 19-6924] IPCACHE: Running cache check for IP inst: blk_mem_gen_10
export_ip_user_files -of_objects [get_files c:/Progh/Code/Project_RetroGame/Oplevering/EindProject_FPGA.srcs/sources_1/ip/blk_mem_gen_10/blk_mem_gen_10.xci] -no_script -sync -force -quiet
INFO: [Vivado 12-23855] The given sub-design is auto disabled, no action will be taken: 'c:/Progh/Code/Project_RetroGame/Oplevering/EindProject_FPGA.srcs/sources_1/ip/blk_mem_gen_10/blk_mem_gen_10.xci'
export_simulation -of_objects [get_files c:/Progh/Code/Project_RetroGame/Oplevering/EindProject_FPGA.srcs/sources_1/ip/blk_mem_gen_10/blk_mem_gen_10.xci] -directory C:/Progh/Code/Project_RetroGame/Oplevering/EindProject_FPGA.ip_user_files/sim_scripts -ip_user_files_dir C:/Progh/Code/Project_RetroGame/Oplevering/EindProject_FPGA.ip_user_files -ipstatic_source_dir C:/Progh/Code/Project_RetroGame/Oplevering/EindProject_FPGA.ip_user_files/ipstatic -lib_map_path [list {modelsim=C:/Progh/Code/Project_RetroGame/Oplevering/EindProject_FPGA.cache/compile_simlib/modelsim} {questa=C:/Progh/Code/Project_RetroGame/Oplevering/EindProject_FPGA.cache/compile_simlib/questa} {riviera=C:/Progh/Code/Project_RetroGame/Oplevering/EindProject_FPGA.cache/compile_simlib/riviera} {activehdl=C:/Progh/Code/Project_RetroGame/Oplevering/EindProject_FPGA.cache/compile_simlib/activehdl}] -use_ip_compiled_libs -force -quiet
WARNING: [IP_Flow 19-4067] Ignoring invalid widget type specified checkbox.Providing a default widget
WARNING: [IP_Flow 19-4067] Ignoring invalid widget type specified checkbox.Providing a default widget
set_property CONFIG.Write_Width_A {12} [get_ips blk_mem_gen_11]
generate_target all [get_files  c:/Progh/Code/Project_RetroGame/Oplevering/EindProject_FPGA.srcs/sources_1/ip/blk_mem_gen_11/blk_mem_gen_11.xci]
INFO: [IP_Flow 19-1686] Generating 'Instantiation Template' target for IP 'blk_mem_gen_11'...
INFO: [IP_Flow 19-1686] Generating 'Synthesis' target for IP 'blk_mem_gen_11'...
INFO: [IP_Flow 19-1686] Generating 'Simulation' target for IP 'blk_mem_gen_11'...
INFO: [IP_Flow 19-1686] Generating 'Miscellaneous' target for IP 'blk_mem_gen_11'...
INFO: [IP_Flow 19-1686] Generating 'Change Log' target for IP 'blk_mem_gen_11'...
catch { config_ip_cache -export [get_ips -all blk_mem_gen_11] }
INFO: [IP_Flow 19-6924] IPCACHE: Running cache check for IP inst: blk_mem_gen_11
export_ip_user_files -of_objects [get_files c:/Progh/Code/Project_RetroGame/Oplevering/EindProject_FPGA.srcs/sources_1/ip/blk_mem_gen_11/blk_mem_gen_11.xci] -no_script -sync -force -quiet
INFO: [Vivado 12-23855] The given sub-design is auto disabled, no action will be taken: 'c:/Progh/Code/Project_RetroGame/Oplevering/EindProject_FPGA.srcs/sources_1/ip/blk_mem_gen_11/blk_mem_gen_11.xci'
export_simulation -of_objects [get_files c:/Progh/Code/Project_RetroGame/Oplevering/EindProject_FPGA.srcs/sources_1/ip/blk_mem_gen_11/blk_mem_gen_11.xci] -directory C:/Progh/Code/Project_RetroGame/Oplevering/EindProject_FPGA.ip_user_files/sim_scripts -ip_user_files_dir C:/Progh/Code/Project_RetroGame/Oplevering/EindProject_FPGA.ip_user_files -ipstatic_source_dir C:/Progh/Code/Project_RetroGame/Oplevering/EindProject_FPGA.ip_user_files/ipstatic -lib_map_path [list {modelsim=C:/Progh/Code/Project_RetroGame/Oplevering/EindProject_FPGA.cache/compile_simlib/modelsim} {questa=C:/Progh/Code/Project_RetroGame/Oplevering/EindProject_FPGA.cache/compile_simlib/questa} {riviera=C:/Progh/Code/Project_RetroGame/Oplevering/EindProject_FPGA.cache/compile_simlib/riviera} {activehdl=C:/Progh/Code/Project_RetroGame/Oplevering/EindProject_FPGA.cache/compile_simlib/activehdl}] -use_ip_compiled_libs -force -quiet
update_compile_order -fileset sources_1
WARNING: [filemgmt 56-199] Attempt to get parsing info during refresh. "On-the-fly" syntax checking information may be incorrect. [C:\Progh\Code\Project_RetroGame\Oplevering\EindProject_FPGA.srcs\sources_1\new\ControlBullet.vhd:]
WARNING: [filemgmt 56-199] Attempt to get parsing info during refresh. "On-the-fly" syntax checking information may be incorrect. [C:\Progh\Code\Project_RetroGame\Oplevering\EindProject_FPGA.srcs\sources_1\new\DisplayBullet.vhd:]
WARNING: [filemgmt 56-199] Attempt to get parsing info during refresh. "On-the-fly" syntax checking information may be incorrect. [C:\Progh\Code\Project_RetroGame\Oplevering\EindProject_FPGA.srcs\sources_1\new\CharacterController.vhd:]
WARNING: [filemgmt 56-199] Attempt to get parsing info during refresh. "On-the-fly" syntax checking information may be incorrect. [C:\Progh\Code\Project_RetroGame\Oplevering\EindProject_FPGA.srcs\sources_1\imports\Week 5 + 6 - Bounching Square - Ball\DVI.vhd:]
WARNING: [filemgmt 56-199] Attempt to get parsing info during refresh. "On-the-fly" syntax checking information may be incorrect. [C:\Progh\Code\Project_RetroGame\Oplevering\EindProject_FPGA.srcs\sources_1\new\DisplayLives.vhd:]
WARNING: [filemgmt 56-199] Attempt to get parsing info during refresh. "On-the-fly" syntax checking information may be incorrect. [C:\Progh\Code\Project_RetroGame\Oplevering\EindProject_FPGA.srcs\sources_1\new\XY_GEN.vhd:]
WARNING: [filemgmt 56-199] Attempt to get parsing info during refresh. "On-the-fly" syntax checking information may be incorrect. [C:\Progh\Code\Project_RetroGame\Oplevering\EindProject_FPGA.srcs\sources_1\new\DisplayHUD.vhd:]
WARNING: [filemgmt 56-199] Attempt to get parsing info during refresh. "On-the-fly" syntax checking information may be incorrect. [C:\Progh\Code\Project_RetroGame\Oplevering\EindProject_FPGA.srcs\sources_1\new\DisplayBullet.vhd:]
WARNING: [filemgmt 56-199] Attempt to get parsing info during refresh. "On-the-fly" syntax checking information may be incorrect. [C:\Progh\Code\Project_RetroGame\Oplevering\EindProject_FPGA.srcs\sources_1\new\DisplayBullet.vhd:]
WARNING: [filemgmt 56-199] Attempt to get parsing info during refresh. "On-the-fly" syntax checking information may be incorrect. [C:\Progh\Code\Project_RetroGame\Oplevering\EindProject_FPGA.srcs\sources_1\new\ControlBullet.vhd:]
WARNING: [filemgmt 56-199] Attempt to get parsing info during refresh. "On-the-fly" syntax checking information may be incorrect. [C:\Progh\Code\Project_RetroGame\Oplevering\EindProject_FPGA.srcs\sources_1\new\DisplayBullet.vhd:]
WARNING: [filemgmt 56-199] Attempt to get parsing info during refresh. "On-the-fly" syntax checking information may be incorrect. [C:\Progh\Code\Project_RetroGame\Oplevering\EindProject_FPGA.srcs\sources_1\new\CharacterController.vhd:]
WARNING: [filemgmt 56-199] Attempt to get parsing info during refresh. "On-the-fly" syntax checking information may be incorrect. [C:\Progh\Code\Project_RetroGame\Oplevering\EindProject_FPGA.srcs\sources_1\imports\Week 5 + 6 - Bounching Square - Ball\DVI.vhd:]
WARNING: [filemgmt 56-199] Attempt to get parsing info during refresh. "On-the-fly" syntax checking information may be incorrect. [C:\Progh\Code\Project_RetroGame\Oplevering\EindProject_FPGA.srcs\sources_1\new\DisplayLives.vhd:]
WARNING: [filemgmt 56-199] Attempt to get parsing info during refresh. "On-the-fly" syntax checking information may be incorrect. [C:\Progh\Code\Project_RetroGame\Oplevering\EindProject_FPGA.srcs\sources_1\new\XY_GEN.vhd:]
WARNING: [filemgmt 56-199] Attempt to get parsing info during refresh. "On-the-fly" syntax checking information may be incorrect. [C:\Progh\Code\Project_RetroGame\Oplevering\EindProject_FPGA.srcs\sources_1\new\DisplayHUD.vhd:]
WARNING: [filemgmt 56-199] Attempt to get parsing info during refresh. "On-the-fly" syntax checking information may be incorrect. [C:\Progh\Code\Project_RetroGame\Oplevering\EindProject_FPGA.srcs\sources_1\new\DisplayHUD.vhd:]
WARNING: [filemgmt 56-199] Attempt to get parsing info during refresh. "On-the-fly" syntax checking information may be incorrect. [C:\Progh\Code\Project_RetroGame\Oplevering\EindProject_FPGA.srcs\sources_1\new\DisplayHUD.vhd:]
WARNING: [filemgmt 56-199] Attempt to get parsing info during refresh. "On-the-fly" syntax checking information may be incorrect. [C:\Progh\Code\Project_RetroGame\Oplevering\EindProject_FPGA.srcs\sources_1\new\ControlBullet.vhd:]
WARNING: [filemgmt 56-199] Attempt to get parsing info during refresh. "On-the-fly" syntax checking information may be incorrect. [C:\Progh\Code\Project_RetroGame\Oplevering\EindProject_FPGA.srcs\sources_1\new\DisplayBullet.vhd:]
WARNING: [filemgmt 56-199] Attempt to get parsing info during refresh. "On-the-fly" syntax checking information may be incorrect. [C:\Progh\Code\Project_RetroGame\Oplevering\EindProject_FPGA.srcs\sources_1\new\CharacterController.vhd:]
WARNING: [filemgmt 56-199] Attempt to get parsing info during refresh. "On-the-fly" syntax checking information may be incorrect. [C:\Progh\Code\Project_RetroGame\Oplevering\EindProject_FPGA.srcs\sources_1\imports\Week 5 + 6 - Bounching Square - Ball\DVI.vhd:]
WARNING: [filemgmt 56-199] Attempt to get parsing info during refresh. "On-the-fly" syntax checking information may be incorrect. [C:\Progh\Code\Project_RetroGame\Oplevering\EindProject_FPGA.srcs\sources_1\new\DisplayLives.vhd:]
WARNING: [filemgmt 56-199] Attempt to get parsing info during refresh. "On-the-fly" syntax checking information may be incorrect. [C:\Progh\Code\Project_RetroGame\Oplevering\EindProject_FPGA.srcs\sources_1\new\XY_GEN.vhd:]
WARNING: [filemgmt 56-199] Attempt to get parsing info during refresh. "On-the-fly" syntax checking information may be incorrect. [C:\Progh\Code\Project_RetroGame\Oplevering\EindProject_FPGA.srcs\sources_1\new\DisplayHUD.vhd:]
WARNING: [filemgmt 56-199] Attempt to get parsing info during refresh. "On-the-fly" syntax checking information may be incorrect. [C:\Progh\Code\Project_RetroGame\Oplevering\EindProject_FPGA.srcs\sources_1\imports\Week 5 + 6 - Bounching Square - Ball\DVI.vhd:]
WARNING: [filemgmt 56-199] Attempt to get parsing info during refresh. "On-the-fly" syntax checking information may be incorrect. [C:\Progh\Code\Project_RetroGame\Oplevering\EindProject_FPGA.srcs\sources_1\imports\Week 5 + 6 - Bounching Square - Ball\DVI.vhd:]
WARNING: [filemgmt 56-199] Attempt to get parsing info during refresh. "On-the-fly" syntax checking information may be incorrect. [C:\Progh\Code\Project_RetroGame\Oplevering\EindProject_FPGA.srcs\sources_1\new\ControlBullet.vhd:]
WARNING: [filemgmt 56-199] Attempt to get parsing info during refresh. "On-the-fly" syntax checking information may be incorrect. [C:\Progh\Code\Project_RetroGame\Oplevering\EindProject_FPGA.srcs\sources_1\new\DisplayBullet.vhd:]
WARNING: [filemgmt 56-199] Attempt to get parsing info during refresh. "On-the-fly" syntax checking information may be incorrect. [C:\Progh\Code\Project_RetroGame\Oplevering\EindProject_FPGA.srcs\sources_1\new\CharacterController.vhd:]
WARNING: [filemgmt 56-199] Attempt to get parsing info during refresh. "On-the-fly" syntax checking information may be incorrect. [C:\Progh\Code\Project_RetroGame\Oplevering\EindProject_FPGA.srcs\sources_1\imports\Week 5 + 6 - Bounching Square - Ball\DVI.vhd:]
WARNING: [filemgmt 56-199] Attempt to get parsing info during refresh. "On-the-fly" syntax checking information may be incorrect. [C:\Progh\Code\Project_RetroGame\Oplevering\EindProject_FPGA.srcs\sources_1\new\DisplayLives.vhd:]
WARNING: [filemgmt 56-199] Attempt to get parsing info during refresh. "On-the-fly" syntax checking information may be incorrect. [C:\Progh\Code\Project_RetroGame\Oplevering\EindProject_FPGA.srcs\sources_1\new\XY_GEN.vhd:]
WARNING: [filemgmt 56-199] Attempt to get parsing info during refresh. "On-the-fly" syntax checking information may be incorrect. [C:\Progh\Code\Project_RetroGame\Oplevering\EindProject_FPGA.srcs\sources_1\new\DisplayHUD.vhd:]
WARNING: [filemgmt 56-199] Attempt to get parsing info during refresh. "On-the-fly" syntax checking information may be incorrect. [C:\Progh\Code\Project_RetroGame\Oplevering\EindProject_FPGA.srcs\sources_1\new\XY_GEN.vhd:]
WARNING: [filemgmt 56-199] Attempt to get parsing info during refresh. "On-the-fly" syntax checking information may be incorrect. [C:\Progh\Code\Project_RetroGame\Oplevering\EindProject_FPGA.srcs\sources_1\new\XY_GEN.vhd:]
WARNING: [IP_Flow 19-4067] Ignoring invalid widget type specified checkbox.Providing a default widget
WARNING: [IP_Flow 19-4067] Ignoring invalid widget type specified checkbox.Providing a default widget
create_ip -name blk_mem_gen -vendor xilinx.com -library ip -version 8.4 -module_name blk_mem_gen_13
set_property -dict [list \
  CONFIG.Memory_Type {Single_Port_ROM} \
  CONFIG.Write_Depth_A {256} \
  CONFIG.Write_Width_A {12} \
] [get_ips blk_mem_gen_13]
generate_target {instantiation_template} [get_files c:/Progh/Code/Project_RetroGame/Oplevering/EindProject_FPGA.srcs/sources_1/ip/blk_mem_gen_13/blk_mem_gen_13.xci]
INFO: [IP_Flow 19-1686] Generating 'Instantiation Template' target for IP 'blk_mem_gen_13'...
WARNING: [filemgmt 56-199] Attempt to get parsing info during refresh. "On-the-fly" syntax checking information may be incorrect. [C:\Progh\Code\Project_RetroGame\Oplevering\EindProject_FPGA.srcs\sources_1\new\ControlBullet.vhd:]
WARNING: [filemgmt 56-199] Attempt to get parsing info during refresh. "On-the-fly" syntax checking information may be incorrect. [C:\Progh\Code\Project_RetroGame\Oplevering\EindProject_FPGA.srcs\sources_1\new\DisplayBullet.vhd:]
WARNING: [filemgmt 56-199] Attempt to get parsing info during refresh. "On-the-fly" syntax checking information may be incorrect. [C:\Progh\Code\Project_RetroGame\Oplevering\EindProject_FPGA.srcs\sources_1\new\CharacterController.vhd:]
WARNING: [filemgmt 56-199] Attempt to get parsing info during refresh. "On-the-fly" syntax checking information may be incorrect. [C:\Progh\Code\Project_RetroGame\Oplevering\EindProject_FPGA.srcs\sources_1\imports\Week 5 + 6 - Bounching Square - Ball\DVI.vhd:]
WARNING: [filemgmt 56-199] Attempt to get parsing info during refresh. "On-the-fly" syntax checking information may be incorrect. [C:\Progh\Code\Project_RetroGame\Oplevering\EindProject_FPGA.srcs\sources_1\new\DisplayLives.vhd:]
WARNING: [filemgmt 56-199] Attempt to get parsing info during refresh. "On-the-fly" syntax checking information may be incorrect. [C:\Progh\Code\Project_RetroGame\Oplevering\EindProject_FPGA.srcs\sources_1\new\XY_GEN.vhd:]
WARNING: [filemgmt 56-199] Attempt to get parsing info during refresh. "On-the-fly" syntax checking information may be incorrect. [C:\Progh\Code\Project_RetroGame\Oplevering\EindProject_FPGA.srcs\sources_1\new\DisplayHUD.vhd:]
WARNING: [filemgmt 56-199] Attempt to get parsing info during refresh. "On-the-fly" syntax checking information may be incorrect. [C:\Progh\Code\Project_RetroGame\Oplevering\EindProject_FPGA.srcs\sources_1\new\DisplayBullet.vhd:]
WARNING: [filemgmt 56-199] Attempt to get parsing info during refresh. "On-the-fly" syntax checking information may be incorrect. [C:\Progh\Code\Project_RetroGame\Oplevering\EindProject_FPGA.srcs\sources_1\new\DisplayBullet.vhd:]
WARNING: [filemgmt 56-199] Attempt to get parsing info during refresh. "On-the-fly" syntax checking information may be incorrect. [C:\Progh\Code\Project_RetroGame\Oplevering\EindProject_FPGA.srcs\sources_1\new\ControlBullet.vhd:]
WARNING: [filemgmt 56-199] Attempt to get parsing info during refresh. "On-the-fly" syntax checking information may be incorrect. [C:\Progh\Code\Project_RetroGame\Oplevering\EindProject_FPGA.srcs\sources_1\new\DisplayBullet.vhd:]
WARNING: [filemgmt 56-199] Attempt to get parsing info during refresh. "On-the-fly" syntax checking information may be incorrect. [C:\Progh\Code\Project_RetroGame\Oplevering\EindProject_FPGA.srcs\sources_1\new\CharacterController.vhd:]
WARNING: [filemgmt 56-199] Attempt to get parsing info during refresh. "On-the-fly" syntax checking information may be incorrect. [C:\Progh\Code\Project_RetroGame\Oplevering\EindProject_FPGA.srcs\sources_1\imports\Week 5 + 6 - Bounching Square - Ball\DVI.vhd:]
WARNING: [filemgmt 56-199] Attempt to get parsing info during refresh. "On-the-fly" syntax checking information may be incorrect. [C:\Progh\Code\Project_RetroGame\Oplevering\EindProject_FPGA.srcs\sources_1\new\DisplayLives.vhd:]
WARNING: [filemgmt 56-199] Attempt to get parsing info during refresh. "On-the-fly" syntax checking information may be incorrect. [C:\Progh\Code\Project_RetroGame\Oplevering\EindProject_FPGA.srcs\sources_1\new\XY_GEN.vhd:]
WARNING: [filemgmt 56-199] Attempt to get parsing info during refresh. "On-the-fly" syntax checking information may be incorrect. [C:\Progh\Code\Project_RetroGame\Oplevering\EindProject_FPGA.srcs\sources_1\new\DisplayHUD.vhd:]
WARNING: [filemgmt 56-199] Attempt to get parsing info during refresh. "On-the-fly" syntax checking information may be incorrect. [C:\Progh\Code\Project_RetroGame\Oplevering\EindProject_FPGA.srcs\sources_1\imports\Week 5 + 6 - Bounching Square - Ball\DVI.vhd:]
WARNING: [filemgmt 56-199] Attempt to get parsing info during refresh. "On-the-fly" syntax checking information may be incorrect. [C:\Progh\Code\Project_RetroGame\Oplevering\EindProject_FPGA.srcs\sources_1\imports\Week 5 + 6 - Bounching Square - Ball\DVI.vhd:]
WARNING: [filemgmt 56-199] Attempt to get parsing info during refresh. "On-the-fly" syntax checking information may be incorrect. [C:\Progh\Code\Project_RetroGame\Oplevering\EindProject_FPGA.srcs\sources_1\new\ControlBullet.vhd:]
WARNING: [filemgmt 56-199] Attempt to get parsing info during refresh. "On-the-fly" syntax checking information may be incorrect. [C:\Progh\Code\Project_RetroGame\Oplevering\EindProject_FPGA.srcs\sources_1\new\DisplayBullet.vhd:]
WARNING: [filemgmt 56-199] Attempt to get parsing info during refresh. "On-the-fly" syntax checking information may be incorrect. [C:\Progh\Code\Project_RetroGame\Oplevering\EindProject_FPGA.srcs\sources_1\new\CharacterController.vhd:]
WARNING: [filemgmt 56-199] Attempt to get parsing info during refresh. "On-the-fly" syntax checking information may be incorrect. [C:\Progh\Code\Project_RetroGame\Oplevering\EindProject_FPGA.srcs\sources_1\imports\Week 5 + 6 - Bounching Square - Ball\DVI.vhd:]
WARNING: [filemgmt 56-199] Attempt to get parsing info during refresh. "On-the-fly" syntax checking information may be incorrect. [C:\Progh\Code\Project_RetroGame\Oplevering\EindProject_FPGA.srcs\sources_1\new\DisplayLives.vhd:]
WARNING: [filemgmt 56-199] Attempt to get parsing info during refresh. "On-the-fly" syntax checking information may be incorrect. [C:\Progh\Code\Project_RetroGame\Oplevering\EindProject_FPGA.srcs\sources_1\new\XY_GEN.vhd:]
WARNING: [filemgmt 56-199] Attempt to get parsing info during refresh. "On-the-fly" syntax checking information may be incorrect. [C:\Progh\Code\Project_RetroGame\Oplevering\EindProject_FPGA.srcs\sources_1\new\DisplayHUD.vhd:]
WARNING: [filemgmt 56-199] Attempt to get parsing info during refresh. "On-the-fly" syntax checking information may be incorrect. [C:\Progh\Code\Project_RetroGame\Oplevering\EindProject_FPGA.srcs\sources_1\new\XY_GEN.vhd:]
WARNING: [filemgmt 56-199] Attempt to get parsing info during refresh. "On-the-fly" syntax checking information may be incorrect. [C:\Progh\Code\Project_RetroGame\Oplevering\EindProject_FPGA.srcs\sources_1\new\XY_GEN.vhd:]
WARNING: [filemgmt 56-199] Attempt to get parsing info during refresh. "On-the-fly" syntax checking information may be incorrect. [C:\Progh\Code\Project_RetroGame\Oplevering\EindProject_FPGA.srcs\sources_1\new\ControlBullet.vhd:]
WARNING: [filemgmt 56-199] Attempt to get parsing info during refresh. "On-the-fly" syntax checking information may be incorrect. [C:\Progh\Code\Project_RetroGame\Oplevering\EindProject_FPGA.srcs\sources_1\new\DisplayBullet.vhd:]
WARNING: [filemgmt 56-199] Attempt to get parsing info during refresh. "On-the-fly" syntax checking information may be incorrect. [C:\Progh\Code\Project_RetroGame\Oplevering\EindProject_FPGA.srcs\sources_1\new\CharacterController.vhd:]
WARNING: [filemgmt 56-199] Attempt to get parsing info during refresh. "On-the-fly" syntax checking information may be incorrect. [C:\Progh\Code\Project_RetroGame\Oplevering\EindProject_FPGA.srcs\sources_1\imports\Week 5 + 6 - Bounching Square - Ball\DVI.vhd:]
WARNING: [filemgmt 56-199] Attempt to get parsing info during refresh. "On-the-fly" syntax checking information may be incorrect. [C:\Progh\Code\Project_RetroGame\Oplevering\EindProject_FPGA.srcs\sources_1\new\DisplayLives.vhd:]
WARNING: [filemgmt 56-199] Attempt to get parsing info during refresh. "On-the-fly" syntax checking information may be incorrect. [C:\Progh\Code\Project_RetroGame\Oplevering\EindProject_FPGA.srcs\sources_1\new\XY_GEN.vhd:]
WARNING: [filemgmt 56-199] Attempt to get parsing info during refresh. "On-the-fly" syntax checking information may be incorrect. [C:\Progh\Code\Project_RetroGame\Oplevering\EindProject_FPGA.srcs\sources_1\new\DisplayHUD.vhd:]
WARNING: [filemgmt 56-199] Attempt to get parsing info during refresh. "On-the-fly" syntax checking information may be incorrect. [C:\Progh\Code\Project_RetroGame\Oplevering\EindProject_FPGA.srcs\sources_1\new\CharacterController.vhd:]
WARNING: [filemgmt 56-199] Attempt to get parsing info during refresh. "On-the-fly" syntax checking information may be incorrect. [C:\Progh\Code\Project_RetroGame\Oplevering\EindProject_FPGA.srcs\sources_1\new\CharacterController.vhd:]
generate_target all [get_files  c:/Progh/Code/Project_RetroGame/Oplevering/EindProject_FPGA.srcs/sources_1/ip/blk_mem_gen_13/blk_mem_gen_13.xci]
INFO: [IP_Flow 19-1686] Generating 'Synthesis' target for IP 'blk_mem_gen_13'...
WARNING: [filemgmt 56-199] Attempt to get parsing info during refresh. "On-the-fly" syntax checking information may be incorrect. [C:\Progh\Code\Project_RetroGame\Oplevering\EindProject_FPGA.srcs\sources_1\new\ControlBullet.vhd:]
WARNING: [filemgmt 56-199] Attempt to get parsing info during refresh. "On-the-fly" syntax checking information may be incorrect. [C:\Progh\Code\Project_RetroGame\Oplevering\EindProject_FPGA.srcs\sources_1\new\DisplayBullet.vhd:]
WARNING: [filemgmt 56-199] Attempt to get parsing info during refresh. "On-the-fly" syntax checking information may be incorrect. [C:\Progh\Code\Project_RetroGame\Oplevering\EindProject_FPGA.srcs\sources_1\new\CharacterController.vhd:]
WARNING: [filemgmt 56-199] Attempt to get parsing info during refresh. "On-the-fly" syntax checking information may be incorrect. [C:\Progh\Code\Project_RetroGame\Oplevering\EindProject_FPGA.srcs\sources_1\imports\Week 5 + 6 - Bounching Square - Ball\DVI.vhd:]
WARNING: [filemgmt 56-199] Attempt to get parsing info during refresh. "On-the-fly" syntax checking information may be incorrect. [C:\Progh\Code\Project_RetroGame\Oplevering\EindProject_FPGA.srcs\sources_1\new\DisplayLives.vhd:]
WARNING: [filemgmt 56-199] Attempt to get parsing info during refresh. "On-the-fly" syntax checking information may be incorrect. [C:\Progh\Code\Project_RetroGame\Oplevering\EindProject_FPGA.srcs\sources_1\new\XY_GEN.vhd:]
WARNING: [filemgmt 56-199] Attempt to get parsing info during refresh. "On-the-fly" syntax checking information may be incorrect. [C:\Progh\Code\Project_RetroGame\Oplevering\EindProject_FPGA.srcs\sources_1\new\DisplayHUD.vhd:]
WARNING: [filemgmt 56-199] Attempt to get parsing info during refresh. "On-the-fly" syntax checking information may be incorrect. [C:\Progh\Code\Project_RetroGame\Oplevering\EindProject_FPGA.srcs\sources_1\new\DisplayBullet.vhd:]
WARNING: [filemgmt 56-199] Attempt to get parsing info during refresh. "On-the-fly" syntax checking information may be incorrect. [C:\Progh\Code\Project_RetroGame\Oplevering\EindProject_FPGA.srcs\sources_1\new\DisplayBullet.vhd:]
INFO: [IP_Flow 19-1686] Generating 'Simulation' target for IP 'blk_mem_gen_13'...
INFO: [IP_Flow 19-1686] Generating 'Miscellaneous' target for IP 'blk_mem_gen_13'...
INFO: [IP_Flow 19-1686] Generating 'Change Log' target for IP 'blk_mem_gen_13'...
catch { config_ip_cache -export [get_ips -all blk_mem_gen_13] }
INFO: [IP_Flow 19-6924] IPCACHE: Running cache check for IP inst: blk_mem_gen_13
export_ip_user_files -of_objects [get_files c:/Progh/Code/Project_RetroGame/Oplevering/EindProject_FPGA.srcs/sources_1/ip/blk_mem_gen_13/blk_mem_gen_13.xci] -no_script -sync -force -quiet
create_ip_run [get_files -of_objects [get_fileset sources_1] c:/Progh/Code/Project_RetroGame/Oplevering/EindProject_FPGA.srcs/sources_1/ip/blk_mem_gen_13/blk_mem_gen_13.xci]
WARNING: [filemgmt 56-199] Attempt to get parsing info during refresh. "On-the-fly" syntax checking information may be incorrect. [C:\Progh\Code\Project_RetroGame\Oplevering\EindProject_FPGA.srcs\sources_1\new\ControlBullet.vhd:]
WARNING: [filemgmt 56-199] Attempt to get parsing info during refresh. "On-the-fly" syntax checking information may be incorrect. [C:\Progh\Code\Project_RetroGame\Oplevering\EindProject_FPGA.srcs\sources_1\new\DisplayBullet.vhd:]
WARNING: [filemgmt 56-199] Attempt to get parsing info during refresh. "On-the-fly" syntax checking information may be incorrect. [C:\Progh\Code\Project_RetroGame\Oplevering\EindProject_FPGA.srcs\sources_1\new\CharacterController.vhd:]
WARNING: [filemgmt 56-199] Attempt to get parsing info during refresh. "On-the-fly" syntax checking information may be incorrect. [C:\Progh\Code\Project_RetroGame\Oplevering\EindProject_FPGA.srcs\sources_1\imports\Week 5 + 6 - Bounching Square - Ball\DVI.vhd:]
WARNING: [filemgmt 56-199] Attempt to get parsing info during refresh. "On-the-fly" syntax checking information may be incorrect. [C:\Progh\Code\Project_RetroGame\Oplevering\EindProject_FPGA.srcs\sources_1\new\DisplayLives.vhd:]
WARNING: [filemgmt 56-199] Attempt to get parsing info during refresh. "On-the-fly" syntax checking information may be incorrect. [C:\Progh\Code\Project_RetroGame\Oplevering\EindProject_FPGA.srcs\sources_1\new\XY_GEN.vhd:]
WARNING: [filemgmt 56-199] Attempt to get parsing info during refresh. "On-the-fly" syntax checking information may be incorrect. [C:\Progh\Code\Project_RetroGame\Oplevering\EindProject_FPGA.srcs\sources_1\new\DisplayHUD.vhd:]
WARNING: [filemgmt 56-199] Attempt to get parsing info during refresh. "On-the-fly" syntax checking information may be incorrect. [C:\Progh\Code\Project_RetroGame\Oplevering\EindProject_FPGA.srcs\sources_1\new\DisplayHUD.vhd:]
WARNING: [filemgmt 56-199] Attempt to get parsing info during refresh. "On-the-fly" syntax checking information may be incorrect. [C:\Progh\Code\Project_RetroGame\Oplevering\EindProject_FPGA.srcs\sources_1\new\DisplayHUD.vhd:]
launch_runs blk_mem_gen_13_synth_1 -jobs 8
INFO: [IP_Flow 19-6924] IPCACHE: Running cache check for IP inst: blk_mem_gen_13
[Tue Apr  8 18:23:40 2025] Launched blk_mem_gen_13_synth_1...
Run output will be captured here: C:/Progh/Code/Project_RetroGame/Oplevering/EindProject_FPGA.runs/blk_mem_gen_13_synth_1/runme.log
ERROR: [Common 17-180] Spawn failed: No such file or directory
ERROR: [Common 17-180] Spawn failed: No such file or directory
ERROR: [Common 17-39] 'launch_runs' failed due to earlier errors.
WARNING: [filemgmt 56-199] Attempt to get parsing info during refresh. "On-the-fly" syntax checking information may be incorrect. [C:\Progh\Code\Project_RetroGame\Oplevering\EindProject_FPGA.srcs\sources_1\new\ControlBullet.vhd:]
WARNING: [filemgmt 56-199] Attempt to get parsing info during refresh. "On-the-fly" syntax checking information may be incorrect. [C:\Progh\Code\Project_RetroGame\Oplevering\EindProject_FPGA.srcs\sources_1\new\DisplayBullet.vhd:]
WARNING: [filemgmt 56-199] Attempt to get parsing info during refresh. "On-the-fly" syntax checking information may be incorrect. [C:\Progh\Code\Project_RetroGame\Oplevering\EindProject_FPGA.srcs\sources_1\new\CharacterController.vhd:]
WARNING: [filemgmt 56-199] Attempt to get parsing info during refresh. "On-the-fly" syntax checking information may be incorrect. [C:\Progh\Code\Project_RetroGame\Oplevering\EindProject_FPGA.srcs\sources_1\imports\Week 5 + 6 - Bounching Square - Ball\DVI.vhd:]
WARNING: [filemgmt 56-199] Attempt to get parsing info during refresh. "On-the-fly" syntax checking information may be incorrect. [C:\Progh\Code\Project_RetroGame\Oplevering\EindProject_FPGA.srcs\sources_1\new\DisplayLives.vhd:]
WARNING: [filemgmt 56-199] Attempt to get parsing info during refresh. "On-the-fly" syntax checking information may be incorrect. [C:\Progh\Code\Project_RetroGame\Oplevering\EindProject_FPGA.srcs\sources_1\new\XY_GEN.vhd:]
WARNING: [filemgmt 56-199] Attempt to get parsing info during refresh. "On-the-fly" syntax checking information may be incorrect. [C:\Progh\Code\Project_RetroGame\Oplevering\EindProject_FPGA.srcs\sources_1\new\DisplayHUD.vhd:]
WARNING: [filemgmt 56-199] Attempt to get parsing info during refresh. "On-the-fly" syntax checking information may be incorrect. [C:\Progh\Code\Project_RetroGame\Oplevering\EindProject_FPGA.srcs\sources_1\new\XY_GEN.vhd:]
WARNING: [filemgmt 56-199] Attempt to get parsing info during refresh. "On-the-fly" syntax checking information may be incorrect. [C:\Progh\Code\Project_RetroGame\Oplevering\EindProject_FPGA.srcs\sources_1\new\XY_GEN.vhd:]
WARNING: [filemgmt 56-199] Attempt to get parsing info during refresh. "On-the-fly" syntax checking information may be incorrect. [C:\Progh\Code\Project_RetroGame\Oplevering\EindProject_FPGA.srcs\sources_1\new\ControlBullet.vhd:]
WARNING: [filemgmt 56-199] Attempt to get parsing info during refresh. "On-the-fly" syntax checking information may be incorrect. [C:\Progh\Code\Project_RetroGame\Oplevering\EindProject_FPGA.srcs\sources_1\new\DisplayBullet.vhd:]
WARNING: [filemgmt 56-199] Attempt to get parsing info during refresh. "On-the-fly" syntax checking information may be incorrect. [C:\Progh\Code\Project_RetroGame\Oplevering\EindProject_FPGA.srcs\sources_1\new\CharacterController.vhd:]
WARNING: [filemgmt 56-199] Attempt to get parsing info during refresh. "On-the-fly" syntax checking information may be incorrect. [C:\Progh\Code\Project_RetroGame\Oplevering\EindProject_FPGA.srcs\sources_1\imports\Week 5 + 6 - Bounching Square - Ball\DVI.vhd:]
WARNING: [filemgmt 56-199] Attempt to get parsing info during refresh. "On-the-fly" syntax checking information may be incorrect. [C:\Progh\Code\Project_RetroGame\Oplevering\EindProject_FPGA.srcs\sources_1\new\DisplayLives.vhd:]
WARNING: [filemgmt 56-199] Attempt to get parsing info during refresh. "On-the-fly" syntax checking information may be incorrect. [C:\Progh\Code\Project_RetroGame\Oplevering\EindProject_FPGA.srcs\sources_1\new\XY_GEN.vhd:]
WARNING: [filemgmt 56-199] Attempt to get parsing info during refresh. "On-the-fly" syntax checking information may be incorrect. [C:\Progh\Code\Project_RetroGame\Oplevering\EindProject_FPGA.srcs\sources_1\new\DisplayHUD.vhd:]
WARNING: [filemgmt 56-199] Attempt to get parsing info during refresh. "On-the-fly" syntax checking information may be incorrect. [C:\Progh\Code\Project_RetroGame\Oplevering\EindProject_FPGA.srcs\sources_1\new\DisplayBullet.vhd:]
WARNING: [filemgmt 56-199] Attempt to get parsing info during refresh. "On-the-fly" syntax checking information may be incorrect. [C:\Progh\Code\Project_RetroGame\Oplevering\EindProject_FPGA.srcs\sources_1\new\DisplayBullet.vhd:]
WARNING: [filemgmt 56-199] Attempt to get parsing info during refresh. "On-the-fly" syntax checking information may be incorrect. [C:\Progh\Code\Project_RetroGame\Oplevering\EindProject_FPGA.srcs\sources_1\new\ControlBullet.vhd:]
WARNING: [filemgmt 56-199] Attempt to get parsing info during refresh. "On-the-fly" syntax checking information may be incorrect. [C:\Progh\Code\Project_RetroGame\Oplevering\EindProject_FPGA.srcs\sources_1\new\DisplayBullet.vhd:]
WARNING: [filemgmt 56-199] Attempt to get parsing info during refresh. "On-the-fly" syntax checking information may be incorrect. [C:\Progh\Code\Project_RetroGame\Oplevering\EindProject_FPGA.srcs\sources_1\new\CharacterController.vhd:]
WARNING: [filemgmt 56-199] Attempt to get parsing info during refresh. "On-the-fly" syntax checking information may be incorrect. [C:\Progh\Code\Project_RetroGame\Oplevering\EindProject_FPGA.srcs\sources_1\imports\Week 5 + 6 - Bounching Square - Ball\DVI.vhd:]
WARNING: [filemgmt 56-199] Attempt to get parsing info during refresh. "On-the-fly" syntax checking information may be incorrect. [C:\Progh\Code\Project_RetroGame\Oplevering\EindProject_FPGA.srcs\sources_1\new\DisplayLives.vhd:]
WARNING: [filemgmt 56-199] Attempt to get parsing info during refresh. "On-the-fly" syntax checking information may be incorrect. [C:\Progh\Code\Project_RetroGame\Oplevering\EindProject_FPGA.srcs\sources_1\new\XY_GEN.vhd:]
WARNING: [filemgmt 56-199] Attempt to get parsing info during refresh. "On-the-fly" syntax checking information may be incorrect. [C:\Progh\Code\Project_RetroGame\Oplevering\EindProject_FPGA.srcs\sources_1\new\DisplayHUD.vhd:]
WARNING: [filemgmt 56-199] Attempt to get parsing info during refresh. "On-the-fly" syntax checking information may be incorrect. [C:\Progh\Code\Project_RetroGame\Oplevering\EindProject_FPGA.srcs\sources_1\new\CharacterController.vhd:]
WARNING: [filemgmt 56-199] Attempt to get parsing info during refresh. "On-the-fly" syntax checking information may be incorrect. [C:\Progh\Code\Project_RetroGame\Oplevering\EindProject_FPGA.srcs\sources_1\new\CharacterController.vhd:]
ERROR: [Common 17-180] Spawn failed: No such file or directory
WARNING: [filemgmt 56-199] Attempt to get parsing info during refresh. "On-the-fly" syntax checking information may be incorrect. [C:\Progh\Code\Project_RetroGame\Oplevering\EindProject_FPGA.srcs\sources_1\new\ControlBullet.vhd:]
WARNING: [filemgmt 56-199] Attempt to get parsing info during refresh. "On-the-fly" syntax checking information may be incorrect. [C:\Progh\Code\Project_RetroGame\Oplevering\EindProject_FPGA.srcs\sources_1\new\DisplayBullet.vhd:]
WARNING: [filemgmt 56-199] Attempt to get parsing info during refresh. "On-the-fly" syntax checking information may be incorrect. [C:\Progh\Code\Project_RetroGame\Oplevering\EindProject_FPGA.srcs\sources_1\new\CharacterController.vhd:]
WARNING: [filemgmt 56-199] Attempt to get parsing info during refresh. "On-the-fly" syntax checking information may be incorrect. [C:\Progh\Code\Project_RetroGame\Oplevering\EindProject_FPGA.srcs\sources_1\imports\Week 5 + 6 - Bounching Square - Ball\DVI.vhd:]
WARNING: [filemgmt 56-199] Attempt to get parsing info during refresh. "On-the-fly" syntax checking information may be incorrect. [C:\Progh\Code\Project_RetroGame\Oplevering\EindProject_FPGA.srcs\sources_1\new\DisplayLives.vhd:]
WARNING: [filemgmt 56-199] Attempt to get parsing info during refresh. "On-the-fly" syntax checking information may be incorrect. [C:\Progh\Code\Project_RetroGame\Oplevering\EindProject_FPGA.srcs\sources_1\new\XY_GEN.vhd:]
WARNING: [filemgmt 56-199] Attempt to get parsing info during refresh. "On-the-fly" syntax checking information may be incorrect. [C:\Progh\Code\Project_RetroGame\Oplevering\EindProject_FPGA.srcs\sources_1\new\DisplayHUD.vhd:]
WARNING: [filemgmt 56-199] Attempt to get parsing info during refresh. "On-the-fly" syntax checking information may be incorrect. [C:\Progh\Code\Project_RetroGame\Oplevering\EindProject_FPGA.srcs\sources_1\imports\Week 5 + 6 - Bounching Square - Ball\DVI.vhd:]
WARNING: [filemgmt 56-199] Attempt to get parsing info during refresh. "On-the-fly" syntax checking information may be incorrect. [C:\Progh\Code\Project_RetroGame\Oplevering\EindProject_FPGA.srcs\sources_1\imports\Week 5 + 6 - Bounching Square - Ball\DVI.vhd:]
ERROR: [Common 17-180] Spawn failed: No such file or directory
WARNING: [filemgmt 56-199] Attempt to get parsing info during refresh. "On-the-fly" syntax checking information may be incorrect. [C:\Progh\Code\Project_RetroGame\Oplevering\EindProject_FPGA.srcs\sources_1\new\ControlBullet.vhd:]
WARNING: [filemgmt 56-199] Attempt to get parsing info during refresh. "On-the-fly" syntax checking information may be incorrect. [C:\Progh\Code\Project_RetroGame\Oplevering\EindProject_FPGA.srcs\sources_1\new\DisplayBullet.vhd:]
WARNING: [filemgmt 56-199] Attempt to get parsing info during refresh. "On-the-fly" syntax checking information may be incorrect. [C:\Progh\Code\Project_RetroGame\Oplevering\EindProject_FPGA.srcs\sources_1\new\CharacterController.vhd:]
WARNING: [filemgmt 56-199] Attempt to get parsing info during refresh. "On-the-fly" syntax checking information may be incorrect. [C:\Progh\Code\Project_RetroGame\Oplevering\EindProject_FPGA.srcs\sources_1\imports\Week 5 + 6 - Bounching Square - Ball\DVI.vhd:]
WARNING: [filemgmt 56-199] Attempt to get parsing info during refresh. "On-the-fly" syntax checking information may be incorrect. [C:\Progh\Code\Project_RetroGame\Oplevering\EindProject_FPGA.srcs\sources_1\new\DisplayLives.vhd:]
WARNING: [filemgmt 56-199] Attempt to get parsing info during refresh. "On-the-fly" syntax checking information may be incorrect. [C:\Progh\Code\Project_RetroGame\Oplevering\EindProject_FPGA.srcs\sources_1\new\XY_GEN.vhd:]
WARNING: [filemgmt 56-199] Attempt to get parsing info during refresh. "On-the-fly" syntax checking information may be incorrect. [C:\Progh\Code\Project_RetroGame\Oplevering\EindProject_FPGA.srcs\sources_1\new\DisplayHUD.vhd:]
WARNING: [filemgmt 56-199] Attempt to get parsing info during refresh. "On-the-fly" syntax checking information may be incorrect. [C:\Progh\Code\Project_RetroGame\Oplevering\EindProject_FPGA.srcs\sources_1\new\DisplayBullet.vhd:]
WARNING: [filemgmt 56-199] Attempt to get parsing info during refresh. "On-the-fly" syntax checking information may be incorrect. [C:\Progh\Code\Project_RetroGame\Oplevering\EindProject_FPGA.srcs\sources_1\new\DisplayBullet.vhd:]
WARNING: [filemgmt 56-199] Attempt to get parsing info during refresh. "On-the-fly" syntax checking information may be incorrect. [C:\Progh\Code\Project_RetroGame\Oplevering\EindProject_FPGA.srcs\sources_1\new\ControlBullet.vhd:]
WARNING: [filemgmt 56-199] Attempt to get parsing info during refresh. "On-the-fly" syntax checking information may be incorrect. [C:\Progh\Code\Project_RetroGame\Oplevering\EindProject_FPGA.srcs\sources_1\new\DisplayBullet.vhd:]
WARNING: [filemgmt 56-199] Attempt to get parsing info during refresh. "On-the-fly" syntax checking information may be incorrect. [C:\Progh\Code\Project_RetroGame\Oplevering\EindProject_FPGA.srcs\sources_1\new\CharacterController.vhd:]
WARNING: [filemgmt 56-199] Attempt to get parsing info during refresh. "On-the-fly" syntax checking information may be incorrect. [C:\Progh\Code\Project_RetroGame\Oplevering\EindProject_FPGA.srcs\sources_1\imports\Week 5 + 6 - Bounching Square - Ball\DVI.vhd:]
WARNING: [filemgmt 56-199] Attempt to get parsing info during refresh. "On-the-fly" syntax checking information may be incorrect. [C:\Progh\Code\Project_RetroGame\Oplevering\EindProject_FPGA.srcs\sources_1\new\DisplayLives.vhd:]
WARNING: [filemgmt 56-199] Attempt to get parsing info during refresh. "On-the-fly" syntax checking information may be incorrect. [C:\Progh\Code\Project_RetroGame\Oplevering\EindProject_FPGA.srcs\sources_1\new\XY_GEN.vhd:]
WARNING: [filemgmt 56-199] Attempt to get parsing info during refresh. "On-the-fly" syntax checking information may be incorrect. [C:\Progh\Code\Project_RetroGame\Oplevering\EindProject_FPGA.srcs\sources_1\new\DisplayHUD.vhd:]
WARNING: [filemgmt 56-199] Attempt to get parsing info during refresh. "On-the-fly" syntax checking information may be incorrect. [C:\Progh\Code\Project_RetroGame\Oplevering\EindProject_FPGA.srcs\sources_1\new\DisplayHUD.vhd:]
WARNING: [filemgmt 56-199] Attempt to get parsing info during refresh. "On-the-fly" syntax checking information may be incorrect. [C:\Progh\Code\Project_RetroGame\Oplevering\EindProject_FPGA.srcs\sources_1\new\DisplayHUD.vhd:]
WARNING: [filemgmt 56-199] Attempt to get parsing info during refresh. "On-the-fly" syntax checking information may be incorrect. [C:\Progh\Code\Project_RetroGame\Oplevering\EindProject_FPGA.srcs\sources_1\new\ControlBullet.vhd:]
WARNING: [filemgmt 56-199] Attempt to get parsing info during refresh. "On-the-fly" syntax checking information may be incorrect. [C:\Progh\Code\Project_RetroGame\Oplevering\EindProject_FPGA.srcs\sources_1\new\DisplayBullet.vhd:]
WARNING: [filemgmt 56-199] Attempt to get parsing info during refresh. "On-the-fly" syntax checking information may be incorrect. [C:\Progh\Code\Project_RetroGame\Oplevering\EindProject_FPGA.srcs\sources_1\new\CharacterController.vhd:]
WARNING: [filemgmt 56-199] Attempt to get parsing info during refresh. "On-the-fly" syntax checking information may be incorrect. [C:\Progh\Code\Project_RetroGame\Oplevering\EindProject_FPGA.srcs\sources_1\imports\Week 5 + 6 - Bounching Square - Ball\DVI.vhd:]
WARNING: [filemgmt 56-199] Attempt to get parsing info during refresh. "On-the-fly" syntax checking information may be incorrect. [C:\Progh\Code\Project_RetroGame\Oplevering\EindProject_FPGA.srcs\sources_1\new\DisplayLives.vhd:]
WARNING: [filemgmt 56-199] Attempt to get parsing info during refresh. "On-the-fly" syntax checking information may be incorrect. [C:\Progh\Code\Project_RetroGame\Oplevering\EindProject_FPGA.srcs\sources_1\new\XY_GEN.vhd:]
WARNING: [filemgmt 56-199] Attempt to get parsing info during refresh. "On-the-fly" syntax checking information may be incorrect. [C:\Progh\Code\Project_RetroGame\Oplevering\EindProject_FPGA.srcs\sources_1\new\DisplayHUD.vhd:]
WARNING: [filemgmt 56-199] Attempt to get parsing info during refresh. "On-the-fly" syntax checking information may be incorrect. [C:\Progh\Code\Project_RetroGame\Oplevering\EindProject_FPGA.srcs\sources_1\imports\Week 5 + 6 - Bounching Square - Ball\DVI.vhd:]
WARNING: [filemgmt 56-199] Attempt to get parsing info during refresh. "On-the-fly" syntax checking information may be incorrect. [C:\Progh\Code\Project_RetroGame\Oplevering\EindProject_FPGA.srcs\sources_1\imports\Week 5 + 6 - Bounching Square - Ball\DVI.vhd:]
ERROR: [Common 17-180] Spawn failed: No such file or directory
WARNING: [filemgmt 56-199] Attempt to get parsing info during refresh. "On-the-fly" syntax checking information may be incorrect. [C:\Progh\Code\Project_RetroGame\Oplevering\EindProject_FPGA.srcs\sources_1\new\ControlBullet.vhd:]
WARNING: [filemgmt 56-199] Attempt to get parsing info during refresh. "On-the-fly" syntax checking information may be incorrect. [C:\Progh\Code\Project_RetroGame\Oplevering\EindProject_FPGA.srcs\sources_1\new\DisplayBullet.vhd:]
WARNING: [filemgmt 56-199] Attempt to get parsing info during refresh. "On-the-fly" syntax checking information may be incorrect. [C:\Progh\Code\Project_RetroGame\Oplevering\EindProject_FPGA.srcs\sources_1\new\CharacterController.vhd:]
WARNING: [filemgmt 56-199] Attempt to get parsing info during refresh. "On-the-fly" syntax checking information may be incorrect. [C:\Progh\Code\Project_RetroGame\Oplevering\EindProject_FPGA.srcs\sources_1\imports\Week 5 + 6 - Bounching Square - Ball\DVI.vhd:]
WARNING: [filemgmt 56-199] Attempt to get parsing info during refresh. "On-the-fly" syntax checking information may be incorrect. [C:\Progh\Code\Project_RetroGame\Oplevering\EindProject_FPGA.srcs\sources_1\new\DisplayLives.vhd:]
WARNING: [filemgmt 56-199] Attempt to get parsing info during refresh. "On-the-fly" syntax checking information may be incorrect. [C:\Progh\Code\Project_RetroGame\Oplevering\EindProject_FPGA.srcs\sources_1\new\XY_GEN.vhd:]
WARNING: [filemgmt 56-199] Attempt to get parsing info during refresh. "On-the-fly" syntax checking information may be incorrect. [C:\Progh\Code\Project_RetroGame\Oplevering\EindProject_FPGA.srcs\sources_1\new\DisplayHUD.vhd:]
WARNING: [filemgmt 56-199] Attempt to get parsing info during refresh. "On-the-fly" syntax checking information may be incorrect. [C:\Progh\Code\Project_RetroGame\Oplevering\EindProject_FPGA.srcs\sources_1\new\CharacterController.vhd:]
WARNING: [filemgmt 56-199] Attempt to get parsing info during refresh. "On-the-fly" syntax checking information may be incorrect. [C:\Progh\Code\Project_RetroGame\Oplevering\EindProject_FPGA.srcs\sources_1\new\CharacterController.vhd:]
ERROR: [Common 17-180] Spawn failed: No such file or directory
WARNING: [filemgmt 56-199] Attempt to get parsing info during refresh. "On-the-fly" syntax checking information may be incorrect. [C:\Progh\Code\Project_RetroGame\Oplevering\EindProject_FPGA.srcs\sources_1\new\ControlBullet.vhd:]
WARNING: [filemgmt 56-199] Attempt to get parsing info during refresh. "On-the-fly" syntax checking information may be incorrect. [C:\Progh\Code\Project_RetroGame\Oplevering\EindProject_FPGA.srcs\sources_1\new\DisplayBullet.vhd:]
WARNING: [filemgmt 56-199] Attempt to get parsing info during refresh. "On-the-fly" syntax checking information may be incorrect. [C:\Progh\Code\Project_RetroGame\Oplevering\EindProject_FPGA.srcs\sources_1\imports\Week 5 + 6 - Bounching Square - Ball\DVI.vhd:]
WARNING: [filemgmt 56-199] Attempt to get parsing info during refresh. "On-the-fly" syntax checking information may be incorrect. [C:\Progh\Code\Project_RetroGame\Oplevering\EindProject_FPGA.srcs\sources_1\new\DisplayLives.vhd:]
WARNING: [filemgmt 56-199] Attempt to get parsing info during refresh. "On-the-fly" syntax checking information may be incorrect. [C:\Progh\Code\Project_RetroGame\Oplevering\EindProject_FPGA.srcs\sources_1\new\XY_GEN.vhd:]
WARNING: [filemgmt 56-199] Attempt to get parsing info during refresh. "On-the-fly" syntax checking information may be incorrect. [C:\Progh\Code\Project_RetroGame\Oplevering\EindProject_FPGA.srcs\sources_1\new\DisplayHUD.vhd:]
WARNING: [filemgmt 56-199] Attempt to get parsing info during refresh. "On-the-fly" syntax checking information may be incorrect. [C:\Progh\Code\Project_RetroGame\Oplevering\EindProject_FPGA.srcs\sources_1\new\DisplayBullet.vhd:]
WARNING: [filemgmt 56-199] Attempt to get parsing info during refresh. "On-the-fly" syntax checking information may be incorrect. [C:\Progh\Code\Project_RetroGame\Oplevering\EindProject_FPGA.srcs\sources_1\new\DisplayBullet.vhd:]
WARNING: [filemgmt 56-199] Attempt to get parsing info during refresh. "On-the-fly" syntax checking information may be incorrect. [C:\Progh\Code\Project_RetroGame\Oplevering\EindProject_FPGA.srcs\sources_1\new\ControlBullet.vhd:]
WARNING: [filemgmt 56-199] Attempt to get parsing info during refresh. "On-the-fly" syntax checking information may be incorrect. [C:\Progh\Code\Project_RetroGame\Oplevering\EindProject_FPGA.srcs\sources_1\new\DisplayBullet.vhd:]
WARNING: [filemgmt 56-199] Attempt to get parsing info during refresh. "On-the-fly" syntax checking information may be incorrect. [C:\Progh\Code\Project_RetroGame\Oplevering\EindProject_FPGA.srcs\sources_1\imports\Week 5 + 6 - Bounching Square - Ball\DVI.vhd:]
WARNING: [filemgmt 56-199] Attempt to get parsing info during refresh. "On-the-fly" syntax checking information may be incorrect. [C:\Progh\Code\Project_RetroGame\Oplevering\EindProject_FPGA.srcs\sources_1\new\DisplayLives.vhd:]
WARNING: [filemgmt 56-199] Attempt to get parsing info during refresh. "On-the-fly" syntax checking information may be incorrect. [C:\Progh\Code\Project_RetroGame\Oplevering\EindProject_FPGA.srcs\sources_1\new\XY_GEN.vhd:]
WARNING: [filemgmt 56-199] Attempt to get parsing info during refresh. "On-the-fly" syntax checking information may be incorrect. [C:\Progh\Code\Project_RetroGame\Oplevering\EindProject_FPGA.srcs\sources_1\new\DisplayHUD.vhd:]
WARNING: [filemgmt 56-199] Attempt to get parsing info during refresh. "On-the-fly" syntax checking information may be incorrect. [C:\Progh\Code\Project_RetroGame\Oplevering\EindProject_FPGA.srcs\sources_1\new\DisplayHUD.vhd:]
WARNING: [filemgmt 56-199] Attempt to get parsing info during refresh. "On-the-fly" syntax checking information may be incorrect. [C:\Progh\Code\Project_RetroGame\Oplevering\EindProject_FPGA.srcs\sources_1\new\DisplayHUD.vhd:]
ERROR: [Common 17-180] Spawn failed: No such file or directory
WARNING: [filemgmt 56-199] Attempt to get parsing info during refresh. "On-the-fly" syntax checking information may be incorrect. [C:\Progh\Code\Project_RetroGame\Oplevering\EindProject_FPGA.srcs\sources_1\new\ControlBullet.vhd:]
WARNING: [filemgmt 56-199] Attempt to get parsing info during refresh. "On-the-fly" syntax checking information may be incorrect. [C:\Progh\Code\Project_RetroGame\Oplevering\EindProject_FPGA.srcs\sources_1\new\DisplayBullet.vhd:]
WARNING: [filemgmt 56-199] Attempt to get parsing info during refresh. "On-the-fly" syntax checking information may be incorrect. [C:\Progh\Code\Project_RetroGame\Oplevering\EindProject_FPGA.srcs\sources_1\imports\Week 5 + 6 - Bounching Square - Ball\DVI.vhd:]
WARNING: [filemgmt 56-199] Attempt to get parsing info during refresh. "On-the-fly" syntax checking information may be incorrect. [C:\Progh\Code\Project_RetroGame\Oplevering\EindProject_FPGA.srcs\sources_1\new\DisplayLives.vhd:]
WARNING: [filemgmt 56-199] Attempt to get parsing info during refresh. "On-the-fly" syntax checking information may be incorrect. [C:\Progh\Code\Project_RetroGame\Oplevering\EindProject_FPGA.srcs\sources_1\new\XY_GEN.vhd:]
WARNING: [filemgmt 56-199] Attempt to get parsing info during refresh. "On-the-fly" syntax checking information may be incorrect. [C:\Progh\Code\Project_RetroGame\Oplevering\EindProject_FPGA.srcs\sources_1\new\DisplayHUD.vhd:]
WARNING: [filemgmt 56-199] Attempt to get parsing info during refresh. "On-the-fly" syntax checking information may be incorrect. [C:\Progh\Code\Project_RetroGame\Oplevering\EindProject_FPGA.srcs\sources_1\imports\Week 5 + 6 - Bounching Square - Ball\DVI.vhd:]
WARNING: [filemgmt 56-199] Attempt to get parsing info during refresh. "On-the-fly" syntax checking information may be incorrect. [C:\Progh\Code\Project_RetroGame\Oplevering\EindProject_FPGA.srcs\sources_1\imports\Week 5 + 6 - Bounching Square - Ball\DVI.vhd:]
ERROR: [Common 17-180] Spawn failed: No such file or directory
WARNING: [filemgmt 56-199] Attempt to get parsing info during refresh. "On-the-fly" syntax checking information may be incorrect. [C:\Progh\Code\Project_RetroGame\Oplevering\EindProject_FPGA.srcs\sources_1\new\ControlBullet.vhd:]
WARNING: [filemgmt 56-199] Attempt to get parsing info during refresh. "On-the-fly" syntax checking information may be incorrect. [C:\Progh\Code\Project_RetroGame\Oplevering\EindProject_FPGA.srcs\sources_1\new\DisplayBullet.vhd:]
WARNING: [filemgmt 56-199] Attempt to get parsing info during refresh. "On-the-fly" syntax checking information may be incorrect. [C:\Progh\Code\Project_RetroGame\Oplevering\EindProject_FPGA.srcs\sources_1\imports\Week 5 + 6 - Bounching Square - Ball\DVI.vhd:]
WARNING: [filemgmt 56-199] Attempt to get parsing info during refresh. "On-the-fly" syntax checking information may be incorrect. [C:\Progh\Code\Project_RetroGame\Oplevering\EindProject_FPGA.srcs\sources_1\new\DisplayLives.vhd:]
WARNING: [filemgmt 56-199] Attempt to get parsing info during refresh. "On-the-fly" syntax checking information may be incorrect. [C:\Progh\Code\Project_RetroGame\Oplevering\EindProject_FPGA.srcs\sources_1\new\XY_GEN.vhd:]
WARNING: [filemgmt 56-199] Attempt to get parsing info during refresh. "On-the-fly" syntax checking information may be incorrect. [C:\Progh\Code\Project_RetroGame\Oplevering\EindProject_FPGA.srcs\sources_1\new\DisplayHUD.vhd:]
WARNING: [filemgmt 56-199] Attempt to get parsing info during refresh. "On-the-fly" syntax checking information may be incorrect. [C:\Progh\Code\Project_RetroGame\Oplevering\EindProject_FPGA.srcs\sources_1\new\DisplayBullet.vhd:]
WARNING: [filemgmt 56-199] Attempt to get parsing info during refresh. "On-the-fly" syntax checking information may be incorrect. [C:\Progh\Code\Project_RetroGame\Oplevering\EindProject_FPGA.srcs\sources_1\new\DisplayBullet.vhd:]
WARNING: [filemgmt 56-199] Attempt to get parsing info during refresh. "On-the-fly" syntax checking information may be incorrect. [C:\Progh\Code\Project_RetroGame\Oplevering\EindProject_FPGA.srcs\sources_1\new\ControlBullet.vhd:]
WARNING: [filemgmt 56-199] Attempt to get parsing info during refresh. "On-the-fly" syntax checking information may be incorrect. [C:\Progh\Code\Project_RetroGame\Oplevering\EindProject_FPGA.srcs\sources_1\new\DisplayBullet.vhd:]
WARNING: [filemgmt 56-199] Attempt to get parsing info during refresh. "On-the-fly" syntax checking information may be incorrect. [C:\Progh\Code\Project_RetroGame\Oplevering\EindProject_FPGA.srcs\sources_1\imports\Week 5 + 6 - Bounching Square - Ball\DVI.vhd:]
WARNING: [filemgmt 56-199] Attempt to get parsing info during refresh. "On-the-fly" syntax checking information may be incorrect. [C:\Progh\Code\Project_RetroGame\Oplevering\EindProject_FPGA.srcs\sources_1\new\DisplayLives.vhd:]
WARNING: [filemgmt 56-199] Attempt to get parsing info during refresh. "On-the-fly" syntax checking information may be incorrect. [C:\Progh\Code\Project_RetroGame\Oplevering\EindProject_FPGA.srcs\sources_1\new\XY_GEN.vhd:]
WARNING: [filemgmt 56-199] Attempt to get parsing info during refresh. "On-the-fly" syntax checking information may be incorrect. [C:\Progh\Code\Project_RetroGame\Oplevering\EindProject_FPGA.srcs\sources_1\new\DisplayHUD.vhd:]
WARNING: [filemgmt 56-199] Attempt to get parsing info during refresh. "On-the-fly" syntax checking information may be incorrect. [C:\Progh\Code\Project_RetroGame\Oplevering\EindProject_FPGA.srcs\sources_1\new\DisplayHUD.vhd:]
WARNING: [filemgmt 56-199] Attempt to get parsing info during refresh. "On-the-fly" syntax checking information may be incorrect. [C:\Progh\Code\Project_RetroGame\Oplevering\EindProject_FPGA.srcs\sources_1\new\DisplayHUD.vhd:]
ERROR: [Common 17-180] Spawn failed: No such file or directory
WARNING: [filemgmt 56-199] Attempt to get parsing info during refresh. "On-the-fly" syntax checking information may be incorrect. [C:\Progh\Code\Project_RetroGame\Oplevering\EindProject_FPGA.srcs\sources_1\new\ControlBullet.vhd:]
WARNING: [filemgmt 56-199] Attempt to get parsing info during refresh. "On-the-fly" syntax checking information may be incorrect. [C:\Progh\Code\Project_RetroGame\Oplevering\EindProject_FPGA.srcs\sources_1\new\DisplayBullet.vhd:]
WARNING: [filemgmt 56-199] Attempt to get parsing info during refresh. "On-the-fly" syntax checking information may be incorrect. [C:\Progh\Code\Project_RetroGame\Oplevering\EindProject_FPGA.srcs\sources_1\imports\Week 5 + 6 - Bounching Square - Ball\DVI.vhd:]
WARNING: [filemgmt 56-199] Attempt to get parsing info during refresh. "On-the-fly" syntax checking information may be incorrect. [C:\Progh\Code\Project_RetroGame\Oplevering\EindProject_FPGA.srcs\sources_1\new\DisplayLives.vhd:]
WARNING: [filemgmt 56-199] Attempt to get parsing info during refresh. "On-the-fly" syntax checking information may be incorrect. [C:\Progh\Code\Project_RetroGame\Oplevering\EindProject_FPGA.srcs\sources_1\new\XY_GEN.vhd:]
WARNING: [filemgmt 56-199] Attempt to get parsing info during refresh. "On-the-fly" syntax checking information may be incorrect. [C:\Progh\Code\Project_RetroGame\Oplevering\EindProject_FPGA.srcs\sources_1\new\DisplayHUD.vhd:]
WARNING: [filemgmt 56-199] Attempt to get parsing info during refresh. "On-the-fly" syntax checking information may be incorrect. [C:\Progh\Code\Project_RetroGame\Oplevering\EindProject_FPGA.srcs\sources_1\imports\Week 5 + 6 - Bounching Square - Ball\DVI.vhd:]
WARNING: [filemgmt 56-199] Attempt to get parsing info during refresh. "On-the-fly" syntax checking information may be incorrect. [C:\Progh\Code\Project_RetroGame\Oplevering\EindProject_FPGA.srcs\sources_1\imports\Week 5 + 6 - Bounching Square - Ball\DVI.vhd:]
ERROR: [Common 17-180] Spawn failed: No such file or directory
WARNING: [IP_Flow 19-4067] Ignoring invalid widget type specified checkbox.Providing a default widget
WARNING: [IP_Flow 19-4067] Ignoring invalid widget type specified checkbox.Providing a default widget
ERROR: [Labtoolstcl 44-513] HW Target shutdown. Closing target: localhost:3121/xilinx_tcf/Digilent/210183A3873BA
INFO: [Labtoolstcl 44-466] Opening hw_target localhost:3121/xilinx_tcf/Digilent/210183A3873BA
INFO: [Labtools 27-1434] Device xc7a35t (JTAG device index = 0) is programmed with a design that has no supported debug core(s) in it.
WARNING: [Labtoolstcl 44-129] No matching hw_ila_data was found.
set_property PROBES.FILE {} [get_hw_devices xc7a35t_0]
set_property FULL_PROBES.FILE {} [get_hw_devices xc7a35t_0]
set_property PROGRAM.FILE {C:/Progh/Code/Project_RetroGame/Oplevering/EindProject_FPGA.runs/impl_1/DVI_Top.bit} [get_hw_devices xc7a35t_0]
program_hw_devices [get_hw_devices xc7a35t_0]
INFO: [Labtools 27-3164] End of startup status: HIGH
refresh_hw_device [lindex [get_hw_devices xc7a35t_0] 0]
INFO: [Labtools 27-1434] Device xc7a35t (JTAG device index = 0) is programmed with a design that has no supported debug core(s) in it.
WARNING: [IP_Flow 19-4067] Ignoring invalid widget type specified checkbox.Providing a default widget
WARNING: [IP_Flow 19-4067] Ignoring invalid widget type specified checkbox.Providing a default widget
INFO: [IP_Flow 19-3484] Absolute path of file 'c:/Progh/Code/Project_RetroGame/Oplevering/CoeFilesOpslag/ammosmall.coe' provided. It will be converted relative to IP Instance files '../../../../CoeFilesOpslag/ammosmall.coe'
WARNING: [filemgmt 56-199] Attempt to get parsing info during refresh. "On-the-fly" syntax checking information may be incorrect. [C:\Progh\Code\Project_RetroGame\Oplevering\EindProject_FPGA.srcs\sources_1\new\ControlBullet.vhd:]
WARNING: [filemgmt 56-199] Attempt to get parsing info during refresh. "On-the-fly" syntax checking information may be incorrect. [C:\Progh\Code\Project_RetroGame\Oplevering\EindProject_FPGA.srcs\sources_1\new\DisplayBullet.vhd:]
WARNING: [filemgmt 56-199] Attempt to get parsing info during refresh. "On-the-fly" syntax checking information may be incorrect. [C:\Progh\Code\Project_RetroGame\Oplevering\EindProject_FPGA.srcs\sources_1\imports\Week 5 + 6 - Bounching Square - Ball\DVI.vhd:]
WARNING: [filemgmt 56-199] Attempt to get parsing info during refresh. "On-the-fly" syntax checking information may be incorrect. [C:\Progh\Code\Project_RetroGame\Oplevering\EindProject_FPGA.srcs\sources_1\new\DisplayLives.vhd:]
WARNING: [filemgmt 56-199] Attempt to get parsing info during refresh. "On-the-fly" syntax checking information may be incorrect. [C:\Progh\Code\Project_RetroGame\Oplevering\EindProject_FPGA.srcs\sources_1\new\XY_GEN.vhd:]
WARNING: [filemgmt 56-199] Attempt to get parsing info during refresh. "On-the-fly" syntax checking information may be incorrect. [C:\Progh\Code\Project_RetroGame\Oplevering\EindProject_FPGA.srcs\sources_1\new\DisplayHUD.vhd:]
WARNING: [filemgmt 56-199] Attempt to get parsing info during refresh. "On-the-fly" syntax checking information may be incorrect. [C:\Progh\Code\Project_RetroGame\Oplevering\EindProject_FPGA.srcs\sources_1\new\XY_GEN.vhd:]
WARNING: [filemgmt 56-199] Attempt to get parsing info during refresh. "On-the-fly" syntax checking information may be incorrect. [C:\Progh\Code\Project_RetroGame\Oplevering\EindProject_FPGA.srcs\sources_1\new\XY_GEN.vhd:]
INFO: [IP_Flow 19-3484] Absolute path of file 'c:/Progh/Code/Project_RetroGame/Oplevering/CoeFilesOpslag/ammo.coe' provided. It will be converted relative to IP Instance files '../../../../CoeFilesOpslag/ammo.coe'
set_property -dict [list \
  CONFIG.Coe_File {C:/Progh/Code/Project_RetroGame/Oplevering/CoeFilesOpslag/ammo.coe} \
  CONFIG.Write_Depth_A {20000} \
] [get_ips blk_mem_gen_10]
INFO: [IP_Flow 19-3484] Absolute path of file 'c:/Progh/Code/Project_RetroGame/Oplevering/CoeFilesOpslag/ammo.coe' provided. It will be converted relative to IP Instance files '../../../../CoeFilesOpslag/ammo.coe'
WARNING: [filemgmt 56-199] Attempt to get parsing info during refresh. "On-the-fly" syntax checking information may be incorrect. [C:\Progh\Code\Project_RetroGame\Oplevering\EindProject_FPGA.srcs\sources_1\new\ControlBullet.vhd:]
WARNING: [filemgmt 56-199] Attempt to get parsing info during refresh. "On-the-fly" syntax checking information may be incorrect. [C:\Progh\Code\Project_RetroGame\Oplevering\EindProject_FPGA.srcs\sources_1\new\DisplayBullet.vhd:]
WARNING: [filemgmt 56-199] Attempt to get parsing info during refresh. "On-the-fly" syntax checking information may be incorrect. [C:\Progh\Code\Project_RetroGame\Oplevering\EindProject_FPGA.srcs\sources_1\imports\Week 5 + 6 - Bounching Square - Ball\DVI.vhd:]
WARNING: [filemgmt 56-199] Attempt to get parsing info during refresh. "On-the-fly" syntax checking information may be incorrect. [C:\Progh\Code\Project_RetroGame\Oplevering\EindProject_FPGA.srcs\sources_1\new\DisplayLives.vhd:]
WARNING: [filemgmt 56-199] Attempt to get parsing info during refresh. "On-the-fly" syntax checking information may be incorrect. [C:\Progh\Code\Project_RetroGame\Oplevering\EindProject_FPGA.srcs\sources_1\new\XY_GEN.vhd:]
WARNING: [filemgmt 56-199] Attempt to get parsing info during refresh. "On-the-fly" syntax checking information may be incorrect. [C:\Progh\Code\Project_RetroGame\Oplevering\EindProject_FPGA.srcs\sources_1\new\DisplayHUD.vhd:]
WARNING: [filemgmt 56-199] Attempt to get parsing info during refresh. "On-the-fly" syntax checking information may be incorrect. [C:\Progh\Code\Project_RetroGame\Oplevering\EindProject_FPGA.srcs\sources_1\new\DisplayBullet.vhd:]
WARNING: [filemgmt 56-199] Attempt to get parsing info during refresh. "On-the-fly" syntax checking information may be incorrect. [C:\Progh\Code\Project_RetroGame\Oplevering\EindProject_FPGA.srcs\sources_1\new\DisplayBullet.vhd:]
WARNING: [filemgmt 56-199] Attempt to get parsing info during refresh. "On-the-fly" syntax checking information may be incorrect. [C:\Progh\Code\Project_RetroGame\Oplevering\EindProject_FPGA.srcs\sources_1\new\ControlBullet.vhd:]
WARNING: [filemgmt 56-199] Attempt to get parsing info during refresh. "On-the-fly" syntax checking information may be incorrect. [C:\Progh\Code\Project_RetroGame\Oplevering\EindProject_FPGA.srcs\sources_1\new\DisplayBullet.vhd:]
WARNING: [filemgmt 56-199] Attempt to get parsing info during refresh. "On-the-fly" syntax checking information may be incorrect. [C:\Progh\Code\Project_RetroGame\Oplevering\EindProject_FPGA.srcs\sources_1\imports\Week 5 + 6 - Bounching Square - Ball\DVI.vhd:]
WARNING: [filemgmt 56-199] Attempt to get parsing info during refresh. "On-the-fly" syntax checking information may be incorrect. [C:\Progh\Code\Project_RetroGame\Oplevering\EindProject_FPGA.srcs\sources_1\new\DisplayLives.vhd:]
WARNING: [filemgmt 56-199] Attempt to get parsing info during refresh. "On-the-fly" syntax checking information may be incorrect. [C:\Progh\Code\Project_RetroGame\Oplevering\EindProject_FPGA.srcs\sources_1\new\XY_GEN.vhd:]
WARNING: [filemgmt 56-199] Attempt to get parsing info during refresh. "On-the-fly" syntax checking information may be incorrect. [C:\Progh\Code\Project_RetroGame\Oplevering\EindProject_FPGA.srcs\sources_1\new\DisplayHUD.vhd:]
WARNING: [filemgmt 56-199] Attempt to get parsing info during refresh. "On-the-fly" syntax checking information may be incorrect. [C:\Progh\Code\Project_RetroGame\Oplevering\EindProject_FPGA.srcs\sources_1\new\DisplayHUD.vhd:]
WARNING: [filemgmt 56-199] Attempt to get parsing info during refresh. "On-the-fly" syntax checking information may be incorrect. [C:\Progh\Code\Project_RetroGame\Oplevering\EindProject_FPGA.srcs\sources_1\new\DisplayHUD.vhd:]
ERROR: [Common 17-180] Spawn failed: No such file or directory
WARNING: [filemgmt 56-199] Attempt to get parsing info during refresh. "On-the-fly" syntax checking information may be incorrect. [C:\Progh\Code\Project_RetroGame\Oplevering\EindProject_FPGA.srcs\sources_1\new\ControlBullet.vhd:]
WARNING: [filemgmt 56-199] Attempt to get parsing info during refresh. "On-the-fly" syntax checking information may be incorrect. [C:\Progh\Code\Project_RetroGame\Oplevering\EindProject_FPGA.srcs\sources_1\new\DisplayBullet.vhd:]
WARNING: [filemgmt 56-199] Attempt to get parsing info during refresh. "On-the-fly" syntax checking information may be incorrect. [C:\Progh\Code\Project_RetroGame\Oplevering\EindProject_FPGA.srcs\sources_1\imports\Week 5 + 6 - Bounching Square - Ball\DVI.vhd:]
WARNING: [filemgmt 56-199] Attempt to get parsing info during refresh. "On-the-fly" syntax checking information may be incorrect. [C:\Progh\Code\Project_RetroGame\Oplevering\EindProject_FPGA.srcs\sources_1\new\DisplayLives.vhd:]
WARNING: [filemgmt 56-199] Attempt to get parsing info during refresh. "On-the-fly" syntax checking information may be incorrect. [C:\Progh\Code\Project_RetroGame\Oplevering\EindProject_FPGA.srcs\sources_1\new\XY_GEN.vhd:]
WARNING: [filemgmt 56-199] Attempt to get parsing info during refresh. "On-the-fly" syntax checking information may be incorrect. [C:\Progh\Code\Project_RetroGame\Oplevering\EindProject_FPGA.srcs\sources_1\new\DisplayHUD.vhd:]
WARNING: [filemgmt 56-199] Attempt to get parsing info during refresh. "On-the-fly" syntax checking information may be incorrect. [C:\Progh\Code\Project_RetroGame\Oplevering\EindProject_FPGA.srcs\sources_1\imports\Week 5 + 6 - Bounching Square - Ball\DVI.vhd:]
WARNING: [filemgmt 56-199] Attempt to get parsing info during refresh. "On-the-fly" syntax checking information may be incorrect. [C:\Progh\Code\Project_RetroGame\Oplevering\EindProject_FPGA.srcs\sources_1\imports\Week 5 + 6 - Bounching Square - Ball\DVI.vhd:]
ERROR: [Common 17-180] Spawn failed: No such file or directory
generate_target all [get_files  c:/Progh/Code/Project_RetroGame/Oplevering/EindProject_FPGA.srcs/sources_1/ip/blk_mem_gen_10/blk_mem_gen_10.xci]
INFO: [IP_Flow 19-1686] Generating 'Instantiation Template' target for IP 'blk_mem_gen_10'...
INFO: [IP_Flow 19-1686] Generating 'Synthesis' target for IP 'blk_mem_gen_10'...
INFO: [IP_Flow 19-1686] Generating 'Simulation' target for IP 'blk_mem_gen_10'...
INFO: [IP_Flow 19-1686] Generating 'Miscellaneous' target for IP 'blk_mem_gen_10'...
INFO: [IP_Flow 19-1686] Generating 'Change Log' target for IP 'blk_mem_gen_10'...
catch { config_ip_cache -export [get_ips -all blk_mem_gen_10] }
INFO: [IP_Flow 19-6924] IPCACHE: Running cache check for IP inst: blk_mem_gen_10
export_ip_user_files -of_objects [get_files c:/Progh/Code/Project_RetroGame/Oplevering/EindProject_FPGA.srcs/sources_1/ip/blk_mem_gen_10/blk_mem_gen_10.xci] -no_script -sync -force -quiet
INFO: [Vivado 12-23855] The given sub-design is auto disabled, no action will be taken: 'c:/Progh/Code/Project_RetroGame/Oplevering/EindProject_FPGA.srcs/sources_1/ip/blk_mem_gen_10/blk_mem_gen_10.xci'
export_simulation -of_objects [get_files c:/Progh/Code/Project_RetroGame/Oplevering/EindProject_FPGA.srcs/sources_1/ip/blk_mem_gen_10/blk_mem_gen_10.xci] -directory C:/Progh/Code/Project_RetroGame/Oplevering/EindProject_FPGA.ip_user_files/sim_scripts -ip_user_files_dir C:/Progh/Code/Project_RetroGame/Oplevering/EindProject_FPGA.ip_user_files -ipstatic_source_dir C:/Progh/Code/Project_RetroGame/Oplevering/EindProject_FPGA.ip_user_files/ipstatic -lib_map_path [list {modelsim=C:/Progh/Code/Project_RetroGame/Oplevering/EindProject_FPGA.cache/compile_simlib/modelsim} {questa=C:/Progh/Code/Project_RetroGame/Oplevering/EindProject_FPGA.cache/compile_simlib/questa} {riviera=C:/Progh/Code/Project_RetroGame/Oplevering/EindProject_FPGA.cache/compile_simlib/riviera} {activehdl=C:/Progh/Code/Project_RetroGame/Oplevering/EindProject_FPGA.cache/compile_simlib/activehdl}] -use_ip_compiled_libs -force -quiet
WARNING: [filemgmt 56-199] Attempt to get parsing info during refresh. "On-the-fly" syntax checking information may be incorrect. [C:\Progh\Code\Project_RetroGame\Oplevering\EindProject_FPGA.srcs\sources_1\new\ControlBullet.vhd:]
WARNING: [filemgmt 56-199] Attempt to get parsing info during refresh. "On-the-fly" syntax checking information may be incorrect. [C:\Progh\Code\Project_RetroGame\Oplevering\EindProject_FPGA.srcs\sources_1\new\DisplayBullet.vhd:]
WARNING: [filemgmt 56-199] Attempt to get parsing info during refresh. "On-the-fly" syntax checking information may be incorrect. [C:\Progh\Code\Project_RetroGame\Oplevering\EindProject_FPGA.srcs\sources_1\imports\Week 5 + 6 - Bounching Square - Ball\DVI.vhd:]
WARNING: [filemgmt 56-199] Attempt to get parsing info during refresh. "On-the-fly" syntax checking information may be incorrect. [C:\Progh\Code\Project_RetroGame\Oplevering\EindProject_FPGA.srcs\sources_1\new\DisplayLives.vhd:]
WARNING: [filemgmt 56-199] Attempt to get parsing info during refresh. "On-the-fly" syntax checking information may be incorrect. [C:\Progh\Code\Project_RetroGame\Oplevering\EindProject_FPGA.srcs\sources_1\new\XY_GEN.vhd:]
WARNING: [filemgmt 56-199] Attempt to get parsing info during refresh. "On-the-fly" syntax checking information may be incorrect. [C:\Progh\Code\Project_RetroGame\Oplevering\EindProject_FPGA.srcs\sources_1\new\DisplayHUD.vhd:]
WARNING: [filemgmt 56-199] Attempt to get parsing info during refresh. "On-the-fly" syntax checking information may be incorrect. [C:\Progh\Code\Project_RetroGame\Oplevering\EindProject_FPGA.srcs\sources_1\new\DisplayBullet.vhd:]
WARNING: [filemgmt 56-199] Attempt to get parsing info during refresh. "On-the-fly" syntax checking information may be incorrect. [C:\Progh\Code\Project_RetroGame\Oplevering\EindProject_FPGA.srcs\sources_1\new\DisplayBullet.vhd:]
WARNING: [filemgmt 56-199] Attempt to get parsing info during refresh. "On-the-fly" syntax checking information may be incorrect. [C:\Progh\Code\Project_RetroGame\Oplevering\EindProject_FPGA.srcs\sources_1\new\ControlBullet.vhd:]
WARNING: [filemgmt 56-199] Attempt to get parsing info during refresh. "On-the-fly" syntax checking information may be incorrect. [C:\Progh\Code\Project_RetroGame\Oplevering\EindProject_FPGA.srcs\sources_1\new\DisplayBullet.vhd:]
WARNING: [filemgmt 56-199] Attempt to get parsing info during refresh. "On-the-fly" syntax checking information may be incorrect. [C:\Progh\Code\Project_RetroGame\Oplevering\EindProject_FPGA.srcs\sources_1\imports\Week 5 + 6 - Bounching Square - Ball\DVI.vhd:]
WARNING: [filemgmt 56-199] Attempt to get parsing info during refresh. "On-the-fly" syntax checking information may be incorrect. [C:\Progh\Code\Project_RetroGame\Oplevering\EindProject_FPGA.srcs\sources_1\new\DisplayLives.vhd:]
WARNING: [filemgmt 56-199] Attempt to get parsing info during refresh. "On-the-fly" syntax checking information may be incorrect. [C:\Progh\Code\Project_RetroGame\Oplevering\EindProject_FPGA.srcs\sources_1\new\XY_GEN.vhd:]
WARNING: [filemgmt 56-199] Attempt to get parsing info during refresh. "On-the-fly" syntax checking information may be incorrect. [C:\Progh\Code\Project_RetroGame\Oplevering\EindProject_FPGA.srcs\sources_1\new\DisplayHUD.vhd:]
WARNING: [filemgmt 56-199] Attempt to get parsing info during refresh. "On-the-fly" syntax checking information may be incorrect. [C:\Progh\Code\Project_RetroGame\Oplevering\EindProject_FPGA.srcs\sources_1\new\DisplayHUD.vhd:]
WARNING: [filemgmt 56-199] Attempt to get parsing info during refresh. "On-the-fly" syntax checking information may be incorrect. [C:\Progh\Code\Project_RetroGame\Oplevering\EindProject_FPGA.srcs\sources_1\new\DisplayHUD.vhd:]
ERROR: [Common 17-180] Spawn failed: No such file or directory
WARNING: [filemgmt 56-199] Attempt to get parsing info during refresh. "On-the-fly" syntax checking information may be incorrect. [C:\Progh\Code\Project_RetroGame\Oplevering\EindProject_FPGA.srcs\sources_1\new\ControlBullet.vhd:]
WARNING: [filemgmt 56-199] Attempt to get parsing info during refresh. "On-the-fly" syntax checking information may be incorrect. [C:\Progh\Code\Project_RetroGame\Oplevering\EindProject_FPGA.srcs\sources_1\new\DisplayBullet.vhd:]
WARNING: [filemgmt 56-199] Attempt to get parsing info during refresh. "On-the-fly" syntax checking information may be incorrect. [C:\Progh\Code\Project_RetroGame\Oplevering\EindProject_FPGA.srcs\sources_1\imports\Week 5 + 6 - Bounching Square - Ball\DVI.vhd:]
WARNING: [filemgmt 56-199] Attempt to get parsing info during refresh. "On-the-fly" syntax checking information may be incorrect. [C:\Progh\Code\Project_RetroGame\Oplevering\EindProject_FPGA.srcs\sources_1\new\DisplayLives.vhd:]
WARNING: [filemgmt 56-199] Attempt to get parsing info during refresh. "On-the-fly" syntax checking information may be incorrect. [C:\Progh\Code\Project_RetroGame\Oplevering\EindProject_FPGA.srcs\sources_1\new\XY_GEN.vhd:]
WARNING: [filemgmt 56-199] Attempt to get parsing info during refresh. "On-the-fly" syntax checking information may be incorrect. [C:\Progh\Code\Project_RetroGame\Oplevering\EindProject_FPGA.srcs\sources_1\new\DisplayHUD.vhd:]
WARNING: [filemgmt 56-199] Attempt to get parsing info during refresh. "On-the-fly" syntax checking information may be incorrect. [C:\Progh\Code\Project_RetroGame\Oplevering\EindProject_FPGA.srcs\sources_1\imports\Week 5 + 6 - Bounching Square - Ball\DVI.vhd:]
WARNING: [filemgmt 56-199] Attempt to get parsing info during refresh. "On-the-fly" syntax checking information may be incorrect. [C:\Progh\Code\Project_RetroGame\Oplevering\EindProject_FPGA.srcs\sources_1\imports\Week 5 + 6 - Bounching Square - Ball\DVI.vhd:]
ERROR: [Common 17-180] Spawn failed: No such file or directory
WARNING: [IP_Flow 19-4067] Ignoring invalid widget type specified checkbox.Providing a default widget
WARNING: [IP_Flow 19-4067] Ignoring invalid widget type specified checkbox.Providing a default widget
INFO: [IP_Flow 19-3484] Absolute path of file 'c:/Progh/Code/Project_RetroGame/Oplevering/CoeFilesOpslag/emptyshell.coe' provided. It will be converted relative to IP Instance files '../../../../CoeFilesOpslag/emptyshell.coe'
set_property -dict [list \
  CONFIG.Coe_File {C:/Progh/Code/Project_RetroGame/Oplevering/CoeFilesOpslag/emptyshell.coe} \
  CONFIG.Write_Depth_A {1024} \
] [get_ips blk_mem_gen_11]
INFO: [IP_Flow 19-3484] Absolute path of file 'c:/Progh/Code/Project_RetroGame/Oplevering/CoeFilesOpslag/emptyshell.coe' provided. It will be converted relative to IP Instance files '../../../../CoeFilesOpslag/emptyshell.coe'
WARNING: [filemgmt 56-199] Attempt to get parsing info during refresh. "On-the-fly" syntax checking information may be incorrect. [C:\Progh\Code\Project_RetroGame\Oplevering\EindProject_FPGA.srcs\sources_1\new\ControlBullet.vhd:]
WARNING: [filemgmt 56-199] Attempt to get parsing info during refresh. "On-the-fly" syntax checking information may be incorrect. [C:\Progh\Code\Project_RetroGame\Oplevering\EindProject_FPGA.srcs\sources_1\new\DisplayBullet.vhd:]
WARNING: [filemgmt 56-199] Attempt to get parsing info during refresh. "On-the-fly" syntax checking information may be incorrect. [C:\Progh\Code\Project_RetroGame\Oplevering\EindProject_FPGA.srcs\sources_1\imports\Week 5 + 6 - Bounching Square - Ball\DVI.vhd:]
WARNING: [filemgmt 56-199] Attempt to get parsing info during refresh. "On-the-fly" syntax checking information may be incorrect. [C:\Progh\Code\Project_RetroGame\Oplevering\EindProject_FPGA.srcs\sources_1\new\DisplayLives.vhd:]
WARNING: [filemgmt 56-199] Attempt to get parsing info during refresh. "On-the-fly" syntax checking information may be incorrect. [C:\Progh\Code\Project_RetroGame\Oplevering\EindProject_FPGA.srcs\sources_1\new\XY_GEN.vhd:]
WARNING: [filemgmt 56-199] Attempt to get parsing info during refresh. "On-the-fly" syntax checking information may be incorrect. [C:\Progh\Code\Project_RetroGame\Oplevering\EindProject_FPGA.srcs\sources_1\new\DisplayHUD.vhd:]
WARNING: [filemgmt 56-199] Attempt to get parsing info during refresh. "On-the-fly" syntax checking information may be incorrect. [C:\Progh\Code\Project_RetroGame\Oplevering\EindProject_FPGA.srcs\sources_1\new\DisplayBullet.vhd:]
WARNING: [filemgmt 56-199] Attempt to get parsing info during refresh. "On-the-fly" syntax checking information may be incorrect. [C:\Progh\Code\Project_RetroGame\Oplevering\EindProject_FPGA.srcs\sources_1\new\DisplayBullet.vhd:]
generate_target all [get_files  c:/Progh/Code/Project_RetroGame/Oplevering/EindProject_FPGA.srcs/sources_1/ip/blk_mem_gen_11/blk_mem_gen_11.xci]
INFO: [IP_Flow 19-1686] Generating 'Instantiation Template' target for IP 'blk_mem_gen_11'...
INFO: [IP_Flow 19-1686] Generating 'Synthesis' target for IP 'blk_mem_gen_11'...
WARNING: [filemgmt 56-199] Attempt to get parsing info during refresh. "On-the-fly" syntax checking information may be incorrect. [C:\Progh\Code\Project_RetroGame\Oplevering\EindProject_FPGA.srcs\sources_1\new\ControlBullet.vhd:]
WARNING: [filemgmt 56-199] Attempt to get parsing info during refresh. "On-the-fly" syntax checking information may be incorrect. [C:\Progh\Code\Project_RetroGame\Oplevering\EindProject_FPGA.srcs\sources_1\new\DisplayBullet.vhd:]
WARNING: [filemgmt 56-199] Attempt to get parsing info during refresh. "On-the-fly" syntax checking information may be incorrect. [C:\Progh\Code\Project_RetroGame\Oplevering\EindProject_FPGA.srcs\sources_1\imports\Week 5 + 6 - Bounching Square - Ball\DVI.vhd:]
WARNING: [filemgmt 56-199] Attempt to get parsing info during refresh. "On-the-fly" syntax checking information may be incorrect. [C:\Progh\Code\Project_RetroGame\Oplevering\EindProject_FPGA.srcs\sources_1\new\DisplayLives.vhd:]
WARNING: [filemgmt 56-199] Attempt to get parsing info during refresh. "On-the-fly" syntax checking information may be incorrect. [C:\Progh\Code\Project_RetroGame\Oplevering\EindProject_FPGA.srcs\sources_1\new\XY_GEN.vhd:]
WARNING: [filemgmt 56-199] Attempt to get parsing info during refresh. "On-the-fly" syntax checking information may be incorrect. [C:\Progh\Code\Project_RetroGame\Oplevering\EindProject_FPGA.srcs\sources_1\new\DisplayHUD.vhd:]
WARNING: [filemgmt 56-199] Attempt to get parsing info during refresh. "On-the-fly" syntax checking information may be incorrect. [C:\Progh\Code\Project_RetroGame\Oplevering\EindProject_FPGA.srcs\sources_1\new\DisplayBullet.vhd:]
WARNING: [filemgmt 56-199] Attempt to get parsing info during refresh. "On-the-fly" syntax checking information may be incorrect. [C:\Progh\Code\Project_RetroGame\Oplevering\EindProject_FPGA.srcs\sources_1\new\DisplayBullet.vhd:]
WARNING: [filemgmt 56-199] Attempt to get parsing info during refresh. "On-the-fly" syntax checking information may be incorrect. [C:\Progh\Code\Project_RetroGame\Oplevering\EindProject_FPGA.srcs\sources_1\new\ControlBullet.vhd:]
WARNING: [filemgmt 56-199] Attempt to get parsing info during refresh. "On-the-fly" syntax checking information may be incorrect. [C:\Progh\Code\Project_RetroGame\Oplevering\EindProject_FPGA.srcs\sources_1\new\DisplayBullet.vhd:]
WARNING: [filemgmt 56-199] Attempt to get parsing info during refresh. "On-the-fly" syntax checking information may be incorrect. [C:\Progh\Code\Project_RetroGame\Oplevering\EindProject_FPGA.srcs\sources_1\imports\Week 5 + 6 - Bounching Square - Ball\DVI.vhd:]
WARNING: [filemgmt 56-199] Attempt to get parsing info during refresh. "On-the-fly" syntax checking information may be incorrect. [C:\Progh\Code\Project_RetroGame\Oplevering\EindProject_FPGA.srcs\sources_1\new\DisplayLives.vhd:]
WARNING: [filemgmt 56-199] Attempt to get parsing info during refresh. "On-the-fly" syntax checking information may be incorrect. [C:\Progh\Code\Project_RetroGame\Oplevering\EindProject_FPGA.srcs\sources_1\new\XY_GEN.vhd:]
WARNING: [filemgmt 56-199] Attempt to get parsing info during refresh. "On-the-fly" syntax checking information may be incorrect. [C:\Progh\Code\Project_RetroGame\Oplevering\EindProject_FPGA.srcs\sources_1\new\DisplayHUD.vhd:]
WARNING: [filemgmt 56-199] Attempt to get parsing info during refresh. "On-the-fly" syntax checking information may be incorrect. [C:\Progh\Code\Project_RetroGame\Oplevering\EindProject_FPGA.srcs\sources_1\new\DisplayHUD.vhd:]
WARNING: [filemgmt 56-199] Attempt to get parsing info during refresh. "On-the-fly" syntax checking information may be incorrect. [C:\Progh\Code\Project_RetroGame\Oplevering\EindProject_FPGA.srcs\sources_1\new\DisplayHUD.vhd:]
INFO: [IP_Flow 19-1686] Generating 'Simulation' target for IP 'blk_mem_gen_11'...
ERROR: [Common 17-180] Spawn failed: No such file or directory
WARNING: [filemgmt 56-199] Attempt to get parsing info during refresh. "On-the-fly" syntax checking information may be incorrect. [C:\Progh\Code\Project_RetroGame\Oplevering\EindProject_FPGA.srcs\sources_1\new\ControlBullet.vhd:]
WARNING: [filemgmt 56-199] Attempt to get parsing info during refresh. "On-the-fly" syntax checking information may be incorrect. [C:\Progh\Code\Project_RetroGame\Oplevering\EindProject_FPGA.srcs\sources_1\new\DisplayBullet.vhd:]
WARNING: [filemgmt 56-199] Attempt to get parsing info during refresh. "On-the-fly" syntax checking information may be incorrect. [C:\Progh\Code\Project_RetroGame\Oplevering\EindProject_FPGA.srcs\sources_1\imports\Week 5 + 6 - Bounching Square - Ball\DVI.vhd:]
WARNING: [filemgmt 56-199] Attempt to get parsing info during refresh. "On-the-fly" syntax checking information may be incorrect. [C:\Progh\Code\Project_RetroGame\Oplevering\EindProject_FPGA.srcs\sources_1\new\DisplayLives.vhd:]
WARNING: [filemgmt 56-199] Attempt to get parsing info during refresh. "On-the-fly" syntax checking information may be incorrect. [C:\Progh\Code\Project_RetroGame\Oplevering\EindProject_FPGA.srcs\sources_1\new\XY_GEN.vhd:]
WARNING: [filemgmt 56-199] Attempt to get parsing info during refresh. "On-the-fly" syntax checking information may be incorrect. [C:\Progh\Code\Project_RetroGame\Oplevering\EindProject_FPGA.srcs\sources_1\new\DisplayHUD.vhd:]
WARNING: [filemgmt 56-199] Attempt to get parsing info during refresh. "On-the-fly" syntax checking information may be incorrect. [C:\Progh\Code\Project_RetroGame\Oplevering\EindProject_FPGA.srcs\sources_1\imports\Week 5 + 6 - Bounching Square - Ball\DVI.vhd:]
WARNING: [filemgmt 56-199] Attempt to get parsing info during refresh. "On-the-fly" syntax checking information may be incorrect. [C:\Progh\Code\Project_RetroGame\Oplevering\EindProject_FPGA.srcs\sources_1\imports\Week 5 + 6 - Bounching Square - Ball\DVI.vhd:]
INFO: [IP_Flow 19-1686] Generating 'Miscellaneous' target for IP 'blk_mem_gen_11'...
INFO: [IP_Flow 19-1686] Generating 'Change Log' target for IP 'blk_mem_gen_11'...
ERROR: [Common 17-39] 'generate_target' failed due to earlier errors.
ERROR: [Common 17-180] Spawn failed: No such file or directory
WARNING: [filemgmt 56-199] Attempt to get parsing info during refresh. "On-the-fly" syntax checking information may be incorrect. [C:\Progh\Code\Project_RetroGame\Oplevering\EindProject_FPGA.srcs\sources_1\new\ControlBullet.vhd:]
WARNING: [filemgmt 56-199] Attempt to get parsing info during refresh. "On-the-fly" syntax checking information may be incorrect. [C:\Progh\Code\Project_RetroGame\Oplevering\EindProject_FPGA.srcs\sources_1\new\DisplayBullet.vhd:]
WARNING: [filemgmt 56-199] Attempt to get parsing info during refresh. "On-the-fly" syntax checking information may be incorrect. [C:\Progh\Code\Project_RetroGame\Oplevering\EindProject_FPGA.srcs\sources_1\imports\Week 5 + 6 - Bounching Square - Ball\DVI.vhd:]
WARNING: [filemgmt 56-199] Attempt to get parsing info during refresh. "On-the-fly" syntax checking information may be incorrect. [C:\Progh\Code\Project_RetroGame\Oplevering\EindProject_FPGA.srcs\sources_1\new\DisplayLives.vhd:]
WARNING: [filemgmt 56-199] Attempt to get parsing info during refresh. "On-the-fly" syntax checking information may be incorrect. [C:\Progh\Code\Project_RetroGame\Oplevering\EindProject_FPGA.srcs\sources_1\new\XY_GEN.vhd:]
WARNING: [filemgmt 56-199] Attempt to get parsing info during refresh. "On-the-fly" syntax checking information may be incorrect. [C:\Progh\Code\Project_RetroGame\Oplevering\EindProject_FPGA.srcs\sources_1\new\DisplayHUD.vhd:]
WARNING: [filemgmt 56-199] Attempt to get parsing info during refresh. "On-the-fly" syntax checking information may be incorrect. [C:\Progh\Code\Project_RetroGame\Oplevering\EindProject_FPGA.srcs\sources_1\imports\Week 5 + 6 - Bounching Square - Ball\DVI.vhd:]
WARNING: [filemgmt 56-199] Attempt to get parsing info during refresh. "On-the-fly" syntax checking information may be incorrect. [C:\Progh\Code\Project_RetroGame\Oplevering\EindProject_FPGA.srcs\sources_1\imports\Week 5 + 6 - Bounching Square - Ball\DVI.vhd:]
ERROR: [Common 17-180] Spawn failed: No such file or directory
WARNING: [IP_Flow 19-4067] Ignoring invalid widget type specified checkbox.Providing a default widget
WARNING: [IP_Flow 19-4067] Ignoring invalid widget type specified checkbox.Providing a default widget
set_property CONFIG.Write_Depth_A {1024} [get_ips blk_mem_gen_10]
WARNING: [filemgmt 56-199] Attempt to get parsing info during refresh. "On-the-fly" syntax checking information may be incorrect. [C:\Progh\Code\Project_RetroGame\Oplevering\EindProject_FPGA.srcs\sources_1\new\ControlBullet.vhd:]
WARNING: [filemgmt 56-199] Attempt to get parsing info during refresh. "On-the-fly" syntax checking information may be incorrect. [C:\Progh\Code\Project_RetroGame\Oplevering\EindProject_FPGA.srcs\sources_1\new\DisplayBullet.vhd:]
WARNING: [filemgmt 56-199] Attempt to get parsing info during refresh. "On-the-fly" syntax checking information may be incorrect. [C:\Progh\Code\Project_RetroGame\Oplevering\EindProject_FPGA.srcs\sources_1\imports\Week 5 + 6 - Bounching Square - Ball\DVI.vhd:]
WARNING: [filemgmt 56-199] Attempt to get parsing info during refresh. "On-the-fly" syntax checking information may be incorrect. [C:\Progh\Code\Project_RetroGame\Oplevering\EindProject_FPGA.srcs\sources_1\new\DisplayLives.vhd:]
WARNING: [filemgmt 56-199] Attempt to get parsing info during refresh. "On-the-fly" syntax checking information may be incorrect. [C:\Progh\Code\Project_RetroGame\Oplevering\EindProject_FPGA.srcs\sources_1\new\XY_GEN.vhd:]
WARNING: [filemgmt 56-199] Attempt to get parsing info during refresh. "On-the-fly" syntax checking information may be incorrect. [C:\Progh\Code\Project_RetroGame\Oplevering\EindProject_FPGA.srcs\sources_1\new\DisplayHUD.vhd:]
WARNING: [filemgmt 56-199] Attempt to get parsing info during refresh. "On-the-fly" syntax checking information may be incorrect. [C:\Progh\Code\Project_RetroGame\Oplevering\EindProject_FPGA.srcs\sources_1\new\DisplayBullet.vhd:]
WARNING: [filemgmt 56-199] Attempt to get parsing info during refresh. "On-the-fly" syntax checking information may be incorrect. [C:\Progh\Code\Project_RetroGame\Oplevering\EindProject_FPGA.srcs\sources_1\new\DisplayBullet.vhd:]
WARNING: [filemgmt 56-199] Attempt to get parsing info during refresh. "On-the-fly" syntax checking information may be incorrect. [C:\Progh\Code\Project_RetroGame\Oplevering\EindProject_FPGA.srcs\sources_1\new\ControlBullet.vhd:]
WARNING: [filemgmt 56-199] Attempt to get parsing info during refresh. "On-the-fly" syntax checking information may be incorrect. [C:\Progh\Code\Project_RetroGame\Oplevering\EindProject_FPGA.srcs\sources_1\new\DisplayBullet.vhd:]
WARNING: [filemgmt 56-199] Attempt to get parsing info during refresh. "On-the-fly" syntax checking information may be incorrect. [C:\Progh\Code\Project_RetroGame\Oplevering\EindProject_FPGA.srcs\sources_1\imports\Week 5 + 6 - Bounching Square - Ball\DVI.vhd:]
WARNING: [filemgmt 56-199] Attempt to get parsing info during refresh. "On-the-fly" syntax checking information may be incorrect. [C:\Progh\Code\Project_RetroGame\Oplevering\EindProject_FPGA.srcs\sources_1\new\DisplayLives.vhd:]
WARNING: [filemgmt 56-199] Attempt to get parsing info during refresh. "On-the-fly" syntax checking information may be incorrect. [C:\Progh\Code\Project_RetroGame\Oplevering\EindProject_FPGA.srcs\sources_1\new\XY_GEN.vhd:]
WARNING: [filemgmt 56-199] Attempt to get parsing info during refresh. "On-the-fly" syntax checking information may be incorrect. [C:\Progh\Code\Project_RetroGame\Oplevering\EindProject_FPGA.srcs\sources_1\new\DisplayHUD.vhd:]
WARNING: [filemgmt 56-199] Attempt to get parsing info during refresh. "On-the-fly" syntax checking information may be incorrect. [C:\Progh\Code\Project_RetroGame\Oplevering\EindProject_FPGA.srcs\sources_1\new\DisplayHUD.vhd:]
WARNING: [filemgmt 56-199] Attempt to get parsing info during refresh. "On-the-fly" syntax checking information may be incorrect. [C:\Progh\Code\Project_RetroGame\Oplevering\EindProject_FPGA.srcs\sources_1\new\DisplayHUD.vhd:]
ERROR: [Common 17-180] Spawn failed: No such file or directory
WARNING: [filemgmt 56-199] Attempt to get parsing info during refresh. "On-the-fly" syntax checking information may be incorrect. [C:\Progh\Code\Project_RetroGame\Oplevering\EindProject_FPGA.srcs\sources_1\new\ControlBullet.vhd:]
WARNING: [filemgmt 56-199] Attempt to get parsing info during refresh. "On-the-fly" syntax checking information may be incorrect. [C:\Progh\Code\Project_RetroGame\Oplevering\EindProject_FPGA.srcs\sources_1\new\DisplayBullet.vhd:]
WARNING: [filemgmt 56-199] Attempt to get parsing info during refresh. "On-the-fly" syntax checking information may be incorrect. [C:\Progh\Code\Project_RetroGame\Oplevering\EindProject_FPGA.srcs\sources_1\imports\Week 5 + 6 - Bounching Square - Ball\DVI.vhd:]
WARNING: [filemgmt 56-199] Attempt to get parsing info during refresh. "On-the-fly" syntax checking information may be incorrect. [C:\Progh\Code\Project_RetroGame\Oplevering\EindProject_FPGA.srcs\sources_1\new\DisplayLives.vhd:]
WARNING: [filemgmt 56-199] Attempt to get parsing info during refresh. "On-the-fly" syntax checking information may be incorrect. [C:\Progh\Code\Project_RetroGame\Oplevering\EindProject_FPGA.srcs\sources_1\new\XY_GEN.vhd:]
WARNING: [filemgmt 56-199] Attempt to get parsing info during refresh. "On-the-fly" syntax checking information may be incorrect. [C:\Progh\Code\Project_RetroGame\Oplevering\EindProject_FPGA.srcs\sources_1\new\DisplayHUD.vhd:]
WARNING: [filemgmt 56-199] Attempt to get parsing info during refresh. "On-the-fly" syntax checking information may be incorrect. [C:\Progh\Code\Project_RetroGame\Oplevering\EindProject_FPGA.srcs\sources_1\imports\Week 5 + 6 - Bounching Square - Ball\DVI.vhd:]
WARNING: [filemgmt 56-199] Attempt to get parsing info during refresh. "On-the-fly" syntax checking information may be incorrect. [C:\Progh\Code\Project_RetroGame\Oplevering\EindProject_FPGA.srcs\sources_1\imports\Week 5 + 6 - Bounching Square - Ball\DVI.vhd:]
ERROR: [Common 17-180] Spawn failed: No such file or directory
generate_target all [get_files  c:/Progh/Code/Project_RetroGame/Oplevering/EindProject_FPGA.srcs/sources_1/ip/blk_mem_gen_10/blk_mem_gen_10.xci]
INFO: [IP_Flow 19-1686] Generating 'Instantiation Template' target for IP 'blk_mem_gen_10'...
INFO: [IP_Flow 19-1686] Generating 'Synthesis' target for IP 'blk_mem_gen_10'...
INFO: [IP_Flow 19-1686] Generating 'Simulation' target for IP 'blk_mem_gen_10'...
INFO: [IP_Flow 19-1686] Generating 'Miscellaneous' target for IP 'blk_mem_gen_10'...
INFO: [IP_Flow 19-1686] Generating 'Change Log' target for IP 'blk_mem_gen_10'...
catch { config_ip_cache -export [get_ips -all blk_mem_gen_10] }
INFO: [IP_Flow 19-6924] IPCACHE: Running cache check for IP inst: blk_mem_gen_10
export_ip_user_files -of_objects [get_files c:/Progh/Code/Project_RetroGame/Oplevering/EindProject_FPGA.srcs/sources_1/ip/blk_mem_gen_10/blk_mem_gen_10.xci] -no_script -sync -force -quiet
INFO: [Vivado 12-23855] The given sub-design is auto disabled, no action will be taken: 'c:/Progh/Code/Project_RetroGame/Oplevering/EindProject_FPGA.srcs/sources_1/ip/blk_mem_gen_10/blk_mem_gen_10.xci'
export_simulation -of_objects [get_files c:/Progh/Code/Project_RetroGame/Oplevering/EindProject_FPGA.srcs/sources_1/ip/blk_mem_gen_10/blk_mem_gen_10.xci] -directory C:/Progh/Code/Project_RetroGame/Oplevering/EindProject_FPGA.ip_user_files/sim_scripts -ip_user_files_dir C:/Progh/Code/Project_RetroGame/Oplevering/EindProject_FPGA.ip_user_files -ipstatic_source_dir C:/Progh/Code/Project_RetroGame/Oplevering/EindProject_FPGA.ip_user_files/ipstatic -lib_map_path [list {modelsim=C:/Progh/Code/Project_RetroGame/Oplevering/EindProject_FPGA.cache/compile_simlib/modelsim} {questa=C:/Progh/Code/Project_RetroGame/Oplevering/EindProject_FPGA.cache/compile_simlib/questa} {riviera=C:/Progh/Code/Project_RetroGame/Oplevering/EindProject_FPGA.cache/compile_simlib/riviera} {activehdl=C:/Progh/Code/Project_RetroGame/Oplevering/EindProject_FPGA.cache/compile_simlib/activehdl}] -use_ip_compiled_libs -force -quiet
WARNING: [IP_Flow 19-4067] Ignoring invalid widget type specified checkbox.Providing a default widget
WARNING: [IP_Flow 19-4067] Ignoring invalid widget type specified checkbox.Providing a default widget
INFO: [IP_Flow 19-3484] Absolute path of file 'c:/Progh/Code/Project_RetroGame/Oplevering/CoeFilesOpslag/heartHealth.coe' provided. It will be converted relative to IP Instance files '../../../../CoeFilesOpslag/heartHealth.coe'
set_property -dict [list \
  CONFIG.Coe_File {C:/Progh/Code/Project_RetroGame/Oplevering/CoeFilesOpslag/heartHealth.coe} \
  CONFIG.Load_Init_File {true} \
  CONFIG.Write_Depth_A {1024} \
] [get_ips blk_mem_gen_12]
INFO: [IP_Flow 19-3484] Absolute path of file 'c:/Progh/Code/Project_RetroGame/Oplevering/CoeFilesOpslag/heartHealth.coe' provided. It will be converted relative to IP Instance files '../../../../CoeFilesOpslag/heartHealth.coe'
WARNING: [filemgmt 56-199] Attempt to get parsing info during refresh. "On-the-fly" syntax checking information may be incorrect. [C:\Progh\Code\Project_RetroGame\Oplevering\EindProject_FPGA.srcs\sources_1\new\ControlBullet.vhd:]
WARNING: [filemgmt 56-199] Attempt to get parsing info during refresh. "On-the-fly" syntax checking information may be incorrect. [C:\Progh\Code\Project_RetroGame\Oplevering\EindProject_FPGA.srcs\sources_1\new\DisplayBullet.vhd:]
WARNING: [filemgmt 56-199] Attempt to get parsing info during refresh. "On-the-fly" syntax checking information may be incorrect. [C:\Progh\Code\Project_RetroGame\Oplevering\EindProject_FPGA.srcs\sources_1\imports\Week 5 + 6 - Bounching Square - Ball\DVI.vhd:]
WARNING: [filemgmt 56-199] Attempt to get parsing info during refresh. "On-the-fly" syntax checking information may be incorrect. [C:\Progh\Code\Project_RetroGame\Oplevering\EindProject_FPGA.srcs\sources_1\new\DisplayLives.vhd:]
WARNING: [filemgmt 56-199] Attempt to get parsing info during refresh. "On-the-fly" syntax checking information may be incorrect. [C:\Progh\Code\Project_RetroGame\Oplevering\EindProject_FPGA.srcs\sources_1\new\XY_GEN.vhd:]
WARNING: [filemgmt 56-199] Attempt to get parsing info during refresh. "On-the-fly" syntax checking information may be incorrect. [C:\Progh\Code\Project_RetroGame\Oplevering\EindProject_FPGA.srcs\sources_1\new\DisplayHUD.vhd:]
WARNING: [filemgmt 56-199] Attempt to get parsing info during refresh. "On-the-fly" syntax checking information may be incorrect. [C:\Progh\Code\Project_RetroGame\Oplevering\EindProject_FPGA.srcs\sources_1\new\DisplayBullet.vhd:]
WARNING: [filemgmt 56-199] Attempt to get parsing info during refresh. "On-the-fly" syntax checking information may be incorrect. [C:\Progh\Code\Project_RetroGame\Oplevering\EindProject_FPGA.srcs\sources_1\new\DisplayBullet.vhd:]
WARNING: [filemgmt 56-199] Attempt to get parsing info during refresh. "On-the-fly" syntax checking information may be incorrect. [C:\Progh\Code\Project_RetroGame\Oplevering\EindProject_FPGA.srcs\sources_1\new\ControlBullet.vhd:]
WARNING: [filemgmt 56-199] Attempt to get parsing info during refresh. "On-the-fly" syntax checking information may be incorrect. [C:\Progh\Code\Project_RetroGame\Oplevering\EindProject_FPGA.srcs\sources_1\new\DisplayBullet.vhd:]
WARNING: [filemgmt 56-199] Attempt to get parsing info during refresh. "On-the-fly" syntax checking information may be incorrect. [C:\Progh\Code\Project_RetroGame\Oplevering\EindProject_FPGA.srcs\sources_1\imports\Week 5 + 6 - Bounching Square - Ball\DVI.vhd:]
WARNING: [filemgmt 56-199] Attempt to get parsing info during refresh. "On-the-fly" syntax checking information may be incorrect. [C:\Progh\Code\Project_RetroGame\Oplevering\EindProject_FPGA.srcs\sources_1\new\DisplayLives.vhd:]
WARNING: [filemgmt 56-199] Attempt to get parsing info during refresh. "On-the-fly" syntax checking information may be incorrect. [C:\Progh\Code\Project_RetroGame\Oplevering\EindProject_FPGA.srcs\sources_1\new\XY_GEN.vhd:]
WARNING: [filemgmt 56-199] Attempt to get parsing info during refresh. "On-the-fly" syntax checking information may be incorrect. [C:\Progh\Code\Project_RetroGame\Oplevering\EindProject_FPGA.srcs\sources_1\new\DisplayHUD.vhd:]
WARNING: [filemgmt 56-199] Attempt to get parsing info during refresh. "On-the-fly" syntax checking information may be incorrect. [C:\Progh\Code\Project_RetroGame\Oplevering\EindProject_FPGA.srcs\sources_1\new\XY_GEN.vhd:]
WARNING: [filemgmt 56-199] Attempt to get parsing info during refresh. "On-the-fly" syntax checking information may be incorrect. [C:\Progh\Code\Project_RetroGame\Oplevering\EindProject_FPGA.srcs\sources_1\new\XY_GEN.vhd:]
generate_target all [get_files  c:/Progh/Code/Project_RetroGame/Oplevering/EindProject_FPGA.srcs/sources_1/ip/blk_mem_gen_12/blk_mem_gen_12.xci]
INFO: [IP_Flow 19-1686] Generating 'Instantiation Template' target for IP 'blk_mem_gen_12'...
INFO: [IP_Flow 19-1686] Generating 'Synthesis' target for IP 'blk_mem_gen_12'...
INFO: [IP_Flow 19-1686] Generating 'Simulation' target for IP 'blk_mem_gen_12'...
WARNING: [filemgmt 56-199] Attempt to get parsing info during refresh. "On-the-fly" syntax checking information may be incorrect. [C:\Progh\Code\Project_RetroGame\Oplevering\EindProject_FPGA.srcs\sources_1\new\ControlBullet.vhd:]
WARNING: [filemgmt 56-199] Attempt to get parsing info during refresh. "On-the-fly" syntax checking information may be incorrect. [C:\Progh\Code\Project_RetroGame\Oplevering\EindProject_FPGA.srcs\sources_1\new\DisplayBullet.vhd:]
WARNING: [filemgmt 56-199] Attempt to get parsing info during refresh. "On-the-fly" syntax checking information may be incorrect. [C:\Progh\Code\Project_RetroGame\Oplevering\EindProject_FPGA.srcs\sources_1\imports\Week 5 + 6 - Bounching Square - Ball\DVI.vhd:]
WARNING: [filemgmt 56-199] Attempt to get parsing info during refresh. "On-the-fly" syntax checking information may be incorrect. [C:\Progh\Code\Project_RetroGame\Oplevering\EindProject_FPGA.srcs\sources_1\new\DisplayLives.vhd:]
WARNING: [filemgmt 56-199] Attempt to get parsing info during refresh. "On-the-fly" syntax checking information may be incorrect. [C:\Progh\Code\Project_RetroGame\Oplevering\EindProject_FPGA.srcs\sources_1\new\XY_GEN.vhd:]
WARNING: [filemgmt 56-199] Attempt to get parsing info during refresh. "On-the-fly" syntax checking information may be incorrect. [C:\Progh\Code\Project_RetroGame\Oplevering\EindProject_FPGA.srcs\sources_1\new\DisplayHUD.vhd:]
WARNING: [filemgmt 56-199] Attempt to get parsing info during refresh. "On-the-fly" syntax checking information may be incorrect. [C:\Progh\Code\Project_RetroGame\Oplevering\EindProject_FPGA.srcs\sources_1\imports\Week 5 + 6 - Bounching Square - Ball\DVI.vhd:]
WARNING: [filemgmt 56-199] Attempt to get parsing info during refresh. "On-the-fly" syntax checking information may be incorrect. [C:\Progh\Code\Project_RetroGame\Oplevering\EindProject_FPGA.srcs\sources_1\imports\Week 5 + 6 - Bounching Square - Ball\DVI.vhd:]
INFO: [IP_Flow 19-1686] Generating 'Miscellaneous' target for IP 'blk_mem_gen_12'...
INFO: [IP_Flow 19-1686] Generating 'Change Log' target for IP 'blk_mem_gen_12'...
catch { config_ip_cache -export [get_ips -all blk_mem_gen_12] }
INFO: [IP_Flow 19-6924] IPCACHE: Running cache check for IP inst: blk_mem_gen_12
export_ip_user_files -of_objects [get_files c:/Progh/Code/Project_RetroGame/Oplevering/EindProject_FPGA.srcs/sources_1/ip/blk_mem_gen_12/blk_mem_gen_12.xci] -no_script -sync -force -quiet
INFO: [Vivado 12-23855] The given sub-design is auto disabled, no action will be taken: 'c:/Progh/Code/Project_RetroGame/Oplevering/EindProject_FPGA.srcs/sources_1/ip/blk_mem_gen_12/blk_mem_gen_12.xci'
export_simulation -of_objects [get_files c:/Progh/Code/Project_RetroGame/Oplevering/EindProject_FPGA.srcs/sources_1/ip/blk_mem_gen_12/blk_mem_gen_12.xci] -directory C:/Progh/Code/Project_RetroGame/Oplevering/EindProject_FPGA.ip_user_files/sim_scripts -ip_user_files_dir C:/Progh/Code/Project_RetroGame/Oplevering/EindProject_FPGA.ip_user_files -ipstatic_source_dir C:/Progh/Code/Project_RetroGame/Oplevering/EindProject_FPGA.ip_user_files/ipstatic -lib_map_path [list {modelsim=C:/Progh/Code/Project_RetroGame/Oplevering/EindProject_FPGA.cache/compile_simlib/modelsim} {questa=C:/Progh/Code/Project_RetroGame/Oplevering/EindProject_FPGA.cache/compile_simlib/questa} {riviera=C:/Progh/Code/Project_RetroGame/Oplevering/EindProject_FPGA.cache/compile_simlib/riviera} {activehdl=C:/Progh/Code/Project_RetroGame/Oplevering/EindProject_FPGA.cache/compile_simlib/activehdl}] -use_ip_compiled_libs -force -quiet
WARNING: [filemgmt 56-199] Attempt to get parsing info during refresh. "On-the-fly" syntax checking information may be incorrect. [C:\Progh\Code\Project_RetroGame\Oplevering\EindProject_FPGA.srcs\sources_1\new\ControlBullet.vhd:]
WARNING: [filemgmt 56-199] Attempt to get parsing info during refresh. "On-the-fly" syntax checking information may be incorrect. [C:\Progh\Code\Project_RetroGame\Oplevering\EindProject_FPGA.srcs\sources_1\new\DisplayBullet.vhd:]
WARNING: [filemgmt 56-199] Attempt to get parsing info during refresh. "On-the-fly" syntax checking information may be incorrect. [C:\Progh\Code\Project_RetroGame\Oplevering\EindProject_FPGA.srcs\sources_1\imports\Week 5 + 6 - Bounching Square - Ball\DVI.vhd:]
WARNING: [filemgmt 56-199] Attempt to get parsing info during refresh. "On-the-fly" syntax checking information may be incorrect. [C:\Progh\Code\Project_RetroGame\Oplevering\EindProject_FPGA.srcs\sources_1\new\DisplayLives.vhd:]
WARNING: [filemgmt 56-199] Attempt to get parsing info during refresh. "On-the-fly" syntax checking information may be incorrect. [C:\Progh\Code\Project_RetroGame\Oplevering\EindProject_FPGA.srcs\sources_1\new\XY_GEN.vhd:]
WARNING: [filemgmt 56-199] Attempt to get parsing info during refresh. "On-the-fly" syntax checking information may be incorrect. [C:\Progh\Code\Project_RetroGame\Oplevering\EindProject_FPGA.srcs\sources_1\new\DisplayHUD.vhd:]
WARNING: [filemgmt 56-199] Attempt to get parsing info during refresh. "On-the-fly" syntax checking information may be incorrect. [C:\Progh\Code\Project_RetroGame\Oplevering\EindProject_FPGA.srcs\sources_1\new\DisplayBullet.vhd:]
WARNING: [filemgmt 56-199] Attempt to get parsing info during refresh. "On-the-fly" syntax checking information may be incorrect. [C:\Progh\Code\Project_RetroGame\Oplevering\EindProject_FPGA.srcs\sources_1\new\DisplayBullet.vhd:]
WARNING: [filemgmt 56-199] Attempt to get parsing info during refresh. "On-the-fly" syntax checking information may be incorrect. [C:\Progh\Code\Project_RetroGame\Oplevering\EindProject_FPGA.srcs\sources_1\new\ControlBullet.vhd:]
WARNING: [filemgmt 56-199] Attempt to get parsing info during refresh. "On-the-fly" syntax checking information may be incorrect. [C:\Progh\Code\Project_RetroGame\Oplevering\EindProject_FPGA.srcs\sources_1\new\DisplayBullet.vhd:]
WARNING: [filemgmt 56-199] Attempt to get parsing info during refresh. "On-the-fly" syntax checking information may be incorrect. [C:\Progh\Code\Project_RetroGame\Oplevering\EindProject_FPGA.srcs\sources_1\imports\Week 5 + 6 - Bounching Square - Ball\DVI.vhd:]
WARNING: [filemgmt 56-199] Attempt to get parsing info during refresh. "On-the-fly" syntax checking information may be incorrect. [C:\Progh\Code\Project_RetroGame\Oplevering\EindProject_FPGA.srcs\sources_1\new\DisplayLives.vhd:]
WARNING: [filemgmt 56-199] Attempt to get parsing info during refresh. "On-the-fly" syntax checking information may be incorrect. [C:\Progh\Code\Project_RetroGame\Oplevering\EindProject_FPGA.srcs\sources_1\new\XY_GEN.vhd:]
WARNING: [filemgmt 56-199] Attempt to get parsing info during refresh. "On-the-fly" syntax checking information may be incorrect. [C:\Progh\Code\Project_RetroGame\Oplevering\EindProject_FPGA.srcs\sources_1\new\DisplayHUD.vhd:]
WARNING: [filemgmt 56-199] Attempt to get parsing info during refresh. "On-the-fly" syntax checking information may be incorrect. [C:\Progh\Code\Project_RetroGame\Oplevering\EindProject_FPGA.srcs\sources_1\new\DisplayHUD.vhd:]
WARNING: [filemgmt 56-199] Attempt to get parsing info during refresh. "On-the-fly" syntax checking information may be incorrect. [C:\Progh\Code\Project_RetroGame\Oplevering\EindProject_FPGA.srcs\sources_1\new\DisplayHUD.vhd:]
ERROR: [Common 17-180] Spawn failed: No such file or directory
WARNING: [filemgmt 56-199] Attempt to get parsing info during refresh. "On-the-fly" syntax checking information may be incorrect. [C:\Progh\Code\Project_RetroGame\Oplevering\EindProject_FPGA.srcs\sources_1\new\ControlBullet.vhd:]
WARNING: [filemgmt 56-199] Attempt to get parsing info during refresh. "On-the-fly" syntax checking information may be incorrect. [C:\Progh\Code\Project_RetroGame\Oplevering\EindProject_FPGA.srcs\sources_1\new\DisplayBullet.vhd:]
WARNING: [filemgmt 56-199] Attempt to get parsing info during refresh. "On-the-fly" syntax checking information may be incorrect. [C:\Progh\Code\Project_RetroGame\Oplevering\EindProject_FPGA.srcs\sources_1\imports\Week 5 + 6 - Bounching Square - Ball\DVI.vhd:]
WARNING: [filemgmt 56-199] Attempt to get parsing info during refresh. "On-the-fly" syntax checking information may be incorrect. [C:\Progh\Code\Project_RetroGame\Oplevering\EindProject_FPGA.srcs\sources_1\new\DisplayLives.vhd:]
WARNING: [filemgmt 56-199] Attempt to get parsing info during refresh. "On-the-fly" syntax checking information may be incorrect. [C:\Progh\Code\Project_RetroGame\Oplevering\EindProject_FPGA.srcs\sources_1\new\XY_GEN.vhd:]
WARNING: [filemgmt 56-199] Attempt to get parsing info during refresh. "On-the-fly" syntax checking information may be incorrect. [C:\Progh\Code\Project_RetroGame\Oplevering\EindProject_FPGA.srcs\sources_1\new\DisplayHUD.vhd:]
WARNING: [filemgmt 56-199] Attempt to get parsing info during refresh. "On-the-fly" syntax checking information may be incorrect. [C:\Progh\Code\Project_RetroGame\Oplevering\EindProject_FPGA.srcs\sources_1\imports\Week 5 + 6 - Bounching Square - Ball\DVI.vhd:]
WARNING: [filemgmt 56-199] Attempt to get parsing info during refresh. "On-the-fly" syntax checking information may be incorrect. [C:\Progh\Code\Project_RetroGame\Oplevering\EindProject_FPGA.srcs\sources_1\imports\Week 5 + 6 - Bounching Square - Ball\DVI.vhd:]
ERROR: [Common 17-180] Spawn failed: No such file or directory
WARNING: [IP_Flow 19-4067] Ignoring invalid widget type specified checkbox.Providing a default widget
WARNING: [IP_Flow 19-4067] Ignoring invalid widget type specified checkbox.Providing a default widget
WARNING: [IP_Flow 19-4067] Ignoring invalid widget type specified checkbox.Providing a default widget
WARNING: [IP_Flow 19-4067] Ignoring invalid widget type specified checkbox.Providing a default widget
INFO: [IP_Flow 19-3484] Absolute path of file 'c:/Progh/Code/Project_RetroGame/Oplevering/CoeFilesOpslag/emptyheart.coe' provided. It will be converted relative to IP Instance files '../../../../CoeFilesOpslag/emptyheart.coe'
set_property -dict [list \
  CONFIG.Coe_File {C:/Progh/Code/Project_RetroGame/Oplevering/CoeFilesOpslag/emptyheart.coe} \
  CONFIG.Load_Init_File {true} \
  CONFIG.Write_Depth_A {1024} \
] [get_ips blk_mem_gen_13]
INFO: [IP_Flow 19-3484] Absolute path of file 'c:/Progh/Code/Project_RetroGame/Oplevering/CoeFilesOpslag/emptyheart.coe' provided. It will be converted relative to IP Instance files '../../../../CoeFilesOpslag/emptyheart.coe'
WARNING: [filemgmt 56-199] Attempt to get parsing info during refresh. "On-the-fly" syntax checking information may be incorrect. [C:\Progh\Code\Project_RetroGame\Oplevering\EindProject_FPGA.srcs\sources_1\new\ControlBullet.vhd:]
WARNING: [filemgmt 56-199] Attempt to get parsing info during refresh. "On-the-fly" syntax checking information may be incorrect. [C:\Progh\Code\Project_RetroGame\Oplevering\EindProject_FPGA.srcs\sources_1\new\DisplayBullet.vhd:]
WARNING: [filemgmt 56-199] Attempt to get parsing info during refresh. "On-the-fly" syntax checking information may be incorrect. [C:\Progh\Code\Project_RetroGame\Oplevering\EindProject_FPGA.srcs\sources_1\imports\Week 5 + 6 - Bounching Square - Ball\DVI.vhd:]
WARNING: [filemgmt 56-199] Attempt to get parsing info during refresh. "On-the-fly" syntax checking information may be incorrect. [C:\Progh\Code\Project_RetroGame\Oplevering\EindProject_FPGA.srcs\sources_1\new\DisplayLives.vhd:]
WARNING: [filemgmt 56-199] Attempt to get parsing info during refresh. "On-the-fly" syntax checking information may be incorrect. [C:\Progh\Code\Project_RetroGame\Oplevering\EindProject_FPGA.srcs\sources_1\new\XY_GEN.vhd:]
WARNING: [filemgmt 56-199] Attempt to get parsing info during refresh. "On-the-fly" syntax checking information may be incorrect. [C:\Progh\Code\Project_RetroGame\Oplevering\EindProject_FPGA.srcs\sources_1\new\DisplayHUD.vhd:]
WARNING: [filemgmt 56-199] Attempt to get parsing info during refresh. "On-the-fly" syntax checking information may be incorrect. [C:\Progh\Code\Project_RetroGame\Oplevering\EindProject_FPGA.srcs\sources_1\new\DisplayBullet.vhd:]
WARNING: [filemgmt 56-199] Attempt to get parsing info during refresh. "On-the-fly" syntax checking information may be incorrect. [C:\Progh\Code\Project_RetroGame\Oplevering\EindProject_FPGA.srcs\sources_1\new\DisplayBullet.vhd:]
WARNING: [filemgmt 56-199] Attempt to get parsing info during refresh. "On-the-fly" syntax checking information may be incorrect. [C:\Progh\Code\Project_RetroGame\Oplevering\EindProject_FPGA.srcs\sources_1\new\ControlBullet.vhd:]
WARNING: [filemgmt 56-199] Attempt to get parsing info during refresh. "On-the-fly" syntax checking information may be incorrect. [C:\Progh\Code\Project_RetroGame\Oplevering\EindProject_FPGA.srcs\sources_1\new\DisplayBullet.vhd:]
WARNING: [filemgmt 56-199] Attempt to get parsing info during refresh. "On-the-fly" syntax checking information may be incorrect. [C:\Progh\Code\Project_RetroGame\Oplevering\EindProject_FPGA.srcs\sources_1\imports\Week 5 + 6 - Bounching Square - Ball\DVI.vhd:]
WARNING: [filemgmt 56-199] Attempt to get parsing info during refresh. "On-the-fly" syntax checking information may be incorrect. [C:\Progh\Code\Project_RetroGame\Oplevering\EindProject_FPGA.srcs\sources_1\new\DisplayLives.vhd:]
WARNING: [filemgmt 56-199] Attempt to get parsing info during refresh. "On-the-fly" syntax checking information may be incorrect. [C:\Progh\Code\Project_RetroGame\Oplevering\EindProject_FPGA.srcs\sources_1\new\XY_GEN.vhd:]
WARNING: [filemgmt 56-199] Attempt to get parsing info during refresh. "On-the-fly" syntax checking information may be incorrect. [C:\Progh\Code\Project_RetroGame\Oplevering\EindProject_FPGA.srcs\sources_1\new\DisplayHUD.vhd:]
WARNING: [filemgmt 56-199] Attempt to get parsing info during refresh. "On-the-fly" syntax checking information may be incorrect. [C:\Progh\Code\Project_RetroGame\Oplevering\EindProject_FPGA.srcs\sources_1\imports\Week 5 + 6 - Bounching Square - Ball\DVI.vhd:]
WARNING: [filemgmt 56-199] Attempt to get parsing info during refresh. "On-the-fly" syntax checking information may be incorrect. [C:\Progh\Code\Project_RetroGame\Oplevering\EindProject_FPGA.srcs\sources_1\imports\Week 5 + 6 - Bounching Square - Ball\DVI.vhd:]
WARNING: [filemgmt 56-199] Attempt to get parsing info during refresh. "On-the-fly" syntax checking information may be incorrect. [C:\Progh\Code\Project_RetroGame\Oplevering\EindProject_FPGA.srcs\sources_1\new\ControlBullet.vhd:]
WARNING: [filemgmt 56-199] Attempt to get parsing info during refresh. "On-the-fly" syntax checking information may be incorrect. [C:\Progh\Code\Project_RetroGame\Oplevering\EindProject_FPGA.srcs\sources_1\new\DisplayBullet.vhd:]
WARNING: [filemgmt 56-199] Attempt to get parsing info during refresh. "On-the-fly" syntax checking information may be incorrect. [C:\Progh\Code\Project_RetroGame\Oplevering\EindProject_FPGA.srcs\sources_1\imports\Week 5 + 6 - Bounching Square - Ball\DVI.vhd:]
WARNING: [filemgmt 56-199] Attempt to get parsing info during refresh. "On-the-fly" syntax checking information may be incorrect. [C:\Progh\Code\Project_RetroGame\Oplevering\EindProject_FPGA.srcs\sources_1\new\DisplayLives.vhd:]
WARNING: [filemgmt 56-199] Attempt to get parsing info during refresh. "On-the-fly" syntax checking information may be incorrect. [C:\Progh\Code\Project_RetroGame\Oplevering\EindProject_FPGA.srcs\sources_1\new\XY_GEN.vhd:]
WARNING: [filemgmt 56-199] Attempt to get parsing info during refresh. "On-the-fly" syntax checking information may be incorrect. [C:\Progh\Code\Project_RetroGame\Oplevering\EindProject_FPGA.srcs\sources_1\new\DisplayHUD.vhd:]
WARNING: [filemgmt 56-199] Attempt to get parsing info during refresh. "On-the-fly" syntax checking information may be incorrect. [C:\Progh\Code\Project_RetroGame\Oplevering\EindProject_FPGA.srcs\sources_1\new\XY_GEN.vhd:]
WARNING: [filemgmt 56-199] Attempt to get parsing info during refresh. "On-the-fly" syntax checking information may be incorrect. [C:\Progh\Code\Project_RetroGame\Oplevering\EindProject_FPGA.srcs\sources_1\new\XY_GEN.vhd:]
WARNING: [filemgmt 56-199] Attempt to get parsing info during refresh. "On-the-fly" syntax checking information may be incorrect. [C:\Progh\Code\Project_RetroGame\Oplevering\EindProject_FPGA.srcs\sources_1\new\ControlBullet.vhd:]
WARNING: [filemgmt 56-199] Attempt to get parsing info during refresh. "On-the-fly" syntax checking information may be incorrect. [C:\Progh\Code\Project_RetroGame\Oplevering\EindProject_FPGA.srcs\sources_1\new\DisplayBullet.vhd:]
WARNING: [filemgmt 56-199] Attempt to get parsing info during refresh. "On-the-fly" syntax checking information may be incorrect. [C:\Progh\Code\Project_RetroGame\Oplevering\EindProject_FPGA.srcs\sources_1\imports\Week 5 + 6 - Bounching Square - Ball\DVI.vhd:]
WARNING: [filemgmt 56-199] Attempt to get parsing info during refresh. "On-the-fly" syntax checking information may be incorrect. [C:\Progh\Code\Project_RetroGame\Oplevering\EindProject_FPGA.srcs\sources_1\new\DisplayLives.vhd:]
WARNING: [filemgmt 56-199] Attempt to get parsing info during refresh. "On-the-fly" syntax checking information may be incorrect. [C:\Progh\Code\Project_RetroGame\Oplevering\EindProject_FPGA.srcs\sources_1\new\XY_GEN.vhd:]
WARNING: [filemgmt 56-199] Attempt to get parsing info during refresh. "On-the-fly" syntax checking information may be incorrect. [C:\Progh\Code\Project_RetroGame\Oplevering\EindProject_FPGA.srcs\sources_1\new\DisplayHUD.vhd:]
WARNING: [filemgmt 56-199] Attempt to get parsing info during refresh. "On-the-fly" syntax checking information may be incorrect. [C:\Progh\Code\Project_RetroGame\Oplevering\EindProject_FPGA.srcs\sources_1\imports\Week 5 + 6 - Bounching Square - Ball\DVI.vhd:]
WARNING: [filemgmt 56-199] Attempt to get parsing info during refresh. "On-the-fly" syntax checking information may be incorrect. [C:\Progh\Code\Project_RetroGame\Oplevering\EindProject_FPGA.srcs\sources_1\imports\Week 5 + 6 - Bounching Square - Ball\DVI.vhd:]
WARNING: [filemgmt 56-199] Attempt to get parsing info during refresh. "On-the-fly" syntax checking information may be incorrect. [C:\Progh\Code\Project_RetroGame\Oplevering\EindProject_FPGA.srcs\sources_1\new\ControlBullet.vhd:]
WARNING: [filemgmt 56-199] Attempt to get parsing info during refresh. "On-the-fly" syntax checking information may be incorrect. [C:\Progh\Code\Project_RetroGame\Oplevering\EindProject_FPGA.srcs\sources_1\new\DisplayBullet.vhd:]
WARNING: [filemgmt 56-199] Attempt to get parsing info during refresh. "On-the-fly" syntax checking information may be incorrect. [C:\Progh\Code\Project_RetroGame\Oplevering\EindProject_FPGA.srcs\sources_1\imports\Week 5 + 6 - Bounching Square - Ball\DVI.vhd:]
WARNING: [filemgmt 56-199] Attempt to get parsing info during refresh. "On-the-fly" syntax checking information may be incorrect. [C:\Progh\Code\Project_RetroGame\Oplevering\EindProject_FPGA.srcs\sources_1\new\DisplayLives.vhd:]
WARNING: [filemgmt 56-199] Attempt to get parsing info during refresh. "On-the-fly" syntax checking information may be incorrect. [C:\Progh\Code\Project_RetroGame\Oplevering\EindProject_FPGA.srcs\sources_1\new\XY_GEN.vhd:]
WARNING: [filemgmt 56-199] Attempt to get parsing info during refresh. "On-the-fly" syntax checking information may be incorrect. [C:\Progh\Code\Project_RetroGame\Oplevering\EindProject_FPGA.srcs\sources_1\new\DisplayHUD.vhd:]
WARNING: [filemgmt 56-199] Attempt to get parsing info during refresh. "On-the-fly" syntax checking information may be incorrect. [C:\Progh\Code\Project_RetroGame\Oplevering\EindProject_FPGA.srcs\sources_1\new\XY_GEN.vhd:]
WARNING: [filemgmt 56-199] Attempt to get parsing info during refresh. "On-the-fly" syntax checking information may be incorrect. [C:\Progh\Code\Project_RetroGame\Oplevering\EindProject_FPGA.srcs\sources_1\new\XY_GEN.vhd:]
WARNING: [filemgmt 56-199] Attempt to get parsing info during refresh. "On-the-fly" syntax checking information may be incorrect. [C:\Progh\Code\Project_RetroGame\Oplevering\EindProject_FPGA.srcs\sources_1\new\ControlBullet.vhd:]
WARNING: [filemgmt 56-199] Attempt to get parsing info during refresh. "On-the-fly" syntax checking information may be incorrect. [C:\Progh\Code\Project_RetroGame\Oplevering\EindProject_FPGA.srcs\sources_1\new\DisplayBullet.vhd:]
WARNING: [filemgmt 56-199] Attempt to get parsing info during refresh. "On-the-fly" syntax checking information may be incorrect. [C:\Progh\Code\Project_RetroGame\Oplevering\EindProject_FPGA.srcs\sources_1\imports\Week 5 + 6 - Bounching Square - Ball\DVI.vhd:]
WARNING: [filemgmt 56-199] Attempt to get parsing info during refresh. "On-the-fly" syntax checking information may be incorrect. [C:\Progh\Code\Project_RetroGame\Oplevering\EindProject_FPGA.srcs\sources_1\new\DisplayLives.vhd:]
WARNING: [filemgmt 56-199] Attempt to get parsing info during refresh. "On-the-fly" syntax checking information may be incorrect. [C:\Progh\Code\Project_RetroGame\Oplevering\EindProject_FPGA.srcs\sources_1\new\XY_GEN.vhd:]
WARNING: [filemgmt 56-199] Attempt to get parsing info during refresh. "On-the-fly" syntax checking information may be incorrect. [C:\Progh\Code\Project_RetroGame\Oplevering\EindProject_FPGA.srcs\sources_1\new\DisplayHUD.vhd:]
WARNING: [filemgmt 56-199] Attempt to get parsing info during refresh. "On-the-fly" syntax checking information may be incorrect. [C:\Progh\Code\Project_RetroGame\Oplevering\EindProject_FPGA.srcs\sources_1\new\DisplayBullet.vhd:]
WARNING: [filemgmt 56-199] Attempt to get parsing info during refresh. "On-the-fly" syntax checking information may be incorrect. [C:\Progh\Code\Project_RetroGame\Oplevering\EindProject_FPGA.srcs\sources_1\new\DisplayBullet.vhd:]
ERROR: [Common 17-180] Spawn failed: No such file or directory
generate_target all [get_files  c:/Progh/Code/Project_RetroGame/Oplevering/EindProject_FPGA.srcs/sources_1/ip/blk_mem_gen_13/blk_mem_gen_13.xci]
INFO: [IP_Flow 19-1686] Generating 'Instantiation Template' target for IP 'blk_mem_gen_13'...
INFO: [IP_Flow 19-1686] Generating 'Synthesis' target for IP 'blk_mem_gen_13'...
INFO: [IP_Flow 19-1686] Generating 'Simulation' target for IP 'blk_mem_gen_13'...
INFO: [IP_Flow 19-1686] Generating 'Miscellaneous' target for IP 'blk_mem_gen_13'...
INFO: [IP_Flow 19-1686] Generating 'Change Log' target for IP 'blk_mem_gen_13'...
catch { config_ip_cache -export [get_ips -all blk_mem_gen_13] }
INFO: [IP_Flow 19-6924] IPCACHE: Running cache check for IP inst: blk_mem_gen_13
export_ip_user_files -of_objects [get_files c:/Progh/Code/Project_RetroGame/Oplevering/EindProject_FPGA.srcs/sources_1/ip/blk_mem_gen_13/blk_mem_gen_13.xci] -no_script -sync -force -quiet
INFO: [Vivado 12-23855] The given sub-design is auto disabled, no action will be taken: 'c:/Progh/Code/Project_RetroGame/Oplevering/EindProject_FPGA.srcs/sources_1/ip/blk_mem_gen_13/blk_mem_gen_13.xci'
export_simulation -of_objects [get_files c:/Progh/Code/Project_RetroGame/Oplevering/EindProject_FPGA.srcs/sources_1/ip/blk_mem_gen_13/blk_mem_gen_13.xci] -directory C:/Progh/Code/Project_RetroGame/Oplevering/EindProject_FPGA.ip_user_files/sim_scripts -ip_user_files_dir C:/Progh/Code/Project_RetroGame/Oplevering/EindProject_FPGA.ip_user_files -ipstatic_source_dir C:/Progh/Code/Project_RetroGame/Oplevering/EindProject_FPGA.ip_user_files/ipstatic -lib_map_path [list {modelsim=C:/Progh/Code/Project_RetroGame/Oplevering/EindProject_FPGA.cache/compile_simlib/modelsim} {questa=C:/Progh/Code/Project_RetroGame/Oplevering/EindProject_FPGA.cache/compile_simlib/questa} {riviera=C:/Progh/Code/Project_RetroGame/Oplevering/EindProject_FPGA.cache/compile_simlib/riviera} {activehdl=C:/Progh/Code/Project_RetroGame/Oplevering/EindProject_FPGA.cache/compile_simlib/activehdl}] -use_ip_compiled_libs -force -quiet
WARNING: [filemgmt 56-199] Attempt to get parsing info during refresh. "On-the-fly" syntax checking information may be incorrect. [C:\Progh\Code\Project_RetroGame\Oplevering\EindProject_FPGA.srcs\sources_1\new\ControlBullet.vhd:]
WARNING: [filemgmt 56-199] Attempt to get parsing info during refresh. "On-the-fly" syntax checking information may be incorrect. [C:\Progh\Code\Project_RetroGame\Oplevering\EindProject_FPGA.srcs\sources_1\new\DisplayBullet.vhd:]
WARNING: [filemgmt 56-199] Attempt to get parsing info during refresh. "On-the-fly" syntax checking information may be incorrect. [C:\Progh\Code\Project_RetroGame\Oplevering\EindProject_FPGA.srcs\sources_1\imports\Week 5 + 6 - Bounching Square - Ball\DVI.vhd:]
WARNING: [filemgmt 56-199] Attempt to get parsing info during refresh. "On-the-fly" syntax checking information may be incorrect. [C:\Progh\Code\Project_RetroGame\Oplevering\EindProject_FPGA.srcs\sources_1\new\DisplayLives.vhd:]
WARNING: [filemgmt 56-199] Attempt to get parsing info during refresh. "On-the-fly" syntax checking information may be incorrect. [C:\Progh\Code\Project_RetroGame\Oplevering\EindProject_FPGA.srcs\sources_1\new\XY_GEN.vhd:]
WARNING: [filemgmt 56-199] Attempt to get parsing info during refresh. "On-the-fly" syntax checking information may be incorrect. [C:\Progh\Code\Project_RetroGame\Oplevering\EindProject_FPGA.srcs\sources_1\new\DisplayHUD.vhd:]
WARNING: [filemgmt 56-199] Attempt to get parsing info during refresh. "On-the-fly" syntax checking information may be incorrect. [C:\Progh\Code\Project_RetroGame\Oplevering\EindProject_FPGA.srcs\sources_1\new\DisplayBullet.vhd:]
WARNING: [filemgmt 56-199] Attempt to get parsing info during refresh. "On-the-fly" syntax checking information may be incorrect. [C:\Progh\Code\Project_RetroGame\Oplevering\EindProject_FPGA.srcs\sources_1\new\DisplayBullet.vhd:]
WARNING: [filemgmt 56-199] Attempt to get parsing info during refresh. "On-the-fly" syntax checking information may be incorrect. [C:\Progh\Code\Project_RetroGame\Oplevering\EindProject_FPGA.srcs\sources_1\new\ControlBullet.vhd:]
WARNING: [filemgmt 56-199] Attempt to get parsing info during refresh. "On-the-fly" syntax checking information may be incorrect. [C:\Progh\Code\Project_RetroGame\Oplevering\EindProject_FPGA.srcs\sources_1\new\DisplayBullet.vhd:]
WARNING: [filemgmt 56-199] Attempt to get parsing info during refresh. "On-the-fly" syntax checking information may be incorrect. [C:\Progh\Code\Project_RetroGame\Oplevering\EindProject_FPGA.srcs\sources_1\imports\Week 5 + 6 - Bounching Square - Ball\DVI.vhd:]
WARNING: [filemgmt 56-199] Attempt to get parsing info during refresh. "On-the-fly" syntax checking information may be incorrect. [C:\Progh\Code\Project_RetroGame\Oplevering\EindProject_FPGA.srcs\sources_1\new\DisplayLives.vhd:]
WARNING: [filemgmt 56-199] Attempt to get parsing info during refresh. "On-the-fly" syntax checking information may be incorrect. [C:\Progh\Code\Project_RetroGame\Oplevering\EindProject_FPGA.srcs\sources_1\new\XY_GEN.vhd:]
WARNING: [filemgmt 56-199] Attempt to get parsing info during refresh. "On-the-fly" syntax checking information may be incorrect. [C:\Progh\Code\Project_RetroGame\Oplevering\EindProject_FPGA.srcs\sources_1\new\DisplayHUD.vhd:]
WARNING: [filemgmt 56-199] Attempt to get parsing info during refresh. "On-the-fly" syntax checking information may be incorrect. [C:\Progh\Code\Project_RetroGame\Oplevering\EindProject_FPGA.srcs\sources_1\new\DisplayHUD.vhd:]
WARNING: [filemgmt 56-199] Attempt to get parsing info during refresh. "On-the-fly" syntax checking information may be incorrect. [C:\Progh\Code\Project_RetroGame\Oplevering\EindProject_FPGA.srcs\sources_1\new\DisplayHUD.vhd:]
ERROR: [Common 17-180] Spawn failed: No such file or directory
WARNING: [filemgmt 56-199] Attempt to get parsing info during refresh. "On-the-fly" syntax checking information may be incorrect. [C:\Progh\Code\Project_RetroGame\Oplevering\EindProject_FPGA.srcs\sources_1\new\ControlBullet.vhd:]
WARNING: [filemgmt 56-199] Attempt to get parsing info during refresh. "On-the-fly" syntax checking information may be incorrect. [C:\Progh\Code\Project_RetroGame\Oplevering\EindProject_FPGA.srcs\sources_1\new\DisplayBullet.vhd:]
WARNING: [filemgmt 56-199] Attempt to get parsing info during refresh. "On-the-fly" syntax checking information may be incorrect. [C:\Progh\Code\Project_RetroGame\Oplevering\EindProject_FPGA.srcs\sources_1\imports\Week 5 + 6 - Bounching Square - Ball\DVI.vhd:]
WARNING: [filemgmt 56-199] Attempt to get parsing info during refresh. "On-the-fly" syntax checking information may be incorrect. [C:\Progh\Code\Project_RetroGame\Oplevering\EindProject_FPGA.srcs\sources_1\new\DisplayLives.vhd:]
WARNING: [filemgmt 56-199] Attempt to get parsing info during refresh. "On-the-fly" syntax checking information may be incorrect. [C:\Progh\Code\Project_RetroGame\Oplevering\EindProject_FPGA.srcs\sources_1\new\XY_GEN.vhd:]
WARNING: [filemgmt 56-199] Attempt to get parsing info during refresh. "On-the-fly" syntax checking information may be incorrect. [C:\Progh\Code\Project_RetroGame\Oplevering\EindProject_FPGA.srcs\sources_1\new\DisplayHUD.vhd:]
WARNING: [filemgmt 56-199] Attempt to get parsing info during refresh. "On-the-fly" syntax checking information may be incorrect. [C:\Progh\Code\Project_RetroGame\Oplevering\EindProject_FPGA.srcs\sources_1\imports\Week 5 + 6 - Bounching Square - Ball\DVI.vhd:]
WARNING: [filemgmt 56-199] Attempt to get parsing info during refresh. "On-the-fly" syntax checking information may be incorrect. [C:\Progh\Code\Project_RetroGame\Oplevering\EindProject_FPGA.srcs\sources_1\imports\Week 5 + 6 - Bounching Square - Ball\DVI.vhd:]
ERROR: [Common 17-180] Spawn failed: No such file or directory
save_project_as project_1 C:/Progh/Code/Project_RetroGame/Oplevering/project_1 -force
INFO: [IP_Flow 19-7005] Skipping external file c:/Progh/Code/Project_RetroGame/Oplevering/EindProject_FPGA.srcs/sources_1/imports/CoeFilesOpslag/bazookFrame1.coe
INFO: [IP_Flow 19-7005] Skipping external file c:/Progh/Code/Project_RetroGame/Oplevering/EindProject_FPGA.srcs/sources_1/imports/CoeFilesOpslag/bazookFrame2.coe
INFO: [IP_Flow 19-7005] Skipping external file c:/Progh/Code/Project_RetroGame/Oplevering/CoeFilesOpslag/ammo.coe
INFO: [IP_Flow 19-7005] Skipping external file c:/Progh/Code/Project_RetroGame/Oplevering/CoeFilesOpslag/emptyshell.coe
INFO: [IP_Flow 19-7005] Skipping external file c:/Progh/Code/Project_RetroGame/Oplevering/CoeFilesOpslag/emptyheart.coe
INFO: [IP_Flow 19-7005] Skipping external file c:/Progh/Code/Project_RetroGame/Oplevering/EindProject_FPGA.srcs/sources_1/imports/CoeFilesOpslag/bazookFrame3.coe
INFO: [IP_Flow 19-7005] Skipping external file c:/Progh/Code/Project_RetroGame/Oplevering/EindProject_FPGA.srcs/sources_1/imports/CoeFilesOpslag/bazookFrame4.coe
INFO: [IP_Flow 19-7005] Skipping external file c:/Progh/Code/Project_RetroGame/Oplevering/EindProject_FPGA.srcs/sources_1/imports/CoeFilesOpslag/MapBeter.coe
INFO: [IP_Flow 19-7005] Skipping external file c:/Progh/Code/Project_RetroGame/Oplevering/EindProject_FPGA.srcs/sources_1/imports/CoeFilesOpslag/bulletR.coe
INFO: [IP_Flow 19-7005] Skipping external file c:/Progh/Code/Project_RetroGame/Oplevering/EindProject_FPGA.srcs/sources_1/imports/CoeFileOpslag/Beter4.coe
INFO: [IP_Flow 19-7005] Skipping external file c:/Progh/Code/Project_RetroGame/Oplevering/EindProject_FPGA.srcs/sources_1/imports/CoeFileOpslag/Beter3.coe
WARNING: [filemgmt 56-199] Attempt to get parsing info during refresh. "On-the-fly" syntax checking information may be incorrect. [C:\Progh\Code\Project_RetroGame\Oplevering\EindProject_FPGA.srcs\sources_1\new\ControlBullet.vhd:]
WARNING: [filemgmt 56-199] Attempt to get parsing info during refresh. "On-the-fly" syntax checking information may be incorrect. [C:\Progh\Code\Project_RetroGame\Oplevering\EindProject_FPGA.srcs\sources_1\new\DisplayBullet.vhd:]
WARNING: [filemgmt 56-199] Attempt to get parsing info during refresh. "On-the-fly" syntax checking information may be incorrect. [C:\Progh\Code\Project_RetroGame\Oplevering\EindProject_FPGA.srcs\sources_1\imports\Week 5 + 6 - Bounching Square - Ball\DVI.vhd:]
WARNING: [filemgmt 56-199] Attempt to get parsing info during refresh. "On-the-fly" syntax checking information may be incorrect. [C:\Progh\Code\Project_RetroGame\Oplevering\EindProject_FPGA.srcs\sources_1\new\DisplayLives.vhd:]
WARNING: [filemgmt 56-199] Attempt to get parsing info during refresh. "On-the-fly" syntax checking information may be incorrect. [C:\Progh\Code\Project_RetroGame\Oplevering\EindProject_FPGA.srcs\sources_1\new\XY_GEN.vhd:]
WARNING: [filemgmt 56-199] Attempt to get parsing info during refresh. "On-the-fly" syntax checking information may be incorrect. [C:\Progh\Code\Project_RetroGame\Oplevering\EindProject_FPGA.srcs\sources_1\new\DisplayHUD.vhd:]
WARNING: [filemgmt 56-199] Attempt to get parsing info during refresh. "On-the-fly" syntax checking information may be incorrect. [C:\Progh\Code\Project_RetroGame\Oplevering\EindProject_FPGA.srcs\sources_1\new\DisplayBullet.vhd:]
WARNING: [filemgmt 56-199] Attempt to get parsing info during refresh. "On-the-fly" syntax checking information may be incorrect. [C:\Progh\Code\Project_RetroGame\Oplevering\EindProject_FPGA.srcs\sources_1\new\DisplayBullet.vhd:]
INFO: [IP_Flow 19-7005] Skipping external file c:/Progh/Code/Project_RetroGame/Oplevering/EindProject_FPGA.srcs/sources_1/imports/CoeFileOpslag/Beter2.coe
INFO: [IP_Flow 19-7005] Skipping external file c:/Progh/Code/Project_RetroGame/Oplevering/EindProject_FPGA.srcs/sources_1/imports/CoeFileOpslag/Beter1.coe
INFO: [IP_Flow 19-7005] Skipping external file c:/Progh/Code/Project_RetroGame/Oplevering/CoeFilesOpslag/heartHealth.coe
ERROR: [Common 17-180] Spawn failed: No such file or directory
ERROR: [Common 17-180] Spawn failed: No such file or directory
save_project_as: Time (s): cpu = 00:00:02 ; elapsed = 00:00:11 . Memory (MB): peak = 3077.820 ; gain = 0.000
ERROR: [Common 17-39] 'save_project_as' failed due to earlier errors.
import_files
INFO: [filemgmt 20-334] All file(s) are already imported in fileset: 'blk_mem_gen_0'
INFO: [filemgmt 20-348] Importing the appropriate files for fileset: 'blk_mem_gen_0'
INFO: [filemgmt 20-334] All file(s) are already imported in fileset: 'blk_mem_gen_1'
INFO: [filemgmt 20-348] Importing the appropriate files for fileset: 'blk_mem_gen_1'
INFO: [filemgmt 20-334] All file(s) are already imported in fileset: 'blk_mem_gen_10'
INFO: [filemgmt 20-348] Importing the appropriate files for fileset: 'blk_mem_gen_10'
INFO: [filemgmt 20-334] All file(s) are already imported in fileset: 'blk_mem_gen_11'
INFO: [filemgmt 20-348] Importing the appropriate files for fileset: 'blk_mem_gen_11'
INFO: [filemgmt 20-334] All file(s) are already imported in fileset: 'blk_mem_gen_13'
INFO: [filemgmt 20-348] Importing the appropriate files for fileset: 'blk_mem_gen_13'
INFO: [filemgmt 20-334] All file(s) are already imported in fileset: 'blk_mem_gen_2'
INFO: [filemgmt 20-348] Importing the appropriate files for fileset: 'blk_mem_gen_2'
INFO: [filemgmt 20-334] All file(s) are already imported in fileset: 'blk_mem_gen_3'
INFO: [filemgmt 20-348] Importing the appropriate files for fileset: 'blk_mem_gen_3'
INFO: [filemgmt 20-334] All file(s) are already imported in fileset: 'blk_mem_gen_4'
INFO: [filemgmt 20-348] Importing the appropriate files for fileset: 'blk_mem_gen_4'
INFO: [filemgmt 20-334] All file(s) are already imported in fileset: 'blk_mem_gen_9'
INFO: [filemgmt 20-348] Importing the appropriate files for fileset: 'blk_mem_gen_9'
INFO: [filemgmt 20-334] All file(s) are already imported in fileset: 'clkDVIprescaler'
INFO: [filemgmt 20-348] Importing the appropriate files for fileset: 'clkDVIprescaler'
INFO: [filemgmt 20-334] All file(s) are already imported in fileset: 'constrs_1'
INFO: [filemgmt 20-348] Importing the appropriate files for fileset: 'constrs_1'
INFO: [filemgmt 20-334] All file(s) are already imported in fileset: 'sim_1'
INFO: [filemgmt 20-348] Importing the appropriate files for fileset: 'sim_1'
INFO: [filemgmt 20-348] Importing the appropriate files for fileset: 'sources_1'
WARNING: [filemgmt 20-354] The following file(s) were not imported. Local copy of file(s) already exists:
c:/Progh/Code/Project_RetroGame/Oplevering/CoeFilesOpslag/ammo.coe
Hint: use the '-force' option to overwrite the local copies.
INFO: [filemgmt 20-334] All file(s) are already imported in fileset: 'utils_1'
INFO: [filemgmt 20-348] Importing the appropriate files for fileset: 'utils_1'
WARNING: [filemgmt 56-199] Attempt to get parsing info during refresh. "On-the-fly" syntax checking information may be incorrect. [C:\Progh\Code\Project_RetroGame\Oplevering\project_1\project_1.srcs\sources_1\new\DisplayHUD.vhd:]
WARNING: [filemgmt 56-199] Attempt to get parsing info during refresh. "On-the-fly" syntax checking information may be incorrect. [C:\Progh\Code\Project_RetroGame\Oplevering\project_1\project_1.srcs\sources_1\new\DisplayBullet.vhd:]
WARNING: [filemgmt 56-199] Attempt to get parsing info during refresh. "On-the-fly" syntax checking information may be incorrect. [C:\Progh\Code\Project_RetroGame\Oplevering\EindProject_FPGA.srcs\sources_1\new\ControlBullet.vhd:]
WARNING: [filemgmt 56-199] Attempt to get parsing info during refresh. "On-the-fly" syntax checking information may be incorrect. [C:\Progh\Code\Project_RetroGame\Oplevering\EindProject_FPGA.srcs\sources_1\new\DisplayLives.vhd:]
WARNING: [filemgmt 56-199] Attempt to get parsing info during refresh. "On-the-fly" syntax checking information may be incorrect. [C:\Progh\Code\Project_RetroGame\Oplevering\project_1\project_1.srcs\sources_1\new\XY_GEN.vhd:]
WARNING: [filemgmt 56-199] Attempt to get parsing info during refresh. "On-the-fly" syntax checking information may be incorrect. [C:\Progh\Code\Project_RetroGame\Oplevering\project_1\project_1.srcs\sources_1\imports\Week 5 + 6 - Bounching Square - Ball\DVI.vhd:]
WARNING: [filemgmt 56-199] Attempt to get parsing info during refresh. "On-the-fly" syntax checking information may be incorrect. [C:\Progh\Code\Project_RetroGame\Oplevering\project_1\project_1.srcs\sources_1\new\DisplayBullet.vhd:]
WARNING: [filemgmt 56-199] Attempt to get parsing info during refresh. "On-the-fly" syntax checking information may be incorrect. [C:\Progh\Code\Project_RetroGame\Oplevering\project_1\project_1.srcs\sources_1\new\DisplayBullet.vhd:]
WARNING: [filemgmt 56-199] Attempt to get parsing info during refresh. "On-the-fly" syntax checking information may be incorrect. [C:\Progh\Code\Project_RetroGame\Oplevering\project_1\project_1.srcs\sources_1\new\DisplayHUD.vhd:]
WARNING: [filemgmt 56-199] Attempt to get parsing info during refresh. "On-the-fly" syntax checking information may be incorrect. [C:\Progh\Code\Project_RetroGame\Oplevering\project_1\project_1.srcs\sources_1\new\DisplayBullet.vhd:]
WARNING: [filemgmt 56-199] Attempt to get parsing info during refresh. "On-the-fly" syntax checking information may be incorrect. [C:\Progh\Code\Project_RetroGame\Oplevering\EindProject_FPGA.srcs\sources_1\new\ControlBullet.vhd:]
WARNING: [filemgmt 56-199] Attempt to get parsing info during refresh. "On-the-fly" syntax checking information may be incorrect. [C:\Progh\Code\Project_RetroGame\Oplevering\EindProject_FPGA.srcs\sources_1\new\DisplayLives.vhd:]
WARNING: [filemgmt 56-199] Attempt to get parsing info during refresh. "On-the-fly" syntax checking information may be incorrect. [C:\Progh\Code\Project_RetroGame\Oplevering\project_1\project_1.srcs\sources_1\new\XY_GEN.vhd:]
WARNING: [filemgmt 56-199] Attempt to get parsing info during refresh. "On-the-fly" syntax checking information may be incorrect. [C:\Progh\Code\Project_RetroGame\Oplevering\project_1\project_1.srcs\sources_1\imports\Week 5 + 6 - Bounching Square - Ball\DVI.vhd:]
WARNING: [filemgmt 56-199] Attempt to get parsing info during refresh. "On-the-fly" syntax checking information may be incorrect. [C:\Progh\Code\Project_RetroGame\Oplevering\project_1\project_1.srcs\sources_1\new\DisplayHUD.vhd:]
WARNING: [filemgmt 56-199] Attempt to get parsing info during refresh. "On-the-fly" syntax checking information may be incorrect. [C:\Progh\Code\Project_RetroGame\Oplevering\project_1\project_1.srcs\sources_1\new\DisplayHUD.vhd:]
WARNING: [filemgmt 56-199] Attempt to get parsing info during refresh. "On-the-fly" syntax checking information may be incorrect. [C:\Progh\Code\Project_RetroGame\Oplevering\project_1\project_1.srcs\sources_1\new\DisplayHUD.vhd:]
WARNING: [filemgmt 56-199] Attempt to get parsing info during refresh. "On-the-fly" syntax checking information may be incorrect. [C:\Progh\Code\Project_RetroGame\Oplevering\project_1\project_1.srcs\sources_1\new\DisplayBullet.vhd:]
WARNING: [filemgmt 56-199] Attempt to get parsing info during refresh. "On-the-fly" syntax checking information may be incorrect. [C:\Progh\Code\Project_RetroGame\Oplevering\EindProject_FPGA.srcs\sources_1\new\ControlBullet.vhd:]
WARNING: [filemgmt 56-199] Attempt to get parsing info during refresh. "On-the-fly" syntax checking information may be incorrect. [C:\Progh\Code\Project_RetroGame\Oplevering\EindProject_FPGA.srcs\sources_1\new\DisplayLives.vhd:]
WARNING: [filemgmt 56-199] Attempt to get parsing info during refresh. "On-the-fly" syntax checking information may be incorrect. [C:\Progh\Code\Project_RetroGame\Oplevering\project_1\project_1.srcs\sources_1\new\XY_GEN.vhd:]
WARNING: [filemgmt 56-199] Attempt to get parsing info during refresh. "On-the-fly" syntax checking information may be incorrect. [C:\Progh\Code\Project_RetroGame\Oplevering\project_1\project_1.srcs\sources_1\imports\Week 5 + 6 - Bounching Square - Ball\DVI.vhd:]
WARNING: [filemgmt 56-199] Attempt to get parsing info during refresh. "On-the-fly" syntax checking information may be incorrect. [C:\Progh\Code\Project_RetroGame\Oplevering\project_1\project_1.srcs\sources_1\new\DisplayBullet.vhd:]
WARNING: [filemgmt 56-199] Attempt to get parsing info during refresh. "On-the-fly" syntax checking information may be incorrect. [C:\Progh\Code\Project_RetroGame\Oplevering\project_1\project_1.srcs\sources_1\new\DisplayBullet.vhd:]
WARNING: [filemgmt 56-199] Attempt to get parsing info during refresh. "On-the-fly" syntax checking information may be incorrect. [C:\Progh\Code\Project_RetroGame\Oplevering\project_1\project_1.srcs\sources_1\new\DisplayHUD.vhd:]
WARNING: [filemgmt 56-199] Attempt to get parsing info during refresh. "On-the-fly" syntax checking information may be incorrect. [C:\Progh\Code\Project_RetroGame\Oplevering\project_1\project_1.srcs\sources_1\new\DisplayBullet.vhd:]
WARNING: [filemgmt 56-199] Attempt to get parsing info during refresh. "On-the-fly" syntax checking information may be incorrect. [C:\Progh\Code\Project_RetroGame\Oplevering\EindProject_FPGA.srcs\sources_1\new\ControlBullet.vhd:]
WARNING: [filemgmt 56-199] Attempt to get parsing info during refresh. "On-the-fly" syntax checking information may be incorrect. [C:\Progh\Code\Project_RetroGame\Oplevering\EindProject_FPGA.srcs\sources_1\new\DisplayLives.vhd:]
WARNING: [filemgmt 56-199] Attempt to get parsing info during refresh. "On-the-fly" syntax checking information may be incorrect. [C:\Progh\Code\Project_RetroGame\Oplevering\project_1\project_1.srcs\sources_1\new\XY_GEN.vhd:]
WARNING: [filemgmt 56-199] Attempt to get parsing info during refresh. "On-the-fly" syntax checking information may be incorrect. [C:\Progh\Code\Project_RetroGame\Oplevering\project_1\project_1.srcs\sources_1\imports\Week 5 + 6 - Bounching Square - Ball\DVI.vhd:]
WARNING: [filemgmt 56-199] Attempt to get parsing info during refresh. "On-the-fly" syntax checking information may be incorrect. [C:\Progh\Code\Project_RetroGame\Oplevering\project_1\project_1.srcs\sources_1\imports\Week 5 + 6 - Bounching Square - Ball\DVI.vhd:]
WARNING: [filemgmt 56-199] Attempt to get parsing info during refresh. "On-the-fly" syntax checking information may be incorrect. [C:\Progh\Code\Project_RetroGame\Oplevering\project_1\project_1.srcs\sources_1\imports\Week 5 + 6 - Bounching Square - Ball\DVI.vhd:]
WARNING: [filemgmt 56-199] Attempt to get parsing info during refresh. "On-the-fly" syntax checking information may be incorrect. [C:\Progh\Code\Project_RetroGame\Oplevering\project_1\project_1.srcs\sources_1\new\DisplayHUD.vhd:]
WARNING: [filemgmt 56-199] Attempt to get parsing info during refresh. "On-the-fly" syntax checking information may be incorrect. [C:\Progh\Code\Project_RetroGame\Oplevering\project_1\project_1.srcs\sources_1\new\DisplayBullet.vhd:]
WARNING: [filemgmt 56-199] Attempt to get parsing info during refresh. "On-the-fly" syntax checking information may be incorrect. [C:\Progh\Code\Project_RetroGame\Oplevering\EindProject_FPGA.srcs\sources_1\new\ControlBullet.vhd:]
WARNING: [filemgmt 56-199] Attempt to get parsing info during refresh. "On-the-fly" syntax checking information may be incorrect. [C:\Progh\Code\Project_RetroGame\Oplevering\EindProject_FPGA.srcs\sources_1\new\DisplayLives.vhd:]
WARNING: [filemgmt 56-199] Attempt to get parsing info during refresh. "On-the-fly" syntax checking information may be incorrect. [C:\Progh\Code\Project_RetroGame\Oplevering\project_1\project_1.srcs\sources_1\new\XY_GEN.vhd:]
WARNING: [filemgmt 56-199] Attempt to get parsing info during refresh. "On-the-fly" syntax checking information may be incorrect. [C:\Progh\Code\Project_RetroGame\Oplevering\project_1\project_1.srcs\sources_1\imports\Week 5 + 6 - Bounching Square - Ball\DVI.vhd:]
WARNING: [filemgmt 56-199] Attempt to get parsing info during refresh. "On-the-fly" syntax checking information may be incorrect. [C:\Progh\Code\Project_RetroGame\Oplevering\project_1\project_1.srcs\sources_1\new\XY_GEN.vhd:]
WARNING: [filemgmt 56-199] Attempt to get parsing info during refresh. "On-the-fly" syntax checking information may be incorrect. [C:\Progh\Code\Project_RetroGame\Oplevering\project_1\project_1.srcs\sources_1\new\XY_GEN.vhd:]
WARNING: [filemgmt 56-199] Attempt to get parsing info during refresh. "On-the-fly" syntax checking information may be incorrect. [C:\Progh\Code\Project_RetroGame\Oplevering\project_1\project_1.srcs\sources_1\new\DisplayHUD.vhd:]
WARNING: [filemgmt 56-199] Attempt to get parsing info during refresh. "On-the-fly" syntax checking information may be incorrect. [C:\Progh\Code\Project_RetroGame\Oplevering\project_1\project_1.srcs\sources_1\new\DisplayBullet.vhd:]
WARNING: [filemgmt 56-199] Attempt to get parsing info during refresh. "On-the-fly" syntax checking information may be incorrect. [C:\Progh\Code\Project_RetroGame\Oplevering\EindProject_FPGA.srcs\sources_1\new\ControlBullet.vhd:]
WARNING: [filemgmt 56-199] Attempt to get parsing info during refresh. "On-the-fly" syntax checking information may be incorrect. [C:\Progh\Code\Project_RetroGame\Oplevering\EindProject_FPGA.srcs\sources_1\new\DisplayLives.vhd:]
WARNING: [filemgmt 56-199] Attempt to get parsing info during refresh. "On-the-fly" syntax checking information may be incorrect. [C:\Progh\Code\Project_RetroGame\Oplevering\project_1\project_1.srcs\sources_1\new\XY_GEN.vhd:]
WARNING: [filemgmt 56-199] Attempt to get parsing info during refresh. "On-the-fly" syntax checking information may be incorrect. [C:\Progh\Code\Project_RetroGame\Oplevering\project_1\project_1.srcs\sources_1\imports\Week 5 + 6 - Bounching Square - Ball\DVI.vhd:]
WARNING: [filemgmt 56-199] Attempt to get parsing info during refresh. "On-the-fly" syntax checking information may be incorrect. [C:\Progh\Code\Project_RetroGame\Oplevering\project_1\project_1.srcs\sources_1\imports\Week 5 + 6 - Bounching Square - Ball\DVI.vhd:]
WARNING: [filemgmt 56-199] Attempt to get parsing info during refresh. "On-the-fly" syntax checking information may be incorrect. [C:\Progh\Code\Project_RetroGame\Oplevering\project_1\project_1.srcs\sources_1\imports\Week 5 + 6 - Bounching Square - Ball\DVI.vhd:]
ERROR: [Common 17-180] Spawn failed: No such file or directory
WARNING: [filemgmt 56-199] Attempt to get parsing info during refresh. "On-the-fly" syntax checking information may be incorrect. [C:\Progh\Code\Project_RetroGame\Oplevering\project_1\project_1.srcs\sources_1\new\DisplayHUD.vhd:]
WARNING: [filemgmt 56-199] Attempt to get parsing info during refresh. "On-the-fly" syntax checking information may be incorrect. [C:\Progh\Code\Project_RetroGame\Oplevering\project_1\project_1.srcs\sources_1\new\DisplayBullet.vhd:]
WARNING: [filemgmt 56-199] Attempt to get parsing info during refresh. "On-the-fly" syntax checking information may be incorrect. [C:\Progh\Code\Project_RetroGame\Oplevering\EindProject_FPGA.srcs\sources_1\new\ControlBullet.vhd:]
WARNING: [filemgmt 56-199] Attempt to get parsing info during refresh. "On-the-fly" syntax checking information may be incorrect. [C:\Progh\Code\Project_RetroGame\Oplevering\EindProject_FPGA.srcs\sources_1\new\DisplayLives.vhd:]
WARNING: [filemgmt 56-199] Attempt to get parsing info during refresh. "On-the-fly" syntax checking information may be incorrect. [C:\Progh\Code\Project_RetroGame\Oplevering\project_1\project_1.srcs\sources_1\new\XY_GEN.vhd:]
WARNING: [filemgmt 56-199] Attempt to get parsing info during refresh. "On-the-fly" syntax checking information may be incorrect. [C:\Progh\Code\Project_RetroGame\Oplevering\project_1\project_1.srcs\sources_1\imports\Week 5 + 6 - Bounching Square - Ball\DVI.vhd:]
WARNING: [filemgmt 56-199] Attempt to get parsing info during refresh. "On-the-fly" syntax checking information may be incorrect. [C:\Progh\Code\Project_RetroGame\Oplevering\project_1\project_1.srcs\sources_1\new\XY_GEN.vhd:]
WARNING: [filemgmt 56-199] Attempt to get parsing info during refresh. "On-the-fly" syntax checking information may be incorrect. [C:\Progh\Code\Project_RetroGame\Oplevering\project_1\project_1.srcs\sources_1\new\XY_GEN.vhd:]
ERROR: [Common 17-180] Spawn failed: No such file or directory
WARNING: [filemgmt 56-199] Attempt to get parsing info during refresh. "On-the-fly" syntax checking information may be incorrect. [C:\Progh\Code\Project_RetroGame\Oplevering\project_1\project_1.srcs\sources_1\new\DisplayHUD.vhd:]
WARNING: [filemgmt 56-199] Attempt to get parsing info during refresh. "On-the-fly" syntax checking information may be incorrect. [C:\Progh\Code\Project_RetroGame\Oplevering\project_1\project_1.srcs\sources_1\new\DisplayBullet.vhd:]
WARNING: [filemgmt 56-199] Attempt to get parsing info during refresh. "On-the-fly" syntax checking information may be incorrect. [C:\Progh\Code\Project_RetroGame\Oplevering\EindProject_FPGA.srcs\sources_1\new\ControlBullet.vhd:]
WARNING: [filemgmt 56-199] Attempt to get parsing info during refresh. "On-the-fly" syntax checking information may be incorrect. [C:\Progh\Code\Project_RetroGame\Oplevering\EindProject_FPGA.srcs\sources_1\new\DisplayLives.vhd:]
WARNING: [filemgmt 56-199] Attempt to get parsing info during refresh. "On-the-fly" syntax checking information may be incorrect. [C:\Progh\Code\Project_RetroGame\Oplevering\project_1\project_1.srcs\sources_1\new\XY_GEN.vhd:]
WARNING: [filemgmt 56-199] Attempt to get parsing info during refresh. "On-the-fly" syntax checking information may be incorrect. [C:\Progh\Code\Project_RetroGame\Oplevering\project_1\project_1.srcs\sources_1\imports\Week 5 + 6 - Bounching Square - Ball\DVI.vhd:]
WARNING: [filemgmt 56-199] Attempt to get parsing info during refresh. "On-the-fly" syntax checking information may be incorrect. [C:\Progh\Code\Project_RetroGame\Oplevering\project_1\project_1.srcs\sources_1\new\DisplayBullet.vhd:]
WARNING: [filemgmt 56-199] Attempt to get parsing info during refresh. "On-the-fly" syntax checking information may be incorrect. [C:\Progh\Code\Project_RetroGame\Oplevering\project_1\project_1.srcs\sources_1\new\DisplayBullet.vhd:]
WARNING: [filemgmt 56-199] Attempt to get parsing info during refresh. "On-the-fly" syntax checking information may be incorrect. [C:\Progh\Code\Project_RetroGame\Oplevering\project_1\project_1.srcs\sources_1\new\DisplayHUD.vhd:]
WARNING: [filemgmt 56-199] Attempt to get parsing info during refresh. "On-the-fly" syntax checking information may be incorrect. [C:\Progh\Code\Project_RetroGame\Oplevering\project_1\project_1.srcs\sources_1\new\DisplayBullet.vhd:]
WARNING: [filemgmt 56-199] Attempt to get parsing info during refresh. "On-the-fly" syntax checking information may be incorrect. [C:\Progh\Code\Project_RetroGame\Oplevering\EindProject_FPGA.srcs\sources_1\new\ControlBullet.vhd:]
WARNING: [filemgmt 56-199] Attempt to get parsing info during refresh. "On-the-fly" syntax checking information may be incorrect. [C:\Progh\Code\Project_RetroGame\Oplevering\EindProject_FPGA.srcs\sources_1\new\DisplayLives.vhd:]
WARNING: [filemgmt 56-199] Attempt to get parsing info during refresh. "On-the-fly" syntax checking information may be incorrect. [C:\Progh\Code\Project_RetroGame\Oplevering\project_1\project_1.srcs\sources_1\new\XY_GEN.vhd:]
WARNING: [filemgmt 56-199] Attempt to get parsing info during refresh. "On-the-fly" syntax checking information may be incorrect. [C:\Progh\Code\Project_RetroGame\Oplevering\project_1\project_1.srcs\sources_1\imports\Week 5 + 6 - Bounching Square - Ball\DVI.vhd:]
WARNING: [filemgmt 56-199] Attempt to get parsing info during refresh. "On-the-fly" syntax checking information may be incorrect. [C:\Progh\Code\Project_RetroGame\Oplevering\project_1\project_1.srcs\sources_1\new\DisplayHUD.vhd:]
WARNING: [filemgmt 56-199] Attempt to get parsing info during refresh. "On-the-fly" syntax checking information may be incorrect. [C:\Progh\Code\Project_RetroGame\Oplevering\project_1\project_1.srcs\sources_1\new\DisplayHUD.vhd:]
ERROR: [Common 17-180] Spawn failed: No such file or directory
WARNING: [filemgmt 56-199] Attempt to get parsing info during refresh. "On-the-fly" syntax checking information may be incorrect. [C:\Progh\Code\Project_RetroGame\Oplevering\project_1\project_1.srcs\sources_1\new\DisplayHUD.vhd:]
WARNING: [filemgmt 56-199] Attempt to get parsing info during refresh. "On-the-fly" syntax checking information may be incorrect. [C:\Progh\Code\Project_RetroGame\Oplevering\project_1\project_1.srcs\sources_1\new\DisplayBullet.vhd:]
WARNING: [filemgmt 56-199] Attempt to get parsing info during refresh. "On-the-fly" syntax checking information may be incorrect. [C:\Progh\Code\Project_RetroGame\Oplevering\EindProject_FPGA.srcs\sources_1\new\ControlBullet.vhd:]
WARNING: [filemgmt 56-199] Attempt to get parsing info during refresh. "On-the-fly" syntax checking information may be incorrect. [C:\Progh\Code\Project_RetroGame\Oplevering\EindProject_FPGA.srcs\sources_1\new\DisplayLives.vhd:]
WARNING: [filemgmt 56-199] Attempt to get parsing info during refresh. "On-the-fly" syntax checking information may be incorrect. [C:\Progh\Code\Project_RetroGame\Oplevering\project_1\project_1.srcs\sources_1\new\XY_GEN.vhd:]
WARNING: [filemgmt 56-199] Attempt to get parsing info during refresh. "On-the-fly" syntax checking information may be incorrect. [C:\Progh\Code\Project_RetroGame\Oplevering\project_1\project_1.srcs\sources_1\imports\Week 5 + 6 - Bounching Square - Ball\DVI.vhd:]
WARNING: [filemgmt 56-199] Attempt to get parsing info during refresh. "On-the-fly" syntax checking information may be incorrect. [C:\Progh\Code\Project_RetroGame\Oplevering\project_1\project_1.srcs\sources_1\imports\Week 5 + 6 - Bounching Square - Ball\DVI.vhd:]
WARNING: [filemgmt 56-199] Attempt to get parsing info during refresh. "On-the-fly" syntax checking information may be incorrect. [C:\Progh\Code\Project_RetroGame\Oplevering\project_1\project_1.srcs\sources_1\imports\Week 5 + 6 - Bounching Square - Ball\DVI.vhd:]
ERROR: [Common 17-180] Spawn failed: No such file or directory
exit
INFO: [Common 17-206] Exiting Vivado at Tue Apr  8 20:02:47 2025...
