#-----------------------------------------------------------
# Vivado v2024.1 (64-bit)
# SW Build 5076996 on Wed May 22 18:37:14 MDT 2024
# IP Build 5075265 on Wed May 22 21:45:21 MDT 2024
# SharedData Build 5076995 on Wed May 22 18:29:18 MDT 2024
# Start of session at: Wed Apr  9 19:17:42 2025
# Process ID: 25452
# Current directory: C:/Progh/Code/Project_RetroGame/Oplevering
# Command line: vivado.exe -gui_launcher_event rodinguilauncherevent7980 C:\Progh\Code\Project_RetroGame\Oplevering\EindProject_FPGA.xpr
# Log file: C:/Progh/Code/Project_RetroGame/Oplevering/vivado.log
# Journal file: C:/Progh/Code/Project_RetroGame/Oplevering\vivado.jou
# Running On        :DESKTOP-H0VVJ00
# Platform          :Windows Server 2016 or Windows 10
# Operating System  :22631
# Processor Detail  :11th Gen Intel(R) Core(TM) i5-1155G7 @ 2.50GHz
# CPU Frequency     :2496 MHz
# CPU Physical cores:4
# CPU Logical cores :8
# Host memory       :16804 MB
# Swap memory       :12348 MB
# Total Virtual     :29153 MB
# Available Virtual :11197 MB
#-----------------------------------------------------------
start_gui
open_project C:/Progh/Code/Project_RetroGame/Oplevering/EindProject_FPGA.xpr
WARNING: [Board 49-26] cannot add Board Part xilinx.com:k24c:part0:1.0 available at C:/Xilinx/Vivado/2024.1/data/xhub/boards/XilinxBoardStore/boards/Xilinx/k24c/1.0/board.xml as part xck24-ubva530-2lv-c specified in board_part file is either invalid or not available
WARNING: [Board 49-26] cannot add Board Part xilinx.com:k24i:part0:1.0 available at C:/Xilinx/Vivado/2024.1/data/xhub/boards/XilinxBoardStore/boards/Xilinx/k24i/1.0/board.xml as part xck24-ubva530-2lvi-i specified in board_part file is either invalid or not available
WARNING: [Board 49-26] cannot add Board Part xilinx.com:k26c:part0:1.2 available at C:/Xilinx/Vivado/2024.1/data/xhub/boards/XilinxBoardStore/boards/Xilinx/k26c/1.2/board.xml as part xck26-sfvc784-2lv-c specified in board_part file is either invalid or not available
WARNING: [Board 49-26] cannot add Board Part xilinx.com:k26c:part0:1.3 available at C:/Xilinx/Vivado/2024.1/data/xhub/boards/XilinxBoardStore/boards/Xilinx/k26c/1.3/board.xml as part xck26-sfvc784-2lv-c specified in board_part file is either invalid or not available
WARNING: [Board 49-26] cannot add Board Part xilinx.com:k26c:part0:1.4 available at C:/Xilinx/Vivado/2024.1/data/xhub/boards/XilinxBoardStore/boards/Xilinx/k26c/1.4/board.xml as part xck26-sfvc784-2lv-c specified in board_part file is either invalid or not available
WARNING: [Board 49-26] cannot add Board Part xilinx.com:k26i:part0:1.2 available at C:/Xilinx/Vivado/2024.1/data/xhub/boards/XilinxBoardStore/boards/Xilinx/k26i/1.2/board.xml as part xck26-sfvc784-2lvi-i specified in board_part file is either invalid or not available
WARNING: [Board 49-26] cannot add Board Part xilinx.com:k26i:part0:1.3 available at C:/Xilinx/Vivado/2024.1/data/xhub/boards/XilinxBoardStore/boards/Xilinx/k26i/1.3/board.xml as part xck26-sfvc784-2lvi-i specified in board_part file is either invalid or not available
WARNING: [Board 49-26] cannot add Board Part xilinx.com:k26i:part0:1.4 available at C:/Xilinx/Vivado/2024.1/data/xhub/boards/XilinxBoardStore/boards/Xilinx/k26i/1.4/board.xml as part xck26-sfvc784-2lvi-i specified in board_part file is either invalid or not available
WARNING: [Board 49-26] cannot add Board Part xilinx.com:kcu105:part0:1.6 available at C:/Xilinx/Vivado/2024.1/data/xhub/boards/XilinxBoardStore/boards/Xilinx/kcu105/1.6/board.xml as part xcku040-ffva1156-2-e specified in board_part file is either invalid or not available
WARNING: [Board 49-26] cannot add Board Part xilinx.com:kcu105:part0:1.7 available at C:/Xilinx/Vivado/2024.1/data/xhub/boards/XilinxBoardStore/boards/Xilinx/kcu105/1.7/board.xml as part xcku040-ffva1156-2-e specified in board_part file is either invalid or not available
WARNING: [Board 49-26] cannot add Board Part xilinx.com:kcu116:part0:1.4 available at C:/Xilinx/Vivado/2024.1/data/xhub/boards/XilinxBoardStore/boards/Xilinx/kcu116/1.4/board.xml as part xcku5p-ffvb676-2-e specified in board_part file is either invalid or not available
WARNING: [Board 49-26] cannot add Board Part xilinx.com:kcu116:part0:1.5 available at C:/Xilinx/Vivado/2024.1/data/xhub/boards/XilinxBoardStore/boards/Xilinx/kcu116/1.5/board.xml as part xcku5p-ffvb676-2-e specified in board_part file is either invalid or not available
WARNING: [Board 49-26] cannot add Board Part xilinx.com:kcu1500:part0:1.2 available at C:/Xilinx/Vivado/2024.1/data/xhub/boards/XilinxBoardStore/boards/Xilinx/kcu1500/1.2/board.xml as part xcku115-flvb2104-2-e specified in board_part file is either invalid or not available
WARNING: [Board 49-26] cannot add Board Part xilinx.com:kd240_som:part0:1.0 available at C:/Xilinx/Vivado/2024.1/data/xhub/boards/XilinxBoardStore/boards/Xilinx/kd240_som/1.0/board.xml as part xck24-ubva530-2lv-c specified in board_part file is either invalid or not available
WARNING: [Board 49-26] cannot add Board Part xilinx.com:kr260_som:part0:1.0 available at C:/Xilinx/Vivado/2024.1/data/xhub/boards/XilinxBoardStore/boards/Xilinx/kr260_som/1.0/board.xml as part xck26-sfvc784-2lv-c specified in board_part file is either invalid or not available
WARNING: [Board 49-26] cannot add Board Part xilinx.com:kr260_som:part0:1.1 available at C:/Xilinx/Vivado/2024.1/data/xhub/boards/XilinxBoardStore/boards/Xilinx/kr260_som/1.1/board.xml as part xck26-sfvc784-2lv-c specified in board_part file is either invalid or not available
WARNING: [Board 49-26] cannot add Board Part xilinx.com:kv260_som:part0:1.2 available at C:/Xilinx/Vivado/2024.1/data/xhub/boards/XilinxBoardStore/boards/Xilinx/kv260_som/1.2/board.xml as part xck26-sfvc784-2lv-c specified in board_part file is either invalid or not available
WARNING: [Board 49-26] cannot add Board Part xilinx.com:kv260_som:part0:1.3 available at C:/Xilinx/Vivado/2024.1/data/xhub/boards/XilinxBoardStore/boards/Xilinx/kv260_som/1.3/board.xml as part xck26-sfvc784-2lv-c specified in board_part file is either invalid or not available
WARNING: [Board 49-26] cannot add Board Part xilinx.com:kv260_som:part0:1.4 available at C:/Xilinx/Vivado/2024.1/data/xhub/boards/XilinxBoardStore/boards/Xilinx/kv260_som/1.4/board.xml as part xck26-sfvc784-2lv-c specified in board_part file is either invalid or not available
WARNING: [Board 49-26] cannot add Board Part xilinx.com:vck190:part0:2.2 available at C:/Xilinx/Vivado/2024.1/data/xhub/boards/XilinxBoardStore/boards/Xilinx/vck190/production/2.2/board.xml as part xcvc1902-vsva2197-2mp-e-s specified in board_part file is either invalid or not available
WARNING: [Board 49-26] cannot add Board Part xilinx.com:vck190:part0:3.0 available at C:/Xilinx/Vivado/2024.1/data/xhub/boards/XilinxBoardStore/boards/Xilinx/vck190/production/3.0/board.xml as part xcvc1902-vsva2197-2mp-e-s specified in board_part file is either invalid or not available
WARNING: [Board 49-26] cannot add Board Part xilinx.com:vck190:part0:3.1 available at C:/Xilinx/Vivado/2024.1/data/xhub/boards/XilinxBoardStore/boards/Xilinx/vck190/production/3.1/board.xml as part xcvc1902-vsva2197-2mp-e-s specified in board_part file is either invalid or not available
WARNING: [Board 49-26] cannot add Board Part xilinx.com:vck190:part0:3.2 available at C:/Xilinx/Vivado/2024.1/data/xhub/boards/XilinxBoardStore/boards/Xilinx/vck190/production/3.2/board.xml as part xcvc1902-vsva2197-2mp-e-s specified in board_part file is either invalid or not available
WARNING: [Board 49-26] cannot add Board Part xilinx.com:vck190:part0:3.3 available at C:/Xilinx/Vivado/2024.1/data/xhub/boards/XilinxBoardStore/boards/Xilinx/vck190/production/3.3/board.xml as part xcvc1902-vsva2197-2mp-e-s specified in board_part file is either invalid or not available
WARNING: [Board 49-26] cannot add Board Part xilinx.com:vck190_newl:part0:1.0 available at C:/Xilinx/Vivado/2024.1/data/xhub/boards/XilinxBoardStore/boards/Xilinx/vck190_newl/production/1.0/board.xml as part xcvc1902-vsva2197-2mp-e-s specified in board_part file is either invalid or not available
WARNING: [Board 49-26] cannot add Board Part xilinx.com:vck190_newl:part0:1.1 available at C:/Xilinx/Vivado/2024.1/data/xhub/boards/XilinxBoardStore/boards/Xilinx/vck190_newl/production/1.1/board.xml as part xcvc1902-vsva2197-2mp-e-s specified in board_part file is either invalid or not available
WARNING: [Board 49-26] cannot add Board Part xilinx.com:vck190_newl:part0:1.2 available at C:/Xilinx/Vivado/2024.1/data/xhub/boards/XilinxBoardStore/boards/Xilinx/vck190_newl/production/1.2/board.xml as part xcvc1902-vsva2197-2mp-e-s specified in board_part file is either invalid or not available
WARNING: [Board 49-26] cannot add Board Part xilinx.com:vcu108:part0:1.6 available at C:/Xilinx/Vivado/2024.1/data/xhub/boards/XilinxBoardStore/boards/Xilinx/vcu108/1.6/board.xml as part xcvu095-ffva2104-2-e specified in board_part file is either invalid or not available
WARNING: [Board 49-26] cannot add Board Part xilinx.com:vcu108:part0:1.7 available at C:/Xilinx/Vivado/2024.1/data/xhub/boards/XilinxBoardStore/boards/Xilinx/vcu108/1.7/board.xml as part xcvu095-ffva2104-2-e specified in board_part file is either invalid or not available
WARNING: [Board 49-26] cannot add Board Part xilinx.com:vcu110:part0:1.4 available at C:/Xilinx/Vivado/2024.1/data/xhub/boards/XilinxBoardStore/boards/Xilinx/vcu110/1.4/board.xml as part xcvu190-flgc2104-2-e specified in board_part file is either invalid or not available
WARNING: [Board 49-26] cannot add Board Part xilinx.com:vcu118:part0:2.0 available at C:/Xilinx/Vivado/2024.1/data/xhub/boards/XilinxBoardStore/boards/Xilinx/vcu118/2.0/board.xml as part xcvu9p-flga2104-2l-e specified in board_part file is either invalid or not available
WARNING: [Board 49-26] cannot add Board Part xilinx.com:vcu118:part0:2.3 available at C:/Xilinx/Vivado/2024.1/data/xhub/boards/XilinxBoardStore/boards/Xilinx/vcu118/2.3/board.xml as part xcvu9p-flga2104-2l-e specified in board_part file is either invalid or not available
WARNING: [Board 49-26] cannot add Board Part xilinx.com:vcu118:part0:2.4 available at C:/Xilinx/Vivado/2024.1/data/xhub/boards/XilinxBoardStore/boards/Xilinx/vcu118/2.4/board.xml as part xcvu9p-flga2104-2l-e specified in board_part file is either invalid or not available
WARNING: [Board 49-26] cannot add Board Part xilinx.com:vcu128:part0:1.0 available at C:/Xilinx/Vivado/2024.1/data/xhub/boards/XilinxBoardStore/boards/Xilinx/vcu128/production/1.0/board.xml as part xcvu37p-fsvh2892-2l-e specified in board_part file is either invalid or not available
WARNING: [Board 49-26] cannot add Board Part xilinx.com:vcu129:part0:1.0 available at C:/Xilinx/Vivado/2024.1/data/xhub/boards/XilinxBoardStore/boards/Xilinx/vcu129/production/1.0/board.xml as part xcvu29p-fsga2577-2l-e specified in board_part file is either invalid or not available
WARNING: [Board 49-26] cannot add Board Part xilinx.com:vcu1525:part0:1.3 available at C:/Xilinx/Vivado/2024.1/data/xhub/boards/XilinxBoardStore/boards/Xilinx/vcu1525/1.3/board.xml as part xcvu9p-fsgd2104-2l-e specified in board_part file is either invalid or not available
WARNING: [Board 49-26] cannot add Board Part xilinx.com:vek280:part0:1.0 available at C:/Xilinx/Vivado/2024.1/data/xhub/boards/XilinxBoardStore/boards/Xilinx/vek280/production/1.0/board.xml as part xcve2802-vsvh1760-2mp-e-s specified in board_part file is either invalid or not available
WARNING: [Board 49-26] cannot add Board Part xilinx.com:vek280:part0:1.1 available at C:/Xilinx/Vivado/2024.1/data/xhub/boards/XilinxBoardStore/boards/Xilinx/vek280/production/1.1/board.xml as part xcve2802-vsvh1760-2mp-e-s specified in board_part file is either invalid or not available
WARNING: [Board 49-26] cannot add Board Part xilinx.com:vek280:part0:1.2 available at C:/Xilinx/Vivado/2024.1/data/xhub/boards/XilinxBoardStore/boards/Xilinx/vek280/production/1.2/board.xml as part xcve2802-vsvh1760-2mp-e-s specified in board_part file is either invalid or not available
WARNING: [Board 49-26] cannot add Board Part xilinx.com:vek280_es:part0:1.0 available at C:/Xilinx/Vivado/2024.1/data/xhub/boards/XilinxBoardStore/boards/Xilinx/vek280/es/rev_a/1.0/board.xml as part xcve2802-vsvh1760-2lp-e-s-es1 specified in board_part file is either invalid or not available
WARNING: [Board 49-26] cannot add Board Part xilinx.com:vek280_es:part0:1.1 available at C:/Xilinx/Vivado/2024.1/data/xhub/boards/XilinxBoardStore/boards/Xilinx/vek280/es/rev_a/1.1/board.xml as part xcve2802-vsvh1760-2lp-e-s-es1 specified in board_part file is either invalid or not available
WARNING: [Board 49-26] cannot add Board Part xilinx.com:vek280_es_revb:part0:1.0 available at C:/Xilinx/Vivado/2024.1/data/xhub/boards/XilinxBoardStore/boards/Xilinx/vek280/es/rev_b/1.0/board.xml as part xcve2802-vsvh1760-2mp-e-s-es1 specified in board_part file is either invalid or not available
WARNING: [Board 49-26] cannot add Board Part xilinx.com:vek280_es_revb:part0:1.1 available at C:/Xilinx/Vivado/2024.1/data/xhub/boards/XilinxBoardStore/boards/Xilinx/vek280/es/rev_b/1.1/board.xml as part xcve2802-vsvh1760-2mp-e-s-es1 specified in board_part file is either invalid or not available
WARNING: [Board 49-26] cannot add Board Part xilinx.com:vermeo_t1_mpsoc:part0:1.0 available at C:/Xilinx/Vivado/2024.1/data/xhub/boards/XilinxBoardStore/boards/Xilinx/vermeo_t1_mpsoc/1.0/board.xml as part xczu19eg-ffvd1760-2l-e specified in board_part file is either invalid or not available
WARNING: [Board 49-26] cannot add Board Part xilinx.com:vermeo_t1_rfsoc:part0:1.0 available at C:/Xilinx/Vivado/2024.1/data/xhub/boards/XilinxBoardStore/boards/Xilinx/vermeo_t1_rfsoc/1.0/board.xml as part xczu21dr-ffvd1156-2l-e specified in board_part file is either invalid or not available
WARNING: [Board 49-26] cannot add Board Part xilinx.com:vhk158:part0:1.0 available at C:/Xilinx/Vivado/2024.1/data/xhub/boards/XilinxBoardStore/boards/Xilinx/vhk158/production/1.0/board.xml as part xcvh1582-vsva3697-2mp-e-s specified in board_part file is either invalid or not available
WARNING: [Board 49-26] cannot add Board Part xilinx.com:vhk158:part0:1.1 available at C:/Xilinx/Vivado/2024.1/data/xhub/boards/XilinxBoardStore/boards/Xilinx/vhk158/production/1.1/board.xml as part xcvh1582-vsva3697-2mp-e-s specified in board_part file is either invalid or not available
WARNING: [Board 49-26] cannot add Board Part xilinx.com:vhk158_es:part0:1.0 available at C:/Xilinx/Vivado/2024.1/data/xhub/boards/XilinxBoardStore/boards/Xilinx/vhk158/es/1.0/board.xml as part xcvh1582-vsva3697-2mp-e-s-es1 specified in board_part file is either invalid or not available
WARNING: [Board 49-26] cannot add Board Part xilinx.com:vhk158_es:part0:1.1 available at C:/Xilinx/Vivado/2024.1/data/xhub/boards/XilinxBoardStore/boards/Xilinx/vhk158/es/1.1/board.xml as part xcvh1582-vsva3697-2mp-e-s-es1 specified in board_part file is either invalid or not available
WARNING: [Board 49-26] cannot add Board Part xilinx.com:vmk180:part0:2.2 available at C:/Xilinx/Vivado/2024.1/data/xhub/boards/XilinxBoardStore/boards/Xilinx/vmk180/production/2.2/board.xml as part xcvm1802-vsva2197-2mp-e-s specified in board_part file is either invalid or not available
WARNING: [Board 49-26] cannot add Board Part xilinx.com:vmk180:part0:3.0 available at C:/Xilinx/Vivado/2024.1/data/xhub/boards/XilinxBoardStore/boards/Xilinx/vmk180/production/3.0/board.xml as part xcvm1802-vsva2197-2mp-e-s specified in board_part file is either invalid or not available
WARNING: [Board 49-26] cannot add Board Part xilinx.com:vmk180:part0:3.1 available at C:/Xilinx/Vivado/2024.1/data/xhub/boards/XilinxBoardStore/boards/Xilinx/vmk180/production/3.1/board.xml as part xcvm1802-vsva2197-2mp-e-s specified in board_part file is either invalid or not available
WARNING: [Board 49-26] cannot add Board Part xilinx.com:vmk180:part0:3.2 available at C:/Xilinx/Vivado/2024.1/data/xhub/boards/XilinxBoardStore/boards/Xilinx/vmk180/production/3.2/board.xml as part xcvm1802-vsva2197-2mp-e-s specified in board_part file is either invalid or not available
WARNING: [Board 49-26] cannot add Board Part xilinx.com:vmk180_newl:part0:1.0 available at C:/Xilinx/Vivado/2024.1/data/xhub/boards/XilinxBoardStore/boards/Xilinx/vmk180_newl/production/1.0/board.xml as part xcvm1802-vsva2197-2mp-e-s specified in board_part file is either invalid or not available
WARNING: [Board 49-26] cannot add Board Part xilinx.com:vmk180_newl:part0:1.1 available at C:/Xilinx/Vivado/2024.1/data/xhub/boards/XilinxBoardStore/boards/Xilinx/vmk180_newl/production/1.1/board.xml as part xcvm1802-vsva2197-2mp-e-s specified in board_part file is either invalid or not available
WARNING: [Board 49-26] cannot add Board Part xilinx.com:vpk120:part0:1.0 available at C:/Xilinx/Vivado/2024.1/data/xhub/boards/XilinxBoardStore/boards/Xilinx/vpk120/production/1.0/board.xml as part xcvp1202-vsva2785-2mp-e-s specified in board_part file is either invalid or not available
WARNING: [Board 49-26] cannot add Board Part xilinx.com:vpk120:part0:1.1 available at C:/Xilinx/Vivado/2024.1/data/xhub/boards/XilinxBoardStore/boards/Xilinx/vpk120/production/1.1/board.xml as part xcvp1202-vsva2785-2mp-e-s specified in board_part file is either invalid or not available
WARNING: [Board 49-26] cannot add Board Part xilinx.com:vpk120:part0:1.2 available at C:/Xilinx/Vivado/2024.1/data/xhub/boards/XilinxBoardStore/boards/Xilinx/vpk120/production/1.2/board.xml as part xcvp1202-vsva2785-2mp-e-s specified in board_part file is either invalid or not available
WARNING: [Board 49-26] cannot add Board Part xilinx.com:vpk180:part0:1.0 available at C:/Xilinx/Vivado/2024.1/data/xhub/boards/XilinxBoardStore/boards/Xilinx/vpk180/production/1.0/board.xml as part xcvp1802-lsvc4072-2mp-e-s specified in board_part file is either invalid or not available
WARNING: [Board 49-26] cannot add Board Part xilinx.com:vpk180:part0:1.1 available at C:/Xilinx/Vivado/2024.1/data/xhub/boards/XilinxBoardStore/boards/Xilinx/vpk180/production/1.1/board.xml as part xcvp1802-lsvc4072-2mp-e-s specified in board_part file is either invalid or not available
WARNING: [Board 49-26] cannot add Board Part xilinx.com:vpk180:part0:1.2 available at C:/Xilinx/Vivado/2024.1/data/xhub/boards/XilinxBoardStore/boards/Xilinx/vpk180/production/1.2/board.xml as part xcvp1802-lsvc4072-2mp-e-s specified in board_part file is either invalid or not available
WARNING: [Board 49-26] cannot add Board Part xilinx.com:zc702:part0:1.4 available at C:/Xilinx/Vivado/2024.1/data/xhub/boards/XilinxBoardStore/boards/Xilinx/zc702/1.4/board.xml as part xc7z020clg484-1 specified in board_part file is either invalid or not available
WARNING: [Board 49-26] cannot add Board Part xilinx.com:zc706:part0:1.4 available at C:/Xilinx/Vivado/2024.1/data/xhub/boards/XilinxBoardStore/boards/Xilinx/zc706/1.4/board.xml as part xc7z045ffg900-2 specified in board_part file is either invalid or not available
WARNING: [Board 49-26] cannot add Board Part xilinx.com:zcu102:part0:3.3 available at C:/Xilinx/Vivado/2024.1/data/xhub/boards/XilinxBoardStore/boards/Xilinx/zcu102/3.3/board.xml as part xczu9eg-ffvb1156-2-e specified in board_part file is either invalid or not available
WARNING: [Board 49-26] cannot add Board Part xilinx.com:zcu102:part0:3.4 available at C:/Xilinx/Vivado/2024.1/data/xhub/boards/XilinxBoardStore/boards/Xilinx/zcu102/3.4/board.xml as part xczu9eg-ffvb1156-2-e specified in board_part file is either invalid or not available
WARNING: [Board 49-26] cannot add Board Part xilinx.com:zcu104:part0:1.1 available at C:/Xilinx/Vivado/2024.1/data/xhub/boards/XilinxBoardStore/boards/Xilinx/zcu104/1.1/board.xml as part xczu7ev-ffvc1156-2-e specified in board_part file is either invalid or not available
WARNING: [Board 49-26] cannot add Board Part xilinx.com:zcu106:part0:2.4 available at C:/Xilinx/Vivado/2024.1/data/xhub/boards/XilinxBoardStore/boards/Xilinx/zcu106/2.4/board.xml as part xczu7ev-ffvc1156-2-e specified in board_part file is either invalid or not available
WARNING: [Board 49-26] cannot add Board Part xilinx.com:zcu106:part0:2.5 available at C:/Xilinx/Vivado/2024.1/data/xhub/boards/XilinxBoardStore/boards/Xilinx/zcu106/2.5/board.xml as part xczu7ev-ffvc1156-2-e specified in board_part file is either invalid or not available
WARNING: [Board 49-26] cannot add Board Part xilinx.com:zcu106:part0:2.6 available at C:/Xilinx/Vivado/2024.1/data/xhub/boards/XilinxBoardStore/boards/Xilinx/zcu106/2.6/board.xml as part xczu7ev-ffvc1156-2-e specified in board_part file is either invalid or not available
WARNING: [Board 49-26] cannot add Board Part xilinx.com:zcu111:part0:1.2 available at C:/Xilinx/Vivado/2024.1/data/xhub/boards/XilinxBoardStore/boards/Xilinx/zcu111/1.2/board.xml as part xczu28dr-ffvg1517-2-e specified in board_part file is either invalid or not available
WARNING: [Board 49-26] cannot add Board Part xilinx.com:zcu111:part0:1.3 available at C:/Xilinx/Vivado/2024.1/data/xhub/boards/XilinxBoardStore/boards/Xilinx/zcu111/1.3/board.xml as part xczu28dr-ffvg1517-2-e specified in board_part file is either invalid or not available
WARNING: [Board 49-26] cannot add Board Part xilinx.com:zcu111:part0:1.4 available at C:/Xilinx/Vivado/2024.1/data/xhub/boards/XilinxBoardStore/boards/Xilinx/zcu111/1.4/board.xml as part xczu28dr-ffvg1517-2-e specified in board_part file is either invalid or not available
WARNING: [Board 49-26] cannot add Board Part xilinx.com:zcu1275:part0:1.0 available at C:/Xilinx/Vivado/2024.1/data/xhub/boards/XilinxBoardStore/boards/Xilinx/zcu1275/1.0/board.xml as part xczu29dr-ffvf1760-2-e specified in board_part file is either invalid or not available
WARNING: [Board 49-26] cannot add Board Part xilinx.com:zcu1285:part0:1.0 available at C:/Xilinx/Vivado/2024.1/data/xhub/boards/XilinxBoardStore/boards/Xilinx/zcu1285/1.0/board.xml as part xczu39dr-ffvf1760-2-i specified in board_part file is either invalid or not available
WARNING: [Board 49-26] cannot add Board Part xilinx.com:zcu208:part0:2.0 available at C:/Xilinx/Vivado/2024.1/data/xhub/boards/XilinxBoardStore/boards/Xilinx/zcu208/production/2.0/board.xml as part xczu48dr-fsvg1517-2-e specified in board_part file is either invalid or not available
WARNING: [Board 49-26] cannot add Board Part xilinx.com:zcu208ld:part0:2.0 available at C:/Xilinx/Vivado/2024.1/data/xhub/boards/XilinxBoardStore/boards/Xilinx/zcu208ld/production/2.0/board.xml as part xczu58dr-fsvg1517-2-i specified in board_part file is either invalid or not available
WARNING: [Board 49-26] cannot add Board Part xilinx.com:zcu216:part0:2.0 available at C:/Xilinx/Vivado/2024.1/data/xhub/boards/XilinxBoardStore/boards/Xilinx/zcu216/production/2.0/board.xml as part xczu49dr-ffvf1760-2-e specified in board_part file is either invalid or not available
WARNING: [Board 49-26] cannot add Board Part xilinx.com:zcu216ld:part0:2.0 available at C:/Xilinx/Vivado/2024.1/data/xhub/boards/XilinxBoardStore/boards/Xilinx/zcu216ld/production/2.0/board.xml as part xczu59dr-ffvf1760-2-i specified in board_part file is either invalid or not available
WARNING: [Board 49-26] cannot add Board Part xilinx.com:zcu670:part0:2.0 available at C:/Xilinx/Vivado/2024.1/data/xhub/boards/XilinxBoardStore/boards/Xilinx/zcu670/2.0/board.xml as part xczu67dr-fsve1156-2-i specified in board_part file is either invalid or not available
WARNING: [Board 49-26] cannot add Board Part xilinx.com:zcu670ld:part0:1.0 available at C:/Xilinx/Vivado/2024.1/data/xhub/boards/XilinxBoardStore/boards/Xilinx/zcu670ld/1.0/board.xml as part xczu57dr-fsve1156-2-i specified in board_part file is either invalid or not available
Scanning sources...
Finished scanning sources
INFO: [IP_Flow 19-234] Refreshing IP repositories
INFO: [IP_Flow 19-1704] No user IP repositories specified
INFO: [IP_Flow 19-2313] Loaded Vivado IP repository 'C:/Xilinx/Vivado/2024.1/data/ip'.
open_project: Time (s): cpu = 00:00:39 ; elapsed = 00:00:44 . Memory (MB): peak = 1543.043 ; gain = 465.457
update_compile_order -fileset sources_1
close [ open C:/Progh/Code/Project_RetroGame/Oplevering/EindProject_FPGA.srcs/sources_1/new/DisplayMenus.vhd w ]
add_files C:/Progh/Code/Project_RetroGame/Oplevering/EindProject_FPGA.srcs/sources_1/new/DisplayMenus.vhd
update_compile_order -fileset sources_1
WARNING: [filemgmt 56-199] Attempt to get parsing info during refresh. "On-the-fly" syntax checking information may be incorrect. [C:\Progh\Code\Project_RetroGame\Oplevering\EindProject_FPGA.srcs\sources_1\new\DisplayMenus.vhd:]
WARNING: [filemgmt 56-199] Attempt to get parsing info during refresh. "On-the-fly" syntax checking information may be incorrect. [C:\Progh\Code\Project_RetroGame\Oplevering\EindProject_FPGA.srcs\sources_1\imports\Week 5 + 6 - Bounching Square - Ball\DVI.vhd:]
WARNING: [filemgmt 56-199] Attempt to get parsing info during refresh. "On-the-fly" syntax checking information may be incorrect. [C:\Progh\Code\Project_RetroGame\Oplevering\EindProject_FPGA.srcs\sources_1\new\DisplayMenus.vhd:]
WARNING: [filemgmt 56-199] Attempt to get parsing info during refresh. "On-the-fly" syntax checking information may be incorrect. [C:\Progh\Code\Project_RetroGame\Oplevering\EindProject_FPGA.srcs\sources_1\new\DisplayMenus.vhd:]
ERROR: [Common 17-180] Spawn failed: No error
WARNING: [IP_Flow 19-4067] Ignoring invalid widget type specified checkbox.Providing a default widget
WARNING: [IP_Flow 19-4067] Ignoring invalid widget type specified checkbox.Providing a default widget
INFO: [IP_Flow 19-3484] Absolute path of file 'c:/Progh/Code/Project_RetroGame/Oplevering/CoeFilesOpslag/menudefinitive.coe' provided. It will be converted relative to IP Instance files '../../../../CoeFilesOpslag/menudefinitive.coe'
create_ip -name blk_mem_gen -vendor xilinx.com -library ip -version 8.4 -module_name blk_mem_gen_14
set_property -dict [list \
  CONFIG.Coe_File {C:/Progh/Code/Project_RetroGame/Oplevering/CoeFilesOpslag/menudefinitive.coe} \
  CONFIG.Load_Init_File {true} \
  CONFIG.Memory_Type {Single_Port_ROM} \
  CONFIG.Write_Depth_A {76800} \
  CONFIG.Write_Width_A {2} \
] [get_ips blk_mem_gen_14]
INFO: [IP_Flow 19-3484] Absolute path of file 'c:/Progh/Code/Project_RetroGame/Oplevering/CoeFilesOpslag/menudefinitive.coe' provided. It will be converted relative to IP Instance files '../../../../CoeFilesOpslag/menudefinitive.coe'
generate_target {instantiation_template} [get_files c:/Progh/Code/Project_RetroGame/Oplevering/EindProject_FPGA.srcs/sources_1/ip/blk_mem_gen_14/blk_mem_gen_14.xci]
INFO: [IP_Flow 19-1686] Generating 'Instantiation Template' target for IP 'blk_mem_gen_14'...
WARNING: [filemgmt 56-199] Attempt to get parsing info during refresh. "On-the-fly" syntax checking information may be incorrect. [C:\Progh\Code\Project_RetroGame\Oplevering\EindProject_FPGA.srcs\sources_1\new\DisplayMenus.vhd:]
WARNING: [filemgmt 56-199] Attempt to get parsing info during refresh. "On-the-fly" syntax checking information may be incorrect. [C:\Progh\Code\Project_RetroGame\Oplevering\EindProject_FPGA.srcs\sources_1\imports\Week 5 + 6 - Bounching Square - Ball\DVI.vhd:]
WARNING: [filemgmt 56-199] Attempt to get parsing info during refresh. "On-the-fly" syntax checking information may be incorrect. [C:\Progh\Code\Project_RetroGame\Oplevering\EindProject_FPGA.srcs\sources_1\new\DisplayMenus.vhd:]
WARNING: [filemgmt 56-199] Attempt to get parsing info during refresh. "On-the-fly" syntax checking information may be incorrect. [C:\Progh\Code\Project_RetroGame\Oplevering\EindProject_FPGA.srcs\sources_1\new\DisplayMenus.vhd:]
ERROR: [Common 17-180] Spawn failed: No error
generate_target all [get_files  c:/Progh/Code/Project_RetroGame/Oplevering/EindProject_FPGA.srcs/sources_1/ip/blk_mem_gen_14/blk_mem_gen_14.xci]
INFO: [IP_Flow 19-1686] Generating 'Synthesis' target for IP 'blk_mem_gen_14'...
INFO: [IP_Flow 19-1686] Generating 'Simulation' target for IP 'blk_mem_gen_14'...
INFO: [IP_Flow 19-1686] Generating 'Miscellaneous' target for IP 'blk_mem_gen_14'...
INFO: [IP_Flow 19-1686] Generating 'Change Log' target for IP 'blk_mem_gen_14'...
catch { config_ip_cache -export [get_ips -all blk_mem_gen_14] }
INFO: [IP_Flow 19-6924] IPCACHE: Running cache check for IP inst: blk_mem_gen_14
export_ip_user_files -of_objects [get_files c:/Progh/Code/Project_RetroGame/Oplevering/EindProject_FPGA.srcs/sources_1/ip/blk_mem_gen_14/blk_mem_gen_14.xci] -no_script -sync -force -quiet
create_ip_run [get_files -of_objects [get_fileset sources_1] c:/Progh/Code/Project_RetroGame/Oplevering/EindProject_FPGA.srcs/sources_1/ip/blk_mem_gen_14/blk_mem_gen_14.xci]
launch_runs blk_mem_gen_14_synth_1 -jobs 8
INFO: [IP_Flow 19-6924] IPCACHE: Running cache check for IP inst: blk_mem_gen_14
[Wed Apr  9 19:25:23 2025] Launched blk_mem_gen_14_synth_1...
Run output will be captured here: C:/Progh/Code/Project_RetroGame/Oplevering/EindProject_FPGA.runs/blk_mem_gen_14_synth_1/runme.log
WARNING: [filemgmt 56-199] Attempt to get parsing info during refresh. "On-the-fly" syntax checking information may be incorrect. [C:\Progh\Code\Project_RetroGame\Oplevering\EindProject_FPGA.srcs\sources_1\new\DisplayMenus.vhd:]
WARNING: [filemgmt 56-199] Attempt to get parsing info during refresh. "On-the-fly" syntax checking information may be incorrect. [C:\Progh\Code\Project_RetroGame\Oplevering\EindProject_FPGA.srcs\sources_1\imports\Week 5 + 6 - Bounching Square - Ball\DVI.vhd:]
WARNING: [filemgmt 56-199] Attempt to get parsing info during refresh. "On-the-fly" syntax checking information may be incorrect. [C:\Progh\Code\Project_RetroGame\Oplevering\EindProject_FPGA.srcs\sources_1\imports\Week 5 + 6 - Bounching Square - Ball\DVI.vhd:]
WARNING: [filemgmt 56-199] Attempt to get parsing info during refresh. "On-the-fly" syntax checking information may be incorrect. [C:\Progh\Code\Project_RetroGame\Oplevering\EindProject_FPGA.srcs\sources_1\imports\Week 5 + 6 - Bounching Square - Ball\DVI.vhd:]
export_simulation -of_objects [get_files c:/Progh/Code/Project_RetroGame/Oplevering/EindProject_FPGA.srcs/sources_1/ip/blk_mem_gen_14/blk_mem_gen_14.xci] -directory C:/Progh/Code/Project_RetroGame/Oplevering/EindProject_FPGA.ip_user_files/sim_scripts -ip_user_files_dir C:/Progh/Code/Project_RetroGame/Oplevering/EindProject_FPGA.ip_user_files -ipstatic_source_dir C:/Progh/Code/Project_RetroGame/Oplevering/EindProject_FPGA.ip_user_files/ipstatic -lib_map_path [list {modelsim=C:/Progh/Code/Project_RetroGame/Oplevering/EindProject_FPGA.cache/compile_simlib/modelsim} {questa=C:/Progh/Code/Project_RetroGame/Oplevering/EindProject_FPGA.cache/compile_simlib/questa} {riviera=C:/Progh/Code/Project_RetroGame/Oplevering/EindProject_FPGA.cache/compile_simlib/riviera} {activehdl=C:/Progh/Code/Project_RetroGame/Oplevering/EindProject_FPGA.cache/compile_simlib/activehdl}] -use_ip_compiled_libs -force -quiet
WARNING: [filemgmt 56-199] Attempt to get parsing info during refresh. "On-the-fly" syntax checking information may be incorrect. [C:\Progh\Code\Project_RetroGame\Oplevering\EindProject_FPGA.srcs\sources_1\new\DisplayMenus.vhd:]
WARNING: [filemgmt 56-199] Attempt to get parsing info during refresh. "On-the-fly" syntax checking information may be incorrect. [C:\Progh\Code\Project_RetroGame\Oplevering\EindProject_FPGA.srcs\sources_1\imports\Week 5 + 6 - Bounching Square - Ball\DVI.vhd:]
WARNING: [filemgmt 56-199] Attempt to get parsing info during refresh. "On-the-fly" syntax checking information may be incorrect. [C:\Progh\Code\Project_RetroGame\Oplevering\EindProject_FPGA.srcs\sources_1\new\DisplayMenus.vhd:]
WARNING: [filemgmt 56-199] Attempt to get parsing info during refresh. "On-the-fly" syntax checking information may be incorrect. [C:\Progh\Code\Project_RetroGame\Oplevering\EindProject_FPGA.srcs\sources_1\new\DisplayMenus.vhd:]
ERROR: [Common 17-180] Spawn failed: No error
WARNING: [IP_Flow 19-4067] Ignoring invalid widget type specified checkbox.Providing a default widget
WARNING: [IP_Flow 19-4067] Ignoring invalid widget type specified checkbox.Providing a default widget
INFO: [IP_Flow 19-3484] Absolute path of file 'c:/Progh/Code/Project_RetroGame/Oplevering/CoeFilesOpslag/creditsssss.coe' provided. It will be converted relative to IP Instance files '../../../../CoeFilesOpslag/creditsssss.coe'
create_ip -name blk_mem_gen -vendor xilinx.com -library ip -version 8.4 -module_name blk_mem_gen_15
set_property -dict [list \
  CONFIG.Coe_File {C:/Progh/Code/Project_RetroGame/Oplevering/CoeFilesOpslag/creditsssss.coe} \
  CONFIG.Load_Init_File {true} \
  CONFIG.Memory_Type {Single_Port_ROM} \
  CONFIG.Write_Depth_A {76800} \
  CONFIG.Write_Width_A {2} \
] [get_ips blk_mem_gen_15]
INFO: [IP_Flow 19-3484] Absolute path of file 'c:/Progh/Code/Project_RetroGame/Oplevering/CoeFilesOpslag/creditsssss.coe' provided. It will be converted relative to IP Instance files '../../../../CoeFilesOpslag/creditsssss.coe'
generate_target {instantiation_template} [get_files c:/Progh/Code/Project_RetroGame/Oplevering/EindProject_FPGA.srcs/sources_1/ip/blk_mem_gen_15/blk_mem_gen_15.xci]
INFO: [IP_Flow 19-1686] Generating 'Instantiation Template' target for IP 'blk_mem_gen_15'...
WARNING: [filemgmt 56-199] Attempt to get parsing info during refresh. "On-the-fly" syntax checking information may be incorrect. [C:\Progh\Code\Project_RetroGame\Oplevering\EindProject_FPGA.srcs\sources_1\new\DisplayMenus.vhd:]
WARNING: [filemgmt 56-199] Attempt to get parsing info during refresh. "On-the-fly" syntax checking information may be incorrect. [C:\Progh\Code\Project_RetroGame\Oplevering\EindProject_FPGA.srcs\sources_1\imports\Week 5 + 6 - Bounching Square - Ball\DVI.vhd:]
WARNING: [filemgmt 56-199] Attempt to get parsing info during refresh. "On-the-fly" syntax checking information may be incorrect. [C:\Progh\Code\Project_RetroGame\Oplevering\EindProject_FPGA.srcs\sources_1\imports\Week 5 + 6 - Bounching Square - Ball\DVI.vhd:]
WARNING: [filemgmt 56-199] Attempt to get parsing info during refresh. "On-the-fly" syntax checking information may be incorrect. [C:\Progh\Code\Project_RetroGame\Oplevering\EindProject_FPGA.srcs\sources_1\imports\Week 5 + 6 - Bounching Square - Ball\DVI.vhd:]
generate_target all [get_files  c:/Progh/Code/Project_RetroGame/Oplevering/EindProject_FPGA.srcs/sources_1/ip/blk_mem_gen_15/blk_mem_gen_15.xci]
INFO: [IP_Flow 19-1686] Generating 'Synthesis' target for IP 'blk_mem_gen_15'...
WARNING: [filemgmt 56-199] Attempt to get parsing info during refresh. "On-the-fly" syntax checking information may be incorrect. [C:\Progh\Code\Project_RetroGame\Oplevering\EindProject_FPGA.srcs\sources_1\new\DisplayMenus.vhd:]
WARNING: [filemgmt 56-199] Attempt to get parsing info during refresh. "On-the-fly" syntax checking information may be incorrect. [C:\Progh\Code\Project_RetroGame\Oplevering\EindProject_FPGA.srcs\sources_1\imports\Week 5 + 6 - Bounching Square - Ball\DVI.vhd:]
WARNING: [filemgmt 56-199] Attempt to get parsing info during refresh. "On-the-fly" syntax checking information may be incorrect. [C:\Progh\Code\Project_RetroGame\Oplevering\EindProject_FPGA.srcs\sources_1\new\DisplayMenus.vhd:]
WARNING: [filemgmt 56-199] Attempt to get parsing info during refresh. "On-the-fly" syntax checking information may be incorrect. [C:\Progh\Code\Project_RetroGame\Oplevering\EindProject_FPGA.srcs\sources_1\new\DisplayMenus.vhd:]
ERROR: [Common 17-180] Spawn failed: No error
INFO: [IP_Flow 19-1686] Generating 'Simulation' target for IP 'blk_mem_gen_15'...
INFO: [IP_Flow 19-1686] Generating 'Miscellaneous' target for IP 'blk_mem_gen_15'...
INFO: [IP_Flow 19-1686] Generating 'Change Log' target for IP 'blk_mem_gen_15'...
ERROR: [Common 17-39] 'generate_target' failed due to earlier errors.
WARNING: [IP_Flow 19-4067] Ignoring invalid widget type specified checkbox.Providing a default widget
WARNING: [IP_Flow 19-4067] Ignoring invalid widget type specified checkbox.Providing a default widget
INFO: [IP_Flow 19-3484] Absolute path of file 'c:/Progh/Code/Project_RetroGame/Oplevering/CoeFilesOpslag/optionsbeter.coe' provided. It will be converted relative to IP Instance files '../../../../CoeFilesOpslag/optionsbeter.coe'
create_ip -name blk_mem_gen -vendor xilinx.com -library ip -version 8.4 -module_name blk_mem_gen_16
set_property -dict [list \
  CONFIG.Coe_File {C:/Progh/Code/Project_RetroGame/Oplevering/CoeFilesOpslag/optionsbeter.coe} \
  CONFIG.Load_Init_File {true} \
  CONFIG.Memory_Type {Single_Port_ROM} \
  CONFIG.Write_Depth_A {76800} \
  CONFIG.Write_Width_A {2} \
] [get_ips blk_mem_gen_16]
INFO: [IP_Flow 19-3484] Absolute path of file 'c:/Progh/Code/Project_RetroGame/Oplevering/CoeFilesOpslag/optionsbeter.coe' provided. It will be converted relative to IP Instance files '../../../../CoeFilesOpslag/optionsbeter.coe'
WARNING: [filemgmt 56-199] Attempt to get parsing info during refresh. "On-the-fly" syntax checking information may be incorrect. [C:\Progh\Code\Project_RetroGame\Oplevering\EindProject_FPGA.srcs\sources_1\new\DisplayMenus.vhd:]
WARNING: [filemgmt 56-199] Attempt to get parsing info during refresh. "On-the-fly" syntax checking information may be incorrect. [C:\Progh\Code\Project_RetroGame\Oplevering\EindProject_FPGA.srcs\sources_1\imports\Week 5 + 6 - Bounching Square - Ball\DVI.vhd:]
WARNING: [filemgmt 56-199] Attempt to get parsing info during refresh. "On-the-fly" syntax checking information may be incorrect. [C:\Progh\Code\Project_RetroGame\Oplevering\EindProject_FPGA.srcs\sources_1\new\DisplayMenus.vhd:]
WARNING: [filemgmt 56-199] Attempt to get parsing info during refresh. "On-the-fly" syntax checking information may be incorrect. [C:\Progh\Code\Project_RetroGame\Oplevering\EindProject_FPGA.srcs\sources_1\new\DisplayMenus.vhd:]
generate_target {instantiation_template} [get_files c:/Progh/Code/Project_RetroGame/Oplevering/EindProject_FPGA.srcs/sources_1/ip/blk_mem_gen_16/blk_mem_gen_16.xci]
INFO: [IP_Flow 19-1686] Generating 'Instantiation Template' target for IP 'blk_mem_gen_16'...
WARNING: [filemgmt 56-199] Attempt to get parsing info during refresh. "On-the-fly" syntax checking information may be incorrect. [C:\Progh\Code\Project_RetroGame\Oplevering\EindProject_FPGA.srcs\sources_1\new\DisplayMenus.vhd:]
WARNING: [filemgmt 56-199] Attempt to get parsing info during refresh. "On-the-fly" syntax checking information may be incorrect. [C:\Progh\Code\Project_RetroGame\Oplevering\EindProject_FPGA.srcs\sources_1\imports\Week 5 + 6 - Bounching Square - Ball\DVI.vhd:]
WARNING: [filemgmt 56-199] Attempt to get parsing info during refresh. "On-the-fly" syntax checking information may be incorrect. [C:\Progh\Code\Project_RetroGame\Oplevering\EindProject_FPGA.srcs\sources_1\new\DisplayMenus.vhd:]
WARNING: [filemgmt 56-199] Attempt to get parsing info during refresh. "On-the-fly" syntax checking information may be incorrect. [C:\Progh\Code\Project_RetroGame\Oplevering\EindProject_FPGA.srcs\sources_1\new\DisplayMenus.vhd:]
ERROR: [Common 17-180] Spawn failed: No error
WARNING: [filemgmt 56-199] Attempt to get parsing info during refresh. "On-the-fly" syntax checking information may be incorrect. [C:\Progh\Code\Project_RetroGame\Oplevering\EindProject_FPGA.srcs\sources_1\new\DisplayMenus.vhd:]
WARNING: [filemgmt 56-199] Attempt to get parsing info during refresh. "On-the-fly" syntax checking information may be incorrect. [C:\Progh\Code\Project_RetroGame\Oplevering\EindProject_FPGA.srcs\sources_1\imports\Week 5 + 6 - Bounching Square - Ball\DVI.vhd:]
WARNING: [filemgmt 56-199] Attempt to get parsing info during refresh. "On-the-fly" syntax checking information may be incorrect. [C:\Progh\Code\Project_RetroGame\Oplevering\EindProject_FPGA.srcs\sources_1\imports\Week 5 + 6 - Bounching Square - Ball\DVI.vhd:]
WARNING: [filemgmt 56-199] Attempt to get parsing info during refresh. "On-the-fly" syntax checking information may be incorrect. [C:\Progh\Code\Project_RetroGame\Oplevering\EindProject_FPGA.srcs\sources_1\imports\Week 5 + 6 - Bounching Square - Ball\DVI.vhd:]
generate_target all [get_files  c:/Progh/Code/Project_RetroGame/Oplevering/EindProject_FPGA.srcs/sources_1/ip/blk_mem_gen_16/blk_mem_gen_16.xci]
INFO: [IP_Flow 19-1686] Generating 'Synthesis' target for IP 'blk_mem_gen_16'...
ERROR: [Common 17-180] Spawn failed: No error
INFO: [IP_Flow 19-1686] Generating 'Simulation' target for IP 'blk_mem_gen_16'...
INFO: [IP_Flow 19-1686] Generating 'Miscellaneous' target for IP 'blk_mem_gen_16'...
INFO: [IP_Flow 19-1686] Generating 'Change Log' target for IP 'blk_mem_gen_16'...
ERROR: [Common 17-39] 'generate_target' failed due to earlier errors.
WARNING: [filemgmt 56-199] Attempt to get parsing info during refresh. "On-the-fly" syntax checking information may be incorrect. [C:\Progh\Code\Project_RetroGame\Oplevering\EindProject_FPGA.srcs\sources_1\new\DisplayMenus.vhd:]
WARNING: [filemgmt 56-199] Attempt to get parsing info during refresh. "On-the-fly" syntax checking information may be incorrect. [C:\Progh\Code\Project_RetroGame\Oplevering\EindProject_FPGA.srcs\sources_1\imports\Week 5 + 6 - Bounching Square - Ball\DVI.vhd:]
WARNING: [filemgmt 56-199] Attempt to get parsing info during refresh. "On-the-fly" syntax checking information may be incorrect. [C:\Progh\Code\Project_RetroGame\Oplevering\EindProject_FPGA.srcs\sources_1\new\DisplayMenus.vhd:]
WARNING: [filemgmt 56-199] Attempt to get parsing info during refresh. "On-the-fly" syntax checking information may be incorrect. [C:\Progh\Code\Project_RetroGame\Oplevering\EindProject_FPGA.srcs\sources_1\new\DisplayMenus.vhd:]
WARNING: [IP_Flow 19-4067] Ignoring invalid widget type specified checkbox.Providing a default widget
WARNING: [IP_Flow 19-4067] Ignoring invalid widget type specified checkbox.Providing a default widget
ERROR: [Common 17-180] Spawn failed: No error
ERROR: [Common 17-39] 'common::get_property' failed due to earlier errors.
ERROR: [IP_Flow 19-3475] Tcl error in update_gui procedure for IP 'blk_mem_gen_17'. ERROR: [Common 17-39] 'common::get_property' failed due to earlier errors.

INFO: [IP_Flow 19-3484] Absolute path of file 'c:/Progh/Code/Project_RetroGame/Oplevering/CoeFilesOpslag/highscorebeter.coe' provided. It will be converted relative to IP Instance files '../../../../CoeFilesOpslag/highscorebeter.coe'
create_ip -name blk_mem_gen -vendor xilinx.com -library ip -version 8.4 -module_name blk_mem_gen_17
set_property -dict [list \
  CONFIG.Coe_File {C:/Progh/Code/Project_RetroGame/Oplevering/CoeFilesOpslag/highscorebeter.coe} \
  CONFIG.Load_Init_File {true} \
  CONFIG.Memory_Type {Single_Port_ROM} \
  CONFIG.Write_Depth_A {76800} \
  CONFIG.Write_Width_A {2} \
] [get_ips blk_mem_gen_17]
INFO: [IP_Flow 19-3484] Absolute path of file 'c:/Progh/Code/Project_RetroGame/Oplevering/CoeFilesOpslag/highscorebeter.coe' provided. It will be converted relative to IP Instance files '../../../../CoeFilesOpslag/highscorebeter.coe'
generate_target {instantiation_template} [get_files c:/Progh/Code/Project_RetroGame/Oplevering/EindProject_FPGA.srcs/sources_1/ip/blk_mem_gen_17/blk_mem_gen_17.xci]
INFO: [IP_Flow 19-1686] Generating 'Instantiation Template' target for IP 'blk_mem_gen_17'...
WARNING: [filemgmt 56-199] Attempt to get parsing info during refresh. "On-the-fly" syntax checking information may be incorrect. [C:\Progh\Code\Project_RetroGame\Oplevering\EindProject_FPGA.srcs\sources_1\new\DisplayMenus.vhd:]
WARNING: [filemgmt 56-199] Attempt to get parsing info during refresh. "On-the-fly" syntax checking information may be incorrect. [C:\Progh\Code\Project_RetroGame\Oplevering\EindProject_FPGA.srcs\sources_1\imports\Week 5 + 6 - Bounching Square - Ball\DVI.vhd:]
WARNING: [filemgmt 56-199] Attempt to get parsing info during refresh. "On-the-fly" syntax checking information may be incorrect. [C:\Progh\Code\Project_RetroGame\Oplevering\EindProject_FPGA.srcs\sources_1\new\DisplayMenus.vhd:]
WARNING: [filemgmt 56-199] Attempt to get parsing info during refresh. "On-the-fly" syntax checking information may be incorrect. [C:\Progh\Code\Project_RetroGame\Oplevering\EindProject_FPGA.srcs\sources_1\new\DisplayMenus.vhd:]
generate_target all [get_files  c:/Progh/Code/Project_RetroGame/Oplevering/EindProject_FPGA.srcs/sources_1/ip/blk_mem_gen_17/blk_mem_gen_17.xci]
INFO: [IP_Flow 19-1686] Generating 'Synthesis' target for IP 'blk_mem_gen_17'...
INFO: [IP_Flow 19-1686] Generating 'Simulation' target for IP 'blk_mem_gen_17'...
INFO: [IP_Flow 19-1686] Generating 'Miscellaneous' target for IP 'blk_mem_gen_17'...
INFO: [IP_Flow 19-1686] Generating 'Change Log' target for IP 'blk_mem_gen_17'...
catch { config_ip_cache -export [get_ips -all blk_mem_gen_17] }
INFO: [IP_Flow 19-6924] IPCACHE: Running cache check for IP inst: blk_mem_gen_17
export_ip_user_files -of_objects [get_files c:/Progh/Code/Project_RetroGame/Oplevering/EindProject_FPGA.srcs/sources_1/ip/blk_mem_gen_17/blk_mem_gen_17.xci] -no_script -sync -force -quiet
create_ip_run [get_files -of_objects [get_fileset sources_1] c:/Progh/Code/Project_RetroGame/Oplevering/EindProject_FPGA.srcs/sources_1/ip/blk_mem_gen_17/blk_mem_gen_17.xci]
launch_runs blk_mem_gen_17_synth_1 -jobs 8
INFO: [IP_Flow 19-6924] IPCACHE: Running cache check for IP inst: blk_mem_gen_17
[Wed Apr  9 19:26:55 2025] Launched blk_mem_gen_17_synth_1...
Run output will be captured here: C:/Progh/Code/Project_RetroGame/Oplevering/EindProject_FPGA.runs/blk_mem_gen_17_synth_1/runme.log
export_simulation -of_objects [get_files c:/Progh/Code/Project_RetroGame/Oplevering/EindProject_FPGA.srcs/sources_1/ip/blk_mem_gen_17/blk_mem_gen_17.xci] -directory C:/Progh/Code/Project_RetroGame/Oplevering/EindProject_FPGA.ip_user_files/sim_scripts -ip_user_files_dir C:/Progh/Code/Project_RetroGame/Oplevering/EindProject_FPGA.ip_user_files -ipstatic_source_dir C:/Progh/Code/Project_RetroGame/Oplevering/EindProject_FPGA.ip_user_files/ipstatic -lib_map_path [list {modelsim=C:/Progh/Code/Project_RetroGame/Oplevering/EindProject_FPGA.cache/compile_simlib/modelsim} {questa=C:/Progh/Code/Project_RetroGame/Oplevering/EindProject_FPGA.cache/compile_simlib/questa} {riviera=C:/Progh/Code/Project_RetroGame/Oplevering/EindProject_FPGA.cache/compile_simlib/riviera} {activehdl=C:/Progh/Code/Project_RetroGame/Oplevering/EindProject_FPGA.cache/compile_simlib/activehdl}] -use_ip_compiled_libs -force -quiet
update_compile_order -fileset sources_1
WARNING: [filemgmt 56-199] Attempt to get parsing info during refresh. "On-the-fly" syntax checking information may be incorrect. [C:\Progh\Code\Project_RetroGame\Oplevering\EindProject_FPGA.srcs\sources_1\new\DisplayMenus.vhd:]
WARNING: [filemgmt 56-199] Attempt to get parsing info during refresh. "On-the-fly" syntax checking information may be incorrect. [C:\Progh\Code\Project_RetroGame\Oplevering\EindProject_FPGA.srcs\sources_1\imports\Week 5 + 6 - Bounching Square - Ball\DVI.vhd:]
WARNING: [filemgmt 56-199] Attempt to get parsing info during refresh. "On-the-fly" syntax checking information may be incorrect. [C:\Progh\Code\Project_RetroGame\Oplevering\EindProject_FPGA.srcs\sources_1\new\DisplayMenus.vhd:]
WARNING: [filemgmt 56-199] Attempt to get parsing info during refresh. "On-the-fly" syntax checking information may be incorrect. [C:\Progh\Code\Project_RetroGame\Oplevering\EindProject_FPGA.srcs\sources_1\new\DisplayMenus.vhd:]
ERROR: [Common 17-180] Spawn failed: No error
WARNING: [filemgmt 56-199] Attempt to get parsing info during refresh. "On-the-fly" syntax checking information may be incorrect. [C:\Progh\Code\Project_RetroGame\Oplevering\EindProject_FPGA.srcs\sources_1\new\DisplayMenus.vhd:]
WARNING: [filemgmt 56-199] Attempt to get parsing info during refresh. "On-the-fly" syntax checking information may be incorrect. [C:\Progh\Code\Project_RetroGame\Oplevering\EindProject_FPGA.srcs\sources_1\imports\Week 5 + 6 - Bounching Square - Ball\DVI.vhd:]
WARNING: [filemgmt 56-199] Attempt to get parsing info during refresh. "On-the-fly" syntax checking information may be incorrect. [C:\Progh\Code\Project_RetroGame\Oplevering\EindProject_FPGA.srcs\sources_1\new\DisplayMenus.vhd:]
WARNING: [filemgmt 56-199] Attempt to get parsing info during refresh. "On-the-fly" syntax checking information may be incorrect. [C:\Progh\Code\Project_RetroGame\Oplevering\EindProject_FPGA.srcs\sources_1\new\DisplayMenus.vhd:]
ERROR: [Common 17-180] Spawn failed: No error
WARNING: [filemgmt 56-199] Attempt to get parsing info during refresh. "On-the-fly" syntax checking information may be incorrect. [C:\Progh\Code\Project_RetroGame\Oplevering\EindProject_FPGA.srcs\sources_1\new\DisplayMenus.vhd:]
WARNING: [filemgmt 56-199] Attempt to get parsing info during refresh. "On-the-fly" syntax checking information may be incorrect. [C:\Progh\Code\Project_RetroGame\Oplevering\EindProject_FPGA.srcs\sources_1\imports\Week 5 + 6 - Bounching Square - Ball\DVI.vhd:]
WARNING: [filemgmt 56-199] Attempt to get parsing info during refresh. "On-the-fly" syntax checking information may be incorrect. [C:\Progh\Code\Project_RetroGame\Oplevering\EindProject_FPGA.srcs\sources_1\new\DisplayMenus.vhd:]
WARNING: [filemgmt 56-199] Attempt to get parsing info during refresh. "On-the-fly" syntax checking information may be incorrect. [C:\Progh\Code\Project_RetroGame\Oplevering\EindProject_FPGA.srcs\sources_1\new\DisplayMenus.vhd:]
ERROR: [Common 17-180] Spawn failed: No error
WARNING: [filemgmt 56-199] Attempt to get parsing info during refresh. "On-the-fly" syntax checking information may be incorrect. [C:\Progh\Code\Project_RetroGame\Oplevering\EindProject_FPGA.srcs\sources_1\new\DisplayMenus.vhd:]
WARNING: [filemgmt 56-199] Attempt to get parsing info during refresh. "On-the-fly" syntax checking information may be incorrect. [C:\Progh\Code\Project_RetroGame\Oplevering\EindProject_FPGA.srcs\sources_1\imports\Week 5 + 6 - Bounching Square - Ball\DVI.vhd:]
WARNING: [filemgmt 56-199] Attempt to get parsing info during refresh. "On-the-fly" syntax checking information may be incorrect. [C:\Progh\Code\Project_RetroGame\Oplevering\EindProject_FPGA.srcs\sources_1\new\Displaylevel.vhd:]
WARNING: [filemgmt 56-199] Attempt to get parsing info during refresh. "On-the-fly" syntax checking information may be incorrect. [C:\Progh\Code\Project_RetroGame\Oplevering\EindProject_FPGA.srcs\sources_1\new\XY_GEN.vhd:]
WARNING: [filemgmt 56-199] Attempt to get parsing info during refresh. "On-the-fly" syntax checking information may be incorrect. [C:\Progh\Code\Project_RetroGame\Oplevering\EindProject_FPGA.srcs\sources_1\new\DisplayMenus.vhd:]
WARNING: [filemgmt 56-199] Attempt to get parsing info during refresh. "On-the-fly" syntax checking information may be incorrect. [C:\Progh\Code\Project_RetroGame\Oplevering\EindProject_FPGA.srcs\sources_1\new\DisplayMenus.vhd:]
WARNING: [filemgmt 56-199] Attempt to get parsing info during refresh. "On-the-fly" syntax checking information may be incorrect. [C:\Progh\Code\Project_RetroGame\Oplevering\EindProject_FPGA.srcs\sources_1\new\DisplayMenus.vhd:]
WARNING: [filemgmt 56-199] Attempt to get parsing info during refresh. "On-the-fly" syntax checking information may be incorrect. [C:\Progh\Code\Project_RetroGame\Oplevering\EindProject_FPGA.srcs\sources_1\imports\Week 5 + 6 - Bounching Square - Ball\DVI.vhd:]
WARNING: [filemgmt 56-199] Attempt to get parsing info during refresh. "On-the-fly" syntax checking information may be incorrect. [C:\Progh\Code\Project_RetroGame\Oplevering\EindProject_FPGA.srcs\sources_1\new\Displaylevel.vhd:]
WARNING: [filemgmt 56-199] Attempt to get parsing info during refresh. "On-the-fly" syntax checking information may be incorrect. [C:\Progh\Code\Project_RetroGame\Oplevering\EindProject_FPGA.srcs\sources_1\new\XY_GEN.vhd:]
WARNING: [filemgmt 56-199] Attempt to get parsing info during refresh. "On-the-fly" syntax checking information may be incorrect. [C:\Progh\Code\Project_RetroGame\Oplevering\EindProject_FPGA.srcs\sources_1\new\Displaylevel.vhd:]
WARNING: [filemgmt 56-199] Attempt to get parsing info during refresh. "On-the-fly" syntax checking information may be incorrect. [C:\Progh\Code\Project_RetroGame\Oplevering\EindProject_FPGA.srcs\sources_1\new\Displaylevel.vhd:]
ERROR: [Common 17-180] Spawn failed: No error
WARNING: [filemgmt 56-199] Attempt to get parsing info during refresh. "On-the-fly" syntax checking information may be incorrect. [C:\Progh\Code\Project_RetroGame\Oplevering\EindProject_FPGA.srcs\sources_1\new\DisplayMenus.vhd:]
WARNING: [filemgmt 56-199] Attempt to get parsing info during refresh. "On-the-fly" syntax checking information may be incorrect. [C:\Progh\Code\Project_RetroGame\Oplevering\EindProject_FPGA.srcs\sources_1\imports\Week 5 + 6 - Bounching Square - Ball\DVI.vhd:]
WARNING: [filemgmt 56-199] Attempt to get parsing info during refresh. "On-the-fly" syntax checking information may be incorrect. [C:\Progh\Code\Project_RetroGame\Oplevering\EindProject_FPGA.srcs\sources_1\new\Displaylevel.vhd:]
WARNING: [filemgmt 56-199] Attempt to get parsing info during refresh. "On-the-fly" syntax checking information may be incorrect. [C:\Progh\Code\Project_RetroGame\Oplevering\EindProject_FPGA.srcs\sources_1\new\XY_GEN.vhd:]
WARNING: [filemgmt 56-199] Attempt to get parsing info during refresh. "On-the-fly" syntax checking information may be incorrect. [C:\Progh\Code\Project_RetroGame\Oplevering\EindProject_FPGA.srcs\sources_1\new\XY_GEN.vhd:]
WARNING: [filemgmt 56-199] Attempt to get parsing info during refresh. "On-the-fly" syntax checking information may be incorrect. [C:\Progh\Code\Project_RetroGame\Oplevering\EindProject_FPGA.srcs\sources_1\new\XY_GEN.vhd:]
ERROR: [Common 17-180] Spawn failed: No error
update_compile_order -fileset sources_1
WARNING: [filemgmt 56-199] Attempt to get parsing info during refresh. "On-the-fly" syntax checking information may be incorrect. [C:\Progh\Code\Project_RetroGame\Oplevering\EindProject_FPGA.srcs\sources_1\new\DisplayMenus.vhd:]
WARNING: [filemgmt 56-199] Attempt to get parsing info during refresh. "On-the-fly" syntax checking information may be incorrect. [C:\Progh\Code\Project_RetroGame\Oplevering\EindProject_FPGA.srcs\sources_1\imports\Week 5 + 6 - Bounching Square - Ball\DVI.vhd:]
WARNING: [filemgmt 56-199] Attempt to get parsing info during refresh. "On-the-fly" syntax checking information may be incorrect. [C:\Progh\Code\Project_RetroGame\Oplevering\EindProject_FPGA.srcs\sources_1\new\Displaylevel.vhd:]
WARNING: [filemgmt 56-199] Attempt to get parsing info during refresh. "On-the-fly" syntax checking information may be incorrect. [C:\Progh\Code\Project_RetroGame\Oplevering\EindProject_FPGA.srcs\sources_1\new\XY_GEN.vhd:]
WARNING: [filemgmt 56-199] Attempt to get parsing info during refresh. "On-the-fly" syntax checking information may be incorrect. [C:\Progh\Code\Project_RetroGame\Oplevering\EindProject_FPGA.srcs\sources_1\new\DisplayMenus.vhd:]
WARNING: [filemgmt 56-199] Attempt to get parsing info during refresh. "On-the-fly" syntax checking information may be incorrect. [C:\Progh\Code\Project_RetroGame\Oplevering\EindProject_FPGA.srcs\sources_1\new\DisplayMenus.vhd:]
WARNING: [filemgmt 56-199] Attempt to get parsing info during refresh. "On-the-fly" syntax checking information may be incorrect. [C:\Progh\Code\Project_RetroGame\Oplevering\EindProject_FPGA.srcs\sources_1\new\DisplayMenus.vhd:]
WARNING: [filemgmt 56-199] Attempt to get parsing info during refresh. "On-the-fly" syntax checking information may be incorrect. [C:\Progh\Code\Project_RetroGame\Oplevering\EindProject_FPGA.srcs\sources_1\imports\Week 5 + 6 - Bounching Square - Ball\DVI.vhd:]
WARNING: [filemgmt 56-199] Attempt to get parsing info during refresh. "On-the-fly" syntax checking information may be incorrect. [C:\Progh\Code\Project_RetroGame\Oplevering\EindProject_FPGA.srcs\sources_1\new\Displaylevel.vhd:]
WARNING: [filemgmt 56-199] Attempt to get parsing info during refresh. "On-the-fly" syntax checking information may be incorrect. [C:\Progh\Code\Project_RetroGame\Oplevering\EindProject_FPGA.srcs\sources_1\new\XY_GEN.vhd:]
WARNING: [filemgmt 56-199] Attempt to get parsing info during refresh. "On-the-fly" syntax checking information may be incorrect. [C:\Progh\Code\Project_RetroGame\Oplevering\EindProject_FPGA.srcs\sources_1\new\Displaylevel.vhd:]
WARNING: [filemgmt 56-199] Attempt to get parsing info during refresh. "On-the-fly" syntax checking information may be incorrect. [C:\Progh\Code\Project_RetroGame\Oplevering\EindProject_FPGA.srcs\sources_1\new\Displaylevel.vhd:]
ERROR: [Common 17-180] Spawn failed: No error
WARNING: [filemgmt 56-199] Attempt to get parsing info during refresh. "On-the-fly" syntax checking information may be incorrect. [C:\Progh\Code\Project_RetroGame\Oplevering\EindProject_FPGA.srcs\sources_1\new\DisplayMenus.vhd:]
WARNING: [filemgmt 56-199] Attempt to get parsing info during refresh. "On-the-fly" syntax checking information may be incorrect. [C:\Progh\Code\Project_RetroGame\Oplevering\EindProject_FPGA.srcs\sources_1\imports\Week 5 + 6 - Bounching Square - Ball\DVI.vhd:]
WARNING: [filemgmt 56-199] Attempt to get parsing info during refresh. "On-the-fly" syntax checking information may be incorrect. [C:\Progh\Code\Project_RetroGame\Oplevering\EindProject_FPGA.srcs\sources_1\new\Displaylevel.vhd:]
WARNING: [filemgmt 56-199] Attempt to get parsing info during refresh. "On-the-fly" syntax checking information may be incorrect. [C:\Progh\Code\Project_RetroGame\Oplevering\EindProject_FPGA.srcs\sources_1\new\XY_GEN.vhd:]
WARNING: [filemgmt 56-199] Attempt to get parsing info during refresh. "On-the-fly" syntax checking information may be incorrect. [C:\Progh\Code\Project_RetroGame\Oplevering\EindProject_FPGA.srcs\sources_1\imports\Week 5 + 6 - Bounching Square - Ball\DVI.vhd:]
WARNING: [filemgmt 56-199] Attempt to get parsing info during refresh. "On-the-fly" syntax checking information may be incorrect. [C:\Progh\Code\Project_RetroGame\Oplevering\EindProject_FPGA.srcs\sources_1\imports\Week 5 + 6 - Bounching Square - Ball\DVI.vhd:]
ERROR: [Common 17-180] Spawn failed: No error
WARNING: [filemgmt 56-199] Attempt to get parsing info during refresh. "On-the-fly" syntax checking information may be incorrect. [C:\Progh\Code\Project_RetroGame\Oplevering\EindProject_FPGA.srcs\sources_1\new\DisplayMenus.vhd:]
WARNING: [filemgmt 56-199] Attempt to get parsing info during refresh. "On-the-fly" syntax checking information may be incorrect. [C:\Progh\Code\Project_RetroGame\Oplevering\EindProject_FPGA.srcs\sources_1\imports\Week 5 + 6 - Bounching Square - Ball\DVI.vhd:]
WARNING: [filemgmt 56-199] Attempt to get parsing info during refresh. "On-the-fly" syntax checking information may be incorrect. [C:\Progh\Code\Project_RetroGame\Oplevering\EindProject_FPGA.srcs\sources_1\new\Displaylevel.vhd:]
WARNING: [filemgmt 56-199] Attempt to get parsing info during refresh. "On-the-fly" syntax checking information may be incorrect. [C:\Progh\Code\Project_RetroGame\Oplevering\EindProject_FPGA.srcs\sources_1\new\XY_GEN.vhd:]
WARNING: [filemgmt 56-199] Attempt to get parsing info during refresh. "On-the-fly" syntax checking information may be incorrect. [C:\Progh\Code\Project_RetroGame\Oplevering\EindProject_FPGA.srcs\sources_1\new\DisplayMenus.vhd:]
WARNING: [filemgmt 56-199] Attempt to get parsing info during refresh. "On-the-fly" syntax checking information may be incorrect. [C:\Progh\Code\Project_RetroGame\Oplevering\EindProject_FPGA.srcs\sources_1\new\DisplayMenus.vhd:]
WARNING: [filemgmt 56-199] Attempt to get parsing info during refresh. "On-the-fly" syntax checking information may be incorrect. [C:\Progh\Code\Project_RetroGame\Oplevering\EindProject_FPGA.srcs\sources_1\new\DisplayMenus.vhd:]
WARNING: [filemgmt 56-199] Attempt to get parsing info during refresh. "On-the-fly" syntax checking information may be incorrect. [C:\Progh\Code\Project_RetroGame\Oplevering\EindProject_FPGA.srcs\sources_1\imports\Week 5 + 6 - Bounching Square - Ball\DVI.vhd:]
WARNING: [filemgmt 56-199] Attempt to get parsing info during refresh. "On-the-fly" syntax checking information may be incorrect. [C:\Progh\Code\Project_RetroGame\Oplevering\EindProject_FPGA.srcs\sources_1\new\Displaylevel.vhd:]
WARNING: [filemgmt 56-199] Attempt to get parsing info during refresh. "On-the-fly" syntax checking information may be incorrect. [C:\Progh\Code\Project_RetroGame\Oplevering\EindProject_FPGA.srcs\sources_1\new\XY_GEN.vhd:]
WARNING: [filemgmt 56-199] Attempt to get parsing info during refresh. "On-the-fly" syntax checking information may be incorrect. [C:\Progh\Code\Project_RetroGame\Oplevering\EindProject_FPGA.srcs\sources_1\new\Displaylevel.vhd:]
WARNING: [filemgmt 56-199] Attempt to get parsing info during refresh. "On-the-fly" syntax checking information may be incorrect. [C:\Progh\Code\Project_RetroGame\Oplevering\EindProject_FPGA.srcs\sources_1\new\Displaylevel.vhd:]
ERROR: [Common 17-180] Spawn failed: No error
WARNING: [filemgmt 56-199] Attempt to get parsing info during refresh. "On-the-fly" syntax checking information may be incorrect. [C:\Progh\Code\Project_RetroGame\Oplevering\EindProject_FPGA.srcs\sources_1\new\DisplayMenus.vhd:]
WARNING: [filemgmt 56-199] Attempt to get parsing info during refresh. "On-the-fly" syntax checking information may be incorrect. [C:\Progh\Code\Project_RetroGame\Oplevering\EindProject_FPGA.srcs\sources_1\imports\Week 5 + 6 - Bounching Square - Ball\DVI.vhd:]
WARNING: [filemgmt 56-199] Attempt to get parsing info during refresh. "On-the-fly" syntax checking information may be incorrect. [C:\Progh\Code\Project_RetroGame\Oplevering\EindProject_FPGA.srcs\sources_1\new\Displaylevel.vhd:]
WARNING: [filemgmt 56-199] Attempt to get parsing info during refresh. "On-the-fly" syntax checking information may be incorrect. [C:\Progh\Code\Project_RetroGame\Oplevering\EindProject_FPGA.srcs\sources_1\new\XY_GEN.vhd:]
WARNING: [filemgmt 56-199] Attempt to get parsing info during refresh. "On-the-fly" syntax checking information may be incorrect. [C:\Progh\Code\Project_RetroGame\Oplevering\EindProject_FPGA.srcs\sources_1\new\XY_GEN.vhd:]
WARNING: [filemgmt 56-199] Attempt to get parsing info during refresh. "On-the-fly" syntax checking information may be incorrect. [C:\Progh\Code\Project_RetroGame\Oplevering\EindProject_FPGA.srcs\sources_1\new\XY_GEN.vhd:]
ERROR: [Common 17-180] Spawn failed: No error
WARNING: [filemgmt 56-199] Attempt to get parsing info during refresh. "On-the-fly" syntax checking information may be incorrect. [C:\Progh\Code\Project_RetroGame\Oplevering\EindProject_FPGA.srcs\sources_1\new\DisplayMenus.vhd:]
WARNING: [filemgmt 56-199] Attempt to get parsing info during refresh. "On-the-fly" syntax checking information may be incorrect. [C:\Progh\Code\Project_RetroGame\Oplevering\EindProject_FPGA.srcs\sources_1\imports\Week 5 + 6 - Bounching Square - Ball\DVI.vhd:]
WARNING: [filemgmt 56-199] Attempt to get parsing info during refresh. "On-the-fly" syntax checking information may be incorrect. [C:\Progh\Code\Project_RetroGame\Oplevering\EindProject_FPGA.srcs\sources_1\new\Displaylevel.vhd:]
WARNING: [filemgmt 56-199] Attempt to get parsing info during refresh. "On-the-fly" syntax checking information may be incorrect. [C:\Progh\Code\Project_RetroGame\Oplevering\EindProject_FPGA.srcs\sources_1\new\XY_GEN.vhd:]
WARNING: [filemgmt 56-199] Attempt to get parsing info during refresh. "On-the-fly" syntax checking information may be incorrect. [C:\Progh\Code\Project_RetroGame\Oplevering\EindProject_FPGA.srcs\sources_1\new\DisplayMenus.vhd:]
WARNING: [filemgmt 56-199] Attempt to get parsing info during refresh. "On-the-fly" syntax checking information may be incorrect. [C:\Progh\Code\Project_RetroGame\Oplevering\EindProject_FPGA.srcs\sources_1\new\DisplayMenus.vhd:]
WARNING: [filemgmt 56-199] Attempt to get parsing info during refresh. "On-the-fly" syntax checking information may be incorrect. [C:\Progh\Code\Project_RetroGame\Oplevering\EindProject_FPGA.srcs\sources_1\new\DisplayMenus.vhd:]
WARNING: [filemgmt 56-199] Attempt to get parsing info during refresh. "On-the-fly" syntax checking information may be incorrect. [C:\Progh\Code\Project_RetroGame\Oplevering\EindProject_FPGA.srcs\sources_1\imports\Week 5 + 6 - Bounching Square - Ball\DVI.vhd:]
WARNING: [filemgmt 56-199] Attempt to get parsing info during refresh. "On-the-fly" syntax checking information may be incorrect. [C:\Progh\Code\Project_RetroGame\Oplevering\EindProject_FPGA.srcs\sources_1\new\Displaylevel.vhd:]
WARNING: [filemgmt 56-199] Attempt to get parsing info during refresh. "On-the-fly" syntax checking information may be incorrect. [C:\Progh\Code\Project_RetroGame\Oplevering\EindProject_FPGA.srcs\sources_1\new\XY_GEN.vhd:]
WARNING: [filemgmt 56-199] Attempt to get parsing info during refresh. "On-the-fly" syntax checking information may be incorrect. [C:\Progh\Code\Project_RetroGame\Oplevering\EindProject_FPGA.srcs\sources_1\new\Displaylevel.vhd:]
WARNING: [filemgmt 56-199] Attempt to get parsing info during refresh. "On-the-fly" syntax checking information may be incorrect. [C:\Progh\Code\Project_RetroGame\Oplevering\EindProject_FPGA.srcs\sources_1\new\Displaylevel.vhd:]
ERROR: [Common 17-180] Spawn failed: No error
WARNING: [filemgmt 56-199] Attempt to get parsing info during refresh. "On-the-fly" syntax checking information may be incorrect. [C:\Progh\Code\Project_RetroGame\Oplevering\EindProject_FPGA.srcs\sources_1\new\DisplayMenus.vhd:]
WARNING: [filemgmt 56-199] Attempt to get parsing info during refresh. "On-the-fly" syntax checking information may be incorrect. [C:\Progh\Code\Project_RetroGame\Oplevering\EindProject_FPGA.srcs\sources_1\imports\Week 5 + 6 - Bounching Square - Ball\DVI.vhd:]
WARNING: [filemgmt 56-199] Attempt to get parsing info during refresh. "On-the-fly" syntax checking information may be incorrect. [C:\Progh\Code\Project_RetroGame\Oplevering\EindProject_FPGA.srcs\sources_1\new\Displaylevel.vhd:]
WARNING: [filemgmt 56-199] Attempt to get parsing info during refresh. "On-the-fly" syntax checking information may be incorrect. [C:\Progh\Code\Project_RetroGame\Oplevering\EindProject_FPGA.srcs\sources_1\new\XY_GEN.vhd:]
WARNING: [filemgmt 56-199] Attempt to get parsing info during refresh. "On-the-fly" syntax checking information may be incorrect. [C:\Progh\Code\Project_RetroGame\Oplevering\EindProject_FPGA.srcs\sources_1\imports\Week 5 + 6 - Bounching Square - Ball\DVI.vhd:]
WARNING: [filemgmt 56-199] Attempt to get parsing info during refresh. "On-the-fly" syntax checking information may be incorrect. [C:\Progh\Code\Project_RetroGame\Oplevering\EindProject_FPGA.srcs\sources_1\imports\Week 5 + 6 - Bounching Square - Ball\DVI.vhd:]
ERROR: [Common 17-180] Spawn failed: No error
WARNING: [filemgmt 56-199] Attempt to get parsing info during refresh. "On-the-fly" syntax checking information may be incorrect. [C:\Progh\Code\Project_RetroGame\Oplevering\EindProject_FPGA.srcs\sources_1\new\DisplayMenus.vhd:]
WARNING: [filemgmt 56-199] Attempt to get parsing info during refresh. "On-the-fly" syntax checking information may be incorrect. [C:\Progh\Code\Project_RetroGame\Oplevering\EindProject_FPGA.srcs\sources_1\imports\Week 5 + 6 - Bounching Square - Ball\DVI.vhd:]
WARNING: [filemgmt 56-199] Attempt to get parsing info during refresh. "On-the-fly" syntax checking information may be incorrect. [C:\Progh\Code\Project_RetroGame\Oplevering\EindProject_FPGA.srcs\sources_1\new\XY_GEN.vhd:]
WARNING: [filemgmt 56-199] Attempt to get parsing info during refresh. "On-the-fly" syntax checking information may be incorrect. [C:\Progh\Code\Project_RetroGame\Oplevering\EindProject_FPGA.srcs\sources_1\new\DisplayMenus.vhd:]
WARNING: [filemgmt 56-199] Attempt to get parsing info during refresh. "On-the-fly" syntax checking information may be incorrect. [C:\Progh\Code\Project_RetroGame\Oplevering\EindProject_FPGA.srcs\sources_1\new\DisplayMenus.vhd:]
WARNING: [filemgmt 56-199] Attempt to get parsing info during refresh. "On-the-fly" syntax checking information may be incorrect. [C:\Progh\Code\Project_RetroGame\Oplevering\EindProject_FPGA.srcs\sources_1\new\DisplayMenus.vhd:]
WARNING: [filemgmt 56-199] Attempt to get parsing info during refresh. "On-the-fly" syntax checking information may be incorrect. [C:\Progh\Code\Project_RetroGame\Oplevering\EindProject_FPGA.srcs\sources_1\imports\Week 5 + 6 - Bounching Square - Ball\DVI.vhd:]
WARNING: [filemgmt 56-199] Attempt to get parsing info during refresh. "On-the-fly" syntax checking information may be incorrect. [C:\Progh\Code\Project_RetroGame\Oplevering\EindProject_FPGA.srcs\sources_1\new\XY_GEN.vhd:]
WARNING: [filemgmt 56-199] Attempt to get parsing info during refresh. "On-the-fly" syntax checking information may be incorrect. [C:\Progh\Code\Project_RetroGame\Oplevering\EindProject_FPGA.srcs\sources_1\new\XY_GEN.vhd:]
WARNING: [filemgmt 56-199] Attempt to get parsing info during refresh. "On-the-fly" syntax checking information may be incorrect. [C:\Progh\Code\Project_RetroGame\Oplevering\EindProject_FPGA.srcs\sources_1\new\XY_GEN.vhd:]
WARNING: [filemgmt 56-199] Attempt to get parsing info during refresh. "On-the-fly" syntax checking information may be incorrect. [C:\Progh\Code\Project_RetroGame\Oplevering\EindProject_FPGA.srcs\sources_1\new\DisplayMenus.vhd:]
WARNING: [filemgmt 56-199] Attempt to get parsing info during refresh. "On-the-fly" syntax checking information may be incorrect. [C:\Progh\Code\Project_RetroGame\Oplevering\EindProject_FPGA.srcs\sources_1\imports\Week 5 + 6 - Bounching Square - Ball\DVI.vhd:]
WARNING: [filemgmt 56-199] Attempt to get parsing info during refresh. "On-the-fly" syntax checking information may be incorrect. [C:\Progh\Code\Project_RetroGame\Oplevering\EindProject_FPGA.srcs\sources_1\new\XY_GEN.vhd:]
WARNING: [filemgmt 56-199] Attempt to get parsing info during refresh. "On-the-fly" syntax checking information may be incorrect. [C:\Progh\Code\Project_RetroGame\Oplevering\EindProject_FPGA.srcs\sources_1\new\DisplayMenus.vhd:]
WARNING: [filemgmt 56-199] Attempt to get parsing info during refresh. "On-the-fly" syntax checking information may be incorrect. [C:\Progh\Code\Project_RetroGame\Oplevering\EindProject_FPGA.srcs\sources_1\new\DisplayMenus.vhd:]
WARNING: [filemgmt 56-199] Attempt to get parsing info during refresh. "On-the-fly" syntax checking information may be incorrect. [C:\Progh\Code\Project_RetroGame\Oplevering\EindProject_FPGA.srcs\sources_1\new\DisplayMenus.vhd:]
WARNING: [filemgmt 56-199] Attempt to get parsing info during refresh. "On-the-fly" syntax checking information may be incorrect. [C:\Progh\Code\Project_RetroGame\Oplevering\EindProject_FPGA.srcs\sources_1\imports\Week 5 + 6 - Bounching Square - Ball\DVI.vhd:]
WARNING: [filemgmt 56-199] Attempt to get parsing info during refresh. "On-the-fly" syntax checking information may be incorrect. [C:\Progh\Code\Project_RetroGame\Oplevering\EindProject_FPGA.srcs\sources_1\new\XY_GEN.vhd:]
WARNING: [filemgmt 56-199] Attempt to get parsing info during refresh. "On-the-fly" syntax checking information may be incorrect. [C:\Progh\Code\Project_RetroGame\Oplevering\EindProject_FPGA.srcs\sources_1\new\DisplayMenus.vhd:]
WARNING: [filemgmt 56-199] Attempt to get parsing info during refresh. "On-the-fly" syntax checking information may be incorrect. [C:\Progh\Code\Project_RetroGame\Oplevering\EindProject_FPGA.srcs\sources_1\imports\Week 5 + 6 - Bounching Square - Ball\DVI.vhd:]
WARNING: [filemgmt 56-199] Attempt to get parsing info during refresh. "On-the-fly" syntax checking information may be incorrect. [C:\Progh\Code\Project_RetroGame\Oplevering\EindProject_FPGA.srcs\sources_1\new\XY_GEN.vhd:]
WARNING: [filemgmt 56-199] Attempt to get parsing info during refresh. "On-the-fly" syntax checking information may be incorrect. [C:\Progh\Code\Project_RetroGame\Oplevering\EindProject_FPGA.srcs\sources_1\new\DisplayMenus.vhd:]
WARNING: [filemgmt 56-199] Attempt to get parsing info during refresh. "On-the-fly" syntax checking information may be incorrect. [C:\Progh\Code\Project_RetroGame\Oplevering\EindProject_FPGA.srcs\sources_1\new\DisplayMenus.vhd:]
WARNING: [filemgmt 56-199] Attempt to get parsing info during refresh. "On-the-fly" syntax checking information may be incorrect. [C:\Progh\Code\Project_RetroGame\Oplevering\EindProject_FPGA.srcs\sources_1\new\DisplayMenus.vhd:]
WARNING: [filemgmt 56-199] Attempt to get parsing info during refresh. "On-the-fly" syntax checking information may be incorrect. [C:\Progh\Code\Project_RetroGame\Oplevering\EindProject_FPGA.srcs\sources_1\imports\Week 5 + 6 - Bounching Square - Ball\DVI.vhd:]
WARNING: [filemgmt 56-199] Attempt to get parsing info during refresh. "On-the-fly" syntax checking information may be incorrect. [C:\Progh\Code\Project_RetroGame\Oplevering\EindProject_FPGA.srcs\sources_1\new\XY_GEN.vhd:]
WARNING: [filemgmt 56-199] Attempt to get parsing info during refresh. "On-the-fly" syntax checking information may be incorrect. [C:\Progh\Code\Project_RetroGame\Oplevering\EindProject_FPGA.srcs\sources_1\imports\Week 5 + 6 - Bounching Square - Ball\DVI.vhd:]
WARNING: [filemgmt 56-199] Attempt to get parsing info during refresh. "On-the-fly" syntax checking information may be incorrect. [C:\Progh\Code\Project_RetroGame\Oplevering\EindProject_FPGA.srcs\sources_1\imports\Week 5 + 6 - Bounching Square - Ball\DVI.vhd:]
WARNING: [filemgmt 56-199] Attempt to get parsing info during refresh. "On-the-fly" syntax checking information may be incorrect. [C:\Progh\Code\Project_RetroGame\Oplevering\EindProject_FPGA.srcs\sources_1\new\DisplayMenus.vhd:]
WARNING: [filemgmt 56-199] Attempt to get parsing info during refresh. "On-the-fly" syntax checking information may be incorrect. [C:\Progh\Code\Project_RetroGame\Oplevering\EindProject_FPGA.srcs\sources_1\imports\Week 5 + 6 - Bounching Square - Ball\DVI.vhd:]
WARNING: [filemgmt 56-199] Attempt to get parsing info during refresh. "On-the-fly" syntax checking information may be incorrect. [C:\Progh\Code\Project_RetroGame\Oplevering\EindProject_FPGA.srcs\sources_1\new\XY_GEN.vhd:]
WARNING: [filemgmt 56-199] Attempt to get parsing info during refresh. "On-the-fly" syntax checking information may be incorrect. [C:\Progh\Code\Project_RetroGame\Oplevering\EindProject_FPGA.srcs\sources_1\new\DisplayMenus.vhd:]
WARNING: [filemgmt 56-199] Attempt to get parsing info during refresh. "On-the-fly" syntax checking information may be incorrect. [C:\Progh\Code\Project_RetroGame\Oplevering\EindProject_FPGA.srcs\sources_1\new\DisplayMenus.vhd:]
reset_run synth_1
launch_runs impl_1 -to_step write_bitstream -jobs 8
INFO: [Vivado 12-4149] The synthesis checkpoint for IP 'C:/Progh/Code/Project_RetroGame/Oplevering/EindProject_FPGA.srcs/sources_1/ip/blk_mem_gen_8/blk_mem_gen_8.xci' is already up-to-date
INFO: [Vivado 12-4149] The synthesis checkpoint for IP 'C:/Progh/Code/Project_RetroGame/Oplevering/EindProject_FPGA.srcs/sources_1/ip/blk_mem_gen_7/blk_mem_gen_7.xci' is already up-to-date
INFO: [Vivado 12-4149] The synthesis checkpoint for IP 'C:/Progh/Code/Project_RetroGame/Oplevering/EindProject_FPGA.srcs/sources_1/ip/blk_mem_gen_6/blk_mem_gen_6.xci' is already up-to-date
INFO: [Vivado 12-4149] The synthesis checkpoint for IP 'C:/Progh/Code/Project_RetroGame/Oplevering/EindProject_FPGA.srcs/sources_1/ip/blk_mem_gen_5/blk_mem_gen_5.xci' is already up-to-date
INFO: [IP_Flow 19-6924] IPCACHE: Running cache check for IP inst: blk_mem_gen_16
INFO: [IP_Flow 19-6924] IPCACHE: Running cache check for IP inst: blk_mem_gen_15
WARNING: [filemgmt 56-199] Attempt to get parsing info during refresh. "On-the-fly" syntax checking information may be incorrect. [C:\Progh\Code\Project_RetroGame\Oplevering\EindProject_FPGA.srcs\sources_1\new\DisplayMenus.vhd:]
WARNING: [filemgmt 56-199] Attempt to get parsing info during refresh. "On-the-fly" syntax checking information may be incorrect. [C:\Progh\Code\Project_RetroGame\Oplevering\EindProject_FPGA.srcs\sources_1\imports\Week 5 + 6 - Bounching Square - Ball\DVI.vhd:]
WARNING: [filemgmt 56-199] Attempt to get parsing info during refresh. "On-the-fly" syntax checking information may be incorrect. [C:\Progh\Code\Project_RetroGame\Oplevering\EindProject_FPGA.srcs\sources_1\new\XY_GEN.vhd:]
WARNING: [filemgmt 56-199] Attempt to get parsing info during refresh. "On-the-fly" syntax checking information may be incorrect. [C:\Progh\Code\Project_RetroGame\Oplevering\EindProject_FPGA.srcs\sources_1\new\DisplayMenus.vhd:]
WARNING: [filemgmt 56-199] Attempt to get parsing info during refresh. "On-the-fly" syntax checking information may be incorrect. [C:\Progh\Code\Project_RetroGame\Oplevering\EindProject_FPGA.srcs\sources_1\new\DisplayMenus.vhd:]
[Wed Apr  9 19:54:08 2025] Launched blk_mem_gen_15_synth_1, blk_mem_gen_16_synth_1, synth_1...
Run output will be captured here:
blk_mem_gen_15_synth_1: C:/Progh/Code/Project_RetroGame/Oplevering/EindProject_FPGA.runs/blk_mem_gen_15_synth_1/runme.log
blk_mem_gen_16_synth_1: C:/Progh/Code/Project_RetroGame/Oplevering/EindProject_FPGA.runs/blk_mem_gen_16_synth_1/runme.log
synth_1: C:/Progh/Code/Project_RetroGame/Oplevering/EindProject_FPGA.runs/synth_1/runme.log
[Wed Apr  9 19:54:08 2025] Launched impl_1...
Run output will be captured here: C:/Progh/Code/Project_RetroGame/Oplevering/EindProject_FPGA.runs/impl_1/runme.log
WARNING: [filemgmt 56-199] Attempt to get parsing info during refresh. "On-the-fly" syntax checking information may be incorrect. [C:\Progh\Code\Project_RetroGame\Oplevering\EindProject_FPGA.srcs\sources_1\new\DisplayMenus.vhd:]
WARNING: [filemgmt 56-199] Attempt to get parsing info during refresh. "On-the-fly" syntax checking information may be incorrect. [C:\Progh\Code\Project_RetroGame\Oplevering\EindProject_FPGA.srcs\sources_1\imports\Week 5 + 6 - Bounching Square - Ball\DVI.vhd:]
WARNING: [filemgmt 56-199] Attempt to get parsing info during refresh. "On-the-fly" syntax checking information may be incorrect. [C:\Progh\Code\Project_RetroGame\Oplevering\EindProject_FPGA.srcs\sources_1\new\XY_GEN.vhd:]
WARNING: [filemgmt 56-199] Attempt to get parsing info during refresh. "On-the-fly" syntax checking information may be incorrect. [C:\Progh\Code\Project_RetroGame\Oplevering\EindProject_FPGA.srcs\sources_1\imports\Week 5 + 6 - Bounching Square - Ball\DVI.vhd:]
WARNING: [filemgmt 56-199] Attempt to get parsing info during refresh. "On-the-fly" syntax checking information may be incorrect. [C:\Progh\Code\Project_RetroGame\Oplevering\EindProject_FPGA.srcs\sources_1\imports\Week 5 + 6 - Bounching Square - Ball\DVI.vhd:]
WARNING: [filemgmt 56-199] Attempt to get parsing info during refresh. "On-the-fly" syntax checking information may be incorrect. [C:\Progh\Code\Project_RetroGame\Oplevering\EindProject_FPGA.srcs\sources_1\new\DisplayMenus.vhd:]
WARNING: [filemgmt 56-199] Attempt to get parsing info during refresh. "On-the-fly" syntax checking information may be incorrect. [C:\Progh\Code\Project_RetroGame\Oplevering\EindProject_FPGA.srcs\sources_1\imports\Week 5 + 6 - Bounching Square - Ball\DVI.vhd:]
WARNING: [filemgmt 56-199] Attempt to get parsing info during refresh. "On-the-fly" syntax checking information may be incorrect. [C:\Progh\Code\Project_RetroGame\Oplevering\EindProject_FPGA.srcs\sources_1\new\XY_GEN.vhd:]
WARNING: [filemgmt 56-199] Attempt to get parsing info during refresh. "On-the-fly" syntax checking information may be incorrect. [C:\Progh\Code\Project_RetroGame\Oplevering\EindProject_FPGA.srcs\sources_1\new\DisplayMenus.vhd:]
WARNING: [filemgmt 56-199] Attempt to get parsing info during refresh. "On-the-fly" syntax checking information may be incorrect. [C:\Progh\Code\Project_RetroGame\Oplevering\EindProject_FPGA.srcs\sources_1\new\DisplayMenus.vhd:]
WARNING: [filemgmt 56-199] Attempt to get parsing info during refresh. "On-the-fly" syntax checking information may be incorrect. [C:\Progh\Code\Project_RetroGame\Oplevering\EindProject_FPGA.srcs\sources_1\new\DisplayMenus.vhd:]
WARNING: [filemgmt 56-199] Attempt to get parsing info during refresh. "On-the-fly" syntax checking information may be incorrect. [C:\Progh\Code\Project_RetroGame\Oplevering\EindProject_FPGA.srcs\sources_1\imports\Week 5 + 6 - Bounching Square - Ball\DVI.vhd:]
WARNING: [filemgmt 56-199] Attempt to get parsing info during refresh. "On-the-fly" syntax checking information may be incorrect. [C:\Progh\Code\Project_RetroGame\Oplevering\EindProject_FPGA.srcs\sources_1\new\XY_GEN.vhd:]
WARNING: [filemgmt 56-199] Attempt to get parsing info during refresh. "On-the-fly" syntax checking information may be incorrect. [C:\Progh\Code\Project_RetroGame\Oplevering\EindProject_FPGA.srcs\sources_1\new\DisplayMenus.vhd:]
WARNING: [filemgmt 56-199] Attempt to get parsing info during refresh. "On-the-fly" syntax checking information may be incorrect. [C:\Progh\Code\Project_RetroGame\Oplevering\EindProject_FPGA.srcs\sources_1\imports\Week 5 + 6 - Bounching Square - Ball\DVI.vhd:]
WARNING: [filemgmt 56-199] Attempt to get parsing info during refresh. "On-the-fly" syntax checking information may be incorrect. [C:\Progh\Code\Project_RetroGame\Oplevering\EindProject_FPGA.srcs\sources_1\new\XY_GEN.vhd:]
WARNING: [filemgmt 56-199] Attempt to get parsing info during refresh. "On-the-fly" syntax checking information may be incorrect. [C:\Progh\Code\Project_RetroGame\Oplevering\EindProject_FPGA.srcs\sources_1\new\DisplayMenus.vhd:]
WARNING: [filemgmt 56-199] Attempt to get parsing info during refresh. "On-the-fly" syntax checking information may be incorrect. [C:\Progh\Code\Project_RetroGame\Oplevering\EindProject_FPGA.srcs\sources_1\new\DisplayMenus.vhd:]
WARNING: [filemgmt 56-199] Attempt to get parsing info during refresh. "On-the-fly" syntax checking information may be incorrect. [C:\Progh\Code\Project_RetroGame\Oplevering\EindProject_FPGA.srcs\sources_1\new\DisplayMenus.vhd:]
WARNING: [filemgmt 56-199] Attempt to get parsing info during refresh. "On-the-fly" syntax checking information may be incorrect. [C:\Progh\Code\Project_RetroGame\Oplevering\EindProject_FPGA.srcs\sources_1\imports\Week 5 + 6 - Bounching Square - Ball\DVI.vhd:]
WARNING: [filemgmt 56-199] Attempt to get parsing info during refresh. "On-the-fly" syntax checking information may be incorrect. [C:\Progh\Code\Project_RetroGame\Oplevering\EindProject_FPGA.srcs\sources_1\new\XY_GEN.vhd:]
WARNING: [filemgmt 56-199] Attempt to get parsing info during refresh. "On-the-fly" syntax checking information may be incorrect. [C:\Progh\Code\Project_RetroGame\Oplevering\EindProject_FPGA.srcs\sources_1\new\XY_GEN.vhd:]
WARNING: [filemgmt 56-199] Attempt to get parsing info during refresh. "On-the-fly" syntax checking information may be incorrect. [C:\Progh\Code\Project_RetroGame\Oplevering\EindProject_FPGA.srcs\sources_1\new\XY_GEN.vhd:]
open_run impl_1
INFO: [Device 21-403] Loading part xc7a35tcpg236-1
INFO: [Device 21-9227] Part: xc7a35tcpg236-1 does not have CEAM library.
Netlist sorting complete. Time (s): cpu = 00:00:00 ; elapsed = 00:00:00.040 . Memory (MB): peak = 2071.691 ; gain = 0.000
INFO: [Netlist 29-17] Analyzing 220 Unisim elements for replacement
INFO: [Netlist 29-28] Unisim Transformation completed in 0 CPU seconds
INFO: [Project 1-479] Netlist was created with Vivado 2024.1
INFO: [Project 1-570] Preparing netlist for logic optimization
Read ShapeDB Complete: Time (s): cpu = 00:00:00 ; elapsed = 00:00:00.007 . Memory (MB): peak = 2166.352 ; gain = 0.637
INFO: [Timing 38-478] Restoring timing data from binary archive.
INFO: [Timing 38-479] Binary timing data restore complete.
INFO: [Project 1-856] Restoring constraints from binary archive.
INFO: [Project 1-853] Binary constraint restore complete.
INFO: [Designutils 20-5722] Start Reading Physical Databases.
Reading placement.
Read Netlist Cache: Time (s): cpu = 00:00:00 ; elapsed = 00:00:00.003 . Memory (MB): peak = 2764.621 ; gain = 0.000
Reading placer database...
Read Device Cache: Time (s): cpu = 00:00:00 ; elapsed = 00:00:00.007 . Memory (MB): peak = 2764.621 ; gain = 0.000
Read PlaceDB: Time (s): cpu = 00:00:00 ; elapsed = 00:00:00.113 . Memory (MB): peak = 2764.621 ; gain = 0.000
Read PulsedLatchDB: Time (s): cpu = 00:00:00 ; elapsed = 00:00:00 . Memory (MB): peak = 2764.621 ; gain = 0.000
Reading routing.
Read RouteStorage: Time (s): cpu = 00:00:00 ; elapsed = 00:00:00.050 . Memory (MB): peak = 2764.621 ; gain = 0.000
Read Physdb Files: Time (s): cpu = 00:00:00 ; elapsed = 00:00:00.183 . Memory (MB): peak = 2764.621 ; gain = 0.000
Restored from archive | CPU: 0.000000 secs | Memory: 0.000000 MB |
Finished XDEF File Restore: Time (s): cpu = 00:00:00 ; elapsed = 00:00:00.183 . Memory (MB): peak = 2764.621 ; gain = 0.000
Netlist sorting complete. Time (s): cpu = 00:00:00 ; elapsed = 00:00:00.001 . Memory (MB): peak = 2764.621 ; gain = 0.000
INFO: [Project 1-111] Unisim Transformation Summary:
No Unisim elements were transformed.

open_run: Time (s): cpu = 00:00:19 ; elapsed = 00:00:16 . Memory (MB): peak = 2874.121 ; gain = 1188.945
open_hw_manager
connect_hw_server -allow_non_jtag
INFO: [Labtools 27-2285] Connecting to hw_server url TCP:localhost:3121
INFO: [Labtools 27-3415] Connecting to cs_server url TCP:localhost:0
INFO: [Labtools 27-3417] Launching cs_server...
INFO: [Labtools 27-2221] Launch Output:


******** Xilinx cs_server v2024.1.0
  ****** Build date   : Mar 09 2024-01:00:37
    **** Build number : 2024.1.1709942437
      ** Copyright 2017-2022 Xilinx, Inc. All Rights Reserved.
      ** Copyright 2022-2025 Advanced Micro Devices, Inc. All Rights Reserved.



open_hw_target
INFO: [Labtoolstcl 44-466] Opening hw_target localhost:3121/xilinx_tcf/Digilent/210183A3873BA
set_property PROGRAM.FILE {C:/Progh/Code/Project_RetroGame/Oplevering/EindProject_FPGA.runs/impl_1/DVI_Top.bit} [get_hw_devices xc7a35t_0]
current_hw_device [get_hw_devices xc7a35t_0]
refresh_hw_device -update_hw_probes false [lindex [get_hw_devices xc7a35t_0] 0]
INFO: [Labtools 27-1434] Device xc7a35t (JTAG device index = 0) is programmed with a design that has no supported debug core(s) in it.
set_property PROBES.FILE {} [get_hw_devices xc7a35t_0]
set_property FULL_PROBES.FILE {} [get_hw_devices xc7a35t_0]
set_property PROGRAM.FILE {C:/Progh/Code/Project_RetroGame/Oplevering/EindProject_FPGA.runs/impl_1/DVI_Top.bit} [get_hw_devices xc7a35t_0]
program_hw_devices [get_hw_devices xc7a35t_0]
INFO: [Labtools 27-3164] End of startup status: HIGH
refresh_hw_device [lindex [get_hw_devices xc7a35t_0] 0]
INFO: [Labtools 27-1434] Device xc7a35t (JTAG device index = 0) is programmed with a design that has no supported debug core(s) in it.
WARNING: [filemgmt 56-199] Attempt to get parsing info during refresh. "On-the-fly" syntax checking information may be incorrect. [C:\Progh\Code\Project_RetroGame\Oplevering\EindProject_FPGA.srcs\sources_1\new\DisplayMenus.vhd:]
WARNING: [filemgmt 56-199] Attempt to get parsing info during refresh. "On-the-fly" syntax checking information may be incorrect. [C:\Progh\Code\Project_RetroGame\Oplevering\EindProject_FPGA.srcs\sources_1\new\XY_GEN.vhd:]
WARNING: [filemgmt 56-199] Attempt to get parsing info during refresh. "On-the-fly" syntax checking information may be incorrect. [C:\Progh\Code\Project_RetroGame\Oplevering\EindProject_FPGA.srcs\sources_1\new\XY_GEN.vhd:]
WARNING: [filemgmt 56-199] Attempt to get parsing info during refresh. "On-the-fly" syntax checking information may be incorrect. [C:\Progh\Code\Project_RetroGame\Oplevering\EindProject_FPGA.srcs\sources_1\new\XY_GEN.vhd:]
ERROR: [Common 17-180] Spawn failed: No error
WARNING: [filemgmt 56-199] Attempt to get parsing info during refresh. "On-the-fly" syntax checking information may be incorrect. [C:\Progh\Code\Project_RetroGame\Oplevering\EindProject_FPGA.srcs\sources_1\new\DisplayMenus.vhd:]
WARNING: [filemgmt 56-199] Attempt to get parsing info during refresh. "On-the-fly" syntax checking information may be incorrect. [C:\Progh\Code\Project_RetroGame\Oplevering\EindProject_FPGA.srcs\sources_1\new\XY_GEN.vhd:]
WARNING: [filemgmt 56-199] Attempt to get parsing info during refresh. "On-the-fly" syntax checking information may be incorrect. [C:\Progh\Code\Project_RetroGame\Oplevering\EindProject_FPGA.srcs\sources_1\new\XY_GEN.vhd:]
WARNING: [filemgmt 56-199] Attempt to get parsing info during refresh. "On-the-fly" syntax checking information may be incorrect. [C:\Progh\Code\Project_RetroGame\Oplevering\EindProject_FPGA.srcs\sources_1\new\XY_GEN.vhd:]
ERROR: [Common 17-180] Spawn failed: No error
reset_run synth_1
INFO: [Project 1-1161] Replacing file C:/Progh/Code/Project_RetroGame/Oplevering/EindProject_FPGA.srcs/utils_1/imports/synth_1/DVI.dcp with file C:/Progh/Code/Project_RetroGame/Oplevering/EindProject_FPGA.runs/synth_1/DVI_Top.dcp
launch_runs impl_1 -to_step write_bitstream -jobs 8
INFO: [Vivado 12-4149] The synthesis checkpoint for IP 'C:/Progh/Code/Project_RetroGame/Oplevering/EindProject_FPGA.srcs/sources_1/ip/blk_mem_gen_8/blk_mem_gen_8.xci' is already up-to-date
INFO: [Vivado 12-4149] The synthesis checkpoint for IP 'C:/Progh/Code/Project_RetroGame/Oplevering/EindProject_FPGA.srcs/sources_1/ip/blk_mem_gen_7/blk_mem_gen_7.xci' is already up-to-date
INFO: [Vivado 12-4149] The synthesis checkpoint for IP 'C:/Progh/Code/Project_RetroGame/Oplevering/EindProject_FPGA.srcs/sources_1/ip/blk_mem_gen_6/blk_mem_gen_6.xci' is already up-to-date
INFO: [Vivado 12-4149] The synthesis checkpoint for IP 'C:/Progh/Code/Project_RetroGame/Oplevering/EindProject_FPGA.srcs/sources_1/ip/blk_mem_gen_5/blk_mem_gen_5.xci' is already up-to-date
[Wed Apr  9 20:00:50 2025] Launched synth_1...
Run output will be captured here: C:/Progh/Code/Project_RetroGame/Oplevering/EindProject_FPGA.runs/synth_1/runme.log
[Wed Apr  9 20:00:50 2025] Launched impl_1...
Run output will be captured here: C:/Progh/Code/Project_RetroGame/Oplevering/EindProject_FPGA.runs/impl_1/runme.log
WARNING: [filemgmt 56-199] Attempt to get parsing info during refresh. "On-the-fly" syntax checking information may be incorrect. [C:\Progh\Code\Project_RetroGame\Oplevering\EindProject_FPGA.srcs\sources_1\new\DisplayMenus.vhd:]
WARNING: [filemgmt 56-199] Attempt to get parsing info during refresh. "On-the-fly" syntax checking information may be incorrect. [C:\Progh\Code\Project_RetroGame\Oplevering\EindProject_FPGA.srcs\sources_1\new\XY_GEN.vhd:]
WARNING: [filemgmt 56-199] Attempt to get parsing info during refresh. "On-the-fly" syntax checking information may be incorrect. [C:\Progh\Code\Project_RetroGame\Oplevering\EindProject_FPGA.srcs\sources_1\new\XY_GEN.vhd:]
WARNING: [filemgmt 56-199] Attempt to get parsing info during refresh. "On-the-fly" syntax checking information may be incorrect. [C:\Progh\Code\Project_RetroGame\Oplevering\EindProject_FPGA.srcs\sources_1\new\XY_GEN.vhd:]
ERROR: [Common 17-180] Spawn failed: No error
set_property PROBES.FILE {} [get_hw_devices xc7a35t_0]
set_property FULL_PROBES.FILE {} [get_hw_devices xc7a35t_0]
set_property PROGRAM.FILE {C:/Progh/Code/Project_RetroGame/Oplevering/EindProject_FPGA.runs/impl_1/DVI_Top.bit} [get_hw_devices xc7a35t_0]
program_hw_devices [get_hw_devices xc7a35t_0]
INFO: [Labtools 27-3164] End of startup status: HIGH
refresh_hw_device [lindex [get_hw_devices xc7a35t_0] 0]
INFO: [Labtools 27-1434] Device xc7a35t (JTAG device index = 0) is programmed with a design that has no supported debug core(s) in it.
WARNING: [filemgmt 56-199] Attempt to get parsing info during refresh. "On-the-fly" syntax checking information may be incorrect. [C:\Progh\Code\Project_RetroGame\Oplevering\EindProject_FPGA.srcs\sources_1\new\DisplayMenus.vhd:]
WARNING: [filemgmt 56-199] Attempt to get parsing info during refresh. "On-the-fly" syntax checking information may be incorrect. [C:\Progh\Code\Project_RetroGame\Oplevering\EindProject_FPGA.srcs\sources_1\new\XY_GEN.vhd:]
WARNING: [filemgmt 56-199] Attempt to get parsing info during refresh. "On-the-fly" syntax checking information may be incorrect. [C:\Progh\Code\Project_RetroGame\Oplevering\EindProject_FPGA.srcs\sources_1\new\XY_GEN.vhd:]
WARNING: [filemgmt 56-199] Attempt to get parsing info during refresh. "On-the-fly" syntax checking information may be incorrect. [C:\Progh\Code\Project_RetroGame\Oplevering\EindProject_FPGA.srcs\sources_1\new\XY_GEN.vhd:]
reset_run synth_1
INFO: [Project 1-1161] Replacing file C:/Progh/Code/Project_RetroGame/Oplevering/EindProject_FPGA.srcs/utils_1/imports/synth_1/DVI.dcp with file C:/Progh/Code/Project_RetroGame/Oplevering/EindProject_FPGA.runs/synth_1/DVI_Top.dcp
launch_runs impl_1 -to_step write_bitstream -jobs 8
ERROR: [Common 17-180] Spawn failed: No error
INFO: [Vivado 12-4149] The synthesis checkpoint for IP 'C:/Progh/Code/Project_RetroGame/Oplevering/EindProject_FPGA.srcs/sources_1/ip/blk_mem_gen_8/blk_mem_gen_8.xci' is already up-to-date
INFO: [Vivado 12-4149] The synthesis checkpoint for IP 'C:/Progh/Code/Project_RetroGame/Oplevering/EindProject_FPGA.srcs/sources_1/ip/blk_mem_gen_7/blk_mem_gen_7.xci' is already up-to-date
INFO: [Vivado 12-4149] The synthesis checkpoint for IP 'C:/Progh/Code/Project_RetroGame/Oplevering/EindProject_FPGA.srcs/sources_1/ip/blk_mem_gen_6/blk_mem_gen_6.xci' is already up-to-date
INFO: [Vivado 12-4149] The synthesis checkpoint for IP 'C:/Progh/Code/Project_RetroGame/Oplevering/EindProject_FPGA.srcs/sources_1/ip/blk_mem_gen_5/blk_mem_gen_5.xci' is already up-to-date
ERROR: [Vivado 12-4756] Launch of runs aborted due to earlier errors while preparing sub-designs for run execution.
WARNING: [filemgmt 56-199] Attempt to get parsing info during refresh. "On-the-fly" syntax checking information may be incorrect. [C:\Progh\Code\Project_RetroGame\Oplevering\EindProject_FPGA.srcs\sources_1\new\DisplayMenus.vhd:]
WARNING: [filemgmt 56-199] Attempt to get parsing info during refresh. "On-the-fly" syntax checking information may be incorrect. [C:\Progh\Code\Project_RetroGame\Oplevering\EindProject_FPGA.srcs\sources_1\new\XY_GEN.vhd:]
WARNING: [filemgmt 56-199] Attempt to get parsing info during refresh. "On-the-fly" syntax checking information may be incorrect. [C:\Progh\Code\Project_RetroGame\Oplevering\EindProject_FPGA.srcs\sources_1\new\XY_GEN.vhd:]
WARNING: [filemgmt 56-199] Attempt to get parsing info during refresh. "On-the-fly" syntax checking information may be incorrect. [C:\Progh\Code\Project_RetroGame\Oplevering\EindProject_FPGA.srcs\sources_1\new\XY_GEN.vhd:]
ERROR: [Common 17-180] Spawn failed: No error
WARNING: [filemgmt 56-199] Attempt to get parsing info during refresh. "On-the-fly" syntax checking information may be incorrect. [C:\Progh\Code\Project_RetroGame\Oplevering\EindProject_FPGA.srcs\sources_1\new\DisplayMenus.vhd:]
WARNING: [filemgmt 56-199] Attempt to get parsing info during refresh. "On-the-fly" syntax checking information may be incorrect. [C:\Progh\Code\Project_RetroGame\Oplevering\EindProject_FPGA.srcs\sources_1\new\XY_GEN.vhd:]
WARNING: [filemgmt 56-199] Attempt to get parsing info during refresh. "On-the-fly" syntax checking information may be incorrect. [C:\Progh\Code\Project_RetroGame\Oplevering\EindProject_FPGA.srcs\sources_1\new\XY_GEN.vhd:]
WARNING: [filemgmt 56-199] Attempt to get parsing info during refresh. "On-the-fly" syntax checking information may be incorrect. [C:\Progh\Code\Project_RetroGame\Oplevering\EindProject_FPGA.srcs\sources_1\new\XY_GEN.vhd:]
ERROR: [Common 17-180] Spawn failed: No error
WARNING: [filemgmt 56-199] Attempt to get parsing info during refresh. "On-the-fly" syntax checking information may be incorrect. [C:\Progh\Code\Project_RetroGame\Oplevering\EindProject_FPGA.srcs\sources_1\new\DisplayMenus.vhd:]
WARNING: [filemgmt 56-199] Attempt to get parsing info during refresh. "On-the-fly" syntax checking information may be incorrect. [C:\Progh\Code\Project_RetroGame\Oplevering\EindProject_FPGA.srcs\sources_1\new\XY_GEN.vhd:]
WARNING: [filemgmt 56-199] Attempt to get parsing info during refresh. "On-the-fly" syntax checking information may be incorrect. [C:\Progh\Code\Project_RetroGame\Oplevering\EindProject_FPGA.srcs\sources_1\new\XY_GEN.vhd:]
WARNING: [filemgmt 56-199] Attempt to get parsing info during refresh. "On-the-fly" syntax checking information may be incorrect. [C:\Progh\Code\Project_RetroGame\Oplevering\EindProject_FPGA.srcs\sources_1\new\XY_GEN.vhd:]
launch_runs impl_1 -to_step write_bitstream -jobs 8
ERROR: [Common 17-180] Spawn failed: No error
INFO: [Vivado 12-4149] The synthesis checkpoint for IP 'C:/Progh/Code/Project_RetroGame/Oplevering/EindProject_FPGA.srcs/sources_1/ip/blk_mem_gen_8/blk_mem_gen_8.xci' is already up-to-date
INFO: [Vivado 12-4149] The synthesis checkpoint for IP 'C:/Progh/Code/Project_RetroGame/Oplevering/EindProject_FPGA.srcs/sources_1/ip/blk_mem_gen_7/blk_mem_gen_7.xci' is already up-to-date
INFO: [Vivado 12-4149] The synthesis checkpoint for IP 'C:/Progh/Code/Project_RetroGame/Oplevering/EindProject_FPGA.srcs/sources_1/ip/blk_mem_gen_6/blk_mem_gen_6.xci' is already up-to-date
INFO: [Vivado 12-4149] The synthesis checkpoint for IP 'C:/Progh/Code/Project_RetroGame/Oplevering/EindProject_FPGA.srcs/sources_1/ip/blk_mem_gen_5/blk_mem_gen_5.xci' is already up-to-date
ERROR: [Vivado 12-4756] Launch of runs aborted due to earlier errors while preparing sub-designs for run execution.
launch_runs impl_1 -to_step write_bitstream -jobs 8
INFO: [Vivado 12-4149] The synthesis checkpoint for IP 'C:/Progh/Code/Project_RetroGame/Oplevering/EindProject_FPGA.srcs/sources_1/ip/blk_mem_gen_8/blk_mem_gen_8.xci' is already up-to-date
INFO: [Vivado 12-4149] The synthesis checkpoint for IP 'C:/Progh/Code/Project_RetroGame/Oplevering/EindProject_FPGA.srcs/sources_1/ip/blk_mem_gen_7/blk_mem_gen_7.xci' is already up-to-date
INFO: [Vivado 12-4149] The synthesis checkpoint for IP 'C:/Progh/Code/Project_RetroGame/Oplevering/EindProject_FPGA.srcs/sources_1/ip/blk_mem_gen_6/blk_mem_gen_6.xci' is already up-to-date
INFO: [Vivado 12-4149] The synthesis checkpoint for IP 'C:/Progh/Code/Project_RetroGame/Oplevering/EindProject_FPGA.srcs/sources_1/ip/blk_mem_gen_5/blk_mem_gen_5.xci' is already up-to-date
[Wed Apr  9 20:04:14 2025] Launched synth_1...
Run output will be captured here: C:/Progh/Code/Project_RetroGame/Oplevering/EindProject_FPGA.runs/synth_1/runme.log
[Wed Apr  9 20:04:14 2025] Launched impl_1...
Run output will be captured here: C:/Progh/Code/Project_RetroGame/Oplevering/EindProject_FPGA.runs/impl_1/runme.log
reset_run synth_1
WARNING: [Vivado 12-1017] Problems encountered:
1. PID not specified

launch_runs impl_1 -to_step write_bitstream -jobs 8
INFO: [Vivado 12-4149] The synthesis checkpoint for IP 'C:/Progh/Code/Project_RetroGame/Oplevering/EindProject_FPGA.srcs/sources_1/ip/blk_mem_gen_8/blk_mem_gen_8.xci' is already up-to-date
INFO: [Vivado 12-4149] The synthesis checkpoint for IP 'C:/Progh/Code/Project_RetroGame/Oplevering/EindProject_FPGA.srcs/sources_1/ip/blk_mem_gen_7/blk_mem_gen_7.xci' is already up-to-date
INFO: [Vivado 12-4149] The synthesis checkpoint for IP 'C:/Progh/Code/Project_RetroGame/Oplevering/EindProject_FPGA.srcs/sources_1/ip/blk_mem_gen_6/blk_mem_gen_6.xci' is already up-to-date
INFO: [Vivado 12-4149] The synthesis checkpoint for IP 'C:/Progh/Code/Project_RetroGame/Oplevering/EindProject_FPGA.srcs/sources_1/ip/blk_mem_gen_5/blk_mem_gen_5.xci' is already up-to-date
[Wed Apr  9 20:04:18 2025] Launched synth_1...
Run output will be captured here: C:/Progh/Code/Project_RetroGame/Oplevering/EindProject_FPGA.runs/synth_1/runme.log
[Wed Apr  9 20:04:18 2025] Launched impl_1...
Run output will be captured here: C:/Progh/Code/Project_RetroGame/Oplevering/EindProject_FPGA.runs/impl_1/runme.log
WARNING: [filemgmt 56-199] Attempt to get parsing info during refresh. "On-the-fly" syntax checking information may be incorrect. [C:\Progh\Code\Project_RetroGame\Oplevering\EindProject_FPGA.srcs\sources_1\new\DisplayMenus.vhd:]
WARNING: [filemgmt 56-199] Attempt to get parsing info during refresh. "On-the-fly" syntax checking information may be incorrect. [C:\Progh\Code\Project_RetroGame\Oplevering\EindProject_FPGA.srcs\sources_1\new\XY_GEN.vhd:]
WARNING: [filemgmt 56-199] Attempt to get parsing info during refresh. "On-the-fly" syntax checking information may be incorrect. [C:\Progh\Code\Project_RetroGame\Oplevering\EindProject_FPGA.srcs\sources_1\new\XY_GEN.vhd:]
WARNING: [filemgmt 56-199] Attempt to get parsing info during refresh. "On-the-fly" syntax checking information may be incorrect. [C:\Progh\Code\Project_RetroGame\Oplevering\EindProject_FPGA.srcs\sources_1\new\XY_GEN.vhd:]
ERROR: [Common 17-180] Spawn failed: No error
reset_run synth_1
launch_runs impl_1 -to_step write_bitstream -jobs 8
INFO: [Vivado 12-4149] The synthesis checkpoint for IP 'C:/Progh/Code/Project_RetroGame/Oplevering/EindProject_FPGA.srcs/sources_1/ip/blk_mem_gen_8/blk_mem_gen_8.xci' is already up-to-date
INFO: [Vivado 12-4149] The synthesis checkpoint for IP 'C:/Progh/Code/Project_RetroGame/Oplevering/EindProject_FPGA.srcs/sources_1/ip/blk_mem_gen_7/blk_mem_gen_7.xci' is already up-to-date
INFO: [Vivado 12-4149] The synthesis checkpoint for IP 'C:/Progh/Code/Project_RetroGame/Oplevering/EindProject_FPGA.srcs/sources_1/ip/blk_mem_gen_6/blk_mem_gen_6.xci' is already up-to-date
INFO: [Vivado 12-4149] The synthesis checkpoint for IP 'C:/Progh/Code/Project_RetroGame/Oplevering/EindProject_FPGA.srcs/sources_1/ip/blk_mem_gen_5/blk_mem_gen_5.xci' is already up-to-date
[Wed Apr  9 20:04:44 2025] Launched synth_1...
Run output will be captured here: C:/Progh/Code/Project_RetroGame/Oplevering/EindProject_FPGA.runs/synth_1/runme.log
[Wed Apr  9 20:04:44 2025] Launched impl_1...
Run output will be captured here: C:/Progh/Code/Project_RetroGame/Oplevering/EindProject_FPGA.runs/impl_1/runme.log
set_property PROBES.FILE {} [get_hw_devices xc7a35t_0]
set_property FULL_PROBES.FILE {} [get_hw_devices xc7a35t_0]
set_property PROGRAM.FILE {C:/Progh/Code/Project_RetroGame/Oplevering/EindProject_FPGA.runs/impl_1/DVI_Top.bit} [get_hw_devices xc7a35t_0]
program_hw_devices [get_hw_devices xc7a35t_0]
INFO: [Labtools 27-3164] End of startup status: HIGH
refresh_hw_device [lindex [get_hw_devices xc7a35t_0] 0]
INFO: [Labtools 27-1434] Device xc7a35t (JTAG device index = 0) is programmed with a design that has no supported debug core(s) in it.
ERROR: [Labtoolstcl 44-513] HW Target shutdown. Closing target: localhost:3121/xilinx_tcf/Digilent/210183A3873BA
WARNING: [IP_Flow 19-4067] Ignoring invalid widget type specified checkbox.Providing a default widget
WARNING: [IP_Flow 19-4067] Ignoring invalid widget type specified checkbox.Providing a default widget
WARNING: [IP_Flow 19-4067] Ignoring invalid widget type specified checkbox.Providing a default widget
WARNING: [IP_Flow 19-4067] Ignoring invalid widget type specified checkbox.Providing a default widget
WARNING: [IP_Flow 19-4067] Ignoring invalid widget type specified checkbox.Providing a default widget
WARNING: [IP_Flow 19-4067] Ignoring invalid widget type specified checkbox.Providing a default widget
WARNING: [IP_Flow 19-4067] Ignoring invalid widget type specified checkbox.Providing a default widget
WARNING: [IP_Flow 19-4067] Ignoring invalid widget type specified checkbox.Providing a default widget
WARNING: [filemgmt 56-199] Attempt to get parsing info during refresh. "On-the-fly" syntax checking information may be incorrect. [C:\Progh\Code\Project_RetroGame\Oplevering\EindProject_FPGA.srcs\sources_1\new\DisplayMenus.vhd:]
WARNING: [filemgmt 56-199] Attempt to get parsing info during refresh. "On-the-fly" syntax checking information may be incorrect. [C:\Progh\Code\Project_RetroGame\Oplevering\EindProject_FPGA.srcs\sources_1\new\XY_GEN.vhd:]
WARNING: [filemgmt 56-199] Attempt to get parsing info during refresh. "On-the-fly" syntax checking information may be incorrect. [C:\Progh\Code\Project_RetroGame\Oplevering\EindProject_FPGA.srcs\sources_1\new\XY_GEN.vhd:]
WARNING: [filemgmt 56-199] Attempt to get parsing info during refresh. "On-the-fly" syntax checking information may be incorrect. [C:\Progh\Code\Project_RetroGame\Oplevering\EindProject_FPGA.srcs\sources_1\new\XY_GEN.vhd:]
ERROR: [Common 17-180] Spawn failed: No error
reset_run impl_1 -prev_step 
launch_runs impl_1 -to_step write_bitstream -jobs 8
INFO: [Vivado 12-4149] The synthesis checkpoint for IP 'C:/Progh/Code/Project_RetroGame/Oplevering/EindProject_FPGA.srcs/sources_1/ip/blk_mem_gen_8/blk_mem_gen_8.xci' is already up-to-date
INFO: [Vivado 12-4149] The synthesis checkpoint for IP 'C:/Progh/Code/Project_RetroGame/Oplevering/EindProject_FPGA.srcs/sources_1/ip/blk_mem_gen_7/blk_mem_gen_7.xci' is already up-to-date
INFO: [Vivado 12-4149] The synthesis checkpoint for IP 'C:/Progh/Code/Project_RetroGame/Oplevering/EindProject_FPGA.srcs/sources_1/ip/blk_mem_gen_6/blk_mem_gen_6.xci' is already up-to-date
INFO: [Vivado 12-4149] The synthesis checkpoint for IP 'C:/Progh/Code/Project_RetroGame/Oplevering/EindProject_FPGA.srcs/sources_1/ip/blk_mem_gen_5/blk_mem_gen_5.xci' is already up-to-date
[Wed Apr  9 20:09:43 2025] Launched impl_1...
Run output will be captured here: C:/Progh/Code/Project_RetroGame/Oplevering/EindProject_FPGA.runs/impl_1/runme.log
reset_run impl_1 -prev_step 
WARNING: [Vivado 12-1017] Problems encountered:
1. Couldn't access process for termination

reset_run synth_1
INFO: [Project 1-1161] Replacing file C:/Progh/Code/Project_RetroGame/Oplevering/EindProject_FPGA.srcs/utils_1/imports/synth_1/DVI.dcp with file C:/Progh/Code/Project_RetroGame/Oplevering/EindProject_FPGA.runs/synth_1/DVI_Top.dcp
WARNING: [Vivado 12-1017] Problems encountered:
1. Couldn't access process for termination
2. Failed to delete one or more files in run directory C:/Progh/Code/Project_RetroGame/Oplevering/EindProject_FPGA.runs/synth_1

launch_runs synth_1 -jobs 8
INFO: [Vivado 12-4149] The synthesis checkpoint for IP 'C:/Progh/Code/Project_RetroGame/Oplevering/EindProject_FPGA.srcs/sources_1/ip/blk_mem_gen_8/blk_mem_gen_8.xci' is already up-to-date
INFO: [Vivado 12-4149] The synthesis checkpoint for IP 'C:/Progh/Code/Project_RetroGame/Oplevering/EindProject_FPGA.srcs/sources_1/ip/blk_mem_gen_7/blk_mem_gen_7.xci' is already up-to-date
INFO: [Vivado 12-4149] The synthesis checkpoint for IP 'C:/Progh/Code/Project_RetroGame/Oplevering/EindProject_FPGA.srcs/sources_1/ip/blk_mem_gen_6/blk_mem_gen_6.xci' is already up-to-date
INFO: [Vivado 12-4149] The synthesis checkpoint for IP 'C:/Progh/Code/Project_RetroGame/Oplevering/EindProject_FPGA.srcs/sources_1/ip/blk_mem_gen_5/blk_mem_gen_5.xci' is already up-to-date
[Wed Apr  9 20:10:00 2025] Launched synth_1...
Run output will be captured here: C:/Progh/Code/Project_RetroGame/Oplevering/EindProject_FPGA.runs/synth_1/runme.log
WARNING: [filemgmt 56-199] Attempt to get parsing info during refresh. "On-the-fly" syntax checking information may be incorrect. [C:\Progh\Code\Project_RetroGame\Oplevering\EindProject_FPGA.srcs\sources_1\new\DisplayMenus.vhd:]
WARNING: [filemgmt 56-199] Attempt to get parsing info during refresh. "On-the-fly" syntax checking information may be incorrect. [C:\Progh\Code\Project_RetroGame\Oplevering\EindProject_FPGA.srcs\sources_1\new\XY_GEN.vhd:]
WARNING: [filemgmt 56-199] Attempt to get parsing info during refresh. "On-the-fly" syntax checking information may be incorrect. [C:\Progh\Code\Project_RetroGame\Oplevering\EindProject_FPGA.srcs\sources_1\new\XY_GEN.vhd:]
WARNING: [filemgmt 56-199] Attempt to get parsing info during refresh. "On-the-fly" syntax checking information may be incorrect. [C:\Progh\Code\Project_RetroGame\Oplevering\EindProject_FPGA.srcs\sources_1\new\XY_GEN.vhd:]
ERROR: [Common 17-180] Spawn failed: No error
launch_runs impl_1 -jobs 8
INFO: [Vivado 12-4149] The synthesis checkpoint for IP 'C:/Progh/Code/Project_RetroGame/Oplevering/EindProject_FPGA.srcs/sources_1/ip/blk_mem_gen_8/blk_mem_gen_8.xci' is already up-to-date
INFO: [Vivado 12-4149] The synthesis checkpoint for IP 'C:/Progh/Code/Project_RetroGame/Oplevering/EindProject_FPGA.srcs/sources_1/ip/blk_mem_gen_7/blk_mem_gen_7.xci' is already up-to-date
INFO: [Vivado 12-4149] The synthesis checkpoint for IP 'C:/Progh/Code/Project_RetroGame/Oplevering/EindProject_FPGA.srcs/sources_1/ip/blk_mem_gen_6/blk_mem_gen_6.xci' is already up-to-date
INFO: [Vivado 12-4149] The synthesis checkpoint for IP 'C:/Progh/Code/Project_RetroGame/Oplevering/EindProject_FPGA.srcs/sources_1/ip/blk_mem_gen_5/blk_mem_gen_5.xci' is already up-to-date
[Wed Apr  9 20:11:09 2025] Launched impl_1...
Run output will be captured here: C:/Progh/Code/Project_RetroGame/Oplevering/EindProject_FPGA.runs/impl_1/runme.log
launch_runs impl_1 -to_step write_bitstream -jobs 8
INFO: [Vivado 12-4149] The synthesis checkpoint for IP 'C:/Progh/Code/Project_RetroGame/Oplevering/EindProject_FPGA.srcs/sources_1/ip/blk_mem_gen_8/blk_mem_gen_8.xci' is already up-to-date
INFO: [Vivado 12-4149] The synthesis checkpoint for IP 'C:/Progh/Code/Project_RetroGame/Oplevering/EindProject_FPGA.srcs/sources_1/ip/blk_mem_gen_7/blk_mem_gen_7.xci' is already up-to-date
INFO: [Vivado 12-4149] The synthesis checkpoint for IP 'C:/Progh/Code/Project_RetroGame/Oplevering/EindProject_FPGA.srcs/sources_1/ip/blk_mem_gen_6/blk_mem_gen_6.xci' is already up-to-date
INFO: [Vivado 12-4149] The synthesis checkpoint for IP 'C:/Progh/Code/Project_RetroGame/Oplevering/EindProject_FPGA.srcs/sources_1/ip/blk_mem_gen_5/blk_mem_gen_5.xci' is already up-to-date
[Wed Apr  9 20:12:18 2025] Launched impl_1...
Run output will be captured here: C:/Progh/Code/Project_RetroGame/Oplevering/EindProject_FPGA.runs/impl_1/runme.log
disconnect_hw_server localhost:3121
connect_hw_server -allow_non_jtag
INFO: [Labtools 27-2285] Connecting to hw_server url TCP:localhost:3121
INFO: [Labtools 27-3415] Connecting to cs_server url TCP:localhost:0
INFO: [Labtools 27-3417] Launching cs_server...
INFO: [Labtools 27-2221] Launch Output:


******** Xilinx cs_server v2024.1.0
  ****** Build date   : Mar 09 2024-01:00:37
    **** Build number : 2024.1.1709942437
      ** Copyright 2017-2022 Xilinx, Inc. All Rights Reserved.
      ** Copyright 2022-2025 Advanced Micro Devices, Inc. All Rights Reserved.



open_hw_target
INFO: [Labtoolstcl 44-466] Opening hw_target localhost:3121/xilinx_tcf/Digilent/210183A3873BA
set_property PROGRAM.FILE {C:/Progh/Code/Project_RetroGame/Oplevering/EindProject_FPGA.runs/impl_1/DVI_Top.bit} [get_hw_devices xc7a35t_0]
current_hw_device [get_hw_devices xc7a35t_0]
refresh_hw_device -update_hw_probes false [lindex [get_hw_devices xc7a35t_0] 0]
INFO: [Labtools 27-1434] Device xc7a35t (JTAG device index = 0) is programmed with a design that has no supported debug core(s) in it.
set_property PROBES.FILE {} [get_hw_devices xc7a35t_0]
set_property FULL_PROBES.FILE {} [get_hw_devices xc7a35t_0]
set_property PROGRAM.FILE {C:/Progh/Code/Project_RetroGame/Oplevering/EindProject_FPGA.runs/impl_1/DVI_Top.bit} [get_hw_devices xc7a35t_0]
program_hw_devices [get_hw_devices xc7a35t_0]
INFO: [Labtools 27-3164] End of startup status: HIGH
refresh_hw_device [lindex [get_hw_devices xc7a35t_0] 0]
INFO: [Labtools 27-1434] Device xc7a35t (JTAG device index = 0) is programmed with a design that has no supported debug core(s) in it.
WARNING: [filemgmt 56-199] Attempt to get parsing info during refresh. "On-the-fly" syntax checking information may be incorrect. [C:\Progh\Code\Project_RetroGame\Oplevering\EindProject_FPGA.srcs\sources_1\new\DisplayMenus.vhd:]
WARNING: [filemgmt 56-199] Attempt to get parsing info during refresh. "On-the-fly" syntax checking information may be incorrect. [C:\Progh\Code\Project_RetroGame\Oplevering\EindProject_FPGA.srcs\sources_1\new\XY_GEN.vhd:]
WARNING: [filemgmt 56-199] Attempt to get parsing info during refresh. "On-the-fly" syntax checking information may be incorrect. [C:\Progh\Code\Project_RetroGame\Oplevering\EindProject_FPGA.srcs\sources_1\new\XY_GEN.vhd:]
WARNING: [filemgmt 56-199] Attempt to get parsing info during refresh. "On-the-fly" syntax checking information may be incorrect. [C:\Progh\Code\Project_RetroGame\Oplevering\EindProject_FPGA.srcs\sources_1\new\XY_GEN.vhd:]
reset_run impl_1 -prev_step 
launch_runs impl_1 -to_step write_bitstream -jobs 8
INFO: [Vivado 12-4149] The synthesis checkpoint for IP 'C:/Progh/Code/Project_RetroGame/Oplevering/EindProject_FPGA.srcs/sources_1/ip/blk_mem_gen_8/blk_mem_gen_8.xci' is already up-to-date
INFO: [Vivado 12-4149] The synthesis checkpoint for IP 'C:/Progh/Code/Project_RetroGame/Oplevering/EindProject_FPGA.srcs/sources_1/ip/blk_mem_gen_7/blk_mem_gen_7.xci' is already up-to-date
INFO: [Vivado 12-4149] The synthesis checkpoint for IP 'C:/Progh/Code/Project_RetroGame/Oplevering/EindProject_FPGA.srcs/sources_1/ip/blk_mem_gen_6/blk_mem_gen_6.xci' is already up-to-date
INFO: [Vivado 12-4149] The synthesis checkpoint for IP 'C:/Progh/Code/Project_RetroGame/Oplevering/EindProject_FPGA.srcs/sources_1/ip/blk_mem_gen_5/blk_mem_gen_5.xci' is already up-to-date
ERROR: [Common 17-180] Spawn failed: No error
[Wed Apr  9 20:14:03 2025] Launched impl_1...
Run output will be captured here: C:/Progh/Code/Project_RetroGame/Oplevering/EindProject_FPGA.runs/impl_1/runme.log
ERROR: [Common 17-39] 'launch_runs' failed due to earlier errors.
reset_run impl_1 -prev_step 
WARNING: [filemgmt 56-199] Attempt to get parsing info during refresh. "On-the-fly" syntax checking information may be incorrect. [C:\Progh\Code\Project_RetroGame\Oplevering\EindProject_FPGA.srcs\sources_1\new\DisplayMenus.vhd:]
WARNING: [filemgmt 56-199] Attempt to get parsing info during refresh. "On-the-fly" syntax checking information may be incorrect. [C:\Progh\Code\Project_RetroGame\Oplevering\EindProject_FPGA.srcs\sources_1\new\XY_GEN.vhd:]
WARNING: [filemgmt 56-199] Attempt to get parsing info during refresh. "On-the-fly" syntax checking information may be incorrect. [C:\Progh\Code\Project_RetroGame\Oplevering\EindProject_FPGA.srcs\sources_1\new\XY_GEN.vhd:]
WARNING: [filemgmt 56-199] Attempt to get parsing info during refresh. "On-the-fly" syntax checking information may be incorrect. [C:\Progh\Code\Project_RetroGame\Oplevering\EindProject_FPGA.srcs\sources_1\new\XY_GEN.vhd:]
WARNING: [Vivado 12-1017] Problems encountered:
1. Couldn't access process for termination

ERROR: [Common 17-180] Spawn failed: No error
reset_run synth_1
INFO: [Project 1-1161] Replacing file C:/Progh/Code/Project_RetroGame/Oplevering/EindProject_FPGA.srcs/utils_1/imports/synth_1/DVI.dcp with file C:/Progh/Code/Project_RetroGame/Oplevering/EindProject_FPGA.runs/synth_1/DVI_Top.dcp
WARNING: [Vivado 12-1017] Problems encountered:
1. Couldn't access process for termination

launch_runs synth_1 -jobs 8
INFO: [Vivado 12-4149] The synthesis checkpoint for IP 'C:/Progh/Code/Project_RetroGame/Oplevering/EindProject_FPGA.srcs/sources_1/ip/blk_mem_gen_8/blk_mem_gen_8.xci' is already up-to-date
INFO: [Vivado 12-4149] The synthesis checkpoint for IP 'C:/Progh/Code/Project_RetroGame/Oplevering/EindProject_FPGA.srcs/sources_1/ip/blk_mem_gen_7/blk_mem_gen_7.xci' is already up-to-date
INFO: [Vivado 12-4149] The synthesis checkpoint for IP 'C:/Progh/Code/Project_RetroGame/Oplevering/EindProject_FPGA.srcs/sources_1/ip/blk_mem_gen_6/blk_mem_gen_6.xci' is already up-to-date
INFO: [Vivado 12-4149] The synthesis checkpoint for IP 'C:/Progh/Code/Project_RetroGame/Oplevering/EindProject_FPGA.srcs/sources_1/ip/blk_mem_gen_5/blk_mem_gen_5.xci' is already up-to-date
[Wed Apr  9 20:14:14 2025] Launched synth_1...
Run output will be captured here: C:/Progh/Code/Project_RetroGame/Oplevering/EindProject_FPGA.runs/synth_1/runme.log
WARNING: [filemgmt 56-199] Attempt to get parsing info during refresh. "On-the-fly" syntax checking information may be incorrect. [C:\Progh\Code\Project_RetroGame\Oplevering\EindProject_FPGA.srcs\sources_1\new\DisplayMenus.vhd:]
WARNING: [filemgmt 56-199] Attempt to get parsing info during refresh. "On-the-fly" syntax checking information may be incorrect. [C:\Progh\Code\Project_RetroGame\Oplevering\EindProject_FPGA.srcs\sources_1\new\XY_GEN.vhd:]
WARNING: [filemgmt 56-199] Attempt to get parsing info during refresh. "On-the-fly" syntax checking information may be incorrect. [C:\Progh\Code\Project_RetroGame\Oplevering\EindProject_FPGA.srcs\sources_1\new\XY_GEN.vhd:]
WARNING: [filemgmt 56-199] Attempt to get parsing info during refresh. "On-the-fly" syntax checking information may be incorrect. [C:\Progh\Code\Project_RetroGame\Oplevering\EindProject_FPGA.srcs\sources_1\new\XY_GEN.vhd:]
ERROR: [Common 17-180] Spawn failed: No error
reset_run synth_1
launch_runs impl_1 -to_step write_bitstream -jobs 8
WARNING: [filemgmt 56-199] Attempt to get parsing info during refresh. "On-the-fly" syntax checking information may be incorrect. [C:\Progh\Code\Project_RetroGame\Oplevering\EindProject_FPGA.srcs\sources_1\new\DisplayMenus.vhd:]
WARNING: [filemgmt 56-199] Attempt to get parsing info during refresh. "On-the-fly" syntax checking information may be incorrect. [C:\Progh\Code\Project_RetroGame\Oplevering\EindProject_FPGA.srcs\sources_1\new\XY_GEN.vhd:]
WARNING: [filemgmt 56-199] Attempt to get parsing info during refresh. "On-the-fly" syntax checking information may be incorrect. [C:\Progh\Code\Project_RetroGame\Oplevering\EindProject_FPGA.srcs\sources_1\new\XY_GEN.vhd:]
WARNING: [filemgmt 56-199] Attempt to get parsing info during refresh. "On-the-fly" syntax checking information may be incorrect. [C:\Progh\Code\Project_RetroGame\Oplevering\EindProject_FPGA.srcs\sources_1\new\XY_GEN.vhd:]
INFO: [Vivado 12-4149] The synthesis checkpoint for IP 'C:/Progh/Code/Project_RetroGame/Oplevering/EindProject_FPGA.srcs/sources_1/ip/blk_mem_gen_8/blk_mem_gen_8.xci' is already up-to-date
INFO: [Vivado 12-4149] The synthesis checkpoint for IP 'C:/Progh/Code/Project_RetroGame/Oplevering/EindProject_FPGA.srcs/sources_1/ip/blk_mem_gen_7/blk_mem_gen_7.xci' is already up-to-date
INFO: [Vivado 12-4149] The synthesis checkpoint for IP 'C:/Progh/Code/Project_RetroGame/Oplevering/EindProject_FPGA.srcs/sources_1/ip/blk_mem_gen_6/blk_mem_gen_6.xci' is already up-to-date
INFO: [Vivado 12-4149] The synthesis checkpoint for IP 'C:/Progh/Code/Project_RetroGame/Oplevering/EindProject_FPGA.srcs/sources_1/ip/blk_mem_gen_5/blk_mem_gen_5.xci' is already up-to-date
[Wed Apr  9 20:15:38 2025] Launched synth_1...
Run output will be captured here: C:/Progh/Code/Project_RetroGame/Oplevering/EindProject_FPGA.runs/synth_1/runme.log
[Wed Apr  9 20:15:38 2025] Launched impl_1...
Run output will be captured here: C:/Progh/Code/Project_RetroGame/Oplevering/EindProject_FPGA.runs/impl_1/runme.log
ERROR: [Common 17-180] Spawn failed: No error
ERROR: [Common 17-39] 'launch_runs' failed due to earlier errors.
WARNING: [filemgmt 56-199] Attempt to get parsing info during refresh. "On-the-fly" syntax checking information may be incorrect. [C:\Progh\Code\Project_RetroGame\Oplevering\EindProject_FPGA.srcs\sources_1\new\DisplayMenus.vhd:]
WARNING: [filemgmt 56-199] Attempt to get parsing info during refresh. "On-the-fly" syntax checking information may be incorrect. [C:\Progh\Code\Project_RetroGame\Oplevering\EindProject_FPGA.srcs\sources_1\new\XY_GEN.vhd:]
WARNING: [filemgmt 56-199] Attempt to get parsing info during refresh. "On-the-fly" syntax checking information may be incorrect. [C:\Progh\Code\Project_RetroGame\Oplevering\EindProject_FPGA.srcs\sources_1\new\XY_GEN.vhd:]
WARNING: [filemgmt 56-199] Attempt to get parsing info during refresh. "On-the-fly" syntax checking information may be incorrect. [C:\Progh\Code\Project_RetroGame\Oplevering\EindProject_FPGA.srcs\sources_1\new\XY_GEN.vhd:]
ERROR: [Common 17-180] Spawn failed: No error
WARNING: [filemgmt 56-199] Attempt to get parsing info during refresh. "On-the-fly" syntax checking information may be incorrect. [C:\Progh\Code\Project_RetroGame\Oplevering\EindProject_FPGA.srcs\sources_1\new\DisplayMenus.vhd:]
WARNING: [filemgmt 56-199] Attempt to get parsing info during refresh. "On-the-fly" syntax checking information may be incorrect. [C:\Progh\Code\Project_RetroGame\Oplevering\EindProject_FPGA.srcs\sources_1\imports\Week 5 + 6 - Bounching Square - Ball\DVI.vhd:]
WARNING: [filemgmt 56-199] Attempt to get parsing info during refresh. "On-the-fly" syntax checking information may be incorrect. [C:\Progh\Code\Project_RetroGame\Oplevering\EindProject_FPGA.srcs\sources_1\new\XY_GEN.vhd:]
WARNING: [filemgmt 56-199] Attempt to get parsing info during refresh. "On-the-fly" syntax checking information may be incorrect. [C:\Progh\Code\Project_RetroGame\Oplevering\EindProject_FPGA.srcs\sources_1\new\XY_GEN.vhd:]
WARNING: [filemgmt 56-199] Attempt to get parsing info during refresh. "On-the-fly" syntax checking information may be incorrect. [C:\Progh\Code\Project_RetroGame\Oplevering\EindProject_FPGA.srcs\sources_1\new\XY_GEN.vhd:]
WARNING: [filemgmt 56-199] Attempt to get parsing info during refresh. "On-the-fly" syntax checking information may be incorrect. [C:\Progh\Code\Project_RetroGame\Oplevering\EindProject_FPGA.srcs\sources_1\new\DisplayMenus.vhd:]
WARNING: [filemgmt 56-199] Attempt to get parsing info during refresh. "On-the-fly" syntax checking information may be incorrect. [C:\Progh\Code\Project_RetroGame\Oplevering\EindProject_FPGA.srcs\sources_1\imports\Week 5 + 6 - Bounching Square - Ball\DVI.vhd:]
WARNING: [filemgmt 56-199] Attempt to get parsing info during refresh. "On-the-fly" syntax checking information may be incorrect. [C:\Progh\Code\Project_RetroGame\Oplevering\EindProject_FPGA.srcs\sources_1\new\XY_GEN.vhd:]
set_property target_language VHDL [current_project]
WARNING: [filemgmt 56-199] Attempt to get parsing info during refresh. "On-the-fly" syntax checking information may be incorrect. [C:\Progh\Code\Project_RetroGame\Oplevering\EindProject_FPGA.srcs\sources_1\new\DisplayMenus.vhd:]
WARNING: [filemgmt 56-199] Attempt to get parsing info during refresh. "On-the-fly" syntax checking information may be incorrect. [C:\Progh\Code\Project_RetroGame\Oplevering\EindProject_FPGA.srcs\sources_1\imports\Week 5 + 6 - Bounching Square - Ball\DVI.vhd:]
WARNING: [filemgmt 56-199] Attempt to get parsing info during refresh. "On-the-fly" syntax checking information may be incorrect. [C:\Progh\Code\Project_RetroGame\Oplevering\EindProject_FPGA.srcs\sources_1\new\XY_GEN.vhd:]
WARNING: [filemgmt 56-199] Attempt to get parsing info during refresh. "On-the-fly" syntax checking information may be incorrect. [C:\Progh\Code\Project_RetroGame\Oplevering\EindProject_FPGA.srcs\sources_1\new\DisplayMenus.vhd:]
WARNING: [filemgmt 56-199] Attempt to get parsing info during refresh. "On-the-fly" syntax checking information may be incorrect. [C:\Progh\Code\Project_RetroGame\Oplevering\EindProject_FPGA.srcs\sources_1\new\DisplayMenus.vhd:]
WARNING: [filemgmt 56-199] Attempt to get parsing info during refresh. "On-the-fly" syntax checking information may be incorrect. [C:\Progh\Code\Project_RetroGame\Oplevering\EindProject_FPGA.srcs\sources_1\new\DisplayMenus.vhd:]
WARNING: [filemgmt 56-199] Attempt to get parsing info during refresh. "On-the-fly" syntax checking information may be incorrect. [C:\Progh\Code\Project_RetroGame\Oplevering\EindProject_FPGA.srcs\sources_1\imports\Week 5 + 6 - Bounching Square - Ball\DVI.vhd:]
WARNING: [filemgmt 56-199] Attempt to get parsing info during refresh. "On-the-fly" syntax checking information may be incorrect. [C:\Progh\Code\Project_RetroGame\Oplevering\EindProject_FPGA.srcs\sources_1\new\XY_GEN.vhd:]
WARNING: [filemgmt 56-199] Attempt to get parsing info during refresh. "On-the-fly" syntax checking information may be incorrect. [C:\Progh\Code\Project_RetroGame\Oplevering\EindProject_FPGA.srcs\sources_1\imports\Week 5 + 6 - Bounching Square - Ball\DVI.vhd:]
WARNING: [filemgmt 56-199] Attempt to get parsing info during refresh. "On-the-fly" syntax checking information may be incorrect. [C:\Progh\Code\Project_RetroGame\Oplevering\EindProject_FPGA.srcs\sources_1\imports\Week 5 + 6 - Bounching Square - Ball\DVI.vhd:]
ERROR: [Common 17-180] Spawn failed: No error
reset_run synth_1
reset_run clkDVIprescaler_synth_1
reset_run blk_mem_gen_0_synth_1
reset_run blk_mem_gen_1_synth_1
reset_run blk_mem_gen_2_synth_1
reset_run blk_mem_gen_3_synth_1
reset_run blk_mem_gen_4_synth_1
reset_run blk_mem_gen_9_synth_1
reset_run blk_mem_gen_10_synth_1
reset_run blk_mem_gen_11_synth_1
reset_run blk_mem_gen_13_synth_1
reset_run blk_mem_gen_12_synth_1
launch_runs impl_1 -to_step write_bitstream -jobs 8
INFO: [IP_Flow 19-1686] Generating 'Synthesis' target for IP 'blk_mem_gen_8'...
INFO: [IP_Flow 19-6924] IPCACHE: Running cache check for IP inst: blk_mem_gen_8
INFO: [IP_Flow 19-1686] Generating 'Synthesis' target for IP 'blk_mem_gen_7'...
INFO: [IP_Flow 19-6924] IPCACHE: Running cache check for IP inst: blk_mem_gen_7
INFO: [IP_Flow 19-1686] Generating 'Synthesis' target for IP 'blk_mem_gen_6'...
INFO: [IP_Flow 19-6924] IPCACHE: Running cache check for IP inst: blk_mem_gen_6
INFO: [IP_Flow 19-1686] Generating 'Synthesis' target for IP 'blk_mem_gen_5'...
INFO: [IP_Flow 19-6924] IPCACHE: Running cache check for IP inst: blk_mem_gen_5
INFO: [IP_Flow 19-1686] Generating 'Synthesis' target for IP 'clkDVIprescaler'...
WARNING: [filemgmt 56-199] Attempt to get parsing info during refresh. "On-the-fly" syntax checking information may be incorrect. [C:\Progh\Code\Project_RetroGame\Oplevering\EindProject_FPGA.srcs\sources_1\new\DisplayMenus.vhd:]
WARNING: [filemgmt 56-199] Attempt to get parsing info during refresh. "On-the-fly" syntax checking information may be incorrect. [C:\Progh\Code\Project_RetroGame\Oplevering\EindProject_FPGA.srcs\sources_1\imports\Week 5 + 6 - Bounching Square - Ball\DVI.vhd:]
WARNING: [filemgmt 56-199] Attempt to get parsing info during refresh. "On-the-fly" syntax checking information may be incorrect. [C:\Progh\Code\Project_RetroGame\Oplevering\EindProject_FPGA.srcs\sources_1\new\XY_GEN.vhd:]
WARNING: [filemgmt 56-199] Attempt to get parsing info during refresh. "On-the-fly" syntax checking information may be incorrect. [C:\Progh\Code\Project_RetroGame\Oplevering\EindProject_FPGA.srcs\sources_1\imports\Week 5 + 6 - Bounching Square - Ball\DVI.vhd:]
WARNING: [filemgmt 56-199] Attempt to get parsing info during refresh. "On-the-fly" syntax checking information may be incorrect. [C:\Progh\Code\Project_RetroGame\Oplevering\EindProject_FPGA.srcs\sources_1\imports\Week 5 + 6 - Bounching Square - Ball\DVI.vhd:]
INFO: [IP_Flow 19-1686] Generating 'Implementation' target for IP 'clkDVIprescaler'...
INFO: [IP_Flow 19-1686] Generating 'Synthesis' target for IP 'blk_mem_gen_0'...
WARNING: [filemgmt 56-199] Attempt to get parsing info during refresh. "On-the-fly" syntax checking information may be incorrect. [C:\Progh\Code\Project_RetroGame\Oplevering\EindProject_FPGA.srcs\sources_1\new\DisplayMenus.vhd:]
WARNING: [filemgmt 56-199] Attempt to get parsing info during refresh. "On-the-fly" syntax checking information may be incorrect. [C:\Progh\Code\Project_RetroGame\Oplevering\EindProject_FPGA.srcs\sources_1\imports\Week 5 + 6 - Bounching Square - Ball\DVI.vhd:]
WARNING: [filemgmt 56-199] Attempt to get parsing info during refresh. "On-the-fly" syntax checking information may be incorrect. [C:\Progh\Code\Project_RetroGame\Oplevering\EindProject_FPGA.srcs\sources_1\new\XY_GEN.vhd:]
WARNING: [filemgmt 56-199] Attempt to get parsing info during refresh. "On-the-fly" syntax checking information may be incorrect. [C:\Progh\Code\Project_RetroGame\Oplevering\EindProject_FPGA.srcs\sources_1\new\DisplayMenus.vhd:]
WARNING: [filemgmt 56-199] Attempt to get parsing info during refresh. "On-the-fly" syntax checking information may be incorrect. [C:\Progh\Code\Project_RetroGame\Oplevering\EindProject_FPGA.srcs\sources_1\new\DisplayMenus.vhd:]
INFO: [IP_Flow 19-1686] Generating 'Synthesis' target for IP 'blk_mem_gen_1'...
INFO: [IP_Flow 19-1686] Generating 'Synthesis' target for IP 'blk_mem_gen_2'...
INFO: [IP_Flow 19-1686] Generating 'Synthesis' target for IP 'blk_mem_gen_3'...
INFO: [IP_Flow 19-1686] Generating 'Synthesis' target for IP 'blk_mem_gen_4'...
WARNING: [filemgmt 56-199] Attempt to get parsing info during refresh. "On-the-fly" syntax checking information may be incorrect. [C:\Progh\Code\Project_RetroGame\Oplevering\EindProject_FPGA.srcs\sources_1\new\DisplayMenus.vhd:]
WARNING: [filemgmt 56-199] Attempt to get parsing info during refresh. "On-the-fly" syntax checking information may be incorrect. [C:\Progh\Code\Project_RetroGame\Oplevering\EindProject_FPGA.srcs\sources_1\imports\Week 5 + 6 - Bounching Square - Ball\DVI.vhd:]
WARNING: [filemgmt 56-199] Attempt to get parsing info during refresh. "On-the-fly" syntax checking information may be incorrect. [C:\Progh\Code\Project_RetroGame\Oplevering\EindProject_FPGA.srcs\sources_1\new\XY_GEN.vhd:]
WARNING: [filemgmt 56-199] Attempt to get parsing info during refresh. "On-the-fly" syntax checking information may be incorrect. [C:\Progh\Code\Project_RetroGame\Oplevering\EindProject_FPGA.srcs\sources_1\new\XY_GEN.vhd:]
WARNING: [filemgmt 56-199] Attempt to get parsing info during refresh. "On-the-fly" syntax checking information may be incorrect. [C:\Progh\Code\Project_RetroGame\Oplevering\EindProject_FPGA.srcs\sources_1\new\XY_GEN.vhd:]
WARNING: [filemgmt 56-199] Attempt to get parsing info during refresh. "On-the-fly" syntax checking information may be incorrect. [C:\Progh\Code\Project_RetroGame\Oplevering\EindProject_FPGA.srcs\sources_1\new\DisplayMenus.vhd:]
WARNING: [filemgmt 56-199] Attempt to get parsing info during refresh. "On-the-fly" syntax checking information may be incorrect. [C:\Progh\Code\Project_RetroGame\Oplevering\EindProject_FPGA.srcs\sources_1\imports\Week 5 + 6 - Bounching Square - Ball\DVI.vhd:]
WARNING: [filemgmt 56-199] Attempt to get parsing info during refresh. "On-the-fly" syntax checking information may be incorrect. [C:\Progh\Code\Project_RetroGame\Oplevering\EindProject_FPGA.srcs\sources_1\new\XY_GEN.vhd:]
WARNING: [filemgmt 56-199] Attempt to get parsing info during refresh. "On-the-fly" syntax checking information may be incorrect. [C:\Progh\Code\Project_RetroGame\Oplevering\EindProject_FPGA.srcs\sources_1\imports\Week 5 + 6 - Bounching Square - Ball\DVI.vhd:]
WARNING: [filemgmt 56-199] Attempt to get parsing info during refresh. "On-the-fly" syntax checking information may be incorrect. [C:\Progh\Code\Project_RetroGame\Oplevering\EindProject_FPGA.srcs\sources_1\imports\Week 5 + 6 - Bounching Square - Ball\DVI.vhd:]
INFO: [IP_Flow 19-1686] Generating 'Synthesis' target for IP 'blk_mem_gen_9'...
INFO: [IP_Flow 19-1686] Generating 'Synthesis' target for IP 'blk_mem_gen_10'...
INFO: [IP_Flow 19-1686] Generating 'Synthesis' target for IP 'blk_mem_gen_11'...
INFO: [IP_Flow 19-1686] Generating 'Synthesis' target for IP 'blk_mem_gen_13'...
INFO: [IP_Flow 19-1686] Generating 'Synthesis' target for IP 'blk_mem_gen_12'...
WARNING: [filemgmt 56-199] Attempt to get parsing info during refresh. "On-the-fly" syntax checking information may be incorrect. [C:\Progh\Code\Project_RetroGame\Oplevering\EindProject_FPGA.srcs\sources_1\new\DisplayMenus.vhd:]
WARNING: [filemgmt 56-199] Attempt to get parsing info during refresh. "On-the-fly" syntax checking information may be incorrect. [C:\Progh\Code\Project_RetroGame\Oplevering\EindProject_FPGA.srcs\sources_1\imports\Week 5 + 6 - Bounching Square - Ball\DVI.vhd:]
WARNING: [filemgmt 56-199] Attempt to get parsing info during refresh. "On-the-fly" syntax checking information may be incorrect. [C:\Progh\Code\Project_RetroGame\Oplevering\EindProject_FPGA.srcs\sources_1\new\XY_GEN.vhd:]
WARNING: [filemgmt 56-199] Attempt to get parsing info during refresh. "On-the-fly" syntax checking information may be incorrect. [C:\Progh\Code\Project_RetroGame\Oplevering\EindProject_FPGA.srcs\sources_1\new\XY_GEN.vhd:]
WARNING: [filemgmt 56-199] Attempt to get parsing info during refresh. "On-the-fly" syntax checking information may be incorrect. [C:\Progh\Code\Project_RetroGame\Oplevering\EindProject_FPGA.srcs\sources_1\new\XY_GEN.vhd:]
[Wed Apr  9 20:19:39 2025] Launched clkDVIprescaler_synth_1, blk_mem_gen_0_synth_1, blk_mem_gen_1_synth_1, blk_mem_gen_2_synth_1, blk_mem_gen_3_synth_1, blk_mem_gen_4_synth_1, blk_mem_gen_9_synth_1, blk_mem_gen_10_synth_1, blk_mem_gen_11_synth_1, blk_mem_gen_13_synth_1, blk_mem_gen_12_synth_1, blk_mem_gen_7_synth_1, blk_mem_gen_5_synth_1, blk_mem_gen_8_synth_1, blk_mem_gen_6_synth_1, synth_1...
Run output will be captured here:
clkDVIprescaler_synth_1: C:/Progh/Code/Project_RetroGame/Oplevering/EindProject_FPGA.runs/clkDVIprescaler_synth_1/runme.log
blk_mem_gen_0_synth_1: C:/Progh/Code/Project_RetroGame/Oplevering/EindProject_FPGA.runs/blk_mem_gen_0_synth_1/runme.log
blk_mem_gen_1_synth_1: C:/Progh/Code/Project_RetroGame/Oplevering/EindProject_FPGA.runs/blk_mem_gen_1_synth_1/runme.log
blk_mem_gen_2_synth_1: C:/Progh/Code/Project_RetroGame/Oplevering/EindProject_FPGA.runs/blk_mem_gen_2_synth_1/runme.log
blk_mem_gen_3_synth_1: C:/Progh/Code/Project_RetroGame/Oplevering/EindProject_FPGA.runs/blk_mem_gen_3_synth_1/runme.log
blk_mem_gen_4_synth_1: C:/Progh/Code/Project_RetroGame/Oplevering/EindProject_FPGA.runs/blk_mem_gen_4_synth_1/runme.log
blk_mem_gen_9_synth_1: C:/Progh/Code/Project_RetroGame/Oplevering/EindProject_FPGA.runs/blk_mem_gen_9_synth_1/runme.log
blk_mem_gen_10_synth_1: C:/Progh/Code/Project_RetroGame/Oplevering/EindProject_FPGA.runs/blk_mem_gen_10_synth_1/runme.log
blk_mem_gen_11_synth_1: C:/Progh/Code/Project_RetroGame/Oplevering/EindProject_FPGA.runs/blk_mem_gen_11_synth_1/runme.log
blk_mem_gen_13_synth_1: C:/Progh/Code/Project_RetroGame/Oplevering/EindProject_FPGA.runs/blk_mem_gen_13_synth_1/runme.log
blk_mem_gen_12_synth_1: C:/Progh/Code/Project_RetroGame/Oplevering/EindProject_FPGA.runs/blk_mem_gen_12_synth_1/runme.log
blk_mem_gen_7_synth_1: C:/Progh/Code/Project_RetroGame/Oplevering/EindProject_FPGA.runs/blk_mem_gen_7_synth_1/runme.log
blk_mem_gen_5_synth_1: C:/Progh/Code/Project_RetroGame/Oplevering/EindProject_FPGA.runs/blk_mem_gen_5_synth_1/runme.log
blk_mem_gen_8_synth_1: C:/Progh/Code/Project_RetroGame/Oplevering/EindProject_FPGA.runs/blk_mem_gen_8_synth_1/runme.log
blk_mem_gen_6_synth_1: C:/Progh/Code/Project_RetroGame/Oplevering/EindProject_FPGA.runs/blk_mem_gen_6_synth_1/runme.log
synth_1: C:/Progh/Code/Project_RetroGame/Oplevering/EindProject_FPGA.runs/synth_1/runme.log
[Wed Apr  9 20:19:39 2025] Launched impl_1...
Run output will be captured here: C:/Progh/Code/Project_RetroGame/Oplevering/EindProject_FPGA.runs/impl_1/runme.log
launch_runs: Time (s): cpu = 00:00:04 ; elapsed = 00:00:10 . Memory (MB): peak = 4459.293 ; gain = 5.504
WARNING: [filemgmt 56-199] Attempt to get parsing info during refresh. "On-the-fly" syntax checking information may be incorrect. [C:\Progh\Code\Project_RetroGame\Oplevering\EindProject_FPGA.srcs\sources_1\new\DisplayMenus.vhd:]
WARNING: [filemgmt 56-199] Attempt to get parsing info during refresh. "On-the-fly" syntax checking information may be incorrect. [C:\Progh\Code\Project_RetroGame\Oplevering\EindProject_FPGA.srcs\sources_1\imports\Week 5 + 6 - Bounching Square - Ball\DVI.vhd:]
WARNING: [filemgmt 56-199] Attempt to get parsing info during refresh. "On-the-fly" syntax checking information may be incorrect. [C:\Progh\Code\Project_RetroGame\Oplevering\EindProject_FPGA.srcs\sources_1\new\XY_GEN.vhd:]
WARNING: [filemgmt 56-199] Attempt to get parsing info during refresh. "On-the-fly" syntax checking information may be incorrect. [C:\Progh\Code\Project_RetroGame\Oplevering\EindProject_FPGA.srcs\sources_1\imports\Week 5 + 6 - Bounching Square - Ball\DVI.vhd:]
WARNING: [filemgmt 56-199] Attempt to get parsing info during refresh. "On-the-fly" syntax checking information may be incorrect. [C:\Progh\Code\Project_RetroGame\Oplevering\EindProject_FPGA.srcs\sources_1\imports\Week 5 + 6 - Bounching Square - Ball\DVI.vhd:]
reset_run synth_1
reset_run blk_mem_gen_11_synth_1
reset_run blk_mem_gen_13_synth_1
reset_run blk_mem_gen_12_synth_1
reset_run blk_mem_gen_7_synth_1
reset_run blk_mem_gen_5_synth_1
reset_run blk_mem_gen_8_synth_1
reset_run blk_mem_gen_6_synth_1
reset_run clkDVIprescaler_synth_1
WARNING: [Vivado 12-1017] Problems encountered:
1. Failed to delete one or more files in run directory C:/Progh/Code/Project_RetroGame/Oplevering/EindProject_FPGA.runs/clkDVIprescaler_synth_1

reset_run blk_mem_gen_0_synth_1
WARNING: [Vivado 12-1017] Problems encountered:
1. Failed to delete one or more files in run directory C:/Progh/Code/Project_RetroGame/Oplevering/EindProject_FPGA.runs/blk_mem_gen_0_synth_1

reset_run blk_mem_gen_1_synth_1
WARNING: [Vivado 12-1017] Problems encountered:
1. Failed to delete one or more files in run directory C:/Progh/Code/Project_RetroGame/Oplevering/EindProject_FPGA.runs/blk_mem_gen_1_synth_1

reset_run blk_mem_gen_2_synth_1
WARNING: [Vivado 12-1017] Problems encountered:
1. Failed to delete one or more files in run directory C:/Progh/Code/Project_RetroGame/Oplevering/EindProject_FPGA.runs/blk_mem_gen_2_synth_1

reset_run blk_mem_gen_3_synth_1
WARNING: [Vivado 12-1017] Problems encountered:
1. Failed to delete one or more files in run directory C:/Progh/Code/Project_RetroGame/Oplevering/EindProject_FPGA.runs/blk_mem_gen_3_synth_1

reset_run blk_mem_gen_4_synth_1
WARNING: [Vivado 12-1017] Problems encountered:
1. Failed to delete one or more files in run directory C:/Progh/Code/Project_RetroGame/Oplevering/EindProject_FPGA.runs/blk_mem_gen_4_synth_1

reset_run blk_mem_gen_9_synth_1
WARNING: [Vivado 12-1017] Problems encountered:
1. Failed to delete one or more files in run directory C:/Progh/Code/Project_RetroGame/Oplevering/EindProject_FPGA.runs/blk_mem_gen_9_synth_1

reset_run blk_mem_gen_10_synth_1
WARNING: [Vivado 12-1017] Problems encountered:
1. Failed to delete one or more files in run directory C:/Progh/Code/Project_RetroGame/Oplevering/EindProject_FPGA.runs/blk_mem_gen_10_synth_1

set_property target_language Verilog [current_project]
launch_runs impl_1 -to_step write_bitstream -jobs 8
INFO: [IP_Flow 19-1686] Generating 'Synthesis' target for IP 'clkDVIprescaler'...
INFO: [IP_Flow 19-1686] Generating 'Implementation' target for IP 'clkDVIprescaler'...
INFO: [IP_Flow 19-1686] Generating 'Synthesis' target for IP 'blk_mem_gen_0'...
INFO: [IP_Flow 19-1686] Generating 'Synthesis' target for IP 'blk_mem_gen_1'...
INFO: [IP_Flow 19-1686] Generating 'Synthesis' target for IP 'blk_mem_gen_2'...
INFO: [IP_Flow 19-1686] Generating 'Synthesis' target for IP 'blk_mem_gen_3'...
INFO: [IP_Flow 19-1686] Generating 'Synthesis' target for IP 'blk_mem_gen_4'...
WARNING: [filemgmt 56-199] Attempt to get parsing info during refresh. "On-the-fly" syntax checking information may be incorrect. [C:\Progh\Code\Project_RetroGame\Oplevering\EindProject_FPGA.srcs\sources_1\new\DisplayMenus.vhd:]
WARNING: [filemgmt 56-199] Attempt to get parsing info during refresh. "On-the-fly" syntax checking information may be incorrect. [C:\Progh\Code\Project_RetroGame\Oplevering\EindProject_FPGA.srcs\sources_1\imports\Week 5 + 6 - Bounching Square - Ball\DVI.vhd:]
WARNING: [filemgmt 56-199] Attempt to get parsing info during refresh. "On-the-fly" syntax checking information may be incorrect. [C:\Progh\Code\Project_RetroGame\Oplevering\EindProject_FPGA.srcs\sources_1\new\XY_GEN.vhd:]
WARNING: [filemgmt 56-199] Attempt to get parsing info during refresh. "On-the-fly" syntax checking information may be incorrect. [C:\Progh\Code\Project_RetroGame\Oplevering\EindProject_FPGA.srcs\sources_1\new\XY_GEN.vhd:]
WARNING: [filemgmt 56-199] Attempt to get parsing info during refresh. "On-the-fly" syntax checking information may be incorrect. [C:\Progh\Code\Project_RetroGame\Oplevering\EindProject_FPGA.srcs\sources_1\new\XY_GEN.vhd:]
WARNING: [filemgmt 56-199] Attempt to get parsing info during refresh. "On-the-fly" syntax checking information may be incorrect. [C:\Progh\Code\Project_RetroGame\Oplevering\EindProject_FPGA.srcs\sources_1\new\DisplayMenus.vhd:]
WARNING: [filemgmt 56-199] Attempt to get parsing info during refresh. "On-the-fly" syntax checking information may be incorrect. [C:\Progh\Code\Project_RetroGame\Oplevering\EindProject_FPGA.srcs\sources_1\imports\Week 5 + 6 - Bounching Square - Ball\DVI.vhd:]
WARNING: [filemgmt 56-199] Attempt to get parsing info during refresh. "On-the-fly" syntax checking information may be incorrect. [C:\Progh\Code\Project_RetroGame\Oplevering\EindProject_FPGA.srcs\sources_1\new\XY_GEN.vhd:]
WARNING: [filemgmt 56-199] Attempt to get parsing info during refresh. "On-the-fly" syntax checking information may be incorrect. [C:\Progh\Code\Project_RetroGame\Oplevering\EindProject_FPGA.srcs\sources_1\imports\Week 5 + 6 - Bounching Square - Ball\DVI.vhd:]
WARNING: [filemgmt 56-199] Attempt to get parsing info during refresh. "On-the-fly" syntax checking information may be incorrect. [C:\Progh\Code\Project_RetroGame\Oplevering\EindProject_FPGA.srcs\sources_1\imports\Week 5 + 6 - Bounching Square - Ball\DVI.vhd:]
INFO: [IP_Flow 19-1686] Generating 'Synthesis' target for IP 'blk_mem_gen_9'...
INFO: [IP_Flow 19-1686] Generating 'Synthesis' target for IP 'blk_mem_gen_10'...
INFO: [IP_Flow 19-1686] Generating 'Synthesis' target for IP 'blk_mem_gen_11'...
INFO: [IP_Flow 19-1686] Generating 'Synthesis' target for IP 'blk_mem_gen_13'...
INFO: [IP_Flow 19-1686] Generating 'Synthesis' target for IP 'blk_mem_gen_12'...
INFO: [IP_Flow 19-1686] Generating 'Synthesis' target for IP 'blk_mem_gen_7'...
INFO: [IP_Flow 19-1686] Generating 'Synthesis' target for IP 'blk_mem_gen_5'...
INFO: [IP_Flow 19-1686] Generating 'Synthesis' target for IP 'blk_mem_gen_8'...
INFO: [IP_Flow 19-1686] Generating 'Synthesis' target for IP 'blk_mem_gen_6'...
[Wed Apr  9 20:20:12 2025] Launched clkDVIprescaler_synth_1, blk_mem_gen_0_synth_1, blk_mem_gen_1_synth_1, blk_mem_gen_2_synth_1, blk_mem_gen_3_synth_1, blk_mem_gen_4_synth_1, blk_mem_gen_9_synth_1, blk_mem_gen_10_synth_1, blk_mem_gen_11_synth_1, blk_mem_gen_13_synth_1, blk_mem_gen_12_synth_1, blk_mem_gen_7_synth_1, blk_mem_gen_5_synth_1, blk_mem_gen_8_synth_1, blk_mem_gen_6_synth_1, synth_1...
Run output will be captured here:
clkDVIprescaler_synth_1: C:/Progh/Code/Project_RetroGame/Oplevering/EindProject_FPGA.runs/clkDVIprescaler_synth_1/runme.log
blk_mem_gen_0_synth_1: C:/Progh/Code/Project_RetroGame/Oplevering/EindProject_FPGA.runs/blk_mem_gen_0_synth_1/runme.log
blk_mem_gen_1_synth_1: C:/Progh/Code/Project_RetroGame/Oplevering/EindProject_FPGA.runs/blk_mem_gen_1_synth_1/runme.log
blk_mem_gen_2_synth_1: C:/Progh/Code/Project_RetroGame/Oplevering/EindProject_FPGA.runs/blk_mem_gen_2_synth_1/runme.log
blk_mem_gen_3_synth_1: C:/Progh/Code/Project_RetroGame/Oplevering/EindProject_FPGA.runs/blk_mem_gen_3_synth_1/runme.log
blk_mem_gen_4_synth_1: C:/Progh/Code/Project_RetroGame/Oplevering/EindProject_FPGA.runs/blk_mem_gen_4_synth_1/runme.log
blk_mem_gen_9_synth_1: C:/Progh/Code/Project_RetroGame/Oplevering/EindProject_FPGA.runs/blk_mem_gen_9_synth_1/runme.log
blk_mem_gen_10_synth_1: C:/Progh/Code/Project_RetroGame/Oplevering/EindProject_FPGA.runs/blk_mem_gen_10_synth_1/runme.log
blk_mem_gen_11_synth_1: C:/Progh/Code/Project_RetroGame/Oplevering/EindProject_FPGA.runs/blk_mem_gen_11_synth_1/runme.log
blk_mem_gen_13_synth_1: C:/Progh/Code/Project_RetroGame/Oplevering/EindProject_FPGA.runs/blk_mem_gen_13_synth_1/runme.log
blk_mem_gen_12_synth_1: C:/Progh/Code/Project_RetroGame/Oplevering/EindProject_FPGA.runs/blk_mem_gen_12_synth_1/runme.log
blk_mem_gen_7_synth_1: C:/Progh/Code/Project_RetroGame/Oplevering/EindProject_FPGA.runs/blk_mem_gen_7_synth_1/runme.log
blk_mem_gen_5_synth_1: C:/Progh/Code/Project_RetroGame/Oplevering/EindProject_FPGA.runs/blk_mem_gen_5_synth_1/runme.log
blk_mem_gen_8_synth_1: C:/Progh/Code/Project_RetroGame/Oplevering/EindProject_FPGA.runs/blk_mem_gen_8_synth_1/runme.log
blk_mem_gen_6_synth_1: C:/Progh/Code/Project_RetroGame/Oplevering/EindProject_FPGA.runs/blk_mem_gen_6_synth_1/runme.log
synth_1: C:/Progh/Code/Project_RetroGame/Oplevering/EindProject_FPGA.runs/synth_1/runme.log
WARNING: [filemgmt 56-199] Attempt to get parsing info during refresh. "On-the-fly" syntax checking information may be incorrect. [C:\Progh\Code\Project_RetroGame\Oplevering\EindProject_FPGA.srcs\sources_1\new\DisplayMenus.vhd:]
WARNING: [filemgmt 56-199] Attempt to get parsing info during refresh. "On-the-fly" syntax checking information may be incorrect. [C:\Progh\Code\Project_RetroGame\Oplevering\EindProject_FPGA.srcs\sources_1\imports\Week 5 + 6 - Bounching Square - Ball\DVI.vhd:]
WARNING: [filemgmt 56-199] Attempt to get parsing info during refresh. "On-the-fly" syntax checking information may be incorrect. [C:\Progh\Code\Project_RetroGame\Oplevering\EindProject_FPGA.srcs\sources_1\new\XY_GEN.vhd:]
WARNING: [filemgmt 56-199] Attempt to get parsing info during refresh. "On-the-fly" syntax checking information may be incorrect. [C:\Progh\Code\Project_RetroGame\Oplevering\EindProject_FPGA.srcs\sources_1\new\DisplayMenus.vhd:]
WARNING: [filemgmt 56-199] Attempt to get parsing info during refresh. "On-the-fly" syntax checking information may be incorrect. [C:\Progh\Code\Project_RetroGame\Oplevering\EindProject_FPGA.srcs\sources_1\new\DisplayMenus.vhd:]
WARNING: [filemgmt 56-199] Attempt to get parsing info during refresh. "On-the-fly" syntax checking information may be incorrect. [C:\Progh\Code\Project_RetroGame\Oplevering\EindProject_FPGA.srcs\sources_1\new\DisplayMenus.vhd:]
WARNING: [filemgmt 56-199] Attempt to get parsing info during refresh. "On-the-fly" syntax checking information may be incorrect. [C:\Progh\Code\Project_RetroGame\Oplevering\EindProject_FPGA.srcs\sources_1\imports\Week 5 + 6 - Bounching Square - Ball\DVI.vhd:]
WARNING: [filemgmt 56-199] Attempt to get parsing info during refresh. "On-the-fly" syntax checking information may be incorrect. [C:\Progh\Code\Project_RetroGame\Oplevering\EindProject_FPGA.srcs\sources_1\new\XY_GEN.vhd:]
WARNING: [filemgmt 56-199] Attempt to get parsing info during refresh. "On-the-fly" syntax checking information may be incorrect. [C:\Progh\Code\Project_RetroGame\Oplevering\EindProject_FPGA.srcs\sources_1\imports\Week 5 + 6 - Bounching Square - Ball\DVI.vhd:]
WARNING: [filemgmt 56-199] Attempt to get parsing info during refresh. "On-the-fly" syntax checking information may be incorrect. [C:\Progh\Code\Project_RetroGame\Oplevering\EindProject_FPGA.srcs\sources_1\imports\Week 5 + 6 - Bounching Square - Ball\DVI.vhd:]
[Wed Apr  9 20:20:13 2025] Launched impl_1...
Run output will be captured here: C:/Progh/Code/Project_RetroGame/Oplevering/EindProject_FPGA.runs/impl_1/runme.log
launch_runs: Time (s): cpu = 00:00:04 ; elapsed = 00:00:08 . Memory (MB): peak = 4466.098 ; gain = 0.000
WARNING: [filemgmt 56-199] Attempt to get parsing info during refresh. "On-the-fly" syntax checking information may be incorrect. [C:\Progh\Code\Project_RetroGame\Oplevering\EindProject_FPGA.srcs\sources_1\new\DisplayMenus.vhd:]
WARNING: [filemgmt 56-199] Attempt to get parsing info during refresh. "On-the-fly" syntax checking information may be incorrect. [C:\Progh\Code\Project_RetroGame\Oplevering\EindProject_FPGA.srcs\sources_1\imports\Week 5 + 6 - Bounching Square - Ball\DVI.vhd:]
WARNING: [filemgmt 56-199] Attempt to get parsing info during refresh. "On-the-fly" syntax checking information may be incorrect. [C:\Progh\Code\Project_RetroGame\Oplevering\EindProject_FPGA.srcs\sources_1\new\XY_GEN.vhd:]
WARNING: [filemgmt 56-199] Attempt to get parsing info during refresh. "On-the-fly" syntax checking information may be incorrect. [C:\Progh\Code\Project_RetroGame\Oplevering\EindProject_FPGA.srcs\sources_1\new\XY_GEN.vhd:]
WARNING: [filemgmt 56-199] Attempt to get parsing info during refresh. "On-the-fly" syntax checking information may be incorrect. [C:\Progh\Code\Project_RetroGame\Oplevering\EindProject_FPGA.srcs\sources_1\new\XY_GEN.vhd:]
WARNING: [filemgmt 56-199] Attempt to get parsing info during refresh. "On-the-fly" syntax checking information may be incorrect. [C:\Progh\Code\Project_RetroGame\Oplevering\EindProject_FPGA.srcs\sources_1\new\DisplayMenus.vhd:]
WARNING: [filemgmt 56-199] Attempt to get parsing info during refresh. "On-the-fly" syntax checking information may be incorrect. [C:\Progh\Code\Project_RetroGame\Oplevering\EindProject_FPGA.srcs\sources_1\imports\Week 5 + 6 - Bounching Square - Ball\DVI.vhd:]
WARNING: [filemgmt 56-199] Attempt to get parsing info during refresh. "On-the-fly" syntax checking information may be incorrect. [C:\Progh\Code\Project_RetroGame\Oplevering\EindProject_FPGA.srcs\sources_1\new\XY_GEN.vhd:]
WARNING: [filemgmt 56-199] Attempt to get parsing info during refresh. "On-the-fly" syntax checking information may be incorrect. [C:\Progh\Code\Project_RetroGame\Oplevering\EindProject_FPGA.srcs\sources_1\new\DisplayMenus.vhd:]
WARNING: [filemgmt 56-199] Attempt to get parsing info during refresh. "On-the-fly" syntax checking information may be incorrect. [C:\Progh\Code\Project_RetroGame\Oplevering\EindProject_FPGA.srcs\sources_1\new\DisplayMenus.vhd:]
WARNING: [filemgmt 56-199] Attempt to get parsing info during refresh. "On-the-fly" syntax checking information may be incorrect. [C:\Progh\Code\Project_RetroGame\Oplevering\EindProject_FPGA.srcs\sources_1\new\DisplayMenus.vhd:]
WARNING: [filemgmt 56-199] Attempt to get parsing info during refresh. "On-the-fly" syntax checking information may be incorrect. [C:\Progh\Code\Project_RetroGame\Oplevering\EindProject_FPGA.srcs\sources_1\imports\Week 5 + 6 - Bounching Square - Ball\DVI.vhd:]
WARNING: [filemgmt 56-199] Attempt to get parsing info during refresh. "On-the-fly" syntax checking information may be incorrect. [C:\Progh\Code\Project_RetroGame\Oplevering\EindProject_FPGA.srcs\sources_1\new\XY_GEN.vhd:]
WARNING: [filemgmt 56-199] Attempt to get parsing info during refresh. "On-the-fly" syntax checking information may be incorrect. [C:\Progh\Code\Project_RetroGame\Oplevering\EindProject_FPGA.srcs\sources_1\new\XY_GEN.vhd:]
WARNING: [filemgmt 56-199] Attempt to get parsing info during refresh. "On-the-fly" syntax checking information may be incorrect. [C:\Progh\Code\Project_RetroGame\Oplevering\EindProject_FPGA.srcs\sources_1\new\XY_GEN.vhd:]
WARNING: [filemgmt 56-199] Attempt to get parsing info during refresh. "On-the-fly" syntax checking information may be incorrect. [C:\Progh\Code\Project_RetroGame\Oplevering\EindProject_FPGA.srcs\sources_1\new\DisplayMenus.vhd:]
WARNING: [filemgmt 56-199] Attempt to get parsing info during refresh. "On-the-fly" syntax checking information may be incorrect. [C:\Progh\Code\Project_RetroGame\Oplevering\EindProject_FPGA.srcs\sources_1\imports\Week 5 + 6 - Bounching Square - Ball\DVI.vhd:]
WARNING: [filemgmt 56-199] Attempt to get parsing info during refresh. "On-the-fly" syntax checking information may be incorrect. [C:\Progh\Code\Project_RetroGame\Oplevering\EindProject_FPGA.srcs\sources_1\new\XY_GEN.vhd:]
WARNING: [filemgmt 56-199] Attempt to get parsing info during refresh. "On-the-fly" syntax checking information may be incorrect. [C:\Progh\Code\Project_RetroGame\Oplevering\EindProject_FPGA.srcs\sources_1\imports\Week 5 + 6 - Bounching Square - Ball\DVI.vhd:]
WARNING: [filemgmt 56-199] Attempt to get parsing info during refresh. "On-the-fly" syntax checking information may be incorrect. [C:\Progh\Code\Project_RetroGame\Oplevering\EindProject_FPGA.srcs\sources_1\imports\Week 5 + 6 - Bounching Square - Ball\DVI.vhd:]
WARNING: [filemgmt 56-199] Attempt to get parsing info during refresh. "On-the-fly" syntax checking information may be incorrect. [C:\Progh\Code\Project_RetroGame\Oplevering\EindProject_FPGA.srcs\sources_1\new\DisplayMenus.vhd:]
WARNING: [filemgmt 56-199] Attempt to get parsing info during refresh. "On-the-fly" syntax checking information may be incorrect. [C:\Progh\Code\Project_RetroGame\Oplevering\EindProject_FPGA.srcs\sources_1\imports\Week 5 + 6 - Bounching Square - Ball\DVI.vhd:]
WARNING: [filemgmt 56-199] Attempt to get parsing info during refresh. "On-the-fly" syntax checking information may be incorrect. [C:\Progh\Code\Project_RetroGame\Oplevering\EindProject_FPGA.srcs\sources_1\new\XY_GEN.vhd:]
WARNING: [filemgmt 56-199] Attempt to get parsing info during refresh. "On-the-fly" syntax checking information may be incorrect. [C:\Progh\Code\Project_RetroGame\Oplevering\EindProject_FPGA.srcs\sources_1\new\XY_GEN.vhd:]
WARNING: [filemgmt 56-199] Attempt to get parsing info during refresh. "On-the-fly" syntax checking information may be incorrect. [C:\Progh\Code\Project_RetroGame\Oplevering\EindProject_FPGA.srcs\sources_1\new\XY_GEN.vhd:]
WARNING: [filemgmt 56-199] Attempt to get parsing info during refresh. "On-the-fly" syntax checking information may be incorrect. [C:\Progh\Code\Project_RetroGame\Oplevering\EindProject_FPGA.srcs\sources_1\new\DisplayMenus.vhd:]
WARNING: [filemgmt 56-199] Attempt to get parsing info during refresh. "On-the-fly" syntax checking information may be incorrect. [C:\Progh\Code\Project_RetroGame\Oplevering\EindProject_FPGA.srcs\sources_1\imports\Week 5 + 6 - Bounching Square - Ball\DVI.vhd:]
WARNING: [filemgmt 56-199] Attempt to get parsing info during refresh. "On-the-fly" syntax checking information may be incorrect. [C:\Progh\Code\Project_RetroGame\Oplevering\EindProject_FPGA.srcs\sources_1\new\XY_GEN.vhd:]
WARNING: [filemgmt 56-199] Attempt to get parsing info during refresh. "On-the-fly" syntax checking information may be incorrect. [C:\Progh\Code\Project_RetroGame\Oplevering\EindProject_FPGA.srcs\sources_1\new\DisplayMenus.vhd:]
WARNING: [filemgmt 56-199] Attempt to get parsing info during refresh. "On-the-fly" syntax checking information may be incorrect. [C:\Progh\Code\Project_RetroGame\Oplevering\EindProject_FPGA.srcs\sources_1\new\DisplayMenus.vhd:]
WARNING: [filemgmt 56-199] Attempt to get parsing info during refresh. "On-the-fly" syntax checking information may be incorrect. [C:\Progh\Code\Project_RetroGame\Oplevering\EindProject_FPGA.srcs\sources_1\new\DisplayMenus.vhd:]
WARNING: [filemgmt 56-199] Attempt to get parsing info during refresh. "On-the-fly" syntax checking information may be incorrect. [C:\Progh\Code\Project_RetroGame\Oplevering\EindProject_FPGA.srcs\sources_1\imports\Week 5 + 6 - Bounching Square - Ball\DVI.vhd:]
WARNING: [filemgmt 56-199] Attempt to get parsing info during refresh. "On-the-fly" syntax checking information may be incorrect. [C:\Progh\Code\Project_RetroGame\Oplevering\EindProject_FPGA.srcs\sources_1\new\XY_GEN.vhd:]
WARNING: [filemgmt 56-199] Attempt to get parsing info during refresh. "On-the-fly" syntax checking information may be incorrect. [C:\Progh\Code\Project_RetroGame\Oplevering\EindProject_FPGA.srcs\sources_1\new\XY_GEN.vhd:]
WARNING: [filemgmt 56-199] Attempt to get parsing info during refresh. "On-the-fly" syntax checking information may be incorrect. [C:\Progh\Code\Project_RetroGame\Oplevering\EindProject_FPGA.srcs\sources_1\new\XY_GEN.vhd:]
WARNING: [filemgmt 56-199] Attempt to get parsing info during refresh. "On-the-fly" syntax checking information may be incorrect. [C:\Progh\Code\Project_RetroGame\Oplevering\EindProject_FPGA.srcs\sources_1\new\DisplayMenus.vhd:]
WARNING: [filemgmt 56-199] Attempt to get parsing info during refresh. "On-the-fly" syntax checking information may be incorrect. [C:\Progh\Code\Project_RetroGame\Oplevering\EindProject_FPGA.srcs\sources_1\imports\Week 5 + 6 - Bounching Square - Ball\DVI.vhd:]
WARNING: [filemgmt 56-199] Attempt to get parsing info during refresh. "On-the-fly" syntax checking information may be incorrect. [C:\Progh\Code\Project_RetroGame\Oplevering\EindProject_FPGA.srcs\sources_1\new\XY_GEN.vhd:]
WARNING: [filemgmt 56-199] Attempt to get parsing info during refresh. "On-the-fly" syntax checking information may be incorrect. [C:\Progh\Code\Project_RetroGame\Oplevering\EindProject_FPGA.srcs\sources_1\new\DisplayMenus.vhd:]
WARNING: [filemgmt 56-199] Attempt to get parsing info during refresh. "On-the-fly" syntax checking information may be incorrect. [C:\Progh\Code\Project_RetroGame\Oplevering\EindProject_FPGA.srcs\sources_1\new\DisplayMenus.vhd:]
WARNING: [filemgmt 56-199] Attempt to get parsing info during refresh. "On-the-fly" syntax checking information may be incorrect. [C:\Progh\Code\Project_RetroGame\Oplevering\EindProject_FPGA.srcs\sources_1\new\DisplayMenus.vhd:]
WARNING: [filemgmt 56-199] Attempt to get parsing info during refresh. "On-the-fly" syntax checking information may be incorrect. [C:\Progh\Code\Project_RetroGame\Oplevering\EindProject_FPGA.srcs\sources_1\imports\Week 5 + 6 - Bounching Square - Ball\DVI.vhd:]
WARNING: [filemgmt 56-199] Attempt to get parsing info during refresh. "On-the-fly" syntax checking information may be incorrect. [C:\Progh\Code\Project_RetroGame\Oplevering\EindProject_FPGA.srcs\sources_1\new\XY_GEN.vhd:]
WARNING: [filemgmt 56-199] Attempt to get parsing info during refresh. "On-the-fly" syntax checking information may be incorrect. [C:\Progh\Code\Project_RetroGame\Oplevering\EindProject_FPGA.srcs\sources_1\new\XY_GEN.vhd:]
WARNING: [filemgmt 56-199] Attempt to get parsing info during refresh. "On-the-fly" syntax checking information may be incorrect. [C:\Progh\Code\Project_RetroGame\Oplevering\EindProject_FPGA.srcs\sources_1\new\XY_GEN.vhd:]
WARNING: [filemgmt 56-199] Attempt to get parsing info during refresh. "On-the-fly" syntax checking information may be incorrect. [C:\Progh\Code\Project_RetroGame\Oplevering\EindProject_FPGA.srcs\sources_1\new\DisplayMenus.vhd:]
WARNING: [filemgmt 56-199] Attempt to get parsing info during refresh. "On-the-fly" syntax checking information may be incorrect. [C:\Progh\Code\Project_RetroGame\Oplevering\EindProject_FPGA.srcs\sources_1\imports\Week 5 + 6 - Bounching Square - Ball\DVI.vhd:]
WARNING: [filemgmt 56-199] Attempt to get parsing info during refresh. "On-the-fly" syntax checking information may be incorrect. [C:\Progh\Code\Project_RetroGame\Oplevering\EindProject_FPGA.srcs\sources_1\new\XY_GEN.vhd:]
WARNING: [filemgmt 56-199] Attempt to get parsing info during refresh. "On-the-fly" syntax checking information may be incorrect. [C:\Progh\Code\Project_RetroGame\Oplevering\EindProject_FPGA.srcs\sources_1\new\DisplayMenus.vhd:]
WARNING: [filemgmt 56-199] Attempt to get parsing info during refresh. "On-the-fly" syntax checking information may be incorrect. [C:\Progh\Code\Project_RetroGame\Oplevering\EindProject_FPGA.srcs\sources_1\new\DisplayMenus.vhd:]
ERROR: [Common 17-180] Spawn failed: No error
WARNING: [filemgmt 56-199] Attempt to get parsing info during refresh. "On-the-fly" syntax checking information may be incorrect. [C:\Progh\Code\Project_RetroGame\Oplevering\EindProject_FPGA.srcs\sources_1\new\DisplayMenus.vhd:]
WARNING: [filemgmt 56-199] Attempt to get parsing info during refresh. "On-the-fly" syntax checking information may be incorrect. [C:\Progh\Code\Project_RetroGame\Oplevering\EindProject_FPGA.srcs\sources_1\imports\Week 5 + 6 - Bounching Square - Ball\DVI.vhd:]
WARNING: [filemgmt 56-199] Attempt to get parsing info during refresh. "On-the-fly" syntax checking information may be incorrect. [C:\Progh\Code\Project_RetroGame\Oplevering\EindProject_FPGA.srcs\sources_1\new\XY_GEN.vhd:]
WARNING: [filemgmt 56-199] Attempt to get parsing info during refresh. "On-the-fly" syntax checking information may be incorrect. [C:\Progh\Code\Project_RetroGame\Oplevering\EindProject_FPGA.srcs\sources_1\new\XY_GEN.vhd:]
WARNING: [filemgmt 56-199] Attempt to get parsing info during refresh. "On-the-fly" syntax checking information may be incorrect. [C:\Progh\Code\Project_RetroGame\Oplevering\EindProject_FPGA.srcs\sources_1\new\XY_GEN.vhd:]
WARNING: [filemgmt 56-199] Attempt to get parsing info during refresh. "On-the-fly" syntax checking information may be incorrect. [C:\Progh\Code\Project_RetroGame\Oplevering\EindProject_FPGA.srcs\sources_1\new\DisplayMenus.vhd:]
WARNING: [filemgmt 56-199] Attempt to get parsing info during refresh. "On-the-fly" syntax checking information may be incorrect. [C:\Progh\Code\Project_RetroGame\Oplevering\EindProject_FPGA.srcs\sources_1\imports\Week 5 + 6 - Bounching Square - Ball\DVI.vhd:]
WARNING: [filemgmt 56-199] Attempt to get parsing info during refresh. "On-the-fly" syntax checking information may be incorrect. [C:\Progh\Code\Project_RetroGame\Oplevering\EindProject_FPGA.srcs\sources_1\new\XY_GEN.vhd:]
WARNING: [filemgmt 56-199] Attempt to get parsing info during refresh. "On-the-fly" syntax checking information may be incorrect. [C:\Progh\Code\Project_RetroGame\Oplevering\EindProject_FPGA.srcs\sources_1\imports\Week 5 + 6 - Bounching Square - Ball\DVI.vhd:]
WARNING: [filemgmt 56-199] Attempt to get parsing info during refresh. "On-the-fly" syntax checking information may be incorrect. [C:\Progh\Code\Project_RetroGame\Oplevering\EindProject_FPGA.srcs\sources_1\imports\Week 5 + 6 - Bounching Square - Ball\DVI.vhd:]
WARNING: [filemgmt 56-199] Attempt to get parsing info during refresh. "On-the-fly" syntax checking information may be incorrect. [C:\Progh\Code\Project_RetroGame\Oplevering\EindProject_FPGA.srcs\sources_1\new\DisplayMenus.vhd:]
WARNING: [filemgmt 56-199] Attempt to get parsing info during refresh. "On-the-fly" syntax checking information may be incorrect. [C:\Progh\Code\Project_RetroGame\Oplevering\EindProject_FPGA.srcs\sources_1\imports\Week 5 + 6 - Bounching Square - Ball\DVI.vhd:]
WARNING: [filemgmt 56-199] Attempt to get parsing info during refresh. "On-the-fly" syntax checking information may be incorrect. [C:\Progh\Code\Project_RetroGame\Oplevering\EindProject_FPGA.srcs\sources_1\new\XY_GEN.vhd:]
WARNING: [filemgmt 56-199] Attempt to get parsing info during refresh. "On-the-fly" syntax checking information may be incorrect. [C:\Progh\Code\Project_RetroGame\Oplevering\EindProject_FPGA.srcs\sources_1\new\DisplayMenus.vhd:]
WARNING: [filemgmt 56-199] Attempt to get parsing info during refresh. "On-the-fly" syntax checking information may be incorrect. [C:\Progh\Code\Project_RetroGame\Oplevering\EindProject_FPGA.srcs\sources_1\new\DisplayMenus.vhd:]
WARNING: [filemgmt 56-199] Attempt to get parsing info during refresh. "On-the-fly" syntax checking information may be incorrect. [C:\Progh\Code\Project_RetroGame\Oplevering\EindProject_FPGA.srcs\sources_1\new\DisplayMenus.vhd:]
WARNING: [filemgmt 56-199] Attempt to get parsing info during refresh. "On-the-fly" syntax checking information may be incorrect. [C:\Progh\Code\Project_RetroGame\Oplevering\EindProject_FPGA.srcs\sources_1\imports\Week 5 + 6 - Bounching Square - Ball\DVI.vhd:]
WARNING: [filemgmt 56-199] Attempt to get parsing info during refresh. "On-the-fly" syntax checking information may be incorrect. [C:\Progh\Code\Project_RetroGame\Oplevering\EindProject_FPGA.srcs\sources_1\new\XY_GEN.vhd:]
WARNING: [filemgmt 56-199] Attempt to get parsing info during refresh. "On-the-fly" syntax checking information may be incorrect. [C:\Progh\Code\Project_RetroGame\Oplevering\EindProject_FPGA.srcs\sources_1\new\XY_GEN.vhd:]
WARNING: [filemgmt 56-199] Attempt to get parsing info during refresh. "On-the-fly" syntax checking information may be incorrect. [C:\Progh\Code\Project_RetroGame\Oplevering\EindProject_FPGA.srcs\sources_1\new\XY_GEN.vhd:]
WARNING: [filemgmt 56-199] Attempt to get parsing info during refresh. "On-the-fly" syntax checking information may be incorrect. [C:\Progh\Code\Project_RetroGame\Oplevering\EindProject_FPGA.srcs\sources_1\new\DisplayMenus.vhd:]
WARNING: [filemgmt 56-199] Attempt to get parsing info during refresh. "On-the-fly" syntax checking information may be incorrect. [C:\Progh\Code\Project_RetroGame\Oplevering\EindProject_FPGA.srcs\sources_1\imports\Week 5 + 6 - Bounching Square - Ball\DVI.vhd:]
WARNING: [filemgmt 56-199] Attempt to get parsing info during refresh. "On-the-fly" syntax checking information may be incorrect. [C:\Progh\Code\Project_RetroGame\Oplevering\EindProject_FPGA.srcs\sources_1\new\XY_GEN.vhd:]
WARNING: [filemgmt 56-199] Attempt to get parsing info during refresh. "On-the-fly" syntax checking information may be incorrect. [C:\Progh\Code\Project_RetroGame\Oplevering\EindProject_FPGA.srcs\sources_1\imports\Week 5 + 6 - Bounching Square - Ball\DVI.vhd:]
WARNING: [filemgmt 56-199] Attempt to get parsing info during refresh. "On-the-fly" syntax checking information may be incorrect. [C:\Progh\Code\Project_RetroGame\Oplevering\EindProject_FPGA.srcs\sources_1\imports\Week 5 + 6 - Bounching Square - Ball\DVI.vhd:]
ERROR: [Common 17-180] Spawn failed: No error
WARNING: [filemgmt 56-199] Attempt to get parsing info during refresh. "On-the-fly" syntax checking information may be incorrect. [C:\Progh\Code\Project_RetroGame\Oplevering\EindProject_FPGA.srcs\sources_1\new\DisplayMenus.vhd:]
WARNING: [filemgmt 56-199] Attempt to get parsing info during refresh. "On-the-fly" syntax checking information may be incorrect. [C:\Progh\Code\Project_RetroGame\Oplevering\EindProject_FPGA.srcs\sources_1\imports\Week 5 + 6 - Bounching Square - Ball\DVI.vhd:]
WARNING: [filemgmt 56-199] Attempt to get parsing info during refresh. "On-the-fly" syntax checking information may be incorrect. [C:\Progh\Code\Project_RetroGame\Oplevering\EindProject_FPGA.srcs\sources_1\new\XY_GEN.vhd:]
WARNING: [filemgmt 56-199] Attempt to get parsing info during refresh. "On-the-fly" syntax checking information may be incorrect. [C:\Progh\Code\Project_RetroGame\Oplevering\EindProject_FPGA.srcs\sources_1\new\DisplayMenus.vhd:]
WARNING: [filemgmt 56-199] Attempt to get parsing info during refresh. "On-the-fly" syntax checking information may be incorrect. [C:\Progh\Code\Project_RetroGame\Oplevering\EindProject_FPGA.srcs\sources_1\new\DisplayMenus.vhd:]
ERROR: [Common 17-180] Spawn failed: No error
WARNING: [filemgmt 56-199] Attempt to get parsing info during refresh. "On-the-fly" syntax checking information may be incorrect. [C:\Progh\Code\Project_RetroGame\Oplevering\EindProject_FPGA.srcs\sources_1\new\DisplayMenus.vhd:]
WARNING: [filemgmt 56-199] Attempt to get parsing info during refresh. "On-the-fly" syntax checking information may be incorrect. [C:\Progh\Code\Project_RetroGame\Oplevering\EindProject_FPGA.srcs\sources_1\imports\Week 5 + 6 - Bounching Square - Ball\DVI.vhd:]
WARNING: [filemgmt 56-199] Attempt to get parsing info during refresh. "On-the-fly" syntax checking information may be incorrect. [C:\Progh\Code\Project_RetroGame\Oplevering\EindProject_FPGA.srcs\sources_1\new\XY_GEN.vhd:]
WARNING: [filemgmt 56-199] Attempt to get parsing info during refresh. "On-the-fly" syntax checking information may be incorrect. [C:\Progh\Code\Project_RetroGame\Oplevering\EindProject_FPGA.srcs\sources_1\new\XY_GEN.vhd:]
WARNING: [filemgmt 56-199] Attempt to get parsing info during refresh. "On-the-fly" syntax checking information may be incorrect. [C:\Progh\Code\Project_RetroGame\Oplevering\EindProject_FPGA.srcs\sources_1\new\XY_GEN.vhd:]
WARNING: [filemgmt 56-199] Attempt to get parsing info during refresh. "On-the-fly" syntax checking information may be incorrect. [C:\Progh\Code\Project_RetroGame\Oplevering\EindProject_FPGA.srcs\sources_1\new\DisplayMenus.vhd:]
WARNING: [filemgmt 56-199] Attempt to get parsing info during refresh. "On-the-fly" syntax checking information may be incorrect. [C:\Progh\Code\Project_RetroGame\Oplevering\EindProject_FPGA.srcs\sources_1\imports\Week 5 + 6 - Bounching Square - Ball\DVI.vhd:]
WARNING: [filemgmt 56-199] Attempt to get parsing info during refresh. "On-the-fly" syntax checking information may be incorrect. [C:\Progh\Code\Project_RetroGame\Oplevering\EindProject_FPGA.srcs\sources_1\new\XY_GEN.vhd:]
WARNING: [filemgmt 56-199] Attempt to get parsing info during refresh. "On-the-fly" syntax checking information may be incorrect. [C:\Progh\Code\Project_RetroGame\Oplevering\EindProject_FPGA.srcs\sources_1\new\DisplayMenus.vhd:]
WARNING: [filemgmt 56-199] Attempt to get parsing info during refresh. "On-the-fly" syntax checking information may be incorrect. [C:\Progh\Code\Project_RetroGame\Oplevering\EindProject_FPGA.srcs\sources_1\new\DisplayMenus.vhd:]
ERROR: [Common 17-180] Spawn failed: No error
WARNING: [filemgmt 56-199] Attempt to get parsing info during refresh. "On-the-fly" syntax checking information may be incorrect. [C:\Progh\Code\Project_RetroGame\Oplevering\EindProject_FPGA.srcs\sources_1\new\DisplayMenus.vhd:]
WARNING: [filemgmt 56-199] Attempt to get parsing info during refresh. "On-the-fly" syntax checking information may be incorrect. [C:\Progh\Code\Project_RetroGame\Oplevering\EindProject_FPGA.srcs\sources_1\imports\Week 5 + 6 - Bounching Square - Ball\DVI.vhd:]
WARNING: [filemgmt 56-199] Attempt to get parsing info during refresh. "On-the-fly" syntax checking information may be incorrect. [C:\Progh\Code\Project_RetroGame\Oplevering\EindProject_FPGA.srcs\sources_1\new\XY_GEN.vhd:]
WARNING: [filemgmt 56-199] Attempt to get parsing info during refresh. "On-the-fly" syntax checking information may be incorrect. [C:\Progh\Code\Project_RetroGame\Oplevering\EindProject_FPGA.srcs\sources_1\new\XY_GEN.vhd:]
WARNING: [filemgmt 56-199] Attempt to get parsing info during refresh. "On-the-fly" syntax checking information may be incorrect. [C:\Progh\Code\Project_RetroGame\Oplevering\EindProject_FPGA.srcs\sources_1\new\XY_GEN.vhd:]
WARNING: [filemgmt 56-199] Attempt to get parsing info during refresh. "On-the-fly" syntax checking information may be incorrect. [C:\Progh\Code\Project_RetroGame\Oplevering\EindProject_FPGA.srcs\sources_1\new\DisplayMenus.vhd:]
WARNING: [filemgmt 56-199] Attempt to get parsing info during refresh. "On-the-fly" syntax checking information may be incorrect. [C:\Progh\Code\Project_RetroGame\Oplevering\EindProject_FPGA.srcs\sources_1\imports\Week 5 + 6 - Bounching Square - Ball\DVI.vhd:]
WARNING: [filemgmt 56-199] Attempt to get parsing info during refresh. "On-the-fly" syntax checking information may be incorrect. [C:\Progh\Code\Project_RetroGame\Oplevering\EindProject_FPGA.srcs\sources_1\new\XY_GEN.vhd:]
WARNING: [filemgmt 56-199] Attempt to get parsing info during refresh. "On-the-fly" syntax checking information may be incorrect. [C:\Progh\Code\Project_RetroGame\Oplevering\EindProject_FPGA.srcs\sources_1\imports\Week 5 + 6 - Bounching Square - Ball\DVI.vhd:]
WARNING: [filemgmt 56-199] Attempt to get parsing info during refresh. "On-the-fly" syntax checking information may be incorrect. [C:\Progh\Code\Project_RetroGame\Oplevering\EindProject_FPGA.srcs\sources_1\imports\Week 5 + 6 - Bounching Square - Ball\DVI.vhd:]
INFO: [Common 17-14] Message 'filemgmt 56-199' appears 100 times and further instances of the messages will be disabled. Use the Tcl command set_msg_config to change the current settings.
ERROR: [Common 17-180] Spawn failed: No error
WARNING: [IP_Flow 19-4067] Ignoring invalid widget type specified checkbox.Providing a default widget
WARNING: [IP_Flow 19-4067] Ignoring invalid widget type specified checkbox.Providing a default widget
WARNING: [IP_Flow 19-4067] Ignoring invalid widget type specified checkbox.Providing a default widget
WARNING: [IP_Flow 19-4067] Ignoring invalid widget type specified checkbox.Providing a default widget
WARNING: [filemgmt 56-199] Attempt to get parsing info during refresh. "On-the-fly" syntax checking information may be incorrect. [C:\Progh\Code\Project_RetroGame\Oplevering\EindProject_FPGA.srcs\sources_1\new\DisplayMenus.vhd:]
WARNING: [filemgmt 56-199] Attempt to get parsing info during refresh. "On-the-fly" syntax checking information may be incorrect. [C:\Progh\Code\Project_RetroGame\Oplevering\EindProject_FPGA.srcs\sources_1\imports\Week 5 + 6 - Bounching Square - Ball\DVI.vhd:]
WARNING: [filemgmt 56-199] Attempt to get parsing info during refresh. "On-the-fly" syntax checking information may be incorrect. [C:\Progh\Code\Project_RetroGame\Oplevering\EindProject_FPGA.srcs\sources_1\new\XY_GEN.vhd:]
WARNING: [filemgmt 56-199] Attempt to get parsing info during refresh. "On-the-fly" syntax checking information may be incorrect. [C:\Progh\Code\Project_RetroGame\Oplevering\EindProject_FPGA.srcs\sources_1\imports\Week 5 + 6 - Bounching Square - Ball\DVI.vhd:]
WARNING: [filemgmt 56-199] Attempt to get parsing info during refresh. "On-the-fly" syntax checking information may be incorrect. [C:\Progh\Code\Project_RetroGame\Oplevering\EindProject_FPGA.srcs\sources_1\imports\Week 5 + 6 - Bounching Square - Ball\DVI.vhd:]
WARNING: [filemgmt 56-199] Attempt to get parsing info during refresh. "On-the-fly" syntax checking information may be incorrect. [C:\Progh\Code\Project_RetroGame\Oplevering\EindProject_FPGA.srcs\sources_1\new\DisplayMenus.vhd:]
WARNING: [filemgmt 56-199] Attempt to get parsing info during refresh. "On-the-fly" syntax checking information may be incorrect. [C:\Progh\Code\Project_RetroGame\Oplevering\EindProject_FPGA.srcs\sources_1\imports\Week 5 + 6 - Bounching Square - Ball\DVI.vhd:]
WARNING: [filemgmt 56-199] Attempt to get parsing info during refresh. "On-the-fly" syntax checking information may be incorrect. [C:\Progh\Code\Project_RetroGame\Oplevering\EindProject_FPGA.srcs\sources_1\new\XY_GEN.vhd:]
WARNING: [filemgmt 56-199] Attempt to get parsing info during refresh. "On-the-fly" syntax checking information may be incorrect. [C:\Progh\Code\Project_RetroGame\Oplevering\EindProject_FPGA.srcs\sources_1\new\XY_GEN.vhd:]
WARNING: [filemgmt 56-199] Attempt to get parsing info during refresh. "On-the-fly" syntax checking information may be incorrect. [C:\Progh\Code\Project_RetroGame\Oplevering\EindProject_FPGA.srcs\sources_1\new\XY_GEN.vhd:]
ERROR: [Common 17-180] Spawn failed: No error
WARNING: [filemgmt 56-199] Attempt to get parsing info during refresh. "On-the-fly" syntax checking information may be incorrect. [C:\Progh\Code\Project_RetroGame\Oplevering\EindProject_FPGA.srcs\sources_1\new\DisplayMenus.vhd:]
WARNING: [filemgmt 56-199] Attempt to get parsing info during refresh. "On-the-fly" syntax checking information may be incorrect. [C:\Progh\Code\Project_RetroGame\Oplevering\EindProject_FPGA.srcs\sources_1\imports\Week 5 + 6 - Bounching Square - Ball\DVI.vhd:]
WARNING: [filemgmt 56-199] Attempt to get parsing info during refresh. "On-the-fly" syntax checking information may be incorrect. [C:\Progh\Code\Project_RetroGame\Oplevering\EindProject_FPGA.srcs\sources_1\new\XY_GEN.vhd:]
WARNING: [filemgmt 56-199] Attempt to get parsing info during refresh. "On-the-fly" syntax checking information may be incorrect. [C:\Progh\Code\Project_RetroGame\Oplevering\EindProject_FPGA.srcs\sources_1\new\XY_GEN.vhd:]
WARNING: [filemgmt 56-199] Attempt to get parsing info during refresh. "On-the-fly" syntax checking information may be incorrect. [C:\Progh\Code\Project_RetroGame\Oplevering\EindProject_FPGA.srcs\sources_1\new\XY_GEN.vhd:]
ERROR: [Common 17-180] Spawn failed: No error
ERROR: [Common 17-180] Spawn failed: No error
reset_run synth_1
reset_run blk_mem_gen_14_synth_1
reset_run blk_mem_gen_17_synth_1
reset_run blk_mem_gen_15_synth_1
reset_run blk_mem_gen_16_synth_1
launch_runs impl_1 -to_step write_bitstream -jobs 8
[Wed Apr  9 20:27:15 2025] Launched blk_mem_gen_14_synth_1, blk_mem_gen_17_synth_1, blk_mem_gen_15_synth_1, blk_mem_gen_16_synth_1, synth_1...
Run output will be captured here:
blk_mem_gen_14_synth_1: C:/Progh/Code/Project_RetroGame/Oplevering/EindProject_FPGA.runs/blk_mem_gen_14_synth_1/runme.log
blk_mem_gen_17_synth_1: C:/Progh/Code/Project_RetroGame/Oplevering/EindProject_FPGA.runs/blk_mem_gen_17_synth_1/runme.log
blk_mem_gen_15_synth_1: C:/Progh/Code/Project_RetroGame/Oplevering/EindProject_FPGA.runs/blk_mem_gen_15_synth_1/runme.log
blk_mem_gen_16_synth_1: C:/Progh/Code/Project_RetroGame/Oplevering/EindProject_FPGA.runs/blk_mem_gen_16_synth_1/runme.log
synth_1: C:/Progh/Code/Project_RetroGame/Oplevering/EindProject_FPGA.runs/synth_1/runme.log
[Wed Apr  9 20:27:15 2025] Launched impl_1...
Run output will be captured here: C:/Progh/Code/Project_RetroGame/Oplevering/EindProject_FPGA.runs/impl_1/runme.log
WARNING: [filemgmt 56-199] Attempt to get parsing info during refresh. "On-the-fly" syntax checking information may be incorrect. [C:\Progh\Code\Project_RetroGame\Oplevering\EindProject_FPGA.srcs\sources_1\new\DisplayMenus.vhd:]
WARNING: [filemgmt 56-199] Attempt to get parsing info during refresh. "On-the-fly" syntax checking information may be incorrect. [C:\Progh\Code\Project_RetroGame\Oplevering\EindProject_FPGA.srcs\sources_1\imports\Week 5 + 6 - Bounching Square - Ball\DVI.vhd:]
WARNING: [filemgmt 56-199] Attempt to get parsing info during refresh. "On-the-fly" syntax checking information may be incorrect. [C:\Progh\Code\Project_RetroGame\Oplevering\EindProject_FPGA.srcs\sources_1\new\XY_GEN.vhd:]
WARNING: [filemgmt 56-199] Attempt to get parsing info during refresh. "On-the-fly" syntax checking information may be incorrect. [C:\Progh\Code\Project_RetroGame\Oplevering\EindProject_FPGA.srcs\sources_1\new\XY_GEN.vhd:]
WARNING: [filemgmt 56-199] Attempt to get parsing info during refresh. "On-the-fly" syntax checking information may be incorrect. [C:\Progh\Code\Project_RetroGame\Oplevering\EindProject_FPGA.srcs\sources_1\new\XY_GEN.vhd:]
WARNING: [filemgmt 56-199] Attempt to get parsing info during refresh. "On-the-fly" syntax checking information may be incorrect. [C:\Progh\Code\Project_RetroGame\Oplevering\EindProject_FPGA.srcs\sources_1\new\DisplayMenus.vhd:]
WARNING: [filemgmt 56-199] Attempt to get parsing info during refresh. "On-the-fly" syntax checking information may be incorrect. [C:\Progh\Code\Project_RetroGame\Oplevering\EindProject_FPGA.srcs\sources_1\imports\Week 5 + 6 - Bounching Square - Ball\DVI.vhd:]
WARNING: [filemgmt 56-199] Attempt to get parsing info during refresh. "On-the-fly" syntax checking information may be incorrect. [C:\Progh\Code\Project_RetroGame\Oplevering\EindProject_FPGA.srcs\sources_1\new\XY_GEN.vhd:]
WARNING: [filemgmt 56-199] Attempt to get parsing info during refresh. "On-the-fly" syntax checking information may be incorrect. [C:\Progh\Code\Project_RetroGame\Oplevering\EindProject_FPGA.srcs\sources_1\new\DisplayMenus.vhd:]
WARNING: [filemgmt 56-199] Attempt to get parsing info during refresh. "On-the-fly" syntax checking information may be incorrect. [C:\Progh\Code\Project_RetroGame\Oplevering\EindProject_FPGA.srcs\sources_1\new\DisplayMenus.vhd:]
ERROR: [Common 17-180] Spawn failed: No error
set_property PROBES.FILE {} [get_hw_devices xc7a35t_0]
set_property FULL_PROBES.FILE {} [get_hw_devices xc7a35t_0]
set_property PROGRAM.FILE {C:/Progh/Code/Project_RetroGame/Oplevering/EindProject_FPGA.runs/impl_1/DVI_Top.bit} [get_hw_devices xc7a35t_0]
program_hw_devices [get_hw_devices xc7a35t_0]
INFO: [Labtools 27-3164] End of startup status: HIGH
refresh_hw_device [lindex [get_hw_devices xc7a35t_0] 0]
INFO: [Labtools 27-1434] Device xc7a35t (JTAG device index = 0) is programmed with a design that has no supported debug core(s) in it.
WARNING: [filemgmt 56-199] Attempt to get parsing info during refresh. "On-the-fly" syntax checking information may be incorrect. [C:\Progh\Code\Project_RetroGame\Oplevering\EindProject_FPGA.srcs\sources_1\new\DisplayMenus.vhd:]
WARNING: [filemgmt 56-199] Attempt to get parsing info during refresh. "On-the-fly" syntax checking information may be incorrect. [C:\Progh\Code\Project_RetroGame\Oplevering\EindProject_FPGA.srcs\sources_1\imports\Week 5 + 6 - Bounching Square - Ball\DVI.vhd:]
WARNING: [filemgmt 56-199] Attempt to get parsing info during refresh. "On-the-fly" syntax checking information may be incorrect. [C:\Progh\Code\Project_RetroGame\Oplevering\EindProject_FPGA.srcs\sources_1\new\XY_GEN.vhd:]
WARNING: [filemgmt 56-199] Attempt to get parsing info during refresh. "On-the-fly" syntax checking information may be incorrect. [C:\Progh\Code\Project_RetroGame\Oplevering\EindProject_FPGA.srcs\sources_1\new\XY_GEN.vhd:]
WARNING: [filemgmt 56-199] Attempt to get parsing info during refresh. "On-the-fly" syntax checking information may be incorrect. [C:\Progh\Code\Project_RetroGame\Oplevering\EindProject_FPGA.srcs\sources_1\new\XY_GEN.vhd:]
WARNING: [filemgmt 56-199] Attempt to get parsing info during refresh. "On-the-fly" syntax checking information may be incorrect. [C:\Progh\Code\Project_RetroGame\Oplevering\EindProject_FPGA.srcs\sources_1\new\DisplayMenus.vhd:]
WARNING: [filemgmt 56-199] Attempt to get parsing info during refresh. "On-the-fly" syntax checking information may be incorrect. [C:\Progh\Code\Project_RetroGame\Oplevering\EindProject_FPGA.srcs\sources_1\imports\Week 5 + 6 - Bounching Square - Ball\DVI.vhd:]
WARNING: [filemgmt 56-199] Attempt to get parsing info during refresh. "On-the-fly" syntax checking information may be incorrect. [C:\Progh\Code\Project_RetroGame\Oplevering\EindProject_FPGA.srcs\sources_1\new\XY_GEN.vhd:]
WARNING: [filemgmt 56-199] Attempt to get parsing info during refresh. "On-the-fly" syntax checking information may be incorrect. [C:\Progh\Code\Project_RetroGame\Oplevering\EindProject_FPGA.srcs\sources_1\new\DisplayMenus.vhd:]
WARNING: [filemgmt 56-199] Attempt to get parsing info during refresh. "On-the-fly" syntax checking information may be incorrect. [C:\Progh\Code\Project_RetroGame\Oplevering\EindProject_FPGA.srcs\sources_1\new\DisplayMenus.vhd:]
reset_run synth_1
INFO: [Project 1-1161] Replacing file C:/Progh/Code/Project_RetroGame/Oplevering/EindProject_FPGA.srcs/utils_1/imports/synth_1/DVI.dcp with file C:/Progh/Code/Project_RetroGame/Oplevering/EindProject_FPGA.runs/synth_1/DVI_Top.dcp
launch_runs synth_1 -jobs 8
[Wed Apr  9 20:31:06 2025] Launched synth_1...
Run output will be captured here: C:/Progh/Code/Project_RetroGame/Oplevering/EindProject_FPGA.runs/synth_1/runme.log
WARNING: [filemgmt 56-199] Attempt to get parsing info during refresh. "On-the-fly" syntax checking information may be incorrect. [C:\Progh\Code\Project_RetroGame\Oplevering\EindProject_FPGA.srcs\sources_1\new\DisplayMenus.vhd:]
WARNING: [filemgmt 56-199] Attempt to get parsing info during refresh. "On-the-fly" syntax checking information may be incorrect. [C:\Progh\Code\Project_RetroGame\Oplevering\EindProject_FPGA.srcs\sources_1\imports\Week 5 + 6 - Bounching Square - Ball\DVI.vhd:]
WARNING: [filemgmt 56-199] Attempt to get parsing info during refresh. "On-the-fly" syntax checking information may be incorrect. [C:\Progh\Code\Project_RetroGame\Oplevering\EindProject_FPGA.srcs\sources_1\new\XY_GEN.vhd:]
WARNING: [filemgmt 56-199] Attempt to get parsing info during refresh. "On-the-fly" syntax checking information may be incorrect. [C:\Progh\Code\Project_RetroGame\Oplevering\EindProject_FPGA.srcs\sources_1\imports\Week 5 + 6 - Bounching Square - Ball\DVI.vhd:]
WARNING: [filemgmt 56-199] Attempt to get parsing info during refresh. "On-the-fly" syntax checking information may be incorrect. [C:\Progh\Code\Project_RetroGame\Oplevering\EindProject_FPGA.srcs\sources_1\imports\Week 5 + 6 - Bounching Square - Ball\DVI.vhd:]
WARNING: [filemgmt 56-199] Attempt to get parsing info during refresh. "On-the-fly" syntax checking information may be incorrect. [C:\Progh\Code\Project_RetroGame\Oplevering\EindProject_FPGA.srcs\sources_1\new\DisplayMenus.vhd:]
WARNING: [filemgmt 56-199] Attempt to get parsing info during refresh. "On-the-fly" syntax checking information may be incorrect. [C:\Progh\Code\Project_RetroGame\Oplevering\EindProject_FPGA.srcs\sources_1\imports\Week 5 + 6 - Bounching Square - Ball\DVI.vhd:]
WARNING: [filemgmt 56-199] Attempt to get parsing info during refresh. "On-the-fly" syntax checking information may be incorrect. [C:\Progh\Code\Project_RetroGame\Oplevering\EindProject_FPGA.srcs\sources_1\new\XY_GEN.vhd:]
WARNING: [filemgmt 56-199] Attempt to get parsing info during refresh. "On-the-fly" syntax checking information may be incorrect. [C:\Progh\Code\Project_RetroGame\Oplevering\EindProject_FPGA.srcs\sources_1\new\XY_GEN.vhd:]
WARNING: [filemgmt 56-199] Attempt to get parsing info during refresh. "On-the-fly" syntax checking information may be incorrect. [C:\Progh\Code\Project_RetroGame\Oplevering\EindProject_FPGA.srcs\sources_1\new\XY_GEN.vhd:]
ERROR: [Common 17-180] Spawn failed: No error
reset_run synth_1
WARNING: [Vivado 12-1017] Problems encountered:
1. Failed to delete one or more files in run directory C:/Progh/Code/Project_RetroGame/Oplevering/EindProject_FPGA.runs/synth_1

WARNING: [filemgmt 56-199] Attempt to get parsing info during refresh. "On-the-fly" syntax checking information may be incorrect. [C:\Progh\Code\Project_RetroGame\Oplevering\EindProject_FPGA.srcs\sources_1\new\DisplayMenus.vhd:]
WARNING: [filemgmt 56-199] Attempt to get parsing info during refresh. "On-the-fly" syntax checking information may be incorrect. [C:\Progh\Code\Project_RetroGame\Oplevering\EindProject_FPGA.srcs\sources_1\imports\Week 5 + 6 - Bounching Square - Ball\DVI.vhd:]
WARNING: [filemgmt 56-199] Attempt to get parsing info during refresh. "On-the-fly" syntax checking information may be incorrect. [C:\Progh\Code\Project_RetroGame\Oplevering\EindProject_FPGA.srcs\sources_1\new\XY_GEN.vhd:]
WARNING: [filemgmt 56-199] Attempt to get parsing info during refresh. "On-the-fly" syntax checking information may be incorrect. [C:\Progh\Code\Project_RetroGame\Oplevering\EindProject_FPGA.srcs\sources_1\new\XY_GEN.vhd:]
WARNING: [filemgmt 56-199] Attempt to get parsing info during refresh. "On-the-fly" syntax checking information may be incorrect. [C:\Progh\Code\Project_RetroGame\Oplevering\EindProject_FPGA.srcs\sources_1\new\XY_GEN.vhd:]
WARNING: [filemgmt 56-199] Attempt to get parsing info during refresh. "On-the-fly" syntax checking information may be incorrect. [C:\Progh\Code\Project_RetroGame\Oplevering\EindProject_FPGA.srcs\sources_1\new\DisplayMenus.vhd:]
WARNING: [filemgmt 56-199] Attempt to get parsing info during refresh. "On-the-fly" syntax checking information may be incorrect. [C:\Progh\Code\Project_RetroGame\Oplevering\EindProject_FPGA.srcs\sources_1\imports\Week 5 + 6 - Bounching Square - Ball\DVI.vhd:]
WARNING: [filemgmt 56-199] Attempt to get parsing info during refresh. "On-the-fly" syntax checking information may be incorrect. [C:\Progh\Code\Project_RetroGame\Oplevering\EindProject_FPGA.srcs\sources_1\new\XY_GEN.vhd:]
WARNING: [filemgmt 56-199] Attempt to get parsing info during refresh. "On-the-fly" syntax checking information may be incorrect. [C:\Progh\Code\Project_RetroGame\Oplevering\EindProject_FPGA.srcs\sources_1\new\DisplayMenus.vhd:]
WARNING: [filemgmt 56-199] Attempt to get parsing info during refresh. "On-the-fly" syntax checking information may be incorrect. [C:\Progh\Code\Project_RetroGame\Oplevering\EindProject_FPGA.srcs\sources_1\new\DisplayMenus.vhd:]
launch_runs impl_1 -to_step write_bitstream -jobs 8
[Wed Apr  9 20:32:27 2025] Launched synth_1...
Run output will be captured here: C:/Progh/Code/Project_RetroGame/Oplevering/EindProject_FPGA.runs/synth_1/runme.log
[Wed Apr  9 20:32:27 2025] Launched impl_1...
Run output will be captured here: C:/Progh/Code/Project_RetroGame/Oplevering/EindProject_FPGA.runs/impl_1/runme.log
reset_run synth_1
WARNING: [Vivado 12-1017] Problems encountered:
1. PID not specified

launch_runs impl_1 -to_step write_bitstream -jobs 8
[Wed Apr  9 20:32:30 2025] Launched synth_1...
Run output will be captured here: C:/Progh/Code/Project_RetroGame/Oplevering/EindProject_FPGA.runs/synth_1/runme.log
[Wed Apr  9 20:32:30 2025] Launched impl_1...
Run output will be captured here: C:/Progh/Code/Project_RetroGame/Oplevering/EindProject_FPGA.runs/impl_1/runme.log
set_property PROBES.FILE {} [get_hw_devices xc7a35t_0]
set_property FULL_PROBES.FILE {} [get_hw_devices xc7a35t_0]
set_property PROGRAM.FILE {C:/Progh/Code/Project_RetroGame/Oplevering/EindProject_FPGA.runs/impl_1/DVI_Top.bit} [get_hw_devices xc7a35t_0]
program_hw_devices [get_hw_devices xc7a35t_0]
INFO: [Labtools 27-3164] End of startup status: HIGH
refresh_hw_device [lindex [get_hw_devices xc7a35t_0] 0]
INFO: [Labtools 27-1434] Device xc7a35t (JTAG device index = 0) is programmed with a design that has no supported debug core(s) in it.
reset_run synth_1
INFO: [Project 1-1161] Replacing file C:/Progh/Code/Project_RetroGame/Oplevering/EindProject_FPGA.srcs/utils_1/imports/synth_1/DVI.dcp with file C:/Progh/Code/Project_RetroGame/Oplevering/EindProject_FPGA.runs/synth_1/DVI_Top.dcp
launch_runs impl_1 -to_step write_bitstream -jobs 8
[Wed Apr  9 20:39:11 2025] Launched synth_1...
Run output will be captured here: C:/Progh/Code/Project_RetroGame/Oplevering/EindProject_FPGA.runs/synth_1/runme.log
[Wed Apr  9 20:39:11 2025] Launched impl_1...
Run output will be captured here: C:/Progh/Code/Project_RetroGame/Oplevering/EindProject_FPGA.runs/impl_1/runme.log
WARNING: [filemgmt 56-199] Attempt to get parsing info during refresh. "On-the-fly" syntax checking information may be incorrect. [C:\Progh\Code\Project_RetroGame\Oplevering\EindProject_FPGA.srcs\sources_1\new\DisplayMenus.vhd:]
WARNING: [filemgmt 56-199] Attempt to get parsing info during refresh. "On-the-fly" syntax checking information may be incorrect. [C:\Progh\Code\Project_RetroGame\Oplevering\EindProject_FPGA.srcs\sources_1\imports\Week 5 + 6 - Bounching Square - Ball\DVI.vhd:]
WARNING: [filemgmt 56-199] Attempt to get parsing info during refresh. "On-the-fly" syntax checking information may be incorrect. [C:\Progh\Code\Project_RetroGame\Oplevering\EindProject_FPGA.srcs\sources_1\new\XY_GEN.vhd:]
WARNING: [filemgmt 56-199] Attempt to get parsing info during refresh. "On-the-fly" syntax checking information may be incorrect. [C:\Progh\Code\Project_RetroGame\Oplevering\EindProject_FPGA.srcs\sources_1\new\XY_GEN.vhd:]
WARNING: [filemgmt 56-199] Attempt to get parsing info during refresh. "On-the-fly" syntax checking information may be incorrect. [C:\Progh\Code\Project_RetroGame\Oplevering\EindProject_FPGA.srcs\sources_1\new\XY_GEN.vhd:]
WARNING: [filemgmt 56-199] Attempt to get parsing info during refresh. "On-the-fly" syntax checking information may be incorrect. [C:\Progh\Code\Project_RetroGame\Oplevering\EindProject_FPGA.srcs\sources_1\new\DisplayMenus.vhd:]
WARNING: [filemgmt 56-199] Attempt to get parsing info during refresh. "On-the-fly" syntax checking information may be incorrect. [C:\Progh\Code\Project_RetroGame\Oplevering\EindProject_FPGA.srcs\sources_1\imports\Week 5 + 6 - Bounching Square - Ball\DVI.vhd:]
WARNING: [filemgmt 56-199] Attempt to get parsing info during refresh. "On-the-fly" syntax checking information may be incorrect. [C:\Progh\Code\Project_RetroGame\Oplevering\EindProject_FPGA.srcs\sources_1\new\XY_GEN.vhd:]
WARNING: [filemgmt 56-199] Attempt to get parsing info during refresh. "On-the-fly" syntax checking information may be incorrect. [C:\Progh\Code\Project_RetroGame\Oplevering\EindProject_FPGA.srcs\sources_1\imports\Week 5 + 6 - Bounching Square - Ball\DVI.vhd:]
WARNING: [filemgmt 56-199] Attempt to get parsing info during refresh. "On-the-fly" syntax checking information may be incorrect. [C:\Progh\Code\Project_RetroGame\Oplevering\EindProject_FPGA.srcs\sources_1\imports\Week 5 + 6 - Bounching Square - Ball\DVI.vhd:]
set_property PROBES.FILE {} [get_hw_devices xc7a35t_0]
set_property FULL_PROBES.FILE {} [get_hw_devices xc7a35t_0]
set_property PROGRAM.FILE {C:/Progh/Code/Project_RetroGame/Oplevering/EindProject_FPGA.runs/impl_1/DVI_Top.bit} [get_hw_devices xc7a35t_0]
program_hw_devices [get_hw_devices xc7a35t_0]
INFO: [Labtools 27-3164] End of startup status: HIGH
refresh_hw_device [lindex [get_hw_devices xc7a35t_0] 0]
INFO: [Labtools 27-1434] Device xc7a35t (JTAG device index = 0) is programmed with a design that has no supported debug core(s) in it.
WARNING: [filemgmt 56-199] Attempt to get parsing info during refresh. "On-the-fly" syntax checking information may be incorrect. [C:\Progh\Code\Project_RetroGame\Oplevering\EindProject_FPGA.srcs\sources_1\new\DisplayMenus.vhd:]
WARNING: [filemgmt 56-199] Attempt to get parsing info during refresh. "On-the-fly" syntax checking information may be incorrect. [C:\Progh\Code\Project_RetroGame\Oplevering\EindProject_FPGA.srcs\sources_1\new\XY_GEN.vhd:]
WARNING: [filemgmt 56-199] Attempt to get parsing info during refresh. "On-the-fly" syntax checking information may be incorrect. [C:\Progh\Code\Project_RetroGame\Oplevering\EindProject_FPGA.srcs\sources_1\new\XY_GEN.vhd:]
WARNING: [filemgmt 56-199] Attempt to get parsing info during refresh. "On-the-fly" syntax checking information may be incorrect. [C:\Progh\Code\Project_RetroGame\Oplevering\EindProject_FPGA.srcs\sources_1\new\XY_GEN.vhd:]
ERROR: [Common 17-180] Spawn failed: No error
WARNING: [filemgmt 56-199] Attempt to get parsing info during refresh. "On-the-fly" syntax checking information may be incorrect. [C:\Progh\Code\Project_RetroGame\Oplevering\EindProject_FPGA.srcs\sources_1\new\DisplayMenus.vhd:]
WARNING: [filemgmt 56-199] Attempt to get parsing info during refresh. "On-the-fly" syntax checking information may be incorrect. [C:\Progh\Code\Project_RetroGame\Oplevering\EindProject_FPGA.srcs\sources_1\new\XY_GEN.vhd:]
WARNING: [filemgmt 56-199] Attempt to get parsing info during refresh. "On-the-fly" syntax checking information may be incorrect. [C:\Progh\Code\Project_RetroGame\Oplevering\EindProject_FPGA.srcs\sources_1\new\XY_GEN.vhd:]
WARNING: [filemgmt 56-199] Attempt to get parsing info during refresh. "On-the-fly" syntax checking information may be incorrect. [C:\Progh\Code\Project_RetroGame\Oplevering\EindProject_FPGA.srcs\sources_1\new\XY_GEN.vhd:]
ERROR: [Common 17-180] Spawn failed: No error
reset_run impl_1 -prev_step 
launch_runs impl_1 -to_step write_bitstream -jobs 8
[Wed Apr  9 20:46:19 2025] Launched impl_1...
Run output will be captured here: C:/Progh/Code/Project_RetroGame/Oplevering/EindProject_FPGA.runs/impl_1/runme.log
reset_run impl_1 -prev_step 
WARNING: [Vivado 12-1017] Problems encountered:
1. Couldn't access process for termination

reset_run synth_1
INFO: [Project 1-1161] Replacing file C:/Progh/Code/Project_RetroGame/Oplevering/EindProject_FPGA.srcs/utils_1/imports/synth_1/DVI.dcp with file C:/Progh/Code/Project_RetroGame/Oplevering/EindProject_FPGA.runs/synth_1/DVI_Top.dcp
WARNING: [Vivado 12-1017] Problems encountered:
1. Couldn't access process for termination

launch_runs synth_1 -jobs 8
[Wed Apr  9 20:46:37 2025] Launched synth_1...
Run output will be captured here: C:/Progh/Code/Project_RetroGame/Oplevering/EindProject_FPGA.runs/synth_1/runme.log
WARNING: [filemgmt 56-199] Attempt to get parsing info during refresh. "On-the-fly" syntax checking information may be incorrect. [C:\Progh\Code\Project_RetroGame\Oplevering\EindProject_FPGA.srcs\sources_1\new\DisplayMenus.vhd:]
WARNING: [filemgmt 56-199] Attempt to get parsing info during refresh. "On-the-fly" syntax checking information may be incorrect. [C:\Progh\Code\Project_RetroGame\Oplevering\EindProject_FPGA.srcs\sources_1\new\XY_GEN.vhd:]
WARNING: [filemgmt 56-199] Attempt to get parsing info during refresh. "On-the-fly" syntax checking information may be incorrect. [C:\Progh\Code\Project_RetroGame\Oplevering\EindProject_FPGA.srcs\sources_1\new\XY_GEN.vhd:]
WARNING: [filemgmt 56-199] Attempt to get parsing info during refresh. "On-the-fly" syntax checking information may be incorrect. [C:\Progh\Code\Project_RetroGame\Oplevering\EindProject_FPGA.srcs\sources_1\new\XY_GEN.vhd:]
ERROR: [Common 17-180] Spawn failed: No error
launch_runs impl_1 -jobs 8
[Wed Apr  9 20:48:11 2025] Launched impl_1...
Run output will be captured here: C:/Progh/Code/Project_RetroGame/Oplevering/EindProject_FPGA.runs/impl_1/runme.log
launch_runs impl_1 -to_step write_bitstream -jobs 8
[Wed Apr  9 20:49:27 2025] Launched impl_1...
Run output will be captured here: C:/Progh/Code/Project_RetroGame/Oplevering/EindProject_FPGA.runs/impl_1/runme.log
set_property PROBES.FILE {} [get_hw_devices xc7a35t_0]
set_property FULL_PROBES.FILE {} [get_hw_devices xc7a35t_0]
set_property PROGRAM.FILE {C:/Progh/Code/Project_RetroGame/Oplevering/EindProject_FPGA.runs/impl_1/DVI_Top.bit} [get_hw_devices xc7a35t_0]
program_hw_devices [get_hw_devices xc7a35t_0]
INFO: [Labtools 27-3164] End of startup status: HIGH
refresh_hw_device [lindex [get_hw_devices xc7a35t_0] 0]
INFO: [Labtools 27-1434] Device xc7a35t (JTAG device index = 0) is programmed with a design that has no supported debug core(s) in it.
set_property PROBES.FILE {} [get_hw_devices xc7a35t_0]
set_property FULL_PROBES.FILE {} [get_hw_devices xc7a35t_0]
set_property PROGRAM.FILE {C:/Progh/Code/Project_RetroGame/Oplevering/EindProject_FPGA.runs/impl_1/DVI_Top.bit} [get_hw_devices xc7a35t_0]
program_hw_devices [get_hw_devices xc7a35t_0]
INFO: [Labtools 27-3164] End of startup status: HIGH
refresh_hw_device [lindex [get_hw_devices xc7a35t_0] 0]
INFO: [Labtools 27-1434] Device xc7a35t (JTAG device index = 0) is programmed with a design that has no supported debug core(s) in it.
WARNING: [filemgmt 56-199] Attempt to get parsing info during refresh. "On-the-fly" syntax checking information may be incorrect. [C:\Progh\Code\Project_RetroGame\Oplevering\EindProject_FPGA.srcs\sources_1\new\DisplayMenus.vhd:]
WARNING: [filemgmt 56-199] Attempt to get parsing info during refresh. "On-the-fly" syntax checking information may be incorrect. [C:\Progh\Code\Project_RetroGame\Oplevering\EindProject_FPGA.srcs\sources_1\new\XY_GEN.vhd:]
WARNING: [filemgmt 56-199] Attempt to get parsing info during refresh. "On-the-fly" syntax checking information may be incorrect. [C:\Progh\Code\Project_RetroGame\Oplevering\EindProject_FPGA.srcs\sources_1\new\XY_GEN.vhd:]
WARNING: [filemgmt 56-199] Attempt to get parsing info during refresh. "On-the-fly" syntax checking information may be incorrect. [C:\Progh\Code\Project_RetroGame\Oplevering\EindProject_FPGA.srcs\sources_1\new\XY_GEN.vhd:]
ERROR: [Common 17-180] Spawn failed: No error
reset_run impl_1 -prev_step 
launch_runs impl_1 -to_step write_bitstream -jobs 8
[Wed Apr  9 20:53:54 2025] Launched impl_1...
Run output will be captured here: C:/Progh/Code/Project_RetroGame/Oplevering/EindProject_FPGA.runs/impl_1/runme.log
reset_run impl_1 -prev_step 
WARNING: [Vivado 12-1017] Problems encountered:
1. Couldn't access process for termination

reset_run synth_1
INFO: [Project 1-1161] Replacing file C:/Progh/Code/Project_RetroGame/Oplevering/EindProject_FPGA.srcs/utils_1/imports/synth_1/DVI.dcp with file C:/Progh/Code/Project_RetroGame/Oplevering/EindProject_FPGA.runs/synth_1/DVI_Top.dcp
WARNING: [Vivado 12-1017] Problems encountered:
1. Couldn't access process for termination

launch_runs synth_1 -jobs 8
[Wed Apr  9 20:54:09 2025] Launched synth_1...
Run output will be captured here: C:/Progh/Code/Project_RetroGame/Oplevering/EindProject_FPGA.runs/synth_1/runme.log
WARNING: [filemgmt 56-199] Attempt to get parsing info during refresh. "On-the-fly" syntax checking information may be incorrect. [C:\Progh\Code\Project_RetroGame\Oplevering\EindProject_FPGA.srcs\sources_1\new\DisplayMenus.vhd:]
WARNING: [filemgmt 56-199] Attempt to get parsing info during refresh. "On-the-fly" syntax checking information may be incorrect. [C:\Progh\Code\Project_RetroGame\Oplevering\EindProject_FPGA.srcs\sources_1\new\XY_GEN.vhd:]
WARNING: [filemgmt 56-199] Attempt to get parsing info during refresh. "On-the-fly" syntax checking information may be incorrect. [C:\Progh\Code\Project_RetroGame\Oplevering\EindProject_FPGA.srcs\sources_1\new\XY_GEN.vhd:]
WARNING: [filemgmt 56-199] Attempt to get parsing info during refresh. "On-the-fly" syntax checking information may be incorrect. [C:\Progh\Code\Project_RetroGame\Oplevering\EindProject_FPGA.srcs\sources_1\new\XY_GEN.vhd:]
ERROR: [Common 17-180] Spawn failed: No error
launch_runs impl_1 -to_step write_bitstream -jobs 8
[Wed Apr  9 20:55:27 2025] Launched impl_1...
Run output will be captured here: C:/Progh/Code/Project_RetroGame/Oplevering/EindProject_FPGA.runs/impl_1/runme.log
set_property PROBES.FILE {} [get_hw_devices xc7a35t_0]
set_property FULL_PROBES.FILE {} [get_hw_devices xc7a35t_0]
set_property PROGRAM.FILE {C:/Progh/Code/Project_RetroGame/Oplevering/EindProject_FPGA.runs/impl_1/DVI_Top.bit} [get_hw_devices xc7a35t_0]
program_hw_devices [get_hw_devices xc7a35t_0]
INFO: [Labtools 27-3164] End of startup status: HIGH
refresh_hw_device [lindex [get_hw_devices xc7a35t_0] 0]
INFO: [Labtools 27-1434] Device xc7a35t (JTAG device index = 0) is programmed with a design that has no supported debug core(s) in it.
WARNING: [filemgmt 56-199] Attempt to get parsing info during refresh. "On-the-fly" syntax checking information may be incorrect. [C:\Progh\Code\Project_RetroGame\Oplevering\EindProject_FPGA.srcs\sources_1\new\ControlCharacter.vhd:]
WARNING: [filemgmt 56-199] Attempt to get parsing info during refresh. "On-the-fly" syntax checking information may be incorrect. [C:\Progh\Code\Project_RetroGame\Oplevering\EindProject_FPGA.srcs\sources_1\new\DisplayMenus.vhd:]
WARNING: [filemgmt 56-199] Attempt to get parsing info during refresh. "On-the-fly" syntax checking information may be incorrect. [C:\Progh\Code\Project_RetroGame\Oplevering\EindProject_FPGA.srcs\sources_1\new\CharacterController.vhd:]
WARNING: [filemgmt 56-199] Attempt to get parsing info during refresh. "On-the-fly" syntax checking information may be incorrect. [C:\Progh\Code\Project_RetroGame\Oplevering\EindProject_FPGA.srcs\sources_1\new\XY_GEN.vhd:]
WARNING: [filemgmt 56-199] Attempt to get parsing info during refresh. "On-the-fly" syntax checking information may be incorrect. [C:\Progh\Code\Project_RetroGame\Oplevering\EindProject_FPGA.srcs\sources_1\new\DisplayHUD.vhd:]
WARNING: [filemgmt 56-199] Attempt to get parsing info during refresh. "On-the-fly" syntax checking information may be incorrect. [C:\Progh\Code\Project_RetroGame\Oplevering\EindProject_FPGA.srcs\sources_1\new\XY_GEN.vhd:]
WARNING: [filemgmt 56-199] Attempt to get parsing info during refresh. "On-the-fly" syntax checking information may be incorrect. [C:\Progh\Code\Project_RetroGame\Oplevering\EindProject_FPGA.srcs\sources_1\new\XY_GEN.vhd:]
WARNING: [filemgmt 56-199] Attempt to get parsing info during refresh. "On-the-fly" syntax checking information may be incorrect. [C:\Progh\Code\Project_RetroGame\Oplevering\EindProject_FPGA.srcs\sources_1\new\ControlCharacter.vhd:]
WARNING: [filemgmt 56-199] Attempt to get parsing info during refresh. "On-the-fly" syntax checking information may be incorrect. [C:\Progh\Code\Project_RetroGame\Oplevering\EindProject_FPGA.srcs\sources_1\new\DisplayMenus.vhd:]
WARNING: [filemgmt 56-199] Attempt to get parsing info during refresh. "On-the-fly" syntax checking information may be incorrect. [C:\Progh\Code\Project_RetroGame\Oplevering\EindProject_FPGA.srcs\sources_1\new\CharacterController.vhd:]
WARNING: [filemgmt 56-199] Attempt to get parsing info during refresh. "On-the-fly" syntax checking information may be incorrect. [C:\Progh\Code\Project_RetroGame\Oplevering\EindProject_FPGA.srcs\sources_1\new\XY_GEN.vhd:]
WARNING: [filemgmt 56-199] Attempt to get parsing info during refresh. "On-the-fly" syntax checking information may be incorrect. [C:\Progh\Code\Project_RetroGame\Oplevering\EindProject_FPGA.srcs\sources_1\new\DisplayHUD.vhd:]
WARNING: [filemgmt 56-199] Attempt to get parsing info during refresh. "On-the-fly" syntax checking information may be incorrect. [C:\Progh\Code\Project_RetroGame\Oplevering\EindProject_FPGA.srcs\sources_1\new\CharacterController.vhd:]
WARNING: [filemgmt 56-199] Attempt to get parsing info during refresh. "On-the-fly" syntax checking information may be incorrect. [C:\Progh\Code\Project_RetroGame\Oplevering\EindProject_FPGA.srcs\sources_1\new\CharacterController.vhd:]
WARNING: [filemgmt 56-199] Attempt to get parsing info during refresh. "On-the-fly" syntax checking information may be incorrect. [C:\Progh\Code\Project_RetroGame\Oplevering\EindProject_FPGA.srcs\sources_1\new\ControlCharacter.vhd:]
WARNING: [filemgmt 56-199] Attempt to get parsing info during refresh. "On-the-fly" syntax checking information may be incorrect. [C:\Progh\Code\Project_RetroGame\Oplevering\EindProject_FPGA.srcs\sources_1\new\DisplayMenus.vhd:]
WARNING: [filemgmt 56-199] Attempt to get parsing info during refresh. "On-the-fly" syntax checking information may be incorrect. [C:\Progh\Code\Project_RetroGame\Oplevering\EindProject_FPGA.srcs\sources_1\new\CharacterController.vhd:]
WARNING: [filemgmt 56-199] Attempt to get parsing info during refresh. "On-the-fly" syntax checking information may be incorrect. [C:\Progh\Code\Project_RetroGame\Oplevering\EindProject_FPGA.srcs\sources_1\new\XY_GEN.vhd:]
WARNING: [filemgmt 56-199] Attempt to get parsing info during refresh. "On-the-fly" syntax checking information may be incorrect. [C:\Progh\Code\Project_RetroGame\Oplevering\EindProject_FPGA.srcs\sources_1\new\DisplayHUD.vhd:]
WARNING: [filemgmt 56-199] Attempt to get parsing info during refresh. "On-the-fly" syntax checking information may be incorrect. [C:\Progh\Code\Project_RetroGame\Oplevering\EindProject_FPGA.srcs\sources_1\new\DisplayHUD.vhd:]
WARNING: [filemgmt 56-199] Attempt to get parsing info during refresh. "On-the-fly" syntax checking information may be incorrect. [C:\Progh\Code\Project_RetroGame\Oplevering\EindProject_FPGA.srcs\sources_1\new\DisplayHUD.vhd:]
WARNING: [filemgmt 56-199] Attempt to get parsing info during refresh. "On-the-fly" syntax checking information may be incorrect. [C:\Progh\Code\Project_RetroGame\Oplevering\EindProject_FPGA.srcs\sources_1\new\ControlCharacter.vhd:]
WARNING: [filemgmt 56-199] Attempt to get parsing info during refresh. "On-the-fly" syntax checking information may be incorrect. [C:\Progh\Code\Project_RetroGame\Oplevering\EindProject_FPGA.srcs\sources_1\new\DisplayMenus.vhd:]
WARNING: [filemgmt 56-199] Attempt to get parsing info during refresh. "On-the-fly" syntax checking information may be incorrect. [C:\Progh\Code\Project_RetroGame\Oplevering\EindProject_FPGA.srcs\sources_1\new\CharacterController.vhd:]
WARNING: [filemgmt 56-199] Attempt to get parsing info during refresh. "On-the-fly" syntax checking information may be incorrect. [C:\Progh\Code\Project_RetroGame\Oplevering\EindProject_FPGA.srcs\sources_1\new\XY_GEN.vhd:]
WARNING: [filemgmt 56-199] Attempt to get parsing info during refresh. "On-the-fly" syntax checking information may be incorrect. [C:\Progh\Code\Project_RetroGame\Oplevering\EindProject_FPGA.srcs\sources_1\new\DisplayHUD.vhd:]
WARNING: [filemgmt 56-199] Attempt to get parsing info during refresh. "On-the-fly" syntax checking information may be incorrect. [C:\Progh\Code\Project_RetroGame\Oplevering\EindProject_FPGA.srcs\sources_1\new\DisplayMenus.vhd:]
WARNING: [filemgmt 56-199] Attempt to get parsing info during refresh. "On-the-fly" syntax checking information may be incorrect. [C:\Progh\Code\Project_RetroGame\Oplevering\EindProject_FPGA.srcs\sources_1\new\DisplayMenus.vhd:]
ERROR: [Common 17-180] Spawn failed: No error
reset_run synth_1
INFO: [Project 1-1161] Replacing file C:/Progh/Code/Project_RetroGame/Oplevering/EindProject_FPGA.srcs/utils_1/imports/synth_1/DVI.dcp with file C:/Progh/Code/Project_RetroGame/Oplevering/EindProject_FPGA.runs/synth_1/DVI_Top.dcp
launch_runs synth_1 -jobs 8
[Wed Apr  9 21:00:32 2025] Launched synth_1...
Run output will be captured here: C:/Progh/Code/Project_RetroGame/Oplevering/EindProject_FPGA.runs/synth_1/runme.log
WARNING: [filemgmt 56-199] Attempt to get parsing info during refresh. "On-the-fly" syntax checking information may be incorrect. [C:\Progh\Code\Project_RetroGame\Oplevering\EindProject_FPGA.srcs\sources_1\new\ControlCharacter.vhd:]
WARNING: [filemgmt 56-199] Attempt to get parsing info during refresh. "On-the-fly" syntax checking information may be incorrect. [C:\Progh\Code\Project_RetroGame\Oplevering\EindProject_FPGA.srcs\sources_1\new\DisplayMenus.vhd:]
WARNING: [filemgmt 56-199] Attempt to get parsing info during refresh. "On-the-fly" syntax checking information may be incorrect. [C:\Progh\Code\Project_RetroGame\Oplevering\EindProject_FPGA.srcs\sources_1\new\CharacterController.vhd:]
WARNING: [filemgmt 56-199] Attempt to get parsing info during refresh. "On-the-fly" syntax checking information may be incorrect. [C:\Progh\Code\Project_RetroGame\Oplevering\EindProject_FPGA.srcs\sources_1\new\XY_GEN.vhd:]
WARNING: [filemgmt 56-199] Attempt to get parsing info during refresh. "On-the-fly" syntax checking information may be incorrect. [C:\Progh\Code\Project_RetroGame\Oplevering\EindProject_FPGA.srcs\sources_1\new\DisplayHUD.vhd:]
WARNING: [filemgmt 56-199] Attempt to get parsing info during refresh. "On-the-fly" syntax checking information may be incorrect. [C:\Progh\Code\Project_RetroGame\Oplevering\EindProject_FPGA.srcs\sources_1\new\XY_GEN.vhd:]
WARNING: [filemgmt 56-199] Attempt to get parsing info during refresh. "On-the-fly" syntax checking information may be incorrect. [C:\Progh\Code\Project_RetroGame\Oplevering\EindProject_FPGA.srcs\sources_1\new\XY_GEN.vhd:]
WARNING: [filemgmt 56-199] Attempt to get parsing info during refresh. "On-the-fly" syntax checking information may be incorrect. [C:\Progh\Code\Project_RetroGame\Oplevering\EindProject_FPGA.srcs\sources_1\new\ControlCharacter.vhd:]
WARNING: [filemgmt 56-199] Attempt to get parsing info during refresh. "On-the-fly" syntax checking information may be incorrect. [C:\Progh\Code\Project_RetroGame\Oplevering\EindProject_FPGA.srcs\sources_1\new\DisplayMenus.vhd:]
WARNING: [filemgmt 56-199] Attempt to get parsing info during refresh. "On-the-fly" syntax checking information may be incorrect. [C:\Progh\Code\Project_RetroGame\Oplevering\EindProject_FPGA.srcs\sources_1\new\CharacterController.vhd:]
WARNING: [filemgmt 56-199] Attempt to get parsing info during refresh. "On-the-fly" syntax checking information may be incorrect. [C:\Progh\Code\Project_RetroGame\Oplevering\EindProject_FPGA.srcs\sources_1\new\XY_GEN.vhd:]
WARNING: [filemgmt 56-199] Attempt to get parsing info during refresh. "On-the-fly" syntax checking information may be incorrect. [C:\Progh\Code\Project_RetroGame\Oplevering\EindProject_FPGA.srcs\sources_1\new\DisplayHUD.vhd:]
WARNING: [filemgmt 56-199] Attempt to get parsing info during refresh. "On-the-fly" syntax checking information may be incorrect. [C:\Progh\Code\Project_RetroGame\Oplevering\EindProject_FPGA.srcs\sources_1\new\CharacterController.vhd:]
WARNING: [filemgmt 56-199] Attempt to get parsing info during refresh. "On-the-fly" syntax checking information may be incorrect. [C:\Progh\Code\Project_RetroGame\Oplevering\EindProject_FPGA.srcs\sources_1\new\CharacterController.vhd:]
WARNING: [filemgmt 56-199] Attempt to get parsing info during refresh. "On-the-fly" syntax checking information may be incorrect. [C:\Progh\Code\Project_RetroGame\Oplevering\EindProject_FPGA.srcs\sources_1\new\ControlCharacter.vhd:]
WARNING: [filemgmt 56-199] Attempt to get parsing info during refresh. "On-the-fly" syntax checking information may be incorrect. [C:\Progh\Code\Project_RetroGame\Oplevering\EindProject_FPGA.srcs\sources_1\new\DisplayMenus.vhd:]
WARNING: [filemgmt 56-199] Attempt to get parsing info during refresh. "On-the-fly" syntax checking information may be incorrect. [C:\Progh\Code\Project_RetroGame\Oplevering\EindProject_FPGA.srcs\sources_1\new\CharacterController.vhd:]
WARNING: [filemgmt 56-199] Attempt to get parsing info during refresh. "On-the-fly" syntax checking information may be incorrect. [C:\Progh\Code\Project_RetroGame\Oplevering\EindProject_FPGA.srcs\sources_1\new\XY_GEN.vhd:]
WARNING: [filemgmt 56-199] Attempt to get parsing info during refresh. "On-the-fly" syntax checking information may be incorrect. [C:\Progh\Code\Project_RetroGame\Oplevering\EindProject_FPGA.srcs\sources_1\new\DisplayHUD.vhd:]
WARNING: [filemgmt 56-199] Attempt to get parsing info during refresh. "On-the-fly" syntax checking information may be incorrect. [C:\Progh\Code\Project_RetroGame\Oplevering\EindProject_FPGA.srcs\sources_1\new\DisplayHUD.vhd:]
WARNING: [filemgmt 56-199] Attempt to get parsing info during refresh. "On-the-fly" syntax checking information may be incorrect. [C:\Progh\Code\Project_RetroGame\Oplevering\EindProject_FPGA.srcs\sources_1\new\DisplayHUD.vhd:]
WARNING: [filemgmt 56-199] Attempt to get parsing info during refresh. "On-the-fly" syntax checking information may be incorrect. [C:\Progh\Code\Project_RetroGame\Oplevering\EindProject_FPGA.srcs\sources_1\new\ControlCharacter.vhd:]
WARNING: [filemgmt 56-199] Attempt to get parsing info during refresh. "On-the-fly" syntax checking information may be incorrect. [C:\Progh\Code\Project_RetroGame\Oplevering\EindProject_FPGA.srcs\sources_1\new\DisplayMenus.vhd:]
WARNING: [filemgmt 56-199] Attempt to get parsing info during refresh. "On-the-fly" syntax checking information may be incorrect. [C:\Progh\Code\Project_RetroGame\Oplevering\EindProject_FPGA.srcs\sources_1\new\CharacterController.vhd:]
WARNING: [filemgmt 56-199] Attempt to get parsing info during refresh. "On-the-fly" syntax checking information may be incorrect. [C:\Progh\Code\Project_RetroGame\Oplevering\EindProject_FPGA.srcs\sources_1\new\XY_GEN.vhd:]
WARNING: [filemgmt 56-199] Attempt to get parsing info during refresh. "On-the-fly" syntax checking information may be incorrect. [C:\Progh\Code\Project_RetroGame\Oplevering\EindProject_FPGA.srcs\sources_1\new\DisplayHUD.vhd:]
WARNING: [filemgmt 56-199] Attempt to get parsing info during refresh. "On-the-fly" syntax checking information may be incorrect. [C:\Progh\Code\Project_RetroGame\Oplevering\EindProject_FPGA.srcs\sources_1\new\DisplayMenus.vhd:]
WARNING: [filemgmt 56-199] Attempt to get parsing info during refresh. "On-the-fly" syntax checking information may be incorrect. [C:\Progh\Code\Project_RetroGame\Oplevering\EindProject_FPGA.srcs\sources_1\new\DisplayMenus.vhd:]
ERROR: [Common 17-180] Spawn failed: No error
launch_runs impl_1 -jobs 8
[Wed Apr  9 21:01:46 2025] Launched impl_1...
Run output will be captured here: C:/Progh/Code/Project_RetroGame/Oplevering/EindProject_FPGA.runs/impl_1/runme.log
launch_runs impl_1 -to_step write_bitstream -jobs 8
[Wed Apr  9 21:02:58 2025] Launched impl_1...
Run output will be captured here: C:/Progh/Code/Project_RetroGame/Oplevering/EindProject_FPGA.runs/impl_1/runme.log
set_property PROBES.FILE {} [get_hw_devices xc7a35t_0]
set_property FULL_PROBES.FILE {} [get_hw_devices xc7a35t_0]
set_property PROGRAM.FILE {C:/Progh/Code/Project_RetroGame/Oplevering/EindProject_FPGA.runs/impl_1/DVI_Top.bit} [get_hw_devices xc7a35t_0]
program_hw_devices [get_hw_devices xc7a35t_0]
INFO: [Labtools 27-3164] End of startup status: HIGH
refresh_hw_device [lindex [get_hw_devices xc7a35t_0] 0]
INFO: [Labtools 27-1434] Device xc7a35t (JTAG device index = 0) is programmed with a design that has no supported debug core(s) in it.
WARNING: [filemgmt 56-199] Attempt to get parsing info during refresh. "On-the-fly" syntax checking information may be incorrect. [C:\Progh\Code\Project_RetroGame\Oplevering\EindProject_FPGA.srcs\sources_1\new\ControlCharacter.vhd:]
WARNING: [filemgmt 56-199] Attempt to get parsing info during refresh. "On-the-fly" syntax checking information may be incorrect. [C:\Progh\Code\Project_RetroGame\Oplevering\EindProject_FPGA.srcs\sources_1\new\DisplayMenus.vhd:]
WARNING: [filemgmt 56-199] Attempt to get parsing info during refresh. "On-the-fly" syntax checking information may be incorrect. [C:\Progh\Code\Project_RetroGame\Oplevering\EindProject_FPGA.srcs\sources_1\new\CharacterController.vhd:]
WARNING: [filemgmt 56-199] Attempt to get parsing info during refresh. "On-the-fly" syntax checking information may be incorrect. [C:\Progh\Code\Project_RetroGame\Oplevering\EindProject_FPGA.srcs\sources_1\new\XY_GEN.vhd:]
WARNING: [filemgmt 56-199] Attempt to get parsing info during refresh. "On-the-fly" syntax checking information may be incorrect. [C:\Progh\Code\Project_RetroGame\Oplevering\EindProject_FPGA.srcs\sources_1\new\DisplayHUD.vhd:]
WARNING: [filemgmt 56-199] Attempt to get parsing info during refresh. "On-the-fly" syntax checking information may be incorrect. [C:\Progh\Code\Project_RetroGame\Oplevering\EindProject_FPGA.srcs\sources_1\new\XY_GEN.vhd:]
WARNING: [filemgmt 56-199] Attempt to get parsing info during refresh. "On-the-fly" syntax checking information may be incorrect. [C:\Progh\Code\Project_RetroGame\Oplevering\EindProject_FPGA.srcs\sources_1\new\XY_GEN.vhd:]
WARNING: [filemgmt 56-199] Attempt to get parsing info during refresh. "On-the-fly" syntax checking information may be incorrect. [C:\Progh\Code\Project_RetroGame\Oplevering\EindProject_FPGA.srcs\sources_1\new\ControlCharacter.vhd:]
WARNING: [filemgmt 56-199] Attempt to get parsing info during refresh. "On-the-fly" syntax checking information may be incorrect. [C:\Progh\Code\Project_RetroGame\Oplevering\EindProject_FPGA.srcs\sources_1\new\DisplayMenus.vhd:]
WARNING: [filemgmt 56-199] Attempt to get parsing info during refresh. "On-the-fly" syntax checking information may be incorrect. [C:\Progh\Code\Project_RetroGame\Oplevering\EindProject_FPGA.srcs\sources_1\new\CharacterController.vhd:]
WARNING: [filemgmt 56-199] Attempt to get parsing info during refresh. "On-the-fly" syntax checking information may be incorrect. [C:\Progh\Code\Project_RetroGame\Oplevering\EindProject_FPGA.srcs\sources_1\new\XY_GEN.vhd:]
WARNING: [filemgmt 56-199] Attempt to get parsing info during refresh. "On-the-fly" syntax checking information may be incorrect. [C:\Progh\Code\Project_RetroGame\Oplevering\EindProject_FPGA.srcs\sources_1\new\DisplayHUD.vhd:]
WARNING: [filemgmt 56-199] Attempt to get parsing info during refresh. "On-the-fly" syntax checking information may be incorrect. [C:\Progh\Code\Project_RetroGame\Oplevering\EindProject_FPGA.srcs\sources_1\new\CharacterController.vhd:]
WARNING: [filemgmt 56-199] Attempt to get parsing info during refresh. "On-the-fly" syntax checking information may be incorrect. [C:\Progh\Code\Project_RetroGame\Oplevering\EindProject_FPGA.srcs\sources_1\new\CharacterController.vhd:]
WARNING: [filemgmt 56-199] Attempt to get parsing info during refresh. "On-the-fly" syntax checking information may be incorrect. [C:\Progh\Code\Project_RetroGame\Oplevering\EindProject_FPGA.srcs\sources_1\new\ControlCharacter.vhd:]
WARNING: [filemgmt 56-199] Attempt to get parsing info during refresh. "On-the-fly" syntax checking information may be incorrect. [C:\Progh\Code\Project_RetroGame\Oplevering\EindProject_FPGA.srcs\sources_1\new\DisplayMenus.vhd:]
WARNING: [filemgmt 56-199] Attempt to get parsing info during refresh. "On-the-fly" syntax checking information may be incorrect. [C:\Progh\Code\Project_RetroGame\Oplevering\EindProject_FPGA.srcs\sources_1\new\CharacterController.vhd:]
WARNING: [filemgmt 56-199] Attempt to get parsing info during refresh. "On-the-fly" syntax checking information may be incorrect. [C:\Progh\Code\Project_RetroGame\Oplevering\EindProject_FPGA.srcs\sources_1\new\XY_GEN.vhd:]
WARNING: [filemgmt 56-199] Attempt to get parsing info during refresh. "On-the-fly" syntax checking information may be incorrect. [C:\Progh\Code\Project_RetroGame\Oplevering\EindProject_FPGA.srcs\sources_1\new\DisplayHUD.vhd:]
WARNING: [filemgmt 56-199] Attempt to get parsing info during refresh. "On-the-fly" syntax checking information may be incorrect. [C:\Progh\Code\Project_RetroGame\Oplevering\EindProject_FPGA.srcs\sources_1\new\DisplayMenus.vhd:]
WARNING: [filemgmt 56-199] Attempt to get parsing info during refresh. "On-the-fly" syntax checking information may be incorrect. [C:\Progh\Code\Project_RetroGame\Oplevering\EindProject_FPGA.srcs\sources_1\new\DisplayMenus.vhd:]
ERROR: [Common 17-180] Spawn failed: No error
WARNING: [filemgmt 56-199] Attempt to get parsing info during refresh. "On-the-fly" syntax checking information may be incorrect. [C:\Progh\Code\Project_RetroGame\Oplevering\EindProject_FPGA.srcs\sources_1\new\ControlCharacter.vhd:]
WARNING: [filemgmt 56-199] Attempt to get parsing info during refresh. "On-the-fly" syntax checking information may be incorrect. [C:\Progh\Code\Project_RetroGame\Oplevering\EindProject_FPGA.srcs\sources_1\new\DisplayMenus.vhd:]
WARNING: [filemgmt 56-199] Attempt to get parsing info during refresh. "On-the-fly" syntax checking information may be incorrect. [C:\Progh\Code\Project_RetroGame\Oplevering\EindProject_FPGA.srcs\sources_1\new\CharacterController.vhd:]
WARNING: [filemgmt 56-199] Attempt to get parsing info during refresh. "On-the-fly" syntax checking information may be incorrect. [C:\Progh\Code\Project_RetroGame\Oplevering\EindProject_FPGA.srcs\sources_1\new\XY_GEN.vhd:]
WARNING: [filemgmt 56-199] Attempt to get parsing info during refresh. "On-the-fly" syntax checking information may be incorrect. [C:\Progh\Code\Project_RetroGame\Oplevering\EindProject_FPGA.srcs\sources_1\new\DisplayHUD.vhd:]
WARNING: [filemgmt 56-199] Attempt to get parsing info during refresh. "On-the-fly" syntax checking information may be incorrect. [C:\Progh\Code\Project_RetroGame\Oplevering\EindProject_FPGA.srcs\sources_1\new\ControlCharacter.vhd:]
WARNING: [filemgmt 56-199] Attempt to get parsing info during refresh. "On-the-fly" syntax checking information may be incorrect. [C:\Progh\Code\Project_RetroGame\Oplevering\EindProject_FPGA.srcs\sources_1\new\ControlCharacter.vhd:]
ERROR: [Common 17-180] Spawn failed: No error
reset_run impl_1 -prev_step 
launch_runs impl_1 -to_step write_bitstream -jobs 8
[Wed Apr  9 21:07:00 2025] Launched impl_1...
Run output will be captured here: C:/Progh/Code/Project_RetroGame/Oplevering/EindProject_FPGA.runs/impl_1/runme.log
reset_run impl_1 -prev_step 
launch_runs impl_1 -to_step write_bitstream -jobs 8
[Wed Apr  9 21:07:26 2025] Launched impl_1...
Run output will be captured here: C:/Progh/Code/Project_RetroGame/Oplevering/EindProject_FPGA.runs/impl_1/runme.log
set_property PROBES.FILE {} [get_hw_devices xc7a35t_0]
set_property FULL_PROBES.FILE {} [get_hw_devices xc7a35t_0]
set_property PROGRAM.FILE {C:/Progh/Code/Project_RetroGame/Oplevering/EindProject_FPGA.runs/impl_1/DVI_Top.bit} [get_hw_devices xc7a35t_0]
program_hw_devices [get_hw_devices xc7a35t_0]
INFO: [Labtools 27-3164] End of startup status: HIGH
refresh_hw_device [lindex [get_hw_devices xc7a35t_0] 0]
INFO: [Labtools 27-1434] Device xc7a35t (JTAG device index = 0) is programmed with a design that has no supported debug core(s) in it.
reset_run synth_1
INFO: [Project 1-1161] Replacing file C:/Progh/Code/Project_RetroGame/Oplevering/EindProject_FPGA.srcs/utils_1/imports/synth_1/DVI.dcp with file C:/Progh/Code/Project_RetroGame/Oplevering/EindProject_FPGA.runs/synth_1/DVI_Top.dcp
launch_runs synth_1 -jobs 8
[Wed Apr  9 21:08:23 2025] Launched synth_1...
Run output will be captured here: C:/Progh/Code/Project_RetroGame/Oplevering/EindProject_FPGA.runs/synth_1/runme.log
WARNING: [filemgmt 56-199] Attempt to get parsing info during refresh. "On-the-fly" syntax checking information may be incorrect. [C:\Progh\Code\Project_RetroGame\Oplevering\EindProject_FPGA.srcs\sources_1\new\ControlCharacter.vhd:]
WARNING: [filemgmt 56-199] Attempt to get parsing info during refresh. "On-the-fly" syntax checking information may be incorrect. [C:\Progh\Code\Project_RetroGame\Oplevering\EindProject_FPGA.srcs\sources_1\new\DisplayMenus.vhd:]
WARNING: [filemgmt 56-199] Attempt to get parsing info during refresh. "On-the-fly" syntax checking information may be incorrect. [C:\Progh\Code\Project_RetroGame\Oplevering\EindProject_FPGA.srcs\sources_1\new\CharacterController.vhd:]
WARNING: [filemgmt 56-199] Attempt to get parsing info during refresh. "On-the-fly" syntax checking information may be incorrect. [C:\Progh\Code\Project_RetroGame\Oplevering\EindProject_FPGA.srcs\sources_1\new\XY_GEN.vhd:]
WARNING: [filemgmt 56-199] Attempt to get parsing info during refresh. "On-the-fly" syntax checking information may be incorrect. [C:\Progh\Code\Project_RetroGame\Oplevering\EindProject_FPGA.srcs\sources_1\new\DisplayHUD.vhd:]
WARNING: [filemgmt 56-199] Attempt to get parsing info during refresh. "On-the-fly" syntax checking information may be incorrect. [C:\Progh\Code\Project_RetroGame\Oplevering\EindProject_FPGA.srcs\sources_1\new\XY_GEN.vhd:]
WARNING: [filemgmt 56-199] Attempt to get parsing info during refresh. "On-the-fly" syntax checking information may be incorrect. [C:\Progh\Code\Project_RetroGame\Oplevering\EindProject_FPGA.srcs\sources_1\new\XY_GEN.vhd:]
WARNING: [filemgmt 56-199] Attempt to get parsing info during refresh. "On-the-fly" syntax checking information may be incorrect. [C:\Progh\Code\Project_RetroGame\Oplevering\EindProject_FPGA.srcs\sources_1\new\ControlCharacter.vhd:]
WARNING: [filemgmt 56-199] Attempt to get parsing info during refresh. "On-the-fly" syntax checking information may be incorrect. [C:\Progh\Code\Project_RetroGame\Oplevering\EindProject_FPGA.srcs\sources_1\new\DisplayMenus.vhd:]
WARNING: [filemgmt 56-199] Attempt to get parsing info during refresh. "On-the-fly" syntax checking information may be incorrect. [C:\Progh\Code\Project_RetroGame\Oplevering\EindProject_FPGA.srcs\sources_1\new\CharacterController.vhd:]
WARNING: [filemgmt 56-199] Attempt to get parsing info during refresh. "On-the-fly" syntax checking information may be incorrect. [C:\Progh\Code\Project_RetroGame\Oplevering\EindProject_FPGA.srcs\sources_1\new\XY_GEN.vhd:]
WARNING: [filemgmt 56-199] Attempt to get parsing info during refresh. "On-the-fly" syntax checking information may be incorrect. [C:\Progh\Code\Project_RetroGame\Oplevering\EindProject_FPGA.srcs\sources_1\new\DisplayHUD.vhd:]
WARNING: [filemgmt 56-199] Attempt to get parsing info during refresh. "On-the-fly" syntax checking information may be incorrect. [C:\Progh\Code\Project_RetroGame\Oplevering\EindProject_FPGA.srcs\sources_1\new\CharacterController.vhd:]
WARNING: [filemgmt 56-199] Attempt to get parsing info during refresh. "On-the-fly" syntax checking information may be incorrect. [C:\Progh\Code\Project_RetroGame\Oplevering\EindProject_FPGA.srcs\sources_1\new\CharacterController.vhd:]
WARNING: [filemgmt 56-199] Attempt to get parsing info during refresh. "On-the-fly" syntax checking information may be incorrect. [C:\Progh\Code\Project_RetroGame\Oplevering\EindProject_FPGA.srcs\sources_1\new\ControlCharacter.vhd:]
WARNING: [filemgmt 56-199] Attempt to get parsing info during refresh. "On-the-fly" syntax checking information may be incorrect. [C:\Progh\Code\Project_RetroGame\Oplevering\EindProject_FPGA.srcs\sources_1\new\DisplayMenus.vhd:]
WARNING: [filemgmt 56-199] Attempt to get parsing info during refresh. "On-the-fly" syntax checking information may be incorrect. [C:\Progh\Code\Project_RetroGame\Oplevering\EindProject_FPGA.srcs\sources_1\new\CharacterController.vhd:]
WARNING: [filemgmt 56-199] Attempt to get parsing info during refresh. "On-the-fly" syntax checking information may be incorrect. [C:\Progh\Code\Project_RetroGame\Oplevering\EindProject_FPGA.srcs\sources_1\new\XY_GEN.vhd:]
WARNING: [filemgmt 56-199] Attempt to get parsing info during refresh. "On-the-fly" syntax checking information may be incorrect. [C:\Progh\Code\Project_RetroGame\Oplevering\EindProject_FPGA.srcs\sources_1\new\DisplayHUD.vhd:]
WARNING: [filemgmt 56-199] Attempt to get parsing info during refresh. "On-the-fly" syntax checking information may be incorrect. [C:\Progh\Code\Project_RetroGame\Oplevering\EindProject_FPGA.srcs\sources_1\new\DisplayMenus.vhd:]
WARNING: [filemgmt 56-199] Attempt to get parsing info during refresh. "On-the-fly" syntax checking information may be incorrect. [C:\Progh\Code\Project_RetroGame\Oplevering\EindProject_FPGA.srcs\sources_1\new\DisplayMenus.vhd:]
WARNING: [filemgmt 56-199] Attempt to get parsing info during refresh. "On-the-fly" syntax checking information may be incorrect. [C:\Progh\Code\Project_RetroGame\Oplevering\EindProject_FPGA.srcs\sources_1\new\ControlCharacter.vhd:]
WARNING: [filemgmt 56-199] Attempt to get parsing info during refresh. "On-the-fly" syntax checking information may be incorrect. [C:\Progh\Code\Project_RetroGame\Oplevering\EindProject_FPGA.srcs\sources_1\new\DisplayMenus.vhd:]
WARNING: [filemgmt 56-199] Attempt to get parsing info during refresh. "On-the-fly" syntax checking information may be incorrect. [C:\Progh\Code\Project_RetroGame\Oplevering\EindProject_FPGA.srcs\sources_1\new\CharacterController.vhd:]
WARNING: [filemgmt 56-199] Attempt to get parsing info during refresh. "On-the-fly" syntax checking information may be incorrect. [C:\Progh\Code\Project_RetroGame\Oplevering\EindProject_FPGA.srcs\sources_1\new\XY_GEN.vhd:]
WARNING: [filemgmt 56-199] Attempt to get parsing info during refresh. "On-the-fly" syntax checking information may be incorrect. [C:\Progh\Code\Project_RetroGame\Oplevering\EindProject_FPGA.srcs\sources_1\new\DisplayHUD.vhd:]
WARNING: [filemgmt 56-199] Attempt to get parsing info during refresh. "On-the-fly" syntax checking information may be incorrect. [C:\Progh\Code\Project_RetroGame\Oplevering\EindProject_FPGA.srcs\sources_1\new\DisplayHUD.vhd:]
WARNING: [filemgmt 56-199] Attempt to get parsing info during refresh. "On-the-fly" syntax checking information may be incorrect. [C:\Progh\Code\Project_RetroGame\Oplevering\EindProject_FPGA.srcs\sources_1\new\DisplayHUD.vhd:]
ERROR: [Common 17-180] Spawn failed: No error
WARNING: [filemgmt 56-199] Attempt to get parsing info during refresh. "On-the-fly" syntax checking information may be incorrect. [C:\Progh\Code\Project_RetroGame\Oplevering\EindProject_FPGA.srcs\sources_1\new\ControlCharacter.vhd:]
WARNING: [filemgmt 56-199] Attempt to get parsing info during refresh. "On-the-fly" syntax checking information may be incorrect. [C:\Progh\Code\Project_RetroGame\Oplevering\EindProject_FPGA.srcs\sources_1\new\DisplayMenus.vhd:]
WARNING: [filemgmt 56-199] Attempt to get parsing info during refresh. "On-the-fly" syntax checking information may be incorrect. [C:\Progh\Code\Project_RetroGame\Oplevering\EindProject_FPGA.srcs\sources_1\new\CharacterController.vhd:]
WARNING: [filemgmt 56-199] Attempt to get parsing info during refresh. "On-the-fly" syntax checking information may be incorrect. [C:\Progh\Code\Project_RetroGame\Oplevering\EindProject_FPGA.srcs\sources_1\new\XY_GEN.vhd:]
WARNING: [filemgmt 56-199] Attempt to get parsing info during refresh. "On-the-fly" syntax checking information may be incorrect. [C:\Progh\Code\Project_RetroGame\Oplevering\EindProject_FPGA.srcs\sources_1\new\DisplayHUD.vhd:]
WARNING: [filemgmt 56-199] Attempt to get parsing info during refresh. "On-the-fly" syntax checking information may be incorrect. [C:\Progh\Code\Project_RetroGame\Oplevering\EindProject_FPGA.srcs\sources_1\new\XY_GEN.vhd:]
WARNING: [filemgmt 56-199] Attempt to get parsing info during refresh. "On-the-fly" syntax checking information may be incorrect. [C:\Progh\Code\Project_RetroGame\Oplevering\EindProject_FPGA.srcs\sources_1\new\XY_GEN.vhd:]
WARNING: [filemgmt 56-199] Attempt to get parsing info during refresh. "On-the-fly" syntax checking information may be incorrect. [C:\Progh\Code\Project_RetroGame\Oplevering\EindProject_FPGA.srcs\sources_1\new\ControlCharacter.vhd:]
WARNING: [filemgmt 56-199] Attempt to get parsing info during refresh. "On-the-fly" syntax checking information may be incorrect. [C:\Progh\Code\Project_RetroGame\Oplevering\EindProject_FPGA.srcs\sources_1\new\DisplayMenus.vhd:]
WARNING: [filemgmt 56-199] Attempt to get parsing info during refresh. "On-the-fly" syntax checking information may be incorrect. [C:\Progh\Code\Project_RetroGame\Oplevering\EindProject_FPGA.srcs\sources_1\new\CharacterController.vhd:]
WARNING: [filemgmt 56-199] Attempt to get parsing info during refresh. "On-the-fly" syntax checking information may be incorrect. [C:\Progh\Code\Project_RetroGame\Oplevering\EindProject_FPGA.srcs\sources_1\new\XY_GEN.vhd:]
WARNING: [filemgmt 56-199] Attempt to get parsing info during refresh. "On-the-fly" syntax checking information may be incorrect. [C:\Progh\Code\Project_RetroGame\Oplevering\EindProject_FPGA.srcs\sources_1\new\DisplayHUD.vhd:]
WARNING: [filemgmt 56-199] Attempt to get parsing info during refresh. "On-the-fly" syntax checking information may be incorrect. [C:\Progh\Code\Project_RetroGame\Oplevering\EindProject_FPGA.srcs\sources_1\new\CharacterController.vhd:]
WARNING: [filemgmt 56-199] Attempt to get parsing info during refresh. "On-the-fly" syntax checking information may be incorrect. [C:\Progh\Code\Project_RetroGame\Oplevering\EindProject_FPGA.srcs\sources_1\new\CharacterController.vhd:]
WARNING: [filemgmt 56-199] Attempt to get parsing info during refresh. "On-the-fly" syntax checking information may be incorrect. [C:\Progh\Code\Project_RetroGame\Oplevering\EindProject_FPGA.srcs\sources_1\new\ControlCharacter.vhd:]
WARNING: [filemgmt 56-199] Attempt to get parsing info during refresh. "On-the-fly" syntax checking information may be incorrect. [C:\Progh\Code\Project_RetroGame\Oplevering\EindProject_FPGA.srcs\sources_1\new\DisplayMenus.vhd:]
WARNING: [filemgmt 56-199] Attempt to get parsing info during refresh. "On-the-fly" syntax checking information may be incorrect. [C:\Progh\Code\Project_RetroGame\Oplevering\EindProject_FPGA.srcs\sources_1\new\CharacterController.vhd:]
WARNING: [filemgmt 56-199] Attempt to get parsing info during refresh. "On-the-fly" syntax checking information may be incorrect. [C:\Progh\Code\Project_RetroGame\Oplevering\EindProject_FPGA.srcs\sources_1\new\XY_GEN.vhd:]
WARNING: [filemgmt 56-199] Attempt to get parsing info during refresh. "On-the-fly" syntax checking information may be incorrect. [C:\Progh\Code\Project_RetroGame\Oplevering\EindProject_FPGA.srcs\sources_1\new\DisplayHUD.vhd:]
WARNING: [filemgmt 56-199] Attempt to get parsing info during refresh. "On-the-fly" syntax checking information may be incorrect. [C:\Progh\Code\Project_RetroGame\Oplevering\EindProject_FPGA.srcs\sources_1\new\ControlCharacter.vhd:]
WARNING: [filemgmt 56-199] Attempt to get parsing info during refresh. "On-the-fly" syntax checking information may be incorrect. [C:\Progh\Code\Project_RetroGame\Oplevering\EindProject_FPGA.srcs\sources_1\new\ControlCharacter.vhd:]
WARNING: [filemgmt 56-199] Attempt to get parsing info during refresh. "On-the-fly" syntax checking information may be incorrect. [C:\Progh\Code\Project_RetroGame\Oplevering\EindProject_FPGA.srcs\sources_1\new\ControlCharacter.vhd:]
WARNING: [filemgmt 56-199] Attempt to get parsing info during refresh. "On-the-fly" syntax checking information may be incorrect. [C:\Progh\Code\Project_RetroGame\Oplevering\EindProject_FPGA.srcs\sources_1\new\DisplayMenus.vhd:]
WARNING: [filemgmt 56-199] Attempt to get parsing info during refresh. "On-the-fly" syntax checking information may be incorrect. [C:\Progh\Code\Project_RetroGame\Oplevering\EindProject_FPGA.srcs\sources_1\new\CharacterController.vhd:]
WARNING: [filemgmt 56-199] Attempt to get parsing info during refresh. "On-the-fly" syntax checking information may be incorrect. [C:\Progh\Code\Project_RetroGame\Oplevering\EindProject_FPGA.srcs\sources_1\new\XY_GEN.vhd:]
WARNING: [filemgmt 56-199] Attempt to get parsing info during refresh. "On-the-fly" syntax checking information may be incorrect. [C:\Progh\Code\Project_RetroGame\Oplevering\EindProject_FPGA.srcs\sources_1\new\DisplayHUD.vhd:]
WARNING: [filemgmt 56-199] Attempt to get parsing info during refresh. "On-the-fly" syntax checking information may be incorrect. [C:\Progh\Code\Project_RetroGame\Oplevering\EindProject_FPGA.srcs\sources_1\new\DisplayMenus.vhd:]
WARNING: [filemgmt 56-199] Attempt to get parsing info during refresh. "On-the-fly" syntax checking information may be incorrect. [C:\Progh\Code\Project_RetroGame\Oplevering\EindProject_FPGA.srcs\sources_1\new\DisplayMenus.vhd:]
reset_run synth_1
launch_runs impl_1 -to_step write_bitstream -jobs 8
[Wed Apr  9 21:09:10 2025] Launched synth_1...
Run output will be captured here: C:/Progh/Code/Project_RetroGame/Oplevering/EindProject_FPGA.runs/synth_1/runme.log
[Wed Apr  9 21:09:10 2025] Launched impl_1...
Run output will be captured here: C:/Progh/Code/Project_RetroGame/Oplevering/EindProject_FPGA.runs/impl_1/runme.log
reset_run synth_1
launch_runs synth_1 -jobs 8
WARNING: [filemgmt 56-199] Attempt to get parsing info during refresh. "On-the-fly" syntax checking information may be incorrect. [C:\Progh\Code\Project_RetroGame\Oplevering\EindProject_FPGA.srcs\sources_1\new\ControlCharacter.vhd:]
WARNING: [filemgmt 56-199] Attempt to get parsing info during refresh. "On-the-fly" syntax checking information may be incorrect. [C:\Progh\Code\Project_RetroGame\Oplevering\EindProject_FPGA.srcs\sources_1\new\DisplayMenus.vhd:]
WARNING: [filemgmt 56-199] Attempt to get parsing info during refresh. "On-the-fly" syntax checking information may be incorrect. [C:\Progh\Code\Project_RetroGame\Oplevering\EindProject_FPGA.srcs\sources_1\new\CharacterController.vhd:]
WARNING: [filemgmt 56-199] Attempt to get parsing info during refresh. "On-the-fly" syntax checking information may be incorrect. [C:\Progh\Code\Project_RetroGame\Oplevering\EindProject_FPGA.srcs\sources_1\new\XY_GEN.vhd:]
WARNING: [filemgmt 56-199] Attempt to get parsing info during refresh. "On-the-fly" syntax checking information may be incorrect. [C:\Progh\Code\Project_RetroGame\Oplevering\EindProject_FPGA.srcs\sources_1\new\DisplayHUD.vhd:]
WARNING: [filemgmt 56-199] Attempt to get parsing info during refresh. "On-the-fly" syntax checking information may be incorrect. [C:\Progh\Code\Project_RetroGame\Oplevering\EindProject_FPGA.srcs\sources_1\new\XY_GEN.vhd:]
WARNING: [filemgmt 56-199] Attempt to get parsing info during refresh. "On-the-fly" syntax checking information may be incorrect. [C:\Progh\Code\Project_RetroGame\Oplevering\EindProject_FPGA.srcs\sources_1\new\XY_GEN.vhd:]
WARNING: [filemgmt 56-199] Attempt to get parsing info during refresh. "On-the-fly" syntax checking information may be incorrect. [C:\Progh\Code\Project_RetroGame\Oplevering\EindProject_FPGA.srcs\sources_1\new\ControlCharacter.vhd:]
WARNING: [filemgmt 56-199] Attempt to get parsing info during refresh. "On-the-fly" syntax checking information may be incorrect. [C:\Progh\Code\Project_RetroGame\Oplevering\EindProject_FPGA.srcs\sources_1\new\DisplayMenus.vhd:]
WARNING: [filemgmt 56-199] Attempt to get parsing info during refresh. "On-the-fly" syntax checking information may be incorrect. [C:\Progh\Code\Project_RetroGame\Oplevering\EindProject_FPGA.srcs\sources_1\new\CharacterController.vhd:]
WARNING: [filemgmt 56-199] Attempt to get parsing info during refresh. "On-the-fly" syntax checking information may be incorrect. [C:\Progh\Code\Project_RetroGame\Oplevering\EindProject_FPGA.srcs\sources_1\new\XY_GEN.vhd:]
WARNING: [filemgmt 56-199] Attempt to get parsing info during refresh. "On-the-fly" syntax checking information may be incorrect. [C:\Progh\Code\Project_RetroGame\Oplevering\EindProject_FPGA.srcs\sources_1\new\DisplayHUD.vhd:]
WARNING: [filemgmt 56-199] Attempt to get parsing info during refresh. "On-the-fly" syntax checking information may be incorrect. [C:\Progh\Code\Project_RetroGame\Oplevering\EindProject_FPGA.srcs\sources_1\new\CharacterController.vhd:]
WARNING: [filemgmt 56-199] Attempt to get parsing info during refresh. "On-the-fly" syntax checking information may be incorrect. [C:\Progh\Code\Project_RetroGame\Oplevering\EindProject_FPGA.srcs\sources_1\new\CharacterController.vhd:]
[Wed Apr  9 21:09:56 2025] Launched synth_1...
Run output will be captured here: C:/Progh/Code/Project_RetroGame/Oplevering/EindProject_FPGA.runs/synth_1/runme.log
WARNING: [filemgmt 56-199] Attempt to get parsing info during refresh. "On-the-fly" syntax checking information may be incorrect. [C:\Progh\Code\Project_RetroGame\Oplevering\EindProject_FPGA.srcs\sources_1\new\ControlCharacter.vhd:]
WARNING: [filemgmt 56-199] Attempt to get parsing info during refresh. "On-the-fly" syntax checking information may be incorrect. [C:\Progh\Code\Project_RetroGame\Oplevering\EindProject_FPGA.srcs\sources_1\new\DisplayMenus.vhd:]
WARNING: [filemgmt 56-199] Attempt to get parsing info during refresh. "On-the-fly" syntax checking information may be incorrect. [C:\Progh\Code\Project_RetroGame\Oplevering\EindProject_FPGA.srcs\sources_1\new\CharacterController.vhd:]
WARNING: [filemgmt 56-199] Attempt to get parsing info during refresh. "On-the-fly" syntax checking information may be incorrect. [C:\Progh\Code\Project_RetroGame\Oplevering\EindProject_FPGA.srcs\sources_1\new\XY_GEN.vhd:]
WARNING: [filemgmt 56-199] Attempt to get parsing info during refresh. "On-the-fly" syntax checking information may be incorrect. [C:\Progh\Code\Project_RetroGame\Oplevering\EindProject_FPGA.srcs\sources_1\new\DisplayHUD.vhd:]
WARNING: [filemgmt 56-199] Attempt to get parsing info during refresh. "On-the-fly" syntax checking information may be incorrect. [C:\Progh\Code\Project_RetroGame\Oplevering\EindProject_FPGA.srcs\sources_1\new\DisplayMenus.vhd:]
WARNING: [filemgmt 56-199] Attempt to get parsing info during refresh. "On-the-fly" syntax checking information may be incorrect. [C:\Progh\Code\Project_RetroGame\Oplevering\EindProject_FPGA.srcs\sources_1\new\DisplayMenus.vhd:]
launch_runs impl_1 -jobs 8
[Wed Apr  9 21:11:12 2025] Launched impl_1...
Run output will be captured here: C:/Progh/Code/Project_RetroGame/Oplevering/EindProject_FPGA.runs/impl_1/runme.log
launch_runs impl_1 -to_step write_bitstream -jobs 8
[Wed Apr  9 21:12:23 2025] Launched impl_1...
Run output will be captured here: C:/Progh/Code/Project_RetroGame/Oplevering/EindProject_FPGA.runs/impl_1/runme.log
set_property PROBES.FILE {} [get_hw_devices xc7a35t_0]
set_property FULL_PROBES.FILE {} [get_hw_devices xc7a35t_0]
set_property PROGRAM.FILE {C:/Progh/Code/Project_RetroGame/Oplevering/EindProject_FPGA.runs/impl_1/DVI_Top.bit} [get_hw_devices xc7a35t_0]
program_hw_devices [get_hw_devices xc7a35t_0]
INFO: [Labtools 27-3164] End of startup status: HIGH
refresh_hw_device [lindex [get_hw_devices xc7a35t_0] 0]
INFO: [Labtools 27-1434] Device xc7a35t (JTAG device index = 0) is programmed with a design that has no supported debug core(s) in it.
WARNING: [filemgmt 56-199] Attempt to get parsing info during refresh. "On-the-fly" syntax checking information may be incorrect. [C:\Progh\Code\Project_RetroGame\Oplevering\EindProject_FPGA.srcs\sources_1\new\ControlCharacter.vhd:]
WARNING: [filemgmt 56-199] Attempt to get parsing info during refresh. "On-the-fly" syntax checking information may be incorrect. [C:\Progh\Code\Project_RetroGame\Oplevering\EindProject_FPGA.srcs\sources_1\new\DisplayMenus.vhd:]
WARNING: [filemgmt 56-199] Attempt to get parsing info during refresh. "On-the-fly" syntax checking information may be incorrect. [C:\Progh\Code\Project_RetroGame\Oplevering\EindProject_FPGA.srcs\sources_1\new\CharacterController.vhd:]
WARNING: [filemgmt 56-199] Attempt to get parsing info during refresh. "On-the-fly" syntax checking information may be incorrect. [C:\Progh\Code\Project_RetroGame\Oplevering\EindProject_FPGA.srcs\sources_1\new\XY_GEN.vhd:]
WARNING: [filemgmt 56-199] Attempt to get parsing info during refresh. "On-the-fly" syntax checking information may be incorrect. [C:\Progh\Code\Project_RetroGame\Oplevering\EindProject_FPGA.srcs\sources_1\new\DisplayHUD.vhd:]
WARNING: [filemgmt 56-199] Attempt to get parsing info during refresh. "On-the-fly" syntax checking information may be incorrect. [C:\Progh\Code\Project_RetroGame\Oplevering\EindProject_FPGA.srcs\sources_1\new\ControlCharacter.vhd:]
WARNING: [filemgmt 56-199] Attempt to get parsing info during refresh. "On-the-fly" syntax checking information may be incorrect. [C:\Progh\Code\Project_RetroGame\Oplevering\EindProject_FPGA.srcs\sources_1\new\ControlCharacter.vhd:]
WARNING: [filemgmt 56-199] Attempt to get parsing info during refresh. "On-the-fly" syntax checking information may be incorrect. [C:\Progh\Code\Project_RetroGame\Oplevering\EindProject_FPGA.srcs\sources_1\new\ControlCharacter.vhd:]
WARNING: [filemgmt 56-199] Attempt to get parsing info during refresh. "On-the-fly" syntax checking information may be incorrect. [C:\Progh\Code\Project_RetroGame\Oplevering\EindProject_FPGA.srcs\sources_1\new\DisplayMenus.vhd:]
WARNING: [filemgmt 56-199] Attempt to get parsing info during refresh. "On-the-fly" syntax checking information may be incorrect. [C:\Progh\Code\Project_RetroGame\Oplevering\EindProject_FPGA.srcs\sources_1\new\CharacterController.vhd:]
WARNING: [filemgmt 56-199] Attempt to get parsing info during refresh. "On-the-fly" syntax checking information may be incorrect. [C:\Progh\Code\Project_RetroGame\Oplevering\EindProject_FPGA.srcs\sources_1\new\XY_GEN.vhd:]
WARNING: [filemgmt 56-199] Attempt to get parsing info during refresh. "On-the-fly" syntax checking information may be incorrect. [C:\Progh\Code\Project_RetroGame\Oplevering\EindProject_FPGA.srcs\sources_1\new\DisplayHUD.vhd:]
WARNING: [filemgmt 56-199] Attempt to get parsing info during refresh. "On-the-fly" syntax checking information may be incorrect. [C:\Progh\Code\Project_RetroGame\Oplevering\EindProject_FPGA.srcs\sources_1\new\CharacterController.vhd:]
WARNING: [filemgmt 56-199] Attempt to get parsing info during refresh. "On-the-fly" syntax checking information may be incorrect. [C:\Progh\Code\Project_RetroGame\Oplevering\EindProject_FPGA.srcs\sources_1\new\CharacterController.vhd:]
WARNING: [filemgmt 56-199] Attempt to get parsing info during refresh. "On-the-fly" syntax checking information may be incorrect. [C:\Progh\Code\Project_RetroGame\Oplevering\EindProject_FPGA.srcs\sources_1\new\ControlCharacter.vhd:]
WARNING: [filemgmt 56-199] Attempt to get parsing info during refresh. "On-the-fly" syntax checking information may be incorrect. [C:\Progh\Code\Project_RetroGame\Oplevering\EindProject_FPGA.srcs\sources_1\new\DisplayMenus.vhd:]
WARNING: [filemgmt 56-199] Attempt to get parsing info during refresh. "On-the-fly" syntax checking information may be incorrect. [C:\Progh\Code\Project_RetroGame\Oplevering\EindProject_FPGA.srcs\sources_1\new\CharacterController.vhd:]
WARNING: [filemgmt 56-199] Attempt to get parsing info during refresh. "On-the-fly" syntax checking information may be incorrect. [C:\Progh\Code\Project_RetroGame\Oplevering\EindProject_FPGA.srcs\sources_1\new\XY_GEN.vhd:]
WARNING: [filemgmt 56-199] Attempt to get parsing info during refresh. "On-the-fly" syntax checking information may be incorrect. [C:\Progh\Code\Project_RetroGame\Oplevering\EindProject_FPGA.srcs\sources_1\new\DisplayHUD.vhd:]
WARNING: [filemgmt 56-199] Attempt to get parsing info during refresh. "On-the-fly" syntax checking information may be incorrect. [C:\Progh\Code\Project_RetroGame\Oplevering\EindProject_FPGA.srcs\sources_1\new\DisplayHUD.vhd:]
WARNING: [filemgmt 56-199] Attempt to get parsing info during refresh. "On-the-fly" syntax checking information may be incorrect. [C:\Progh\Code\Project_RetroGame\Oplevering\EindProject_FPGA.srcs\sources_1\new\DisplayHUD.vhd:]
WARNING: [filemgmt 56-199] Attempt to get parsing info during refresh. "On-the-fly" syntax checking information may be incorrect. [C:\Progh\Code\Project_RetroGame\Oplevering\EindProject_FPGA.srcs\sources_1\new\ControlCharacter.vhd:]
WARNING: [filemgmt 56-199] Attempt to get parsing info during refresh. "On-the-fly" syntax checking information may be incorrect. [C:\Progh\Code\Project_RetroGame\Oplevering\EindProject_FPGA.srcs\sources_1\new\DisplayMenus.vhd:]
WARNING: [filemgmt 56-199] Attempt to get parsing info during refresh. "On-the-fly" syntax checking information may be incorrect. [C:\Progh\Code\Project_RetroGame\Oplevering\EindProject_FPGA.srcs\sources_1\new\CharacterController.vhd:]
WARNING: [filemgmt 56-199] Attempt to get parsing info during refresh. "On-the-fly" syntax checking information may be incorrect. [C:\Progh\Code\Project_RetroGame\Oplevering\EindProject_FPGA.srcs\sources_1\new\XY_GEN.vhd:]
WARNING: [filemgmt 56-199] Attempt to get parsing info during refresh. "On-the-fly" syntax checking information may be incorrect. [C:\Progh\Code\Project_RetroGame\Oplevering\EindProject_FPGA.srcs\sources_1\new\DisplayHUD.vhd:]
WARNING: [filemgmt 56-199] Attempt to get parsing info during refresh. "On-the-fly" syntax checking information may be incorrect. [C:\Progh\Code\Project_RetroGame\Oplevering\EindProject_FPGA.srcs\sources_1\new\DisplayMenus.vhd:]
WARNING: [filemgmt 56-199] Attempt to get parsing info during refresh. "On-the-fly" syntax checking information may be incorrect. [C:\Progh\Code\Project_RetroGame\Oplevering\EindProject_FPGA.srcs\sources_1\new\DisplayMenus.vhd:]
ERROR: [Common 17-180] Spawn failed: No error
WARNING: [filemgmt 56-199] Attempt to get parsing info during refresh. "On-the-fly" syntax checking information may be incorrect. [C:\Progh\Code\Project_RetroGame\Oplevering\EindProject_FPGA.srcs\sources_1\new\ControlCharacter.vhd:]
WARNING: [filemgmt 56-199] Attempt to get parsing info during refresh. "On-the-fly" syntax checking information may be incorrect. [C:\Progh\Code\Project_RetroGame\Oplevering\EindProject_FPGA.srcs\sources_1\new\DisplayMenus.vhd:]
WARNING: [filemgmt 56-199] Attempt to get parsing info during refresh. "On-the-fly" syntax checking information may be incorrect. [C:\Progh\Code\Project_RetroGame\Oplevering\EindProject_FPGA.srcs\sources_1\new\CharacterController.vhd:]
WARNING: [filemgmt 56-199] Attempt to get parsing info during refresh. "On-the-fly" syntax checking information may be incorrect. [C:\Progh\Code\Project_RetroGame\Oplevering\EindProject_FPGA.srcs\sources_1\new\XY_GEN.vhd:]
WARNING: [filemgmt 56-199] Attempt to get parsing info during refresh. "On-the-fly" syntax checking information may be incorrect. [C:\Progh\Code\Project_RetroGame\Oplevering\EindProject_FPGA.srcs\sources_1\new\DisplayHUD.vhd:]
WARNING: [filemgmt 56-199] Attempt to get parsing info during refresh. "On-the-fly" syntax checking information may be incorrect. [C:\Progh\Code\Project_RetroGame\Oplevering\EindProject_FPGA.srcs\sources_1\new\XY_GEN.vhd:]
WARNING: [filemgmt 56-199] Attempt to get parsing info during refresh. "On-the-fly" syntax checking information may be incorrect. [C:\Progh\Code\Project_RetroGame\Oplevering\EindProject_FPGA.srcs\sources_1\new\XY_GEN.vhd:]
WARNING: [filemgmt 56-199] Attempt to get parsing info during refresh. "On-the-fly" syntax checking information may be incorrect. [C:\Progh\Code\Project_RetroGame\Oplevering\EindProject_FPGA.srcs\sources_1\new\ControlCharacter.vhd:]
WARNING: [filemgmt 56-199] Attempt to get parsing info during refresh. "On-the-fly" syntax checking information may be incorrect. [C:\Progh\Code\Project_RetroGame\Oplevering\EindProject_FPGA.srcs\sources_1\new\DisplayMenus.vhd:]
WARNING: [filemgmt 56-199] Attempt to get parsing info during refresh. "On-the-fly" syntax checking information may be incorrect. [C:\Progh\Code\Project_RetroGame\Oplevering\EindProject_FPGA.srcs\sources_1\new\CharacterController.vhd:]
WARNING: [filemgmt 56-199] Attempt to get parsing info during refresh. "On-the-fly" syntax checking information may be incorrect. [C:\Progh\Code\Project_RetroGame\Oplevering\EindProject_FPGA.srcs\sources_1\new\XY_GEN.vhd:]
WARNING: [filemgmt 56-199] Attempt to get parsing info during refresh. "On-the-fly" syntax checking information may be incorrect. [C:\Progh\Code\Project_RetroGame\Oplevering\EindProject_FPGA.srcs\sources_1\new\DisplayHUD.vhd:]
WARNING: [filemgmt 56-199] Attempt to get parsing info during refresh. "On-the-fly" syntax checking information may be incorrect. [C:\Progh\Code\Project_RetroGame\Oplevering\EindProject_FPGA.srcs\sources_1\new\DisplayHUD.vhd:]
WARNING: [filemgmt 56-199] Attempt to get parsing info during refresh. "On-the-fly" syntax checking information may be incorrect. [C:\Progh\Code\Project_RetroGame\Oplevering\EindProject_FPGA.srcs\sources_1\new\DisplayHUD.vhd:]
WARNING: [filemgmt 56-199] Attempt to get parsing info during refresh. "On-the-fly" syntax checking information may be incorrect. [C:\Progh\Code\Project_RetroGame\Oplevering\EindProject_FPGA.srcs\sources_1\new\ControlCharacter.vhd:]
WARNING: [filemgmt 56-199] Attempt to get parsing info during refresh. "On-the-fly" syntax checking information may be incorrect. [C:\Progh\Code\Project_RetroGame\Oplevering\EindProject_FPGA.srcs\sources_1\new\DisplayMenus.vhd:]
WARNING: [filemgmt 56-199] Attempt to get parsing info during refresh. "On-the-fly" syntax checking information may be incorrect. [C:\Progh\Code\Project_RetroGame\Oplevering\EindProject_FPGA.srcs\sources_1\new\CharacterController.vhd:]
WARNING: [filemgmt 56-199] Attempt to get parsing info during refresh. "On-the-fly" syntax checking information may be incorrect. [C:\Progh\Code\Project_RetroGame\Oplevering\EindProject_FPGA.srcs\sources_1\new\XY_GEN.vhd:]
WARNING: [filemgmt 56-199] Attempt to get parsing info during refresh. "On-the-fly" syntax checking information may be incorrect. [C:\Progh\Code\Project_RetroGame\Oplevering\EindProject_FPGA.srcs\sources_1\new\DisplayHUD.vhd:]
WARNING: [filemgmt 56-199] Attempt to get parsing info during refresh. "On-the-fly" syntax checking information may be incorrect. [C:\Progh\Code\Project_RetroGame\Oplevering\EindProject_FPGA.srcs\sources_1\new\DisplayMenus.vhd:]
WARNING: [filemgmt 56-199] Attempt to get parsing info during refresh. "On-the-fly" syntax checking information may be incorrect. [C:\Progh\Code\Project_RetroGame\Oplevering\EindProject_FPGA.srcs\sources_1\new\DisplayMenus.vhd:]
WARNING: [filemgmt 56-199] Attempt to get parsing info during refresh. "On-the-fly" syntax checking information may be incorrect. [C:\Progh\Code\Project_RetroGame\Oplevering\EindProject_FPGA.srcs\sources_1\new\ControlCharacter.vhd:]
WARNING: [filemgmt 56-199] Attempt to get parsing info during refresh. "On-the-fly" syntax checking information may be incorrect. [C:\Progh\Code\Project_RetroGame\Oplevering\EindProject_FPGA.srcs\sources_1\new\DisplayMenus.vhd:]
WARNING: [filemgmt 56-199] Attempt to get parsing info during refresh. "On-the-fly" syntax checking information may be incorrect. [C:\Progh\Code\Project_RetroGame\Oplevering\EindProject_FPGA.srcs\sources_1\new\CharacterController.vhd:]
WARNING: [filemgmt 56-199] Attempt to get parsing info during refresh. "On-the-fly" syntax checking information may be incorrect. [C:\Progh\Code\Project_RetroGame\Oplevering\EindProject_FPGA.srcs\sources_1\new\XY_GEN.vhd:]
WARNING: [filemgmt 56-199] Attempt to get parsing info during refresh. "On-the-fly" syntax checking information may be incorrect. [C:\Progh\Code\Project_RetroGame\Oplevering\EindProject_FPGA.srcs\sources_1\new\DisplayHUD.vhd:]
WARNING: [filemgmt 56-199] Attempt to get parsing info during refresh. "On-the-fly" syntax checking information may be incorrect. [C:\Progh\Code\Project_RetroGame\Oplevering\EindProject_FPGA.srcs\sources_1\new\CharacterController.vhd:]
WARNING: [filemgmt 56-199] Attempt to get parsing info during refresh. "On-the-fly" syntax checking information may be incorrect. [C:\Progh\Code\Project_RetroGame\Oplevering\EindProject_FPGA.srcs\sources_1\new\CharacterController.vhd:]
ERROR: [Common 17-180] Spawn failed: No error
synth_design -rtl -rtl_skip_mlo -name rtl_1
Command: synth_design -rtl -rtl_skip_mlo -name rtl_1
Starting synth_design
Using part: xc7a35tcpg236-1
Top: DVI_Top
INFO: [Synth 8-7079] Multithreading enabled for synth_design using a maximum of 2 processes.
INFO: [Synth 8-7078] Launching helper process for spawning children vivado processes
INFO: [Synth 8-7075] Helper process launched with PID 25432
---------------------------------------------------------------------------------
Starting RTL Elaboration : Time (s): cpu = 00:00:04 ; elapsed = 00:00:05 . Memory (MB): peak = 4466.098 ; gain = 0.000
---------------------------------------------------------------------------------
INFO: [Synth 8-638] synthesizing module 'DVI_Top' [C:/Progh/Code/Project_RetroGame/Oplevering/EindProject_FPGA.srcs/sources_1/imports/Week 5 + 6 - Bounching Square - Ball/DVI.vhd:19]
INFO: [Synth 8-3491] module 'clkDVIprescaler' declared at 'C:/Progh/Code/Project_RetroGame/Oplevering/.Xil/Vivado-25452-DESKTOP-H0VVJ00/realtime/clkDVIprescaler_stub.v:6' bound to instance 'prescaler_instance' of component 'clkDVIprescaler' [C:/Progh/Code/Project_RetroGame/Oplevering/EindProject_FPGA.srcs/sources_1/imports/Week 5 + 6 - Bounching Square - Ball/DVI.vhd:75]
INFO: [Synth 8-6157] synthesizing module 'clkDVIprescaler' [C:/Progh/Code/Project_RetroGame/Oplevering/.Xil/Vivado-25452-DESKTOP-H0VVJ00/realtime/clkDVIprescaler_stub.v:6]
INFO: [Synth 8-6155] done synthesizing module 'clkDVIprescaler' (0#1) [C:/Progh/Code/Project_RetroGame/Oplevering/.Xil/Vivado-25452-DESKTOP-H0VVJ00/realtime/clkDVIprescaler_stub.v:6]
INFO: [Synth 8-3491] module 'ReadSpi' declared at 'C:/Progh/Code/Project_RetroGame/Oplevering/EindProject_FPGA.srcs/sources_1/new/ReadSpi.vhd:6' bound to instance 'Spi_instance' of component 'ReadSpi' [C:/Progh/Code/Project_RetroGame/Oplevering/EindProject_FPGA.srcs/sources_1/imports/Week 5 + 6 - Bounching Square - Ball/DVI.vhd:81]
INFO: [Synth 8-638] synthesizing module 'ReadSpi' [C:/Progh/Code/Project_RetroGame/Oplevering/EindProject_FPGA.srcs/sources_1/new/ReadSpi.vhd:15]
INFO: [Synth 8-256] done synthesizing module 'ReadSpi' (0#1) [C:/Progh/Code/Project_RetroGame/Oplevering/EindProject_FPGA.srcs/sources_1/new/ReadSpi.vhd:15]
INFO: [Synth 8-3491] module 'DVI_Driver' declared at 'C:/Progh/Code/Project_RetroGame/Oplevering/EindProject_FPGA.srcs/sources_1/new/DVI_Display.vhd:5' bound to instance 'dvi_driver_inst' of component 'DVI_Driver' [C:/Progh/Code/Project_RetroGame/Oplevering/EindProject_FPGA.srcs/sources_1/imports/Week 5 + 6 - Bounching Square - Ball/DVI.vhd:90]
INFO: [Synth 8-638] synthesizing module 'DVI_Driver' [C:/Progh/Code/Project_RetroGame/Oplevering/EindProject_FPGA.srcs/sources_1/new/DVI_Display.vhd:16]
INFO: [Synth 8-256] done synthesizing module 'DVI_Driver' (0#1) [C:/Progh/Code/Project_RetroGame/Oplevering/EindProject_FPGA.srcs/sources_1/new/DVI_Display.vhd:16]
INFO: [Synth 8-3491] module 'Pixel_Gen' declared at 'C:/Progh/Code/Project_RetroGame/Oplevering/EindProject_FPGA.srcs/sources_1/new/XY_GEN.vhd:5' bound to instance 'pixel_gen_inst' of component 'Pixel_Gen' [C:/Progh/Code/Project_RetroGame/Oplevering/EindProject_FPGA.srcs/sources_1/imports/Week 5 + 6 - Bounching Square - Ball/DVI.vhd:101]
INFO: [Synth 8-638] synthesizing module 'Pixel_Gen' [C:/Progh/Code/Project_RetroGame/Oplevering/EindProject_FPGA.srcs/sources_1/new/XY_GEN.vhd:16]
INFO: [Synth 8-3491] module 'DisplayRounds' declared at 'C:/Progh/Code/Project_RetroGame/Oplevering/EindProject_FPGA.srcs/sources_1/new/DisplayRounds.vhd:5' bound to instance 'DisplayRounds_inst' of component 'DisplayRounds' [C:/Progh/Code/Project_RetroGame/Oplevering/EindProject_FPGA.srcs/sources_1/new/XY_GEN.vhd:159]
INFO: [Synth 8-638] synthesizing module 'DisplayRounds' [C:/Progh/Code/Project_RetroGame/Oplevering/EindProject_FPGA.srcs/sources_1/new/DisplayRounds.vhd:15]
INFO: [Synth 8-256] done synthesizing module 'DisplayRounds' (0#1) [C:/Progh/Code/Project_RetroGame/Oplevering/EindProject_FPGA.srcs/sources_1/new/DisplayRounds.vhd:15]
INFO: [Synth 8-3491] module 'DisplayHUD' declared at 'C:/Progh/Code/Project_RetroGame/Oplevering/EindProject_FPGA.srcs/sources_1/new/DisplayHUD.vhd:5' bound to instance 'DisplayHUD_inst' of component 'DisplayHUD' [C:/Progh/Code/Project_RetroGame/Oplevering/EindProject_FPGA.srcs/sources_1/new/XY_GEN.vhd:172]
INFO: [Synth 8-638] synthesizing module 'DisplayHUD' [C:/Progh/Code/Project_RetroGame/Oplevering/EindProject_FPGA.srcs/sources_1/new/DisplayHUD.vhd:46]
INFO: [Synth 8-3491] module 'blk_mem_gen_10' declared at 'C:/Progh/Code/Project_RetroGame/Oplevering/.Xil/Vivado-25452-DESKTOP-H0VVJ00/realtime/blk_mem_gen_10_stub.v:6' bound to instance 'ROM_inst_Ammo' of component 'blk_mem_gen_10' [C:/Progh/Code/Project_RetroGame/Oplevering/EindProject_FPGA.srcs/sources_1/new/DisplayHUD.vhd:169]
INFO: [Synth 8-6157] synthesizing module 'blk_mem_gen_10' [C:/Progh/Code/Project_RetroGame/Oplevering/.Xil/Vivado-25452-DESKTOP-H0VVJ00/realtime/blk_mem_gen_10_stub.v:6]
INFO: [Synth 8-6155] done synthesizing module 'blk_mem_gen_10' (0#1) [C:/Progh/Code/Project_RetroGame/Oplevering/.Xil/Vivado-25452-DESKTOP-H0VVJ00/realtime/blk_mem_gen_10_stub.v:6]
INFO: [Synth 8-3491] module 'blk_mem_gen_11' declared at 'C:/Progh/Code/Project_RetroGame/Oplevering/.Xil/Vivado-25452-DESKTOP-H0VVJ00/realtime/blk_mem_gen_11_stub.v:6' bound to instance 'ROM_inst_EmptyAmmo' of component 'blk_mem_gen_11' [C:/Progh/Code/Project_RetroGame/Oplevering/EindProject_FPGA.srcs/sources_1/new/DisplayHUD.vhd:177]
INFO: [Synth 8-6157] synthesizing module 'blk_mem_gen_11' [C:/Progh/Code/Project_RetroGame/Oplevering/.Xil/Vivado-25452-DESKTOP-H0VVJ00/realtime/blk_mem_gen_11_stub.v:6]
INFO: [Synth 8-6155] done synthesizing module 'blk_mem_gen_11' (0#1) [C:/Progh/Code/Project_RetroGame/Oplevering/.Xil/Vivado-25452-DESKTOP-H0VVJ00/realtime/blk_mem_gen_11_stub.v:6]
INFO: [Synth 8-3491] module 'blk_mem_gen_12' declared at 'C:/Progh/Code/Project_RetroGame/Oplevering/.Xil/Vivado-25452-DESKTOP-H0VVJ00/realtime/blk_mem_gen_12_stub.v:6' bound to instance 'ROM_inst_Lives' of component 'blk_mem_gen_12' [C:/Progh/Code/Project_RetroGame/Oplevering/EindProject_FPGA.srcs/sources_1/new/DisplayHUD.vhd:185]
INFO: [Synth 8-6157] synthesizing module 'blk_mem_gen_12' [C:/Progh/Code/Project_RetroGame/Oplevering/.Xil/Vivado-25452-DESKTOP-H0VVJ00/realtime/blk_mem_gen_12_stub.v:6]
INFO: [Synth 8-6155] done synthesizing module 'blk_mem_gen_12' (0#1) [C:/Progh/Code/Project_RetroGame/Oplevering/.Xil/Vivado-25452-DESKTOP-H0VVJ00/realtime/blk_mem_gen_12_stub.v:6]
INFO: [Synth 8-3491] module 'blk_mem_gen_13' declared at 'C:/Progh/Code/Project_RetroGame/Oplevering/.Xil/Vivado-25452-DESKTOP-H0VVJ00/realtime/blk_mem_gen_13_stub.v:6' bound to instance 'ROM_inst_EmptyLives' of component 'blk_mem_gen_13' [C:/Progh/Code/Project_RetroGame/Oplevering/EindProject_FPGA.srcs/sources_1/new/DisplayHUD.vhd:193]
INFO: [Synth 8-6157] synthesizing module 'blk_mem_gen_13' [C:/Progh/Code/Project_RetroGame/Oplevering/.Xil/Vivado-25452-DESKTOP-H0VVJ00/realtime/blk_mem_gen_13_stub.v:6]
INFO: [Synth 8-6155] done synthesizing module 'blk_mem_gen_13' (0#1) [C:/Progh/Code/Project_RetroGame/Oplevering/.Xil/Vivado-25452-DESKTOP-H0VVJ00/realtime/blk_mem_gen_13_stub.v:6]
WARNING: [Synth 8-614] signal 'lives_icon_p1' is read in the process but is not in the sensitivity list [C:/Progh/Code/Project_RetroGame/Oplevering/EindProject_FPGA.srcs/sources_1/new/DisplayHUD.vhd:259]
WARNING: [Synth 8-614] signal 'local_y' is read in the process but is not in the sensitivity list [C:/Progh/Code/Project_RetroGame/Oplevering/EindProject_FPGA.srcs/sources_1/new/DisplayHUD.vhd:259]
WARNING: [Synth 8-614] signal 'local_x' is read in the process but is not in the sensitivity list [C:/Progh/Code/Project_RetroGame/Oplevering/EindProject_FPGA.srcs/sources_1/new/DisplayHUD.vhd:259]
WARNING: [Synth 8-614] signal 'rom_data_lives' is read in the process but is not in the sensitivity list [C:/Progh/Code/Project_RetroGame/Oplevering/EindProject_FPGA.srcs/sources_1/new/DisplayHUD.vhd:259]
WARNING: [Synth 8-614] signal 'rom_data_empty_lives' is read in the process but is not in the sensitivity list [C:/Progh/Code/Project_RetroGame/Oplevering/EindProject_FPGA.srcs/sources_1/new/DisplayHUD.vhd:259]
WARNING: [Synth 8-614] signal 'lives_icon_p2' is read in the process but is not in the sensitivity list [C:/Progh/Code/Project_RetroGame/Oplevering/EindProject_FPGA.srcs/sources_1/new/DisplayHUD.vhd:259]
WARNING: [Synth 8-614] signal 'ammo_icon_p1' is read in the process but is not in the sensitivity list [C:/Progh/Code/Project_RetroGame/Oplevering/EindProject_FPGA.srcs/sources_1/new/DisplayHUD.vhd:259]
WARNING: [Synth 8-614] signal 'rom_data_ammo' is read in the process but is not in the sensitivity list [C:/Progh/Code/Project_RetroGame/Oplevering/EindProject_FPGA.srcs/sources_1/new/DisplayHUD.vhd:259]
WARNING: [Synth 8-614] signal 'rom_data_empty_ammo' is read in the process but is not in the sensitivity list [C:/Progh/Code/Project_RetroGame/Oplevering/EindProject_FPGA.srcs/sources_1/new/DisplayHUD.vhd:259]
WARNING: [Synth 8-614] signal 'ammo_icon_p2' is read in the process but is not in the sensitivity list [C:/Progh/Code/Project_RetroGame/Oplevering/EindProject_FPGA.srcs/sources_1/new/DisplayHUD.vhd:259]
INFO: [Synth 8-256] done synthesizing module 'DisplayHUD' (0#1) [C:/Progh/Code/Project_RetroGame/Oplevering/EindProject_FPGA.srcs/sources_1/new/DisplayHUD.vhd:46]
INFO: [Synth 8-3491] module 'DisplayHoofdMenu' declared at 'C:/Progh/Code/Project_RetroGame/Oplevering/EindProject_FPGA.srcs/sources_1/new/DisplayMenus.vhd:5' bound to instance 'DisplayHoofdMenu_inst' of component 'DisplayHoofdmenu' [C:/Progh/Code/Project_RetroGame/Oplevering/EindProject_FPGA.srcs/sources_1/new/XY_GEN.vhd:199]
INFO: [Synth 8-638] synthesizing module 'DisplayHoofdMenu' [C:/Progh/Code/Project_RetroGame/Oplevering/EindProject_FPGA.srcs/sources_1/new/DisplayMenus.vhd:15]
ERROR: [Synth 8-690] width mismatch in assignment; target has 9 bits, source has 10 bits [C:/Progh/Code/Project_RetroGame/Oplevering/EindProject_FPGA.srcs/sources_1/new/DisplayMenus.vhd:80]
ERROR: [Synth 8-285] failed synthesizing module 'DisplayHoofdMenu' [C:/Progh/Code/Project_RetroGame/Oplevering/EindProject_FPGA.srcs/sources_1/new/DisplayMenus.vhd:15]
ERROR: [Synth 8-285] failed synthesizing module 'Pixel_Gen' [C:/Progh/Code/Project_RetroGame/Oplevering/EindProject_FPGA.srcs/sources_1/new/XY_GEN.vhd:16]
ERROR: [Synth 8-285] failed synthesizing module 'DVI_Top' [C:/Progh/Code/Project_RetroGame/Oplevering/EindProject_FPGA.srcs/sources_1/imports/Week 5 + 6 - Bounching Square - Ball/DVI.vhd:19]
---------------------------------------------------------------------------------
Finished RTL Elaboration : Time (s): cpu = 00:00:05 ; elapsed = 00:00:06 . Memory (MB): peak = 4466.098 ; gain = 0.000
---------------------------------------------------------------------------------
RTL Elaboration failed
35 Infos, 10 Warnings, 0 Critical Warnings and 5 Errors encountered.
synth_design failed
ERROR: [Vivado_Tcl 4-5] Elaboration failed - please see the console for details
WARNING: [filemgmt 56-199] Attempt to get parsing info during refresh. "On-the-fly" syntax checking information may be incorrect. [C:\Progh\Code\Project_RetroGame\Oplevering\EindProject_FPGA.srcs\sources_1\new\ControlCharacter.vhd:]
WARNING: [filemgmt 56-199] Attempt to get parsing info during refresh. "On-the-fly" syntax checking information may be incorrect. [C:\Progh\Code\Project_RetroGame\Oplevering\EindProject_FPGA.srcs\sources_1\new\DisplayMenus.vhd:]
WARNING: [filemgmt 56-199] Attempt to get parsing info during refresh. "On-the-fly" syntax checking information may be incorrect. [C:\Progh\Code\Project_RetroGame\Oplevering\EindProject_FPGA.srcs\sources_1\new\CharacterController.vhd:]
WARNING: [filemgmt 56-199] Attempt to get parsing info during refresh. "On-the-fly" syntax checking information may be incorrect. [C:\Progh\Code\Project_RetroGame\Oplevering\EindProject_FPGA.srcs\sources_1\new\XY_GEN.vhd:]
WARNING: [filemgmt 56-199] Attempt to get parsing info during refresh. "On-the-fly" syntax checking information may be incorrect. [C:\Progh\Code\Project_RetroGame\Oplevering\EindProject_FPGA.srcs\sources_1\new\DisplayHUD.vhd:]
WARNING: [filemgmt 56-199] Attempt to get parsing info during refresh. "On-the-fly" syntax checking information may be incorrect. [C:\Progh\Code\Project_RetroGame\Oplevering\EindProject_FPGA.srcs\sources_1\new\XY_GEN.vhd:]
WARNING: [filemgmt 56-199] Attempt to get parsing info during refresh. "On-the-fly" syntax checking information may be incorrect. [C:\Progh\Code\Project_RetroGame\Oplevering\EindProject_FPGA.srcs\sources_1\new\XY_GEN.vhd:]
WARNING: [filemgmt 56-199] Attempt to get parsing info during refresh. "On-the-fly" syntax checking information may be incorrect. [C:\Progh\Code\Project_RetroGame\Oplevering\EindProject_FPGA.srcs\sources_1\new\ControlCharacter.vhd:]
WARNING: [filemgmt 56-199] Attempt to get parsing info during refresh. "On-the-fly" syntax checking information may be incorrect. [C:\Progh\Code\Project_RetroGame\Oplevering\EindProject_FPGA.srcs\sources_1\new\DisplayMenus.vhd:]
WARNING: [filemgmt 56-199] Attempt to get parsing info during refresh. "On-the-fly" syntax checking information may be incorrect. [C:\Progh\Code\Project_RetroGame\Oplevering\EindProject_FPGA.srcs\sources_1\new\CharacterController.vhd:]
WARNING: [filemgmt 56-199] Attempt to get parsing info during refresh. "On-the-fly" syntax checking information may be incorrect. [C:\Progh\Code\Project_RetroGame\Oplevering\EindProject_FPGA.srcs\sources_1\new\XY_GEN.vhd:]
WARNING: [filemgmt 56-199] Attempt to get parsing info during refresh. "On-the-fly" syntax checking information may be incorrect. [C:\Progh\Code\Project_RetroGame\Oplevering\EindProject_FPGA.srcs\sources_1\new\DisplayHUD.vhd:]
WARNING: [filemgmt 56-199] Attempt to get parsing info during refresh. "On-the-fly" syntax checking information may be incorrect. [C:\Progh\Code\Project_RetroGame\Oplevering\EindProject_FPGA.srcs\sources_1\new\CharacterController.vhd:]
WARNING: [filemgmt 56-199] Attempt to get parsing info during refresh. "On-the-fly" syntax checking information may be incorrect. [C:\Progh\Code\Project_RetroGame\Oplevering\EindProject_FPGA.srcs\sources_1\new\CharacterController.vhd:]
WARNING: [filemgmt 56-199] Attempt to get parsing info during refresh. "On-the-fly" syntax checking information may be incorrect. [C:\Progh\Code\Project_RetroGame\Oplevering\EindProject_FPGA.srcs\sources_1\new\ControlCharacter.vhd:]
WARNING: [filemgmt 56-199] Attempt to get parsing info during refresh. "On-the-fly" syntax checking information may be incorrect. [C:\Progh\Code\Project_RetroGame\Oplevering\EindProject_FPGA.srcs\sources_1\new\DisplayMenus.vhd:]
WARNING: [filemgmt 56-199] Attempt to get parsing info during refresh. "On-the-fly" syntax checking information may be incorrect. [C:\Progh\Code\Project_RetroGame\Oplevering\EindProject_FPGA.srcs\sources_1\new\CharacterController.vhd:]
WARNING: [filemgmt 56-199] Attempt to get parsing info during refresh. "On-the-fly" syntax checking information may be incorrect. [C:\Progh\Code\Project_RetroGame\Oplevering\EindProject_FPGA.srcs\sources_1\new\XY_GEN.vhd:]
WARNING: [filemgmt 56-199] Attempt to get parsing info during refresh. "On-the-fly" syntax checking information may be incorrect. [C:\Progh\Code\Project_RetroGame\Oplevering\EindProject_FPGA.srcs\sources_1\new\DisplayHUD.vhd:]
WARNING: [filemgmt 56-199] Attempt to get parsing info during refresh. "On-the-fly" syntax checking information may be incorrect. [C:\Progh\Code\Project_RetroGame\Oplevering\EindProject_FPGA.srcs\sources_1\new\DisplayMenus.vhd:]
WARNING: [filemgmt 56-199] Attempt to get parsing info during refresh. "On-the-fly" syntax checking information may be incorrect. [C:\Progh\Code\Project_RetroGame\Oplevering\EindProject_FPGA.srcs\sources_1\new\DisplayMenus.vhd:]
WARNING: [filemgmt 56-199] Attempt to get parsing info during refresh. "On-the-fly" syntax checking information may be incorrect. [C:\Progh\Code\Project_RetroGame\Oplevering\EindProject_FPGA.srcs\sources_1\new\ControlCharacter.vhd:]
WARNING: [filemgmt 56-199] Attempt to get parsing info during refresh. "On-the-fly" syntax checking information may be incorrect. [C:\Progh\Code\Project_RetroGame\Oplevering\EindProject_FPGA.srcs\sources_1\new\DisplayMenus.vhd:]
WARNING: [filemgmt 56-199] Attempt to get parsing info during refresh. "On-the-fly" syntax checking information may be incorrect. [C:\Progh\Code\Project_RetroGame\Oplevering\EindProject_FPGA.srcs\sources_1\new\CharacterController.vhd:]
WARNING: [filemgmt 56-199] Attempt to get parsing info during refresh. "On-the-fly" syntax checking information may be incorrect. [C:\Progh\Code\Project_RetroGame\Oplevering\EindProject_FPGA.srcs\sources_1\new\XY_GEN.vhd:]
WARNING: [filemgmt 56-199] Attempt to get parsing info during refresh. "On-the-fly" syntax checking information may be incorrect. [C:\Progh\Code\Project_RetroGame\Oplevering\EindProject_FPGA.srcs\sources_1\new\DisplayHUD.vhd:]
WARNING: [filemgmt 56-199] Attempt to get parsing info during refresh. "On-the-fly" syntax checking information may be incorrect. [C:\Progh\Code\Project_RetroGame\Oplevering\EindProject_FPGA.srcs\sources_1\new\ControlCharacter.vhd:]
WARNING: [filemgmt 56-199] Attempt to get parsing info during refresh. "On-the-fly" syntax checking information may be incorrect. [C:\Progh\Code\Project_RetroGame\Oplevering\EindProject_FPGA.srcs\sources_1\new\ControlCharacter.vhd:]
WARNING: [filemgmt 56-199] Attempt to get parsing info during refresh. "On-the-fly" syntax checking information may be incorrect. [C:\Progh\Code\Project_RetroGame\Oplevering\EindProject_FPGA.srcs\sources_1\new\ControlCharacter.vhd:]
WARNING: [filemgmt 56-199] Attempt to get parsing info during refresh. "On-the-fly" syntax checking information may be incorrect. [C:\Progh\Code\Project_RetroGame\Oplevering\EindProject_FPGA.srcs\sources_1\new\DisplayMenus.vhd:]
WARNING: [filemgmt 56-199] Attempt to get parsing info during refresh. "On-the-fly" syntax checking information may be incorrect. [C:\Progh\Code\Project_RetroGame\Oplevering\EindProject_FPGA.srcs\sources_1\new\CharacterController.vhd:]
WARNING: [filemgmt 56-199] Attempt to get parsing info during refresh. "On-the-fly" syntax checking information may be incorrect. [C:\Progh\Code\Project_RetroGame\Oplevering\EindProject_FPGA.srcs\sources_1\new\XY_GEN.vhd:]
WARNING: [filemgmt 56-199] Attempt to get parsing info during refresh. "On-the-fly" syntax checking information may be incorrect. [C:\Progh\Code\Project_RetroGame\Oplevering\EindProject_FPGA.srcs\sources_1\new\DisplayHUD.vhd:]
WARNING: [filemgmt 56-199] Attempt to get parsing info during refresh. "On-the-fly" syntax checking information may be incorrect. [C:\Progh\Code\Project_RetroGame\Oplevering\EindProject_FPGA.srcs\sources_1\new\XY_GEN.vhd:]
WARNING: [filemgmt 56-199] Attempt to get parsing info during refresh. "On-the-fly" syntax checking information may be incorrect. [C:\Progh\Code\Project_RetroGame\Oplevering\EindProject_FPGA.srcs\sources_1\new\XY_GEN.vhd:]
WARNING: [filemgmt 56-199] Attempt to get parsing info during refresh. "On-the-fly" syntax checking information may be incorrect. [C:\Progh\Code\Project_RetroGame\Oplevering\EindProject_FPGA.srcs\sources_1\new\ControlCharacter.vhd:]
WARNING: [filemgmt 56-199] Attempt to get parsing info during refresh. "On-the-fly" syntax checking information may be incorrect. [C:\Progh\Code\Project_RetroGame\Oplevering\EindProject_FPGA.srcs\sources_1\new\DisplayMenus.vhd:]
WARNING: [filemgmt 56-199] Attempt to get parsing info during refresh. "On-the-fly" syntax checking information may be incorrect. [C:\Progh\Code\Project_RetroGame\Oplevering\EindProject_FPGA.srcs\sources_1\new\CharacterController.vhd:]
WARNING: [filemgmt 56-199] Attempt to get parsing info during refresh. "On-the-fly" syntax checking information may be incorrect. [C:\Progh\Code\Project_RetroGame\Oplevering\EindProject_FPGA.srcs\sources_1\new\XY_GEN.vhd:]
WARNING: [filemgmt 56-199] Attempt to get parsing info during refresh. "On-the-fly" syntax checking information may be incorrect. [C:\Progh\Code\Project_RetroGame\Oplevering\EindProject_FPGA.srcs\sources_1\new\DisplayHUD.vhd:]
WARNING: [filemgmt 56-199] Attempt to get parsing info during refresh. "On-the-fly" syntax checking information may be incorrect. [C:\Progh\Code\Project_RetroGame\Oplevering\EindProject_FPGA.srcs\sources_1\new\CharacterController.vhd:]
WARNING: [filemgmt 56-199] Attempt to get parsing info during refresh. "On-the-fly" syntax checking information may be incorrect. [C:\Progh\Code\Project_RetroGame\Oplevering\EindProject_FPGA.srcs\sources_1\new\CharacterController.vhd:]
WARNING: [filemgmt 56-199] Attempt to get parsing info during refresh. "On-the-fly" syntax checking information may be incorrect. [C:\Progh\Code\Project_RetroGame\Oplevering\EindProject_FPGA.srcs\sources_1\new\ControlCharacter.vhd:]
WARNING: [filemgmt 56-199] Attempt to get parsing info during refresh. "On-the-fly" syntax checking information may be incorrect. [C:\Progh\Code\Project_RetroGame\Oplevering\EindProject_FPGA.srcs\sources_1\new\DisplayMenus.vhd:]
WARNING: [filemgmt 56-199] Attempt to get parsing info during refresh. "On-the-fly" syntax checking information may be incorrect. [C:\Progh\Code\Project_RetroGame\Oplevering\EindProject_FPGA.srcs\sources_1\new\CharacterController.vhd:]
WARNING: [filemgmt 56-199] Attempt to get parsing info during refresh. "On-the-fly" syntax checking information may be incorrect. [C:\Progh\Code\Project_RetroGame\Oplevering\EindProject_FPGA.srcs\sources_1\new\XY_GEN.vhd:]
WARNING: [filemgmt 56-199] Attempt to get parsing info during refresh. "On-the-fly" syntax checking information may be incorrect. [C:\Progh\Code\Project_RetroGame\Oplevering\EindProject_FPGA.srcs\sources_1\new\DisplayHUD.vhd:]
WARNING: [filemgmt 56-199] Attempt to get parsing info during refresh. "On-the-fly" syntax checking information may be incorrect. [C:\Progh\Code\Project_RetroGame\Oplevering\EindProject_FPGA.srcs\sources_1\new\DisplayMenus.vhd:]
WARNING: [filemgmt 56-199] Attempt to get parsing info during refresh. "On-the-fly" syntax checking information may be incorrect. [C:\Progh\Code\Project_RetroGame\Oplevering\EindProject_FPGA.srcs\sources_1\new\DisplayMenus.vhd:]
WARNING: [filemgmt 56-199] Attempt to get parsing info during refresh. "On-the-fly" syntax checking information may be incorrect. [C:\Progh\Code\Project_RetroGame\Oplevering\EindProject_FPGA.srcs\sources_1\new\ControlCharacter.vhd:]
WARNING: [filemgmt 56-199] Attempt to get parsing info during refresh. "On-the-fly" syntax checking information may be incorrect. [C:\Progh\Code\Project_RetroGame\Oplevering\EindProject_FPGA.srcs\sources_1\new\DisplayMenus.vhd:]
WARNING: [filemgmt 56-199] Attempt to get parsing info during refresh. "On-the-fly" syntax checking information may be incorrect. [C:\Progh\Code\Project_RetroGame\Oplevering\EindProject_FPGA.srcs\sources_1\new\CharacterController.vhd:]
WARNING: [filemgmt 56-199] Attempt to get parsing info during refresh. "On-the-fly" syntax checking information may be incorrect. [C:\Progh\Code\Project_RetroGame\Oplevering\EindProject_FPGA.srcs\sources_1\new\XY_GEN.vhd:]
WARNING: [filemgmt 56-199] Attempt to get parsing info during refresh. "On-the-fly" syntax checking information may be incorrect. [C:\Progh\Code\Project_RetroGame\Oplevering\EindProject_FPGA.srcs\sources_1\new\DisplayHUD.vhd:]
WARNING: [filemgmt 56-199] Attempt to get parsing info during refresh. "On-the-fly" syntax checking information may be incorrect. [C:\Progh\Code\Project_RetroGame\Oplevering\EindProject_FPGA.srcs\sources_1\new\DisplayHUD.vhd:]
WARNING: [filemgmt 56-199] Attempt to get parsing info during refresh. "On-the-fly" syntax checking information may be incorrect. [C:\Progh\Code\Project_RetroGame\Oplevering\EindProject_FPGA.srcs\sources_1\new\DisplayHUD.vhd:]
reset_run synth_1
INFO: [Project 1-1161] Replacing file C:/Progh/Code/Project_RetroGame/Oplevering/EindProject_FPGA.srcs/utils_1/imports/synth_1/DVI.dcp with file C:/Progh/Code/Project_RetroGame/Oplevering/EindProject_FPGA.runs/synth_1/DVI_Top.dcp
launch_runs impl_1 -to_step write_bitstream -jobs 8
[Wed Apr  9 21:25:44 2025] Launched synth_1...
Run output will be captured here: C:/Progh/Code/Project_RetroGame/Oplevering/EindProject_FPGA.runs/synth_1/runme.log
[Wed Apr  9 21:25:44 2025] Launched impl_1...
Run output will be captured here: C:/Progh/Code/Project_RetroGame/Oplevering/EindProject_FPGA.runs/impl_1/runme.log
WARNING: [filemgmt 56-199] Attempt to get parsing info during refresh. "On-the-fly" syntax checking information may be incorrect. [C:\Progh\Code\Project_RetroGame\Oplevering\EindProject_FPGA.srcs\sources_1\new\ControlCharacter.vhd:]
WARNING: [filemgmt 56-199] Attempt to get parsing info during refresh. "On-the-fly" syntax checking information may be incorrect. [C:\Progh\Code\Project_RetroGame\Oplevering\EindProject_FPGA.srcs\sources_1\new\DisplayMenus.vhd:]
WARNING: [filemgmt 56-199] Attempt to get parsing info during refresh. "On-the-fly" syntax checking information may be incorrect. [C:\Progh\Code\Project_RetroGame\Oplevering\EindProject_FPGA.srcs\sources_1\new\CharacterController.vhd:]
WARNING: [filemgmt 56-199] Attempt to get parsing info during refresh. "On-the-fly" syntax checking information may be incorrect. [C:\Progh\Code\Project_RetroGame\Oplevering\EindProject_FPGA.srcs\sources_1\new\XY_GEN.vhd:]
WARNING: [filemgmt 56-199] Attempt to get parsing info during refresh. "On-the-fly" syntax checking information may be incorrect. [C:\Progh\Code\Project_RetroGame\Oplevering\EindProject_FPGA.srcs\sources_1\new\DisplayHUD.vhd:]
WARNING: [filemgmt 56-199] Attempt to get parsing info during refresh. "On-the-fly" syntax checking information may be incorrect. [C:\Progh\Code\Project_RetroGame\Oplevering\EindProject_FPGA.srcs\sources_1\new\XY_GEN.vhd:]
WARNING: [filemgmt 56-199] Attempt to get parsing info during refresh. "On-the-fly" syntax checking information may be incorrect. [C:\Progh\Code\Project_RetroGame\Oplevering\EindProject_FPGA.srcs\sources_1\new\XY_GEN.vhd:]
WARNING: [filemgmt 56-199] Attempt to get parsing info during refresh. "On-the-fly" syntax checking information may be incorrect. [C:\Progh\Code\Project_RetroGame\Oplevering\EindProject_FPGA.srcs\sources_1\new\ControlCharacter.vhd:]
WARNING: [filemgmt 56-199] Attempt to get parsing info during refresh. "On-the-fly" syntax checking information may be incorrect. [C:\Progh\Code\Project_RetroGame\Oplevering\EindProject_FPGA.srcs\sources_1\new\DisplayMenus.vhd:]
WARNING: [filemgmt 56-199] Attempt to get parsing info during refresh. "On-the-fly" syntax checking information may be incorrect. [C:\Progh\Code\Project_RetroGame\Oplevering\EindProject_FPGA.srcs\sources_1\new\CharacterController.vhd:]
WARNING: [filemgmt 56-199] Attempt to get parsing info during refresh. "On-the-fly" syntax checking information may be incorrect. [C:\Progh\Code\Project_RetroGame\Oplevering\EindProject_FPGA.srcs\sources_1\new\XY_GEN.vhd:]
WARNING: [filemgmt 56-199] Attempt to get parsing info during refresh. "On-the-fly" syntax checking information may be incorrect. [C:\Progh\Code\Project_RetroGame\Oplevering\EindProject_FPGA.srcs\sources_1\new\DisplayHUD.vhd:]
WARNING: [filemgmt 56-199] Attempt to get parsing info during refresh. "On-the-fly" syntax checking information may be incorrect. [C:\Progh\Code\Project_RetroGame\Oplevering\EindProject_FPGA.srcs\sources_1\new\CharacterController.vhd:]
WARNING: [filemgmt 56-199] Attempt to get parsing info during refresh. "On-the-fly" syntax checking information may be incorrect. [C:\Progh\Code\Project_RetroGame\Oplevering\EindProject_FPGA.srcs\sources_1\new\CharacterController.vhd:]
WARNING: [filemgmt 56-199] Attempt to get parsing info during refresh. "On-the-fly" syntax checking information may be incorrect. [C:\Progh\Code\Project_RetroGame\Oplevering\EindProject_FPGA.srcs\sources_1\new\ControlCharacter.vhd:]
WARNING: [filemgmt 56-199] Attempt to get parsing info during refresh. "On-the-fly" syntax checking information may be incorrect. [C:\Progh\Code\Project_RetroGame\Oplevering\EindProject_FPGA.srcs\sources_1\new\DisplayMenus.vhd:]
WARNING: [filemgmt 56-199] Attempt to get parsing info during refresh. "On-the-fly" syntax checking information may be incorrect. [C:\Progh\Code\Project_RetroGame\Oplevering\EindProject_FPGA.srcs\sources_1\new\CharacterController.vhd:]
WARNING: [filemgmt 56-199] Attempt to get parsing info during refresh. "On-the-fly" syntax checking information may be incorrect. [C:\Progh\Code\Project_RetroGame\Oplevering\EindProject_FPGA.srcs\sources_1\new\XY_GEN.vhd:]
WARNING: [filemgmt 56-199] Attempt to get parsing info during refresh. "On-the-fly" syntax checking information may be incorrect. [C:\Progh\Code\Project_RetroGame\Oplevering\EindProject_FPGA.srcs\sources_1\new\DisplayHUD.vhd:]
WARNING: [filemgmt 56-199] Attempt to get parsing info during refresh. "On-the-fly" syntax checking information may be incorrect. [C:\Progh\Code\Project_RetroGame\Oplevering\EindProject_FPGA.srcs\sources_1\new\ControlCharacter.vhd:]
WARNING: [filemgmt 56-199] Attempt to get parsing info during refresh. "On-the-fly" syntax checking information may be incorrect. [C:\Progh\Code\Project_RetroGame\Oplevering\EindProject_FPGA.srcs\sources_1\new\ControlCharacter.vhd:]
ERROR: [Common 17-180] Spawn failed: No error
WARNING: [filemgmt 56-199] Attempt to get parsing info during refresh. "On-the-fly" syntax checking information may be incorrect. [C:\Progh\Code\Project_RetroGame\Oplevering\EindProject_FPGA.srcs\sources_1\new\ControlCharacter.vhd:]
WARNING: [filemgmt 56-199] Attempt to get parsing info during refresh. "On-the-fly" syntax checking information may be incorrect. [C:\Progh\Code\Project_RetroGame\Oplevering\EindProject_FPGA.srcs\sources_1\new\DisplayMenus.vhd:]
WARNING: [filemgmt 56-199] Attempt to get parsing info during refresh. "On-the-fly" syntax checking information may be incorrect. [C:\Progh\Code\Project_RetroGame\Oplevering\EindProject_FPGA.srcs\sources_1\new\CharacterController.vhd:]
WARNING: [filemgmt 56-199] Attempt to get parsing info during refresh. "On-the-fly" syntax checking information may be incorrect. [C:\Progh\Code\Project_RetroGame\Oplevering\EindProject_FPGA.srcs\sources_1\new\XY_GEN.vhd:]
WARNING: [filemgmt 56-199] Attempt to get parsing info during refresh. "On-the-fly" syntax checking information may be incorrect. [C:\Progh\Code\Project_RetroGame\Oplevering\EindProject_FPGA.srcs\sources_1\new\DisplayHUD.vhd:]
WARNING: [filemgmt 56-199] Attempt to get parsing info during refresh. "On-the-fly" syntax checking information may be incorrect. [C:\Progh\Code\Project_RetroGame\Oplevering\EindProject_FPGA.srcs\sources_1\new\DisplayMenus.vhd:]
WARNING: [filemgmt 56-199] Attempt to get parsing info during refresh. "On-the-fly" syntax checking information may be incorrect. [C:\Progh\Code\Project_RetroGame\Oplevering\EindProject_FPGA.srcs\sources_1\new\DisplayMenus.vhd:]
ERROR: [Common 17-180] Spawn failed: No error
synth_design -rtl -rtl_skip_mlo -name rtl_1
Command: synth_design -rtl -rtl_skip_mlo -name rtl_1
Starting synth_design
Using part: xc7a35tcpg236-1
Top: DVI_Top
INFO: [Synth 8-7079] Multithreading enabled for synth_design using a maximum of 2 processes.
---------------------------------------------------------------------------------
Starting RTL Elaboration : Time (s): cpu = 00:00:05 ; elapsed = 00:00:04 . Memory (MB): peak = 4466.098 ; gain = 0.000
---------------------------------------------------------------------------------
INFO: [Synth 8-638] synthesizing module 'DVI_Top' [C:/Progh/Code/Project_RetroGame/Oplevering/EindProject_FPGA.srcs/sources_1/imports/Week 5 + 6 - Bounching Square - Ball/DVI.vhd:19]
INFO: [Synth 8-3491] module 'clkDVIprescaler' declared at 'C:/Progh/Code/Project_RetroGame/Oplevering/.Xil/Vivado-25452-DESKTOP-H0VVJ00/realtime/clkDVIprescaler_stub.v:6' bound to instance 'prescaler_instance' of component 'clkDVIprescaler' [C:/Progh/Code/Project_RetroGame/Oplevering/EindProject_FPGA.srcs/sources_1/imports/Week 5 + 6 - Bounching Square - Ball/DVI.vhd:75]
INFO: [Synth 8-6157] synthesizing module 'clkDVIprescaler' [C:/Progh/Code/Project_RetroGame/Oplevering/.Xil/Vivado-25452-DESKTOP-H0VVJ00/realtime/clkDVIprescaler_stub.v:6]
INFO: [Synth 8-6155] done synthesizing module 'clkDVIprescaler' (0#1) [C:/Progh/Code/Project_RetroGame/Oplevering/.Xil/Vivado-25452-DESKTOP-H0VVJ00/realtime/clkDVIprescaler_stub.v:6]
INFO: [Synth 8-3491] module 'ReadSpi' declared at 'C:/Progh/Code/Project_RetroGame/Oplevering/EindProject_FPGA.srcs/sources_1/new/ReadSpi.vhd:6' bound to instance 'Spi_instance' of component 'ReadSpi' [C:/Progh/Code/Project_RetroGame/Oplevering/EindProject_FPGA.srcs/sources_1/imports/Week 5 + 6 - Bounching Square - Ball/DVI.vhd:81]
INFO: [Synth 8-638] synthesizing module 'ReadSpi' [C:/Progh/Code/Project_RetroGame/Oplevering/EindProject_FPGA.srcs/sources_1/new/ReadSpi.vhd:15]
INFO: [Synth 8-256] done synthesizing module 'ReadSpi' (0#1) [C:/Progh/Code/Project_RetroGame/Oplevering/EindProject_FPGA.srcs/sources_1/new/ReadSpi.vhd:15]
INFO: [Synth 8-3491] module 'DVI_Driver' declared at 'C:/Progh/Code/Project_RetroGame/Oplevering/EindProject_FPGA.srcs/sources_1/new/DVI_Display.vhd:5' bound to instance 'dvi_driver_inst' of component 'DVI_Driver' [C:/Progh/Code/Project_RetroGame/Oplevering/EindProject_FPGA.srcs/sources_1/imports/Week 5 + 6 - Bounching Square - Ball/DVI.vhd:90]
INFO: [Synth 8-638] synthesizing module 'DVI_Driver' [C:/Progh/Code/Project_RetroGame/Oplevering/EindProject_FPGA.srcs/sources_1/new/DVI_Display.vhd:16]
INFO: [Synth 8-256] done synthesizing module 'DVI_Driver' (0#1) [C:/Progh/Code/Project_RetroGame/Oplevering/EindProject_FPGA.srcs/sources_1/new/DVI_Display.vhd:16]
INFO: [Synth 8-3491] module 'Pixel_Gen' declared at 'C:/Progh/Code/Project_RetroGame/Oplevering/EindProject_FPGA.srcs/sources_1/new/XY_GEN.vhd:5' bound to instance 'pixel_gen_inst' of component 'Pixel_Gen' [C:/Progh/Code/Project_RetroGame/Oplevering/EindProject_FPGA.srcs/sources_1/imports/Week 5 + 6 - Bounching Square - Ball/DVI.vhd:101]
INFO: [Synth 8-638] synthesizing module 'Pixel_Gen' [C:/Progh/Code/Project_RetroGame/Oplevering/EindProject_FPGA.srcs/sources_1/new/XY_GEN.vhd:16]
INFO: [Synth 8-3491] module 'DisplayRounds' declared at 'C:/Progh/Code/Project_RetroGame/Oplevering/EindProject_FPGA.srcs/sources_1/new/DisplayRounds.vhd:5' bound to instance 'DisplayRounds_inst' of component 'DisplayRounds' [C:/Progh/Code/Project_RetroGame/Oplevering/EindProject_FPGA.srcs/sources_1/new/XY_GEN.vhd:159]
INFO: [Synth 8-638] synthesizing module 'DisplayRounds' [C:/Progh/Code/Project_RetroGame/Oplevering/EindProject_FPGA.srcs/sources_1/new/DisplayRounds.vhd:15]
INFO: [Synth 8-256] done synthesizing module 'DisplayRounds' (0#1) [C:/Progh/Code/Project_RetroGame/Oplevering/EindProject_FPGA.srcs/sources_1/new/DisplayRounds.vhd:15]
INFO: [Synth 8-3491] module 'DisplayHUD' declared at 'C:/Progh/Code/Project_RetroGame/Oplevering/EindProject_FPGA.srcs/sources_1/new/DisplayHUD.vhd:5' bound to instance 'DisplayHUD_inst' of component 'DisplayHUD' [C:/Progh/Code/Project_RetroGame/Oplevering/EindProject_FPGA.srcs/sources_1/new/XY_GEN.vhd:172]
INFO: [Synth 8-638] synthesizing module 'DisplayHUD' [C:/Progh/Code/Project_RetroGame/Oplevering/EindProject_FPGA.srcs/sources_1/new/DisplayHUD.vhd:46]
INFO: [Synth 8-3491] module 'blk_mem_gen_10' declared at 'C:/Progh/Code/Project_RetroGame/Oplevering/.Xil/Vivado-25452-DESKTOP-H0VVJ00/realtime/blk_mem_gen_10_stub.v:6' bound to instance 'ROM_inst_Ammo' of component 'blk_mem_gen_10' [C:/Progh/Code/Project_RetroGame/Oplevering/EindProject_FPGA.srcs/sources_1/new/DisplayHUD.vhd:169]
INFO: [Synth 8-6157] synthesizing module 'blk_mem_gen_10' [C:/Progh/Code/Project_RetroGame/Oplevering/.Xil/Vivado-25452-DESKTOP-H0VVJ00/realtime/blk_mem_gen_10_stub.v:6]
INFO: [Synth 8-6155] done synthesizing module 'blk_mem_gen_10' (0#1) [C:/Progh/Code/Project_RetroGame/Oplevering/.Xil/Vivado-25452-DESKTOP-H0VVJ00/realtime/blk_mem_gen_10_stub.v:6]
INFO: [Synth 8-3491] module 'blk_mem_gen_11' declared at 'C:/Progh/Code/Project_RetroGame/Oplevering/.Xil/Vivado-25452-DESKTOP-H0VVJ00/realtime/blk_mem_gen_11_stub.v:6' bound to instance 'ROM_inst_EmptyAmmo' of component 'blk_mem_gen_11' [C:/Progh/Code/Project_RetroGame/Oplevering/EindProject_FPGA.srcs/sources_1/new/DisplayHUD.vhd:177]
INFO: [Synth 8-6157] synthesizing module 'blk_mem_gen_11' [C:/Progh/Code/Project_RetroGame/Oplevering/.Xil/Vivado-25452-DESKTOP-H0VVJ00/realtime/blk_mem_gen_11_stub.v:6]
INFO: [Synth 8-6155] done synthesizing module 'blk_mem_gen_11' (0#1) [C:/Progh/Code/Project_RetroGame/Oplevering/.Xil/Vivado-25452-DESKTOP-H0VVJ00/realtime/blk_mem_gen_11_stub.v:6]
INFO: [Synth 8-3491] module 'blk_mem_gen_12' declared at 'C:/Progh/Code/Project_RetroGame/Oplevering/.Xil/Vivado-25452-DESKTOP-H0VVJ00/realtime/blk_mem_gen_12_stub.v:6' bound to instance 'ROM_inst_Lives' of component 'blk_mem_gen_12' [C:/Progh/Code/Project_RetroGame/Oplevering/EindProject_FPGA.srcs/sources_1/new/DisplayHUD.vhd:185]
INFO: [Synth 8-6157] synthesizing module 'blk_mem_gen_12' [C:/Progh/Code/Project_RetroGame/Oplevering/.Xil/Vivado-25452-DESKTOP-H0VVJ00/realtime/blk_mem_gen_12_stub.v:6]
INFO: [Synth 8-6155] done synthesizing module 'blk_mem_gen_12' (0#1) [C:/Progh/Code/Project_RetroGame/Oplevering/.Xil/Vivado-25452-DESKTOP-H0VVJ00/realtime/blk_mem_gen_12_stub.v:6]
INFO: [Synth 8-3491] module 'blk_mem_gen_13' declared at 'C:/Progh/Code/Project_RetroGame/Oplevering/.Xil/Vivado-25452-DESKTOP-H0VVJ00/realtime/blk_mem_gen_13_stub.v:6' bound to instance 'ROM_inst_EmptyLives' of component 'blk_mem_gen_13' [C:/Progh/Code/Project_RetroGame/Oplevering/EindProject_FPGA.srcs/sources_1/new/DisplayHUD.vhd:193]
INFO: [Synth 8-6157] synthesizing module 'blk_mem_gen_13' [C:/Progh/Code/Project_RetroGame/Oplevering/.Xil/Vivado-25452-DESKTOP-H0VVJ00/realtime/blk_mem_gen_13_stub.v:6]
INFO: [Synth 8-6155] done synthesizing module 'blk_mem_gen_13' (0#1) [C:/Progh/Code/Project_RetroGame/Oplevering/.Xil/Vivado-25452-DESKTOP-H0VVJ00/realtime/blk_mem_gen_13_stub.v:6]
WARNING: [Synth 8-614] signal 'lives_icon_p1' is read in the process but is not in the sensitivity list [C:/Progh/Code/Project_RetroGame/Oplevering/EindProject_FPGA.srcs/sources_1/new/DisplayHUD.vhd:259]
WARNING: [Synth 8-614] signal 'local_y' is read in the process but is not in the sensitivity list [C:/Progh/Code/Project_RetroGame/Oplevering/EindProject_FPGA.srcs/sources_1/new/DisplayHUD.vhd:259]
WARNING: [Synth 8-614] signal 'local_x' is read in the process but is not in the sensitivity list [C:/Progh/Code/Project_RetroGame/Oplevering/EindProject_FPGA.srcs/sources_1/new/DisplayHUD.vhd:259]
WARNING: [Synth 8-614] signal 'rom_data_lives' is read in the process but is not in the sensitivity list [C:/Progh/Code/Project_RetroGame/Oplevering/EindProject_FPGA.srcs/sources_1/new/DisplayHUD.vhd:259]
WARNING: [Synth 8-614] signal 'rom_data_empty_lives' is read in the process but is not in the sensitivity list [C:/Progh/Code/Project_RetroGame/Oplevering/EindProject_FPGA.srcs/sources_1/new/DisplayHUD.vhd:259]
WARNING: [Synth 8-614] signal 'lives_icon_p2' is read in the process but is not in the sensitivity list [C:/Progh/Code/Project_RetroGame/Oplevering/EindProject_FPGA.srcs/sources_1/new/DisplayHUD.vhd:259]
WARNING: [Synth 8-614] signal 'ammo_icon_p1' is read in the process but is not in the sensitivity list [C:/Progh/Code/Project_RetroGame/Oplevering/EindProject_FPGA.srcs/sources_1/new/DisplayHUD.vhd:259]
WARNING: [Synth 8-614] signal 'rom_data_ammo' is read in the process but is not in the sensitivity list [C:/Progh/Code/Project_RetroGame/Oplevering/EindProject_FPGA.srcs/sources_1/new/DisplayHUD.vhd:259]
WARNING: [Synth 8-614] signal 'rom_data_empty_ammo' is read in the process but is not in the sensitivity list [C:/Progh/Code/Project_RetroGame/Oplevering/EindProject_FPGA.srcs/sources_1/new/DisplayHUD.vhd:259]
WARNING: [Synth 8-614] signal 'ammo_icon_p2' is read in the process but is not in the sensitivity list [C:/Progh/Code/Project_RetroGame/Oplevering/EindProject_FPGA.srcs/sources_1/new/DisplayHUD.vhd:259]
INFO: [Synth 8-256] done synthesizing module 'DisplayHUD' (0#1) [C:/Progh/Code/Project_RetroGame/Oplevering/EindProject_FPGA.srcs/sources_1/new/DisplayHUD.vhd:46]
INFO: [Synth 8-3491] module 'DisplayHoofdMenu' declared at 'C:/Progh/Code/Project_RetroGame/Oplevering/EindProject_FPGA.srcs/sources_1/new/DisplayMenus.vhd:5' bound to instance 'DisplayHoofdMenu_inst' of component 'DisplayHoofdmenu' [C:/Progh/Code/Project_RetroGame/Oplevering/EindProject_FPGA.srcs/sources_1/new/XY_GEN.vhd:199]
INFO: [Synth 8-638] synthesizing module 'DisplayHoofdMenu' [C:/Progh/Code/Project_RetroGame/Oplevering/EindProject_FPGA.srcs/sources_1/new/DisplayMenus.vhd:15]
INFO: [Synth 8-3491] module 'blk_mem_gen_14' declared at 'C:/Progh/Code/Project_RetroGame/Oplevering/.Xil/Vivado-25452-DESKTOP-H0VVJ00/realtime/blk_mem_gen_14_stub.v:6' bound to instance 'ROM_inst_0' of component 'blk_mem_gen_14' [C:/Progh/Code/Project_RetroGame/Oplevering/EindProject_FPGA.srcs/sources_1/new/DisplayMenus.vhd:88]
INFO: [Synth 8-6157] synthesizing module 'blk_mem_gen_14' [C:/Progh/Code/Project_RetroGame/Oplevering/.Xil/Vivado-25452-DESKTOP-H0VVJ00/realtime/blk_mem_gen_14_stub.v:6]
INFO: [Synth 8-6155] done synthesizing module 'blk_mem_gen_14' (0#1) [C:/Progh/Code/Project_RetroGame/Oplevering/.Xil/Vivado-25452-DESKTOP-H0VVJ00/realtime/blk_mem_gen_14_stub.v:6]
INFO: [Synth 8-3491] module 'blk_mem_gen_15' declared at 'C:/Progh/Code/Project_RetroGame/Oplevering/.Xil/Vivado-25452-DESKTOP-H0VVJ00/realtime/blk_mem_gen_15_stub.v:6' bound to instance 'ROM_inst_1' of component 'blk_mem_gen_15' [C:/Progh/Code/Project_RetroGame/Oplevering/EindProject_FPGA.srcs/sources_1/new/DisplayMenus.vhd:96]
INFO: [Synth 8-6157] synthesizing module 'blk_mem_gen_15' [C:/Progh/Code/Project_RetroGame/Oplevering/.Xil/Vivado-25452-DESKTOP-H0VVJ00/realtime/blk_mem_gen_15_stub.v:6]
INFO: [Synth 8-6155] done synthesizing module 'blk_mem_gen_15' (0#1) [C:/Progh/Code/Project_RetroGame/Oplevering/.Xil/Vivado-25452-DESKTOP-H0VVJ00/realtime/blk_mem_gen_15_stub.v:6]
INFO: [Synth 8-3491] module 'blk_mem_gen_16' declared at 'C:/Progh/Code/Project_RetroGame/Oplevering/.Xil/Vivado-25452-DESKTOP-H0VVJ00/realtime/blk_mem_gen_16_stub.v:6' bound to instance 'ROM_inst_2' of component 'blk_mem_gen_16' [C:/Progh/Code/Project_RetroGame/Oplevering/EindProject_FPGA.srcs/sources_1/new/DisplayMenus.vhd:104]
INFO: [Synth 8-6157] synthesizing module 'blk_mem_gen_16' [C:/Progh/Code/Project_RetroGame/Oplevering/.Xil/Vivado-25452-DESKTOP-H0VVJ00/realtime/blk_mem_gen_16_stub.v:6]
INFO: [Synth 8-6155] done synthesizing module 'blk_mem_gen_16' (0#1) [C:/Progh/Code/Project_RetroGame/Oplevering/.Xil/Vivado-25452-DESKTOP-H0VVJ00/realtime/blk_mem_gen_16_stub.v:6]
INFO: [Synth 8-3491] module 'blk_mem_gen_17' declared at 'C:/Progh/Code/Project_RetroGame/Oplevering/.Xil/Vivado-25452-DESKTOP-H0VVJ00/realtime/blk_mem_gen_17_stub.v:6' bound to instance 'ROM_inst_3' of component 'blk_mem_gen_17' [C:/Progh/Code/Project_RetroGame/Oplevering/EindProject_FPGA.srcs/sources_1/new/DisplayMenus.vhd:112]
INFO: [Synth 8-6157] synthesizing module 'blk_mem_gen_17' [C:/Progh/Code/Project_RetroGame/Oplevering/.Xil/Vivado-25452-DESKTOP-H0VVJ00/realtime/blk_mem_gen_17_stub.v:6]
INFO: [Synth 8-6155] done synthesizing module 'blk_mem_gen_17' (0#1) [C:/Progh/Code/Project_RetroGame/Oplevering/.Xil/Vivado-25452-DESKTOP-H0VVJ00/realtime/blk_mem_gen_17_stub.v:6]
INFO: [Synth 8-226] default block is never used [C:/Progh/Code/Project_RetroGame/Oplevering/EindProject_FPGA.srcs/sources_1/new/DisplayMenus.vhd:139]
INFO: [Synth 8-256] done synthesizing module 'DisplayHoofdMenu' (0#1) [C:/Progh/Code/Project_RetroGame/Oplevering/EindProject_FPGA.srcs/sources_1/new/DisplayMenus.vhd:15]
INFO: [Synth 8-3491] module 'CharacterController' declared at 'C:/Progh/Code/Project_RetroGame/Oplevering/EindProject_FPGA.srcs/sources_1/new/CharacterController.vhd:5' bound to instance 'DisplayCharacter_inst' of component 'CharacterController' [C:/Progh/Code/Project_RetroGame/Oplevering/EindProject_FPGA.srcs/sources_1/new/XY_GEN.vhd:211]
INFO: [Synth 8-638] synthesizing module 'CharacterController' [C:/Progh/Code/Project_RetroGame/Oplevering/EindProject_FPGA.srcs/sources_1/new/CharacterController.vhd:15]
INFO: [Synth 8-3491] module 'ControlCharacter' declared at 'C:/Progh/Code/Project_RetroGame/Oplevering/EindProject_FPGA.srcs/sources_1/new/ControlCharacter.vhd:5' bound to instance 'ControlChar_inst' of component 'ControlCharacter' [C:/Progh/Code/Project_RetroGame/Oplevering/EindProject_FPGA.srcs/sources_1/new/CharacterController.vhd:104]
INFO: [Synth 8-638] synthesizing module 'ControlCharacter' [C:/Progh/Code/Project_RetroGame/Oplevering/EindProject_FPGA.srcs/sources_1/new/ControlCharacter.vhd:16]
INFO: [Synth 8-256] done synthesizing module 'ControlCharacter' (0#1) [C:/Progh/Code/Project_RetroGame/Oplevering/EindProject_FPGA.srcs/sources_1/new/ControlCharacter.vhd:16]
INFO: [Synth 8-3491] module 'blk_mem_gen_5' declared at 'C:/Progh/Code/Project_RetroGame/Oplevering/.Xil/Vivado-25452-DESKTOP-H0VVJ00/realtime/blk_mem_gen_5_stub.v:6' bound to instance 'ROM_inst_1' of component 'blk_mem_gen_5' [C:/Progh/Code/Project_RetroGame/Oplevering/EindProject_FPGA.srcs/sources_1/new/CharacterController.vhd:150]
INFO: [Synth 8-6157] synthesizing module 'blk_mem_gen_5' [C:/Progh/Code/Project_RetroGame/Oplevering/.Xil/Vivado-25452-DESKTOP-H0VVJ00/realtime/blk_mem_gen_5_stub.v:6]
INFO: [Synth 8-6155] done synthesizing module 'blk_mem_gen_5' (0#1) [C:/Progh/Code/Project_RetroGame/Oplevering/.Xil/Vivado-25452-DESKTOP-H0VVJ00/realtime/blk_mem_gen_5_stub.v:6]
INFO: [Synth 8-3491] module 'blk_mem_gen_6' declared at 'C:/Progh/Code/Project_RetroGame/Oplevering/.Xil/Vivado-25452-DESKTOP-H0VVJ00/realtime/blk_mem_gen_6_stub.v:6' bound to instance 'ROM_inst_2' of component 'blk_mem_gen_6' [C:/Progh/Code/Project_RetroGame/Oplevering/EindProject_FPGA.srcs/sources_1/new/CharacterController.vhd:158]
INFO: [Synth 8-6157] synthesizing module 'blk_mem_gen_6' [C:/Progh/Code/Project_RetroGame/Oplevering/.Xil/Vivado-25452-DESKTOP-H0VVJ00/realtime/blk_mem_gen_6_stub.v:6]
INFO: [Synth 8-6155] done synthesizing module 'blk_mem_gen_6' (0#1) [C:/Progh/Code/Project_RetroGame/Oplevering/.Xil/Vivado-25452-DESKTOP-H0VVJ00/realtime/blk_mem_gen_6_stub.v:6]
INFO: [Synth 8-3491] module 'blk_mem_gen_7' declared at 'C:/Progh/Code/Project_RetroGame/Oplevering/.Xil/Vivado-25452-DESKTOP-H0VVJ00/realtime/blk_mem_gen_7_stub.v:6' bound to instance 'ROM_inst_3' of component 'blk_mem_gen_7' [C:/Progh/Code/Project_RetroGame/Oplevering/EindProject_FPGA.srcs/sources_1/new/CharacterController.vhd:166]
INFO: [Synth 8-6157] synthesizing module 'blk_mem_gen_7' [C:/Progh/Code/Project_RetroGame/Oplevering/.Xil/Vivado-25452-DESKTOP-H0VVJ00/realtime/blk_mem_gen_7_stub.v:6]
INFO: [Synth 8-6155] done synthesizing module 'blk_mem_gen_7' (0#1) [C:/Progh/Code/Project_RetroGame/Oplevering/.Xil/Vivado-25452-DESKTOP-H0VVJ00/realtime/blk_mem_gen_7_stub.v:6]
INFO: [Synth 8-3491] module 'blk_mem_gen_8' declared at 'C:/Progh/Code/Project_RetroGame/Oplevering/.Xil/Vivado-25452-DESKTOP-H0VVJ00/realtime/blk_mem_gen_8_stub.v:6' bound to instance 'ROM_inst_4' of component 'blk_mem_gen_8' [C:/Progh/Code/Project_RetroGame/Oplevering/EindProject_FPGA.srcs/sources_1/new/CharacterController.vhd:174]
INFO: [Synth 8-6157] synthesizing module 'blk_mem_gen_8' [C:/Progh/Code/Project_RetroGame/Oplevering/.Xil/Vivado-25452-DESKTOP-H0VVJ00/realtime/blk_mem_gen_8_stub.v:6]
INFO: [Synth 8-6155] done synthesizing module 'blk_mem_gen_8' (0#1) [C:/Progh/Code/Project_RetroGame/Oplevering/.Xil/Vivado-25452-DESKTOP-H0VVJ00/realtime/blk_mem_gen_8_stub.v:6]
INFO: [Synth 8-256] done synthesizing module 'CharacterController' (0#1) [C:/Progh/Code/Project_RetroGame/Oplevering/EindProject_FPGA.srcs/sources_1/new/CharacterController.vhd:15]
INFO: [Synth 8-3491] module 'CharacterControllerPlayer2' declared at 'C:/Progh/Code/Project_RetroGame/Oplevering/EindProject_FPGA.srcs/sources_1/new/CharacterControllerPlayer2.vhd:5' bound to instance 'DisplayCharacter_inst_Player2' of component 'CharacterControllerPlayer2' [C:/Progh/Code/Project_RetroGame/Oplevering/EindProject_FPGA.srcs/sources_1/new/XY_GEN.vhd:220]
INFO: [Synth 8-638] synthesizing module 'CharacterControllerPlayer2' [C:/Progh/Code/Project_RetroGame/Oplevering/EindProject_FPGA.srcs/sources_1/new/CharacterControllerPlayer2.vhd:15]
INFO: [Synth 8-3491] module 'ControlCharacterPlayer2' declared at 'C:/Progh/Code/Project_RetroGame/Oplevering/EindProject_FPGA.srcs/sources_1/new/ControlCharacterPlayer2.vhd:5' bound to instance 'ControlChar_inst' of component 'ControlCharacterPlayer2' [C:/Progh/Code/Project_RetroGame/Oplevering/EindProject_FPGA.srcs/sources_1/new/CharacterControllerPlayer2.vhd:104]
INFO: [Synth 8-638] synthesizing module 'ControlCharacterPlayer2' [C:/Progh/Code/Project_RetroGame/Oplevering/EindProject_FPGA.srcs/sources_1/new/ControlCharacterPlayer2.vhd:16]
INFO: [Synth 8-256] done synthesizing module 'ControlCharacterPlayer2' (0#1) [C:/Progh/Code/Project_RetroGame/Oplevering/EindProject_FPGA.srcs/sources_1/new/ControlCharacterPlayer2.vhd:16]
INFO: [Synth 8-3491] module 'blk_mem_gen_0' declared at 'C:/Progh/Code/Project_RetroGame/Oplevering/.Xil/Vivado-25452-DESKTOP-H0VVJ00/realtime/blk_mem_gen_0_stub.v:6' bound to instance 'ROM_inst_1' of component 'blk_mem_gen_0' [C:/Progh/Code/Project_RetroGame/Oplevering/EindProject_FPGA.srcs/sources_1/new/CharacterControllerPlayer2.vhd:150]
INFO: [Synth 8-6157] synthesizing module 'blk_mem_gen_0' [C:/Progh/Code/Project_RetroGame/Oplevering/.Xil/Vivado-25452-DESKTOP-H0VVJ00/realtime/blk_mem_gen_0_stub.v:6]
INFO: [Synth 8-6155] done synthesizing module 'blk_mem_gen_0' (0#1) [C:/Progh/Code/Project_RetroGame/Oplevering/.Xil/Vivado-25452-DESKTOP-H0VVJ00/realtime/blk_mem_gen_0_stub.v:6]
INFO: [Synth 8-3491] module 'blk_mem_gen_1' declared at 'C:/Progh/Code/Project_RetroGame/Oplevering/.Xil/Vivado-25452-DESKTOP-H0VVJ00/realtime/blk_mem_gen_1_stub.v:6' bound to instance 'ROM_inst_2' of component 'blk_mem_gen_1' [C:/Progh/Code/Project_RetroGame/Oplevering/EindProject_FPGA.srcs/sources_1/new/CharacterControllerPlayer2.vhd:158]
INFO: [Synth 8-6157] synthesizing module 'blk_mem_gen_1' [C:/Progh/Code/Project_RetroGame/Oplevering/.Xil/Vivado-25452-DESKTOP-H0VVJ00/realtime/blk_mem_gen_1_stub.v:6]
INFO: [Synth 8-6155] done synthesizing module 'blk_mem_gen_1' (0#1) [C:/Progh/Code/Project_RetroGame/Oplevering/.Xil/Vivado-25452-DESKTOP-H0VVJ00/realtime/blk_mem_gen_1_stub.v:6]
INFO: [Synth 8-3491] module 'blk_mem_gen_2' declared at 'C:/Progh/Code/Project_RetroGame/Oplevering/.Xil/Vivado-25452-DESKTOP-H0VVJ00/realtime/blk_mem_gen_2_stub.v:6' bound to instance 'ROM_inst_3' of component 'blk_mem_gen_2' [C:/Progh/Code/Project_RetroGame/Oplevering/EindProject_FPGA.srcs/sources_1/new/CharacterControllerPlayer2.vhd:166]
INFO: [Synth 8-6157] synthesizing module 'blk_mem_gen_2' [C:/Progh/Code/Project_RetroGame/Oplevering/.Xil/Vivado-25452-DESKTOP-H0VVJ00/realtime/blk_mem_gen_2_stub.v:6]
INFO: [Synth 8-6155] done synthesizing module 'blk_mem_gen_2' (0#1) [C:/Progh/Code/Project_RetroGame/Oplevering/.Xil/Vivado-25452-DESKTOP-H0VVJ00/realtime/blk_mem_gen_2_stub.v:6]
INFO: [Synth 8-3491] module 'blk_mem_gen_3' declared at 'C:/Progh/Code/Project_RetroGame/Oplevering/.Xil/Vivado-25452-DESKTOP-H0VVJ00/realtime/blk_mem_gen_3_stub.v:6' bound to instance 'ROM_inst_4' of component 'blk_mem_gen_3' [C:/Progh/Code/Project_RetroGame/Oplevering/EindProject_FPGA.srcs/sources_1/new/CharacterControllerPlayer2.vhd:174]
INFO: [Synth 8-6157] synthesizing module 'blk_mem_gen_3' [C:/Progh/Code/Project_RetroGame/Oplevering/.Xil/Vivado-25452-DESKTOP-H0VVJ00/realtime/blk_mem_gen_3_stub.v:6]
INFO: [Synth 8-6155] done synthesizing module 'blk_mem_gen_3' (0#1) [C:/Progh/Code/Project_RetroGame/Oplevering/.Xil/Vivado-25452-DESKTOP-H0VVJ00/realtime/blk_mem_gen_3_stub.v:6]
INFO: [Synth 8-256] done synthesizing module 'CharacterControllerPlayer2' (0#1) [C:/Progh/Code/Project_RetroGame/Oplevering/EindProject_FPGA.srcs/sources_1/new/CharacterControllerPlayer2.vhd:15]
INFO: [Synth 8-3491] module 'DisplayBullet' declared at 'C:/Progh/Code/Project_RetroGame/Oplevering/EindProject_FPGA.srcs/sources_1/new/DisplayBullet.vhd:5' bound to instance 'DisplayBullet_inst' of component 'DisplayBullet' [C:/Progh/Code/Project_RetroGame/Oplevering/EindProject_FPGA.srcs/sources_1/new/XY_GEN.vhd:232]
INFO: [Synth 8-638] synthesizing module 'DisplayBullet' [C:/Progh/Code/Project_RetroGame/Oplevering/EindProject_FPGA.srcs/sources_1/new/DisplayBullet.vhd:24]
INFO: [Synth 8-3491] module 'blk_mem_gen_9' declared at 'C:/Progh/Code/Project_RetroGame/Oplevering/.Xil/Vivado-25452-DESKTOP-H0VVJ00/realtime/blk_mem_gen_9_stub.v:6' bound to instance 'ROM_inst' of component 'blk_mem_gen_9' [C:/Progh/Code/Project_RetroGame/Oplevering/EindProject_FPGA.srcs/sources_1/new/DisplayBullet.vhd:110]
INFO: [Synth 8-6157] synthesizing module 'blk_mem_gen_9' [C:/Progh/Code/Project_RetroGame/Oplevering/.Xil/Vivado-25452-DESKTOP-H0VVJ00/realtime/blk_mem_gen_9_stub.v:6]
INFO: [Synth 8-6155] done synthesizing module 'blk_mem_gen_9' (0#1) [C:/Progh/Code/Project_RetroGame/Oplevering/.Xil/Vivado-25452-DESKTOP-H0VVJ00/realtime/blk_mem_gen_9_stub.v:6]
WARNING: [Synth 8-614] signal 'bullet_active' is read in the process but is not in the sensitivity list [C:/Progh/Code/Project_RetroGame/Oplevering/EindProject_FPGA.srcs/sources_1/new/DisplayBullet.vhd:128]
INFO: [Synth 8-256] done synthesizing module 'DisplayBullet' (0#1) [C:/Progh/Code/Project_RetroGame/Oplevering/EindProject_FPGA.srcs/sources_1/new/DisplayBullet.vhd:24]
INFO: [Synth 8-3491] module 'Displaylevel' declared at 'C:/Progh/Code/Project_RetroGame/Oplevering/EindProject_FPGA.srcs/sources_1/new/Displaylevel.vhd:5' bound to instance 'DisplayLevel_inst' of component 'Displaylevel' [C:/Progh/Code/Project_RetroGame/Oplevering/EindProject_FPGA.srcs/sources_1/new/XY_GEN.vhd:253]
INFO: [Synth 8-638] synthesizing module 'Displaylevel' [C:/Progh/Code/Project_RetroGame/Oplevering/EindProject_FPGA.srcs/sources_1/new/Displaylevel.vhd:14]
INFO: [Synth 8-3491] module 'blk_mem_gen_4' declared at 'C:/Progh/Code/Project_RetroGame/Oplevering/.Xil/Vivado-25452-DESKTOP-H0VVJ00/realtime/blk_mem_gen_4_stub.v:6' bound to instance 'ROM_inst' of component 'blk_mem_gen_4' [C:/Progh/Code/Project_RetroGame/Oplevering/EindProject_FPGA.srcs/sources_1/new/Displaylevel.vhd:64]
INFO: [Synth 8-6157] synthesizing module 'blk_mem_gen_4' [C:/Progh/Code/Project_RetroGame/Oplevering/.Xil/Vivado-25452-DESKTOP-H0VVJ00/realtime/blk_mem_gen_4_stub.v:6]
INFO: [Synth 8-6155] done synthesizing module 'blk_mem_gen_4' (0#1) [C:/Progh/Code/Project_RetroGame/Oplevering/.Xil/Vivado-25452-DESKTOP-H0VVJ00/realtime/blk_mem_gen_4_stub.v:6]
INFO: [Synth 8-256] done synthesizing module 'Displaylevel' (0#1) [C:/Progh/Code/Project_RetroGame/Oplevering/EindProject_FPGA.srcs/sources_1/new/Displaylevel.vhd:14]
INFO: [Synth 8-256] done synthesizing module 'Pixel_Gen' (0#1) [C:/Progh/Code/Project_RetroGame/Oplevering/EindProject_FPGA.srcs/sources_1/new/XY_GEN.vhd:16]
INFO: [Synth 8-256] done synthesizing module 'DVI_Top' (0#1) [C:/Progh/Code/Project_RetroGame/Oplevering/EindProject_FPGA.srcs/sources_1/imports/Week 5 + 6 - Bounching Square - Ball/DVI.vhd:19]
WARNING: [Synth 8-6014] Unused sequential element max_hp_p1_reg was removed.  [C:/Progh/Code/Project_RetroGame/Oplevering/EindProject_FPGA.srcs/sources_1/new/DisplayHUD.vhd:158]
WARNING: [Synth 8-6014] Unused sequential element current_hp_p2_reg was removed.  [C:/Progh/Code/Project_RetroGame/Oplevering/EindProject_FPGA.srcs/sources_1/new/DisplayHUD.vhd:159]
WARNING: [Synth 8-6014] Unused sequential element max_hp_p2_reg was removed.  [C:/Progh/Code/Project_RetroGame/Oplevering/EindProject_FPGA.srcs/sources_1/new/DisplayHUD.vhd:160]
WARNING: [Synth 8-6014] Unused sequential element current_ammo_p1_reg was removed.  [C:/Progh/Code/Project_RetroGame/Oplevering/EindProject_FPGA.srcs/sources_1/new/DisplayHUD.vhd:161]
WARNING: [Synth 8-6014] Unused sequential element max_ammo_p1_reg was removed.  [C:/Progh/Code/Project_RetroGame/Oplevering/EindProject_FPGA.srcs/sources_1/new/DisplayHUD.vhd:162]
WARNING: [Synth 8-6014] Unused sequential element current_ammo_p2_reg was removed.  [C:/Progh/Code/Project_RetroGame/Oplevering/EindProject_FPGA.srcs/sources_1/new/DisplayHUD.vhd:163]
WARNING: [Synth 8-6014] Unused sequential element max_ammo_p2_reg was removed.  [C:/Progh/Code/Project_RetroGame/Oplevering/EindProject_FPGA.srcs/sources_1/new/DisplayHUD.vhd:164]
WARNING: [Synth 8-6014] Unused sequential element bullet_amount_reg was removed.  [C:/Progh/Code/Project_RetroGame/Oplevering/EindProject_FPGA.srcs/sources_1/new/DisplayBullet.vhd:83]
WARNING: [Synth 8-7129] Port spi_data_in[511] in module DisplayBullet is either unconnected or has no load
WARNING: [Synth 8-7129] Port spi_data_in[510] in module DisplayBullet is either unconnected or has no load
WARNING: [Synth 8-7129] Port spi_data_in[509] in module DisplayBullet is either unconnected or has no load
WARNING: [Synth 8-7129] Port spi_data_in[508] in module DisplayBullet is either unconnected or has no load
WARNING: [Synth 8-7129] Port spi_data_in[507] in module DisplayBullet is either unconnected or has no load
WARNING: [Synth 8-7129] Port spi_data_in[506] in module DisplayBullet is either unconnected or has no load
WARNING: [Synth 8-7129] Port spi_data_in[505] in module DisplayBullet is either unconnected or has no load
WARNING: [Synth 8-7129] Port spi_data_in[504] in module DisplayBullet is either unconnected or has no load
WARNING: [Synth 8-7129] Port spi_data_in[503] in module DisplayBullet is either unconnected or has no load
WARNING: [Synth 8-7129] Port spi_data_in[502] in module DisplayBullet is either unconnected or has no load
WARNING: [Synth 8-7129] Port spi_data_in[501] in module DisplayBullet is either unconnected or has no load
WARNING: [Synth 8-7129] Port spi_data_in[500] in module DisplayBullet is either unconnected or has no load
WARNING: [Synth 8-7129] Port spi_data_in[499] in module DisplayBullet is either unconnected or has no load
WARNING: [Synth 8-7129] Port spi_data_in[498] in module DisplayBullet is either unconnected or has no load
WARNING: [Synth 8-7129] Port spi_data_in[497] in module DisplayBullet is either unconnected or has no load
WARNING: [Synth 8-7129] Port spi_data_in[496] in module DisplayBullet is either unconnected or has no load
WARNING: [Synth 8-7129] Port spi_data_in[495] in module DisplayBullet is either unconnected or has no load
WARNING: [Synth 8-7129] Port spi_data_in[494] in module DisplayBullet is either unconnected or has no load
WARNING: [Synth 8-7129] Port spi_data_in[493] in module DisplayBullet is either unconnected or has no load
WARNING: [Synth 8-7129] Port spi_data_in[492] in module DisplayBullet is either unconnected or has no load
WARNING: [Synth 8-7129] Port spi_data_in[491] in module DisplayBullet is either unconnected or has no load
WARNING: [Synth 8-7129] Port spi_data_in[490] in module DisplayBullet is either unconnected or has no load
WARNING: [Synth 8-7129] Port spi_data_in[489] in module DisplayBullet is either unconnected or has no load
WARNING: [Synth 8-7129] Port spi_data_in[488] in module DisplayBullet is either unconnected or has no load
WARNING: [Synth 8-7129] Port spi_data_in[487] in module DisplayBullet is either unconnected or has no load
WARNING: [Synth 8-7129] Port spi_data_in[486] in module DisplayBullet is either unconnected or has no load
WARNING: [Synth 8-7129] Port spi_data_in[485] in module DisplayBullet is either unconnected or has no load
WARNING: [Synth 8-7129] Port spi_data_in[484] in module DisplayBullet is either unconnected or has no load
WARNING: [Synth 8-7129] Port spi_data_in[483] in module DisplayBullet is either unconnected or has no load
WARNING: [Synth 8-7129] Port spi_data_in[482] in module DisplayBullet is either unconnected or has no load
WARNING: [Synth 8-7129] Port spi_data_in[481] in module DisplayBullet is either unconnected or has no load
WARNING: [Synth 8-7129] Port spi_data_in[480] in module DisplayBullet is either unconnected or has no load
WARNING: [Synth 8-7129] Port spi_data_in[479] in module DisplayBullet is either unconnected or has no load
WARNING: [Synth 8-7129] Port spi_data_in[478] in module DisplayBullet is either unconnected or has no load
WARNING: [Synth 8-7129] Port spi_data_in[477] in module DisplayBullet is either unconnected or has no load
WARNING: [Synth 8-7129] Port spi_data_in[476] in module DisplayBullet is either unconnected or has no load
WARNING: [Synth 8-7129] Port spi_data_in[475] in module DisplayBullet is either unconnected or has no load
WARNING: [Synth 8-7129] Port spi_data_in[474] in module DisplayBullet is either unconnected or has no load
WARNING: [Synth 8-7129] Port spi_data_in[473] in module DisplayBullet is either unconnected or has no load
WARNING: [Synth 8-7129] Port spi_data_in[472] in module DisplayBullet is either unconnected or has no load
WARNING: [Synth 8-7129] Port spi_data_in[471] in module DisplayBullet is either unconnected or has no load
WARNING: [Synth 8-7129] Port spi_data_in[470] in module DisplayBullet is either unconnected or has no load
WARNING: [Synth 8-7129] Port spi_data_in[469] in module DisplayBullet is either unconnected or has no load
WARNING: [Synth 8-7129] Port spi_data_in[468] in module DisplayBullet is either unconnected or has no load
WARNING: [Synth 8-7129] Port spi_data_in[467] in module DisplayBullet is either unconnected or has no load
WARNING: [Synth 8-7129] Port spi_data_in[466] in module DisplayBullet is either unconnected or has no load
WARNING: [Synth 8-7129] Port spi_data_in[465] in module DisplayBullet is either unconnected or has no load
WARNING: [Synth 8-7129] Port spi_data_in[464] in module DisplayBullet is either unconnected or has no load
WARNING: [Synth 8-7129] Port spi_data_in[463] in module DisplayBullet is either unconnected or has no load
WARNING: [Synth 8-7129] Port spi_data_in[462] in module DisplayBullet is either unconnected or has no load
WARNING: [Synth 8-7129] Port spi_data_in[461] in module DisplayBullet is either unconnected or has no load
WARNING: [Synth 8-7129] Port spi_data_in[460] in module DisplayBullet is either unconnected or has no load
WARNING: [Synth 8-7129] Port spi_data_in[459] in module DisplayBullet is either unconnected or has no load
WARNING: [Synth 8-7129] Port spi_data_in[458] in module DisplayBullet is either unconnected or has no load
WARNING: [Synth 8-7129] Port spi_data_in[457] in module DisplayBullet is either unconnected or has no load
WARNING: [Synth 8-7129] Port spi_data_in[456] in module DisplayBullet is either unconnected or has no load
WARNING: [Synth 8-7129] Port spi_data_in[455] in module DisplayBullet is either unconnected or has no load
WARNING: [Synth 8-7129] Port spi_data_in[454] in module DisplayBullet is either unconnected or has no load
WARNING: [Synth 8-7129] Port spi_data_in[453] in module DisplayBullet is either unconnected or has no load
WARNING: [Synth 8-7129] Port spi_data_in[452] in module DisplayBullet is either unconnected or has no load
WARNING: [Synth 8-7129] Port spi_data_in[451] in module DisplayBullet is either unconnected or has no load
WARNING: [Synth 8-7129] Port spi_data_in[450] in module DisplayBullet is either unconnected or has no load
WARNING: [Synth 8-7129] Port spi_data_in[449] in module DisplayBullet is either unconnected or has no load
WARNING: [Synth 8-7129] Port spi_data_in[448] in module DisplayBullet is either unconnected or has no load
WARNING: [Synth 8-7129] Port spi_data_in[447] in module DisplayBullet is either unconnected or has no load
WARNING: [Synth 8-7129] Port spi_data_in[446] in module DisplayBullet is either unconnected or has no load
WARNING: [Synth 8-7129] Port spi_data_in[445] in module DisplayBullet is either unconnected or has no load
WARNING: [Synth 8-7129] Port spi_data_in[444] in module DisplayBullet is either unconnected or has no load
WARNING: [Synth 8-7129] Port spi_data_in[443] in module DisplayBullet is either unconnected or has no load
WARNING: [Synth 8-7129] Port spi_data_in[442] in module DisplayBullet is either unconnected or has no load
WARNING: [Synth 8-7129] Port spi_data_in[441] in module DisplayBullet is either unconnected or has no load
WARNING: [Synth 8-7129] Port spi_data_in[440] in module DisplayBullet is either unconnected or has no load
WARNING: [Synth 8-7129] Port spi_data_in[439] in module DisplayBullet is either unconnected or has no load
WARNING: [Synth 8-7129] Port spi_data_in[438] in module DisplayBullet is either unconnected or has no load
WARNING: [Synth 8-7129] Port spi_data_in[437] in module DisplayBullet is either unconnected or has no load
WARNING: [Synth 8-7129] Port spi_data_in[436] in module DisplayBullet is either unconnected or has no load
WARNING: [Synth 8-7129] Port spi_data_in[435] in module DisplayBullet is either unconnected or has no load
WARNING: [Synth 8-7129] Port spi_data_in[434] in module DisplayBullet is either unconnected or has no load
WARNING: [Synth 8-7129] Port spi_data_in[433] in module DisplayBullet is either unconnected or has no load
WARNING: [Synth 8-7129] Port spi_data_in[432] in module DisplayBullet is either unconnected or has no load
WARNING: [Synth 8-7129] Port spi_data_in[431] in module DisplayBullet is either unconnected or has no load
WARNING: [Synth 8-7129] Port spi_data_in[430] in module DisplayBullet is either unconnected or has no load
WARNING: [Synth 8-7129] Port spi_data_in[429] in module DisplayBullet is either unconnected or has no load
WARNING: [Synth 8-7129] Port spi_data_in[428] in module DisplayBullet is either unconnected or has no load
WARNING: [Synth 8-7129] Port spi_data_in[427] in module DisplayBullet is either unconnected or has no load
WARNING: [Synth 8-7129] Port spi_data_in[426] in module DisplayBullet is either unconnected or has no load
WARNING: [Synth 8-7129] Port spi_data_in[425] in module DisplayBullet is either unconnected or has no load
WARNING: [Synth 8-7129] Port spi_data_in[424] in module DisplayBullet is either unconnected or has no load
WARNING: [Synth 8-7129] Port spi_data_in[423] in module DisplayBullet is either unconnected or has no load
WARNING: [Synth 8-7129] Port spi_data_in[422] in module DisplayBullet is either unconnected or has no load
WARNING: [Synth 8-7129] Port spi_data_in[421] in module DisplayBullet is either unconnected or has no load
WARNING: [Synth 8-7129] Port spi_data_in[420] in module DisplayBullet is either unconnected or has no load
WARNING: [Synth 8-7129] Port spi_data_in[419] in module DisplayBullet is either unconnected or has no load
WARNING: [Synth 8-7129] Port spi_data_in[418] in module DisplayBullet is either unconnected or has no load
WARNING: [Synth 8-7129] Port spi_data_in[417] in module DisplayBullet is either unconnected or has no load
WARNING: [Synth 8-7129] Port spi_data_in[416] in module DisplayBullet is either unconnected or has no load
WARNING: [Synth 8-7129] Port spi_data_in[415] in module DisplayBullet is either unconnected or has no load
WARNING: [Synth 8-7129] Port spi_data_in[414] in module DisplayBullet is either unconnected or has no load
WARNING: [Synth 8-7129] Port spi_data_in[413] in module DisplayBullet is either unconnected or has no load
WARNING: [Synth 8-7129] Port spi_data_in[412] in module DisplayBullet is either unconnected or has no load
INFO: [Common 17-14] Message 'Synth 8-7129' appears 100 times and further instances of the messages will be disabled. Use the Tcl command set_msg_config to change the current settings.
---------------------------------------------------------------------------------
Finished RTL Elaboration : Time (s): cpu = 00:00:07 ; elapsed = 00:00:06 . Memory (MB): peak = 4466.098 ; gain = 0.000
---------------------------------------------------------------------------------
---------------------------------------------------------------------------------
Start Handling Custom Attributes
---------------------------------------------------------------------------------
---------------------------------------------------------------------------------
Finished Handling Custom Attributes : Time (s): cpu = 00:00:07 ; elapsed = 00:00:07 . Memory (MB): peak = 4466.098 ; gain = 0.000
---------------------------------------------------------------------------------
---------------------------------------------------------------------------------
Finished RTL Optimization Phase 1 : Time (s): cpu = 00:00:07 ; elapsed = 00:00:07 . Memory (MB): peak = 4466.098 ; gain = 0.000
---------------------------------------------------------------------------------
INFO: [Project 1-454] Reading design checkpoint 'c:/Progh/Code/Project_RetroGame/Oplevering/EindProject_FPGA.gen/sources_1/ip/clkDVIprescaler/clkDVIprescaler.dcp' for cell 'prescaler_instance'
INFO: [Project 1-454] Reading design checkpoint 'c:/Progh/Code/Project_RetroGame/Oplevering/EindProject_FPGA.gen/sources_1/ip/blk_mem_gen_10/blk_mem_gen_10.dcp' for cell 'pixel_gen_inst/DisplayHUD_inst/ROM_inst_Ammo'
INFO: [Project 1-454] Reading design checkpoint 'c:/Progh/Code/Project_RetroGame/Oplevering/EindProject_FPGA.gen/sources_1/ip/blk_mem_gen_11/blk_mem_gen_11.dcp' for cell 'pixel_gen_inst/DisplayHUD_inst/ROM_inst_EmptyAmmo'
INFO: [Project 1-454] Reading design checkpoint 'c:/Progh/Code/Project_RetroGame/Oplevering/EindProject_FPGA.gen/sources_1/ip/blk_mem_gen_12/blk_mem_gen_12.dcp' for cell 'pixel_gen_inst/DisplayHUD_inst/ROM_inst_Lives'
INFO: [Project 1-454] Reading design checkpoint 'c:/Progh/Code/Project_RetroGame/Oplevering/EindProject_FPGA.gen/sources_1/ip/blk_mem_gen_13/blk_mem_gen_13.dcp' for cell 'pixel_gen_inst/DisplayHUD_inst/ROM_inst_EmptyLives'
INFO: [Project 1-454] Reading design checkpoint 'c:/Progh/Code/Project_RetroGame/Oplevering/EindProject_FPGA.gen/sources_1/ip/blk_mem_gen_14/blk_mem_gen_14.dcp' for cell 'pixel_gen_inst/DisplayHoofdMenu_inst/ROM_inst_0'
INFO: [Project 1-454] Reading design checkpoint 'c:/Progh/Code/Project_RetroGame/Oplevering/EindProject_FPGA.gen/sources_1/ip/blk_mem_gen_15/blk_mem_gen_15.dcp' for cell 'pixel_gen_inst/DisplayHoofdMenu_inst/ROM_inst_1'
INFO: [Project 1-454] Reading design checkpoint 'c:/Progh/Code/Project_RetroGame/Oplevering/EindProject_FPGA.gen/sources_1/ip/blk_mem_gen_16/blk_mem_gen_16.dcp' for cell 'pixel_gen_inst/DisplayHoofdMenu_inst/ROM_inst_2'
INFO: [Project 1-454] Reading design checkpoint 'c:/Progh/Code/Project_RetroGame/Oplevering/EindProject_FPGA.gen/sources_1/ip/blk_mem_gen_17/blk_mem_gen_17.dcp' for cell 'pixel_gen_inst/DisplayHoofdMenu_inst/ROM_inst_3'
INFO: [Project 1-454] Reading design checkpoint 'c:/Progh/Code/Project_RetroGame/Oplevering/EindProject_FPGA.gen/sources_1/ip/blk_mem_gen_5/blk_mem_gen_5.dcp' for cell 'pixel_gen_inst/DisplayCharacter_inst/ROM_inst_1'
INFO: [Project 1-454] Reading design checkpoint 'c:/Progh/Code/Project_RetroGame/Oplevering/EindProject_FPGA.gen/sources_1/ip/blk_mem_gen_6/blk_mem_gen_6.dcp' for cell 'pixel_gen_inst/DisplayCharacter_inst/ROM_inst_2'
INFO: [Project 1-454] Reading design checkpoint 'c:/Progh/Code/Project_RetroGame/Oplevering/EindProject_FPGA.gen/sources_1/ip/blk_mem_gen_7/blk_mem_gen_7.dcp' for cell 'pixel_gen_inst/DisplayCharacter_inst/ROM_inst_3'
INFO: [Project 1-454] Reading design checkpoint 'c:/Progh/Code/Project_RetroGame/Oplevering/EindProject_FPGA.gen/sources_1/ip/blk_mem_gen_8/blk_mem_gen_8.dcp' for cell 'pixel_gen_inst/DisplayCharacter_inst/ROM_inst_4'
INFO: [Project 1-454] Reading design checkpoint 'c:/Progh/Code/Project_RetroGame/Oplevering/EindProject_FPGA.gen/sources_1/ip/blk_mem_gen_0/blk_mem_gen_0.dcp' for cell 'pixel_gen_inst/DisplayCharacter_inst_Player2/ROM_inst_1'
INFO: [Project 1-454] Reading design checkpoint 'c:/Progh/Code/Project_RetroGame/Oplevering/EindProject_FPGA.gen/sources_1/ip/blk_mem_gen_1/blk_mem_gen_1.dcp' for cell 'pixel_gen_inst/DisplayCharacter_inst_Player2/ROM_inst_2'
INFO: [Project 1-454] Reading design checkpoint 'c:/Progh/Code/Project_RetroGame/Oplevering/EindProject_FPGA.gen/sources_1/ip/blk_mem_gen_2/blk_mem_gen_2.dcp' for cell 'pixel_gen_inst/DisplayCharacter_inst_Player2/ROM_inst_3'
INFO: [Project 1-454] Reading design checkpoint 'c:/Progh/Code/Project_RetroGame/Oplevering/EindProject_FPGA.gen/sources_1/ip/blk_mem_gen_3/blk_mem_gen_3.dcp' for cell 'pixel_gen_inst/DisplayCharacter_inst_Player2/ROM_inst_4'
INFO: [Project 1-454] Reading design checkpoint 'c:/Progh/Code/Project_RetroGame/Oplevering/EindProject_FPGA.gen/sources_1/ip/blk_mem_gen_9/blk_mem_gen_9.dcp' for cell 'pixel_gen_inst/DisplayBullet_inst/ROM_inst'
INFO: [Project 1-454] Reading design checkpoint 'c:/Progh/Code/Project_RetroGame/Oplevering/EindProject_FPGA.gen/sources_1/ip/blk_mem_gen_4/blk_mem_gen_4.dcp' for cell 'pixel_gen_inst/DisplayLevel_inst/ROM_inst'
Netlist sorting complete. Time (s): cpu = 00:00:00 ; elapsed = 00:00:00.071 . Memory (MB): peak = 4466.098 ; gain = 0.000
INFO: [Netlist 29-17] Analyzing 79 Unisim elements for replacement
INFO: [Netlist 29-28] Unisim Transformation completed in 0 CPU seconds
INFO: [Project 1-479] Netlist was created with Vivado 2024.1
INFO: [Project 1-570] Preparing netlist for logic optimization

Processing XDC Constraints
Initializing timing engine
Parsing XDC File [c:/Progh/Code/Project_RetroGame/Oplevering/EindProject_FPGA.gen/sources_1/ip/clkDVIprescaler/clkDVIprescaler_board.xdc] for cell 'prescaler_instance/inst'
Finished Parsing XDC File [c:/Progh/Code/Project_RetroGame/Oplevering/EindProject_FPGA.gen/sources_1/ip/clkDVIprescaler/clkDVIprescaler_board.xdc] for cell 'prescaler_instance/inst'
Parsing XDC File [c:/Progh/Code/Project_RetroGame/Oplevering/EindProject_FPGA.gen/sources_1/ip/clkDVIprescaler/clkDVIprescaler.xdc] for cell 'prescaler_instance/inst'
Finished Parsing XDC File [c:/Progh/Code/Project_RetroGame/Oplevering/EindProject_FPGA.gen/sources_1/ip/clkDVIprescaler/clkDVIprescaler.xdc] for cell 'prescaler_instance/inst'
INFO: [Project 1-236] Implementation specific constraints were found while reading constraint file [c:/Progh/Code/Project_RetroGame/Oplevering/EindProject_FPGA.gen/sources_1/ip/clkDVIprescaler/clkDVIprescaler.xdc]. These constraints will be ignored for synthesis but will be used in implementation. Impacted constraints are listed in the file [.Xil/DVI_Top_propImpl.xdc].
Resolution: To avoid this warning, move constraints listed in [.Xil/DVI_Top_propImpl.xdc] to another XDC file and exclude this new file from synthesis with the used_in_synthesis property (File Properties dialog in GUI) and re-run elaboration/synthesis.
INFO: [Timing 38-2] Deriving generated clocks
Parsing XDC File [C:/Progh/Code/Project_RetroGame/Oplevering/EindProject_FPGA.srcs/constrs_1/new/const.xdc]
WARNING: [Vivado 12-584] No ports matched 'clk25'. [C:/Progh/Code/Project_RetroGame/Oplevering/EindProject_FPGA.srcs/constrs_1/new/const.xdc:13]
WARNING: [Vivado 12-584] No ports matched 'clk25'. [C:/Progh/Code/Project_RetroGame/Oplevering/EindProject_FPGA.srcs/constrs_1/new/const.xdc:20]
Finished Parsing XDC File [C:/Progh/Code/Project_RetroGame/Oplevering/EindProject_FPGA.srcs/constrs_1/new/const.xdc]
WARNING: [Project 1-498] One or more constraints failed evaluation while reading constraint file [C:/Progh/Code/Project_RetroGame/Oplevering/EindProject_FPGA.srcs/constrs_1/new/const.xdc] and the design contains unresolved black boxes. These constraints will be read post-synthesis (as long as their source constraint file is marked as used_in_implementation) and should be applied correctly then. You should review the constraints listed in the file [.Xil/DVI_Top_propImpl.xdc] and check the run log file to verify that these constraints were correctly applied.
Parsing XDC File [C:/Progh/Code/Project_RetroGame/Oplevering/EindProject_FPGA.srcs/constrs_1/new/kontstains.xdc]
WARNING: [Vivado 12-584] No ports matched 'SCLK'. [C:/Progh/Code/Project_RetroGame/Oplevering/EindProject_FPGA.srcs/constrs_1/new/kontstains.xdc:2]
WARNING: [Vivado 12-584] No ports matched 'SCLK'. [C:/Progh/Code/Project_RetroGame/Oplevering/EindProject_FPGA.srcs/constrs_1/new/kontstains.xdc:3]
WARNING: [Vivado 12-584] No ports matched 'SS_n'. [C:/Progh/Code/Project_RetroGame/Oplevering/EindProject_FPGA.srcs/constrs_1/new/kontstains.xdc:9]
WARNING: [Vivado 12-584] No ports matched 'SS_n'. [C:/Progh/Code/Project_RetroGame/Oplevering/EindProject_FPGA.srcs/constrs_1/new/kontstains.xdc:10]
WARNING: [Vivado 12-584] No ports matched 'MISO'. [C:/Progh/Code/Project_RetroGame/Oplevering/EindProject_FPGA.srcs/constrs_1/new/kontstains.xdc:13]
WARNING: [Vivado 12-584] No ports matched 'MISO'. [C:/Progh/Code/Project_RetroGame/Oplevering/EindProject_FPGA.srcs/constrs_1/new/kontstains.xdc:14]
WARNING: [Vivado 12-584] No ports matched 'led'. [C:/Progh/Code/Project_RetroGame/Oplevering/EindProject_FPGA.srcs/constrs_1/new/kontstains.xdc:17]
WARNING: [Vivado 12-584] No ports matched 'led'. [C:/Progh/Code/Project_RetroGame/Oplevering/EindProject_FPGA.srcs/constrs_1/new/kontstains.xdc:18]
WARNING: [Vivado 12-584] No ports matched 'clk'. [C:/Progh/Code/Project_RetroGame/Oplevering/EindProject_FPGA.srcs/constrs_1/new/kontstains.xdc:22]
WARNING: [Vivado 12-584] No ports matched 'clk'. [C:/Progh/Code/Project_RetroGame/Oplevering/EindProject_FPGA.srcs/constrs_1/new/kontstains.xdc:23]
WARNING: [Vivado 12-584] No ports matched 'SS_n'. [C:/Progh/Code/Project_RetroGame/Oplevering/EindProject_FPGA.srcs/constrs_1/new/kontstains.xdc:25]
WARNING: [Vivado 12-584] No ports matched 'LED_JUMP'. [C:/Progh/Code/Project_RetroGame/Oplevering/EindProject_FPGA.srcs/constrs_1/new/kontstains.xdc:33]
WARNING: [Vivado 12-584] No ports matched 'LED_LEFT'. [C:/Progh/Code/Project_RetroGame/Oplevering/EindProject_FPGA.srcs/constrs_1/new/kontstains.xdc:34]
WARNING: [Vivado 12-584] No ports matched 'LED_RIGHT'. [C:/Progh/Code/Project_RetroGame/Oplevering/EindProject_FPGA.srcs/constrs_1/new/kontstains.xdc:35]
WARNING: [Vivado 12-584] No ports matched 'LED_JUMP'. [C:/Progh/Code/Project_RetroGame/Oplevering/EindProject_FPGA.srcs/constrs_1/new/kontstains.xdc:36]
WARNING: [Vivado 12-584] No ports matched 'LED_LEFT'. [C:/Progh/Code/Project_RetroGame/Oplevering/EindProject_FPGA.srcs/constrs_1/new/kontstains.xdc:37]
WARNING: [Vivado 12-584] No ports matched 'LED_RIGHT'. [C:/Progh/Code/Project_RetroGame/Oplevering/EindProject_FPGA.srcs/constrs_1/new/kontstains.xdc:38]
WARNING: [Vivado 12-584] No ports matched 'SS_n'. [C:/Progh/Code/Project_RetroGame/Oplevering/EindProject_FPGA.srcs/constrs_1/new/kontstains.xdc:40]
WARNING: [Vivado 12-507] No nets matched 'SCK_IBUF'. [C:/Progh/Code/Project_RetroGame/Oplevering/EindProject_FPGA.srcs/constrs_1/new/kontstains.xdc:42]
Finished Parsing XDC File [C:/Progh/Code/Project_RetroGame/Oplevering/EindProject_FPGA.srcs/constrs_1/new/kontstains.xdc]
WARNING: [Project 1-498] One or more constraints failed evaluation while reading constraint file [C:/Progh/Code/Project_RetroGame/Oplevering/EindProject_FPGA.srcs/constrs_1/new/kontstains.xdc] and the design contains unresolved black boxes. These constraints will be read post-synthesis (as long as their source constraint file is marked as used_in_implementation) and should be applied correctly then. You should review the constraints listed in the file [.Xil/DVI_Top_propImpl.xdc] and check the run log file to verify that these constraints were correctly applied.
INFO: [Project 1-236] Implementation specific constraints were found while reading constraint file [C:/Progh/Code/Project_RetroGame/Oplevering/EindProject_FPGA.srcs/constrs_1/new/kontstains.xdc]. These constraints will be ignored for synthesis but will be used in implementation. Impacted constraints are listed in the file [.Xil/DVI_Top_propImpl.xdc].
Resolution: To avoid this warning, move constraints listed in [.Xil/DVI_Top_propImpl.xdc] to another XDC file and exclude this new file from synthesis with the used_in_synthesis property (File Properties dialog in GUI) and re-run elaboration/synthesis.
Completed Processing XDC Constraints

Netlist sorting complete. Time (s): cpu = 00:00:00 ; elapsed = 00:00:00.002 . Memory (MB): peak = 4466.098 ; gain = 0.000
INFO: [Project 1-111] Unisim Transformation Summary:
No Unisim elements were transformed.

RTL Elaboration Complete:  : Time (s): cpu = 00:00:10 ; elapsed = 00:00:11 . Memory (MB): peak = 4466.098 ; gain = 0.000
125 Infos, 142 Warnings, 0 Critical Warnings and 0 Errors encountered.
synth_design completed successfully
synth_design: Time (s): cpu = 00:00:10 ; elapsed = 00:00:11 . Memory (MB): peak = 4466.098 ; gain = 0.000
WARNING: [IP_Flow 19-4067] Ignoring invalid widget type specified checkbox.Providing a default widget
WARNING: [IP_Flow 19-4067] Ignoring invalid widget type specified checkbox.Providing a default widget
INFO: [IP_Flow 19-3484] Absolute path of file 'c:/Progh/Code/Project_RetroGame/Oplevering/CoeFilesOpslag/creditsverbeterder.coe' provided. It will be converted relative to IP Instance files '../../../../CoeFilesOpslag/creditsverbeterder.coe'
set_property CONFIG.Coe_File {C:/Progh/Code/Project_RetroGame/Oplevering/CoeFilesOpslag/creditsverbeterder.coe} [get_ips blk_mem_gen_15]
INFO: [IP_Flow 19-3484] Absolute path of file 'c:/Progh/Code/Project_RetroGame/Oplevering/CoeFilesOpslag/creditsverbeterder.coe' provided. It will be converted relative to IP Instance files '../../../../CoeFilesOpslag/creditsverbeterder.coe'
WARNING: [filemgmt 56-199] Attempt to get parsing info during refresh. "On-the-fly" syntax checking information may be incorrect. [C:\Progh\Code\Project_RetroGame\Oplevering\EindProject_FPGA.srcs\sources_1\new\ControlCharacter.vhd:]
WARNING: [filemgmt 56-199] Attempt to get parsing info during refresh. "On-the-fly" syntax checking information may be incorrect. [C:\Progh\Code\Project_RetroGame\Oplevering\EindProject_FPGA.srcs\sources_1\new\DisplayMenus.vhd:]
WARNING: [filemgmt 56-199] Attempt to get parsing info during refresh. "On-the-fly" syntax checking information may be incorrect. [C:\Progh\Code\Project_RetroGame\Oplevering\EindProject_FPGA.srcs\sources_1\new\CharacterController.vhd:]
WARNING: [filemgmt 56-199] Attempt to get parsing info during refresh. "On-the-fly" syntax checking information may be incorrect. [C:\Progh\Code\Project_RetroGame\Oplevering\EindProject_FPGA.srcs\sources_1\new\XY_GEN.vhd:]
WARNING: [filemgmt 56-199] Attempt to get parsing info during refresh. "On-the-fly" syntax checking information may be incorrect. [C:\Progh\Code\Project_RetroGame\Oplevering\EindProject_FPGA.srcs\sources_1\new\DisplayHUD.vhd:]
WARNING: [filemgmt 56-199] Attempt to get parsing info during refresh. "On-the-fly" syntax checking information may be incorrect. [C:\Progh\Code\Project_RetroGame\Oplevering\EindProject_FPGA.srcs\sources_1\new\XY_GEN.vhd:]
WARNING: [filemgmt 56-199] Attempt to get parsing info during refresh. "On-the-fly" syntax checking information may be incorrect. [C:\Progh\Code\Project_RetroGame\Oplevering\EindProject_FPGA.srcs\sources_1\new\XY_GEN.vhd:]
WARNING: [filemgmt 56-199] Attempt to get parsing info during refresh. "On-the-fly" syntax checking information may be incorrect. [C:\Progh\Code\Project_RetroGame\Oplevering\EindProject_FPGA.srcs\sources_1\new\ControlCharacter.vhd:]
WARNING: [filemgmt 56-199] Attempt to get parsing info during refresh. "On-the-fly" syntax checking information may be incorrect. [C:\Progh\Code\Project_RetroGame\Oplevering\EindProject_FPGA.srcs\sources_1\new\DisplayMenus.vhd:]
WARNING: [filemgmt 56-199] Attempt to get parsing info during refresh. "On-the-fly" syntax checking information may be incorrect. [C:\Progh\Code\Project_RetroGame\Oplevering\EindProject_FPGA.srcs\sources_1\new\CharacterController.vhd:]
WARNING: [filemgmt 56-199] Attempt to get parsing info during refresh. "On-the-fly" syntax checking information may be incorrect. [C:\Progh\Code\Project_RetroGame\Oplevering\EindProject_FPGA.srcs\sources_1\new\XY_GEN.vhd:]
WARNING: [filemgmt 56-199] Attempt to get parsing info during refresh. "On-the-fly" syntax checking information may be incorrect. [C:\Progh\Code\Project_RetroGame\Oplevering\EindProject_FPGA.srcs\sources_1\new\DisplayHUD.vhd:]
WARNING: [filemgmt 56-199] Attempt to get parsing info during refresh. "On-the-fly" syntax checking information may be incorrect. [C:\Progh\Code\Project_RetroGame\Oplevering\EindProject_FPGA.srcs\sources_1\new\DisplayMenus.vhd:]
WARNING: [filemgmt 56-199] Attempt to get parsing info during refresh. "On-the-fly" syntax checking information may be incorrect. [C:\Progh\Code\Project_RetroGame\Oplevering\EindProject_FPGA.srcs\sources_1\new\DisplayMenus.vhd:]
WARNING: [filemgmt 56-199] Attempt to get parsing info during refresh. "On-the-fly" syntax checking information may be incorrect. [C:\Progh\Code\Project_RetroGame\Oplevering\EindProject_FPGA.srcs\sources_1\new\ControlCharacter.vhd:]
WARNING: [filemgmt 56-199] Attempt to get parsing info during refresh. "On-the-fly" syntax checking information may be incorrect. [C:\Progh\Code\Project_RetroGame\Oplevering\EindProject_FPGA.srcs\sources_1\new\DisplayMenus.vhd:]
WARNING: [filemgmt 56-199] Attempt to get parsing info during refresh. "On-the-fly" syntax checking information may be incorrect. [C:\Progh\Code\Project_RetroGame\Oplevering\EindProject_FPGA.srcs\sources_1\new\CharacterController.vhd:]
WARNING: [filemgmt 56-199] Attempt to get parsing info during refresh. "On-the-fly" syntax checking information may be incorrect. [C:\Progh\Code\Project_RetroGame\Oplevering\EindProject_FPGA.srcs\sources_1\new\XY_GEN.vhd:]
WARNING: [filemgmt 56-199] Attempt to get parsing info during refresh. "On-the-fly" syntax checking information may be incorrect. [C:\Progh\Code\Project_RetroGame\Oplevering\EindProject_FPGA.srcs\sources_1\new\DisplayHUD.vhd:]
WARNING: [filemgmt 56-199] Attempt to get parsing info during refresh. "On-the-fly" syntax checking information may be incorrect. [C:\Progh\Code\Project_RetroGame\Oplevering\EindProject_FPGA.srcs\sources_1\new\DisplayHUD.vhd:]
WARNING: [filemgmt 56-199] Attempt to get parsing info during refresh. "On-the-fly" syntax checking information may be incorrect. [C:\Progh\Code\Project_RetroGame\Oplevering\EindProject_FPGA.srcs\sources_1\new\DisplayHUD.vhd:]
WARNING: [filemgmt 56-199] Attempt to get parsing info during refresh. "On-the-fly" syntax checking information may be incorrect. [C:\Progh\Code\Project_RetroGame\Oplevering\EindProject_FPGA.srcs\sources_1\new\ControlCharacter.vhd:]
WARNING: [filemgmt 56-199] Attempt to get parsing info during refresh. "On-the-fly" syntax checking information may be incorrect. [C:\Progh\Code\Project_RetroGame\Oplevering\EindProject_FPGA.srcs\sources_1\new\DisplayMenus.vhd:]
WARNING: [filemgmt 56-199] Attempt to get parsing info during refresh. "On-the-fly" syntax checking information may be incorrect. [C:\Progh\Code\Project_RetroGame\Oplevering\EindProject_FPGA.srcs\sources_1\new\CharacterController.vhd:]
WARNING: [filemgmt 56-199] Attempt to get parsing info during refresh. "On-the-fly" syntax checking information may be incorrect. [C:\Progh\Code\Project_RetroGame\Oplevering\EindProject_FPGA.srcs\sources_1\new\XY_GEN.vhd:]
WARNING: [filemgmt 56-199] Attempt to get parsing info during refresh. "On-the-fly" syntax checking information may be incorrect. [C:\Progh\Code\Project_RetroGame\Oplevering\EindProject_FPGA.srcs\sources_1\new\DisplayHUD.vhd:]
WARNING: [filemgmt 56-199] Attempt to get parsing info during refresh. "On-the-fly" syntax checking information may be incorrect. [C:\Progh\Code\Project_RetroGame\Oplevering\EindProject_FPGA.srcs\sources_1\new\ControlCharacter.vhd:]
WARNING: [filemgmt 56-199] Attempt to get parsing info during refresh. "On-the-fly" syntax checking information may be incorrect. [C:\Progh\Code\Project_RetroGame\Oplevering\EindProject_FPGA.srcs\sources_1\new\ControlCharacter.vhd:]
generate_target all [get_files  c:/Progh/Code/Project_RetroGame/Oplevering/EindProject_FPGA.srcs/sources_1/ip/blk_mem_gen_15/blk_mem_gen_15.xci]
INFO: [IP_Flow 19-1686] Generating 'Instantiation Template' target for IP 'blk_mem_gen_15'...
INFO: [IP_Flow 19-1686] Generating 'Synthesis' target for IP 'blk_mem_gen_15'...
ERROR: [Common 17-180] Spawn failed: No error
WARNING: [filemgmt 56-199] Attempt to get parsing info during refresh. "On-the-fly" syntax checking information may be incorrect. [C:\Progh\Code\Project_RetroGame\Oplevering\EindProject_FPGA.srcs\sources_1\new\ControlCharacter.vhd:]
WARNING: [filemgmt 56-199] Attempt to get parsing info during refresh. "On-the-fly" syntax checking information may be incorrect. [C:\Progh\Code\Project_RetroGame\Oplevering\EindProject_FPGA.srcs\sources_1\new\DisplayMenus.vhd:]
WARNING: [filemgmt 56-199] Attempt to get parsing info during refresh. "On-the-fly" syntax checking information may be incorrect. [C:\Progh\Code\Project_RetroGame\Oplevering\EindProject_FPGA.srcs\sources_1\new\CharacterController.vhd:]
WARNING: [filemgmt 56-199] Attempt to get parsing info during refresh. "On-the-fly" syntax checking information may be incorrect. [C:\Progh\Code\Project_RetroGame\Oplevering\EindProject_FPGA.srcs\sources_1\new\XY_GEN.vhd:]
WARNING: [filemgmt 56-199] Attempt to get parsing info during refresh. "On-the-fly" syntax checking information may be incorrect. [C:\Progh\Code\Project_RetroGame\Oplevering\EindProject_FPGA.srcs\sources_1\new\DisplayHUD.vhd:]
WARNING: [filemgmt 56-199] Attempt to get parsing info during refresh. "On-the-fly" syntax checking information may be incorrect. [C:\Progh\Code\Project_RetroGame\Oplevering\EindProject_FPGA.srcs\sources_1\new\DisplayMenus.vhd:]
WARNING: [filemgmt 56-199] Attempt to get parsing info during refresh. "On-the-fly" syntax checking information may be incorrect. [C:\Progh\Code\Project_RetroGame\Oplevering\EindProject_FPGA.srcs\sources_1\new\DisplayMenus.vhd:]
ERROR: [Common 17-180] Spawn failed: No error
WARNING: [filemgmt 56-199] Attempt to get parsing info during refresh. "On-the-fly" syntax checking information may be incorrect. [C:\Progh\Code\Project_RetroGame\Oplevering\EindProject_FPGA.srcs\sources_1\new\ControlCharacter.vhd:]
WARNING: [filemgmt 56-199] Attempt to get parsing info during refresh. "On-the-fly" syntax checking information may be incorrect. [C:\Progh\Code\Project_RetroGame\Oplevering\EindProject_FPGA.srcs\sources_1\new\DisplayMenus.vhd:]
WARNING: [filemgmt 56-199] Attempt to get parsing info during refresh. "On-the-fly" syntax checking information may be incorrect. [C:\Progh\Code\Project_RetroGame\Oplevering\EindProject_FPGA.srcs\sources_1\new\CharacterController.vhd:]
WARNING: [filemgmt 56-199] Attempt to get parsing info during refresh. "On-the-fly" syntax checking information may be incorrect. [C:\Progh\Code\Project_RetroGame\Oplevering\EindProject_FPGA.srcs\sources_1\new\XY_GEN.vhd:]
WARNING: [filemgmt 56-199] Attempt to get parsing info during refresh. "On-the-fly" syntax checking information may be incorrect. [C:\Progh\Code\Project_RetroGame\Oplevering\EindProject_FPGA.srcs\sources_1\new\DisplayHUD.vhd:]
WARNING: [filemgmt 56-199] Attempt to get parsing info during refresh. "On-the-fly" syntax checking information may be incorrect. [C:\Progh\Code\Project_RetroGame\Oplevering\EindProject_FPGA.srcs\sources_1\new\DisplayHUD.vhd:]
WARNING: [filemgmt 56-199] Attempt to get parsing info during refresh. "On-the-fly" syntax checking information may be incorrect. [C:\Progh\Code\Project_RetroGame\Oplevering\EindProject_FPGA.srcs\sources_1\new\DisplayHUD.vhd:]
ERROR: [Common 17-180] Spawn failed: No error
WARNING: [filemgmt 56-199] Attempt to get parsing info during refresh. "On-the-fly" syntax checking information may be incorrect. [C:\Progh\Code\Project_RetroGame\Oplevering\EindProject_FPGA.srcs\sources_1\new\ControlCharacter.vhd:]
WARNING: [filemgmt 56-199] Attempt to get parsing info during refresh. "On-the-fly" syntax checking information may be incorrect. [C:\Progh\Code\Project_RetroGame\Oplevering\EindProject_FPGA.srcs\sources_1\new\DisplayMenus.vhd:]
WARNING: [filemgmt 56-199] Attempt to get parsing info during refresh. "On-the-fly" syntax checking information may be incorrect. [C:\Progh\Code\Project_RetroGame\Oplevering\EindProject_FPGA.srcs\sources_1\new\CharacterController.vhd:]
WARNING: [filemgmt 56-199] Attempt to get parsing info during refresh. "On-the-fly" syntax checking information may be incorrect. [C:\Progh\Code\Project_RetroGame\Oplevering\EindProject_FPGA.srcs\sources_1\new\XY_GEN.vhd:]
WARNING: [filemgmt 56-199] Attempt to get parsing info during refresh. "On-the-fly" syntax checking information may be incorrect. [C:\Progh\Code\Project_RetroGame\Oplevering\EindProject_FPGA.srcs\sources_1\new\DisplayHUD.vhd:]
WARNING: [filemgmt 56-199] Attempt to get parsing info during refresh. "On-the-fly" syntax checking information may be incorrect. [C:\Progh\Code\Project_RetroGame\Oplevering\EindProject_FPGA.srcs\sources_1\new\XY_GEN.vhd:]
WARNING: [filemgmt 56-199] Attempt to get parsing info during refresh. "On-the-fly" syntax checking information may be incorrect. [C:\Progh\Code\Project_RetroGame\Oplevering\EindProject_FPGA.srcs\sources_1\new\XY_GEN.vhd:]
ERROR: [Common 17-180] Spawn failed: No error
INFO: [IP_Flow 19-1686] Generating 'Simulation' target for IP 'blk_mem_gen_15'...
INFO: [IP_Flow 19-1686] Generating 'Miscellaneous' target for IP 'blk_mem_gen_15'...
INFO: [IP_Flow 19-1686] Generating 'Change Log' target for IP 'blk_mem_gen_15'...
ERROR: [Common 17-39] 'generate_target' failed due to earlier errors.
reset_run synth_1
INFO: [Project 1-1161] Replacing file C:/Progh/Code/Project_RetroGame/Oplevering/EindProject_FPGA.srcs/utils_1/imports/synth_1/DVI.dcp with file C:/Progh/Code/Project_RetroGame/Oplevering/EindProject_FPGA.runs/synth_1/DVI_Top.dcp
reset_run blk_mem_gen_15_synth_1
launch_runs impl_1 -to_step write_bitstream -jobs 8
[Wed Apr  9 21:30:05 2025] Launched blk_mem_gen_15_synth_1, synth_1...
Run output will be captured here:
blk_mem_gen_15_synth_1: C:/Progh/Code/Project_RetroGame/Oplevering/EindProject_FPGA.runs/blk_mem_gen_15_synth_1/runme.log
synth_1: C:/Progh/Code/Project_RetroGame/Oplevering/EindProject_FPGA.runs/synth_1/runme.log
[Wed Apr  9 21:30:05 2025] Launched impl_1...
Run output will be captured here: C:/Progh/Code/Project_RetroGame/Oplevering/EindProject_FPGA.runs/impl_1/runme.log
WARNING: [filemgmt 56-199] Attempt to get parsing info during refresh. "On-the-fly" syntax checking information may be incorrect. [C:\Progh\Code\Project_RetroGame\Oplevering\EindProject_FPGA.srcs\sources_1\new\ControlCharacter.vhd:]
WARNING: [filemgmt 56-199] Attempt to get parsing info during refresh. "On-the-fly" syntax checking information may be incorrect. [C:\Progh\Code\Project_RetroGame\Oplevering\EindProject_FPGA.srcs\sources_1\new\DisplayMenus.vhd:]
WARNING: [filemgmt 56-199] Attempt to get parsing info during refresh. "On-the-fly" syntax checking information may be incorrect. [C:\Progh\Code\Project_RetroGame\Oplevering\EindProject_FPGA.srcs\sources_1\new\CharacterController.vhd:]
WARNING: [filemgmt 56-199] Attempt to get parsing info during refresh. "On-the-fly" syntax checking information may be incorrect. [C:\Progh\Code\Project_RetroGame\Oplevering\EindProject_FPGA.srcs\sources_1\new\XY_GEN.vhd:]
WARNING: [filemgmt 56-199] Attempt to get parsing info during refresh. "On-the-fly" syntax checking information may be incorrect. [C:\Progh\Code\Project_RetroGame\Oplevering\EindProject_FPGA.srcs\sources_1\new\DisplayHUD.vhd:]
WARNING: [filemgmt 56-199] Attempt to get parsing info during refresh. "On-the-fly" syntax checking information may be incorrect. [C:\Progh\Code\Project_RetroGame\Oplevering\EindProject_FPGA.srcs\sources_1\new\CharacterController.vhd:]
WARNING: [filemgmt 56-199] Attempt to get parsing info during refresh. "On-the-fly" syntax checking information may be incorrect. [C:\Progh\Code\Project_RetroGame\Oplevering\EindProject_FPGA.srcs\sources_1\new\CharacterController.vhd:]
WARNING: [filemgmt 56-199] Attempt to get parsing info during refresh. "On-the-fly" syntax checking information may be incorrect. [C:\Progh\Code\Project_RetroGame\Oplevering\EindProject_FPGA.srcs\sources_1\new\ControlCharacter.vhd:]
WARNING: [filemgmt 56-199] Attempt to get parsing info during refresh. "On-the-fly" syntax checking information may be incorrect. [C:\Progh\Code\Project_RetroGame\Oplevering\EindProject_FPGA.srcs\sources_1\new\DisplayMenus.vhd:]
WARNING: [filemgmt 56-199] Attempt to get parsing info during refresh. "On-the-fly" syntax checking information may be incorrect. [C:\Progh\Code\Project_RetroGame\Oplevering\EindProject_FPGA.srcs\sources_1\new\CharacterController.vhd:]
WARNING: [filemgmt 56-199] Attempt to get parsing info during refresh. "On-the-fly" syntax checking information may be incorrect. [C:\Progh\Code\Project_RetroGame\Oplevering\EindProject_FPGA.srcs\sources_1\new\XY_GEN.vhd:]
WARNING: [filemgmt 56-199] Attempt to get parsing info during refresh. "On-the-fly" syntax checking information may be incorrect. [C:\Progh\Code\Project_RetroGame\Oplevering\EindProject_FPGA.srcs\sources_1\new\DisplayHUD.vhd:]
WARNING: [filemgmt 56-199] Attempt to get parsing info during refresh. "On-the-fly" syntax checking information may be incorrect. [C:\Progh\Code\Project_RetroGame\Oplevering\EindProject_FPGA.srcs\sources_1\new\DisplayHUD.vhd:]
WARNING: [filemgmt 56-199] Attempt to get parsing info during refresh. "On-the-fly" syntax checking information may be incorrect. [C:\Progh\Code\Project_RetroGame\Oplevering\EindProject_FPGA.srcs\sources_1\new\DisplayHUD.vhd:]
WARNING: [filemgmt 56-199] Attempt to get parsing info during refresh. "On-the-fly" syntax checking information may be incorrect. [C:\Progh\Code\Project_RetroGame\Oplevering\EindProject_FPGA.srcs\sources_1\new\ControlCharacter.vhd:]
WARNING: [filemgmt 56-199] Attempt to get parsing info during refresh. "On-the-fly" syntax checking information may be incorrect. [C:\Progh\Code\Project_RetroGame\Oplevering\EindProject_FPGA.srcs\sources_1\new\DisplayMenus.vhd:]
WARNING: [filemgmt 56-199] Attempt to get parsing info during refresh. "On-the-fly" syntax checking information may be incorrect. [C:\Progh\Code\Project_RetroGame\Oplevering\EindProject_FPGA.srcs\sources_1\new\CharacterController.vhd:]
WARNING: [filemgmt 56-199] Attempt to get parsing info during refresh. "On-the-fly" syntax checking information may be incorrect. [C:\Progh\Code\Project_RetroGame\Oplevering\EindProject_FPGA.srcs\sources_1\new\XY_GEN.vhd:]
WARNING: [filemgmt 56-199] Attempt to get parsing info during refresh. "On-the-fly" syntax checking information may be incorrect. [C:\Progh\Code\Project_RetroGame\Oplevering\EindProject_FPGA.srcs\sources_1\new\DisplayHUD.vhd:]
WARNING: [filemgmt 56-199] Attempt to get parsing info during refresh. "On-the-fly" syntax checking information may be incorrect. [C:\Progh\Code\Project_RetroGame\Oplevering\EindProject_FPGA.srcs\sources_1\new\XY_GEN.vhd:]
WARNING: [filemgmt 56-199] Attempt to get parsing info during refresh. "On-the-fly" syntax checking information may be incorrect. [C:\Progh\Code\Project_RetroGame\Oplevering\EindProject_FPGA.srcs\sources_1\new\XY_GEN.vhd:]
WARNING: [filemgmt 56-199] Attempt to get parsing info during refresh. "On-the-fly" syntax checking information may be incorrect. [C:\Progh\Code\Project_RetroGame\Oplevering\EindProject_FPGA.srcs\sources_1\new\ControlCharacter.vhd:]
WARNING: [filemgmt 56-199] Attempt to get parsing info during refresh. "On-the-fly" syntax checking information may be incorrect. [C:\Progh\Code\Project_RetroGame\Oplevering\EindProject_FPGA.srcs\sources_1\new\DisplayMenus.vhd:]
WARNING: [filemgmt 56-199] Attempt to get parsing info during refresh. "On-the-fly" syntax checking information may be incorrect. [C:\Progh\Code\Project_RetroGame\Oplevering\EindProject_FPGA.srcs\sources_1\new\CharacterController.vhd:]
WARNING: [filemgmt 56-199] Attempt to get parsing info during refresh. "On-the-fly" syntax checking information may be incorrect. [C:\Progh\Code\Project_RetroGame\Oplevering\EindProject_FPGA.srcs\sources_1\new\XY_GEN.vhd:]
WARNING: [filemgmt 56-199] Attempt to get parsing info during refresh. "On-the-fly" syntax checking information may be incorrect. [C:\Progh\Code\Project_RetroGame\Oplevering\EindProject_FPGA.srcs\sources_1\new\DisplayHUD.vhd:]
WARNING: [filemgmt 56-199] Attempt to get parsing info during refresh. "On-the-fly" syntax checking information may be incorrect. [C:\Progh\Code\Project_RetroGame\Oplevering\EindProject_FPGA.srcs\sources_1\new\ControlCharacter.vhd:]
WARNING: [filemgmt 56-199] Attempt to get parsing info during refresh. "On-the-fly" syntax checking information may be incorrect. [C:\Progh\Code\Project_RetroGame\Oplevering\EindProject_FPGA.srcs\sources_1\new\ControlCharacter.vhd:]
ERROR: [Common 17-180] Spawn failed: No error
WARNING: [filemgmt 56-199] Attempt to get parsing info during refresh. "On-the-fly" syntax checking information may be incorrect. [C:\Progh\Code\Project_RetroGame\Oplevering\EindProject_FPGA.srcs\sources_1\new\ControlCharacter.vhd:]
WARNING: [filemgmt 56-199] Attempt to get parsing info during refresh. "On-the-fly" syntax checking information may be incorrect. [C:\Progh\Code\Project_RetroGame\Oplevering\EindProject_FPGA.srcs\sources_1\new\DisplayMenus.vhd:]
WARNING: [filemgmt 56-199] Attempt to get parsing info during refresh. "On-the-fly" syntax checking information may be incorrect. [C:\Progh\Code\Project_RetroGame\Oplevering\EindProject_FPGA.srcs\sources_1\new\CharacterController.vhd:]
WARNING: [filemgmt 56-199] Attempt to get parsing info during refresh. "On-the-fly" syntax checking information may be incorrect. [C:\Progh\Code\Project_RetroGame\Oplevering\EindProject_FPGA.srcs\sources_1\new\XY_GEN.vhd:]
WARNING: [filemgmt 56-199] Attempt to get parsing info during refresh. "On-the-fly" syntax checking information may be incorrect. [C:\Progh\Code\Project_RetroGame\Oplevering\EindProject_FPGA.srcs\sources_1\new\DisplayHUD.vhd:]
WARNING: [filemgmt 56-199] Attempt to get parsing info during refresh. "On-the-fly" syntax checking information may be incorrect. [C:\Progh\Code\Project_RetroGame\Oplevering\EindProject_FPGA.srcs\sources_1\new\XY_GEN.vhd:]
WARNING: [filemgmt 56-199] Attempt to get parsing info during refresh. "On-the-fly" syntax checking information may be incorrect. [C:\Progh\Code\Project_RetroGame\Oplevering\EindProject_FPGA.srcs\sources_1\new\XY_GEN.vhd:]
WARNING: [filemgmt 56-199] Attempt to get parsing info during refresh. "On-the-fly" syntax checking information may be incorrect. [C:\Progh\Code\Project_RetroGame\Oplevering\EindProject_FPGA.srcs\sources_1\new\ControlCharacter.vhd:]
WARNING: [filemgmt 56-199] Attempt to get parsing info during refresh. "On-the-fly" syntax checking information may be incorrect. [C:\Progh\Code\Project_RetroGame\Oplevering\EindProject_FPGA.srcs\sources_1\new\DisplayMenus.vhd:]
WARNING: [filemgmt 56-199] Attempt to get parsing info during refresh. "On-the-fly" syntax checking information may be incorrect. [C:\Progh\Code\Project_RetroGame\Oplevering\EindProject_FPGA.srcs\sources_1\new\CharacterController.vhd:]
WARNING: [filemgmt 56-199] Attempt to get parsing info during refresh. "On-the-fly" syntax checking information may be incorrect. [C:\Progh\Code\Project_RetroGame\Oplevering\EindProject_FPGA.srcs\sources_1\new\XY_GEN.vhd:]
WARNING: [filemgmt 56-199] Attempt to get parsing info during refresh. "On-the-fly" syntax checking information may be incorrect. [C:\Progh\Code\Project_RetroGame\Oplevering\EindProject_FPGA.srcs\sources_1\new\DisplayHUD.vhd:]
WARNING: [filemgmt 56-199] Attempt to get parsing info during refresh. "On-the-fly" syntax checking information may be incorrect. [C:\Progh\Code\Project_RetroGame\Oplevering\EindProject_FPGA.srcs\sources_1\new\CharacterController.vhd:]
WARNING: [filemgmt 56-199] Attempt to get parsing info during refresh. "On-the-fly" syntax checking information may be incorrect. [C:\Progh\Code\Project_RetroGame\Oplevering\EindProject_FPGA.srcs\sources_1\new\CharacterController.vhd:]
WARNING: [filemgmt 56-199] Attempt to get parsing info during refresh. "On-the-fly" syntax checking information may be incorrect. [C:\Progh\Code\Project_RetroGame\Oplevering\EindProject_FPGA.srcs\sources_1\new\ControlCharacter.vhd:]
WARNING: [filemgmt 56-199] Attempt to get parsing info during refresh. "On-the-fly" syntax checking information may be incorrect. [C:\Progh\Code\Project_RetroGame\Oplevering\EindProject_FPGA.srcs\sources_1\new\DisplayMenus.vhd:]
WARNING: [filemgmt 56-199] Attempt to get parsing info during refresh. "On-the-fly" syntax checking information may be incorrect. [C:\Progh\Code\Project_RetroGame\Oplevering\EindProject_FPGA.srcs\sources_1\new\CharacterController.vhd:]
WARNING: [filemgmt 56-199] Attempt to get parsing info during refresh. "On-the-fly" syntax checking information may be incorrect. [C:\Progh\Code\Project_RetroGame\Oplevering\EindProject_FPGA.srcs\sources_1\new\XY_GEN.vhd:]
WARNING: [filemgmt 56-199] Attempt to get parsing info during refresh. "On-the-fly" syntax checking information may be incorrect. [C:\Progh\Code\Project_RetroGame\Oplevering\EindProject_FPGA.srcs\sources_1\new\DisplayHUD.vhd:]
WARNING: [filemgmt 56-199] Attempt to get parsing info during refresh. "On-the-fly" syntax checking information may be incorrect. [C:\Progh\Code\Project_RetroGame\Oplevering\EindProject_FPGA.srcs\sources_1\new\DisplayHUD.vhd:]
WARNING: [filemgmt 56-199] Attempt to get parsing info during refresh. "On-the-fly" syntax checking information may be incorrect. [C:\Progh\Code\Project_RetroGame\Oplevering\EindProject_FPGA.srcs\sources_1\new\DisplayHUD.vhd:]
WARNING: [filemgmt 56-199] Attempt to get parsing info during refresh. "On-the-fly" syntax checking information may be incorrect. [C:\Progh\Code\Project_RetroGame\Oplevering\EindProject_FPGA.srcs\sources_1\new\ControlCharacter.vhd:]
WARNING: [filemgmt 56-199] Attempt to get parsing info during refresh. "On-the-fly" syntax checking information may be incorrect. [C:\Progh\Code\Project_RetroGame\Oplevering\EindProject_FPGA.srcs\sources_1\new\DisplayMenus.vhd:]
WARNING: [filemgmt 56-199] Attempt to get parsing info during refresh. "On-the-fly" syntax checking information may be incorrect. [C:\Progh\Code\Project_RetroGame\Oplevering\EindProject_FPGA.srcs\sources_1\new\CharacterController.vhd:]
WARNING: [filemgmt 56-199] Attempt to get parsing info during refresh. "On-the-fly" syntax checking information may be incorrect. [C:\Progh\Code\Project_RetroGame\Oplevering\EindProject_FPGA.srcs\sources_1\new\XY_GEN.vhd:]
WARNING: [filemgmt 56-199] Attempt to get parsing info during refresh. "On-the-fly" syntax checking information may be incorrect. [C:\Progh\Code\Project_RetroGame\Oplevering\EindProject_FPGA.srcs\sources_1\new\DisplayHUD.vhd:]
WARNING: [filemgmt 56-199] Attempt to get parsing info during refresh. "On-the-fly" syntax checking information may be incorrect. [C:\Progh\Code\Project_RetroGame\Oplevering\EindProject_FPGA.srcs\sources_1\new\ControlCharacter.vhd:]
WARNING: [filemgmt 56-199] Attempt to get parsing info during refresh. "On-the-fly" syntax checking information may be incorrect. [C:\Progh\Code\Project_RetroGame\Oplevering\EindProject_FPGA.srcs\sources_1\new\ControlCharacter.vhd:]
exit
INFO: [Common 17-206] Exiting Vivado at Wed Apr  9 21:33:12 2025...
