#-----------------------------------------------------------
# Vivado v2024.1 (64-bit)
# SW Build 5076996 on Wed May 22 18:37:14 MDT 2024
# IP Build 5075265 on Wed May 22 21:45:21 MDT 2024
# SharedData Build 5076995 on Wed May 22 18:29:18 MDT 2024
# Start of session at: Wed Mar 19 12:27:31 2025
# Process ID: 23436
# Current directory: C:/Progh/Code/Project_RetroGame/POCS/ControlMovement
# Command line: vivado.exe -gui_launcher_event rodinguilauncherevent21564 C:\Progh\Code\Project_RetroGame\POCS\ControlMovement\ControlMovement.xpr
# Log file: C:/Progh/Code/Project_RetroGame/POCS/ControlMovement/vivado.log
# Journal file: C:/Progh/Code/Project_RetroGame/POCS/ControlMovement\vivado.jou
# Running On        :DESKTOP-H0VVJ00
# Platform          :Windows Server 2016 or Windows 10
# Operating System  :22631
# Processor Detail  :11th Gen Intel(R) Core(TM) i5-1155G7 @ 2.50GHz
# CPU Frequency     :2496 MHz
# CPU Physical cores:4
# CPU Logical cores :8
# Host memory       :16804 MB
# Swap memory       :9419 MB
# Total Virtual     :26224 MB
# Available Virtual :5357 MB
#-----------------------------------------------------------
start_gui
open_project C:/Progh/Code/Project_RetroGame/POCS/ControlMovement/ControlMovement.xpr
WARNING: [Board 49-26] cannot add Board Part xilinx.com:k24c:part0:1.0 available at C:/Xilinx/Vivado/2024.1/data/xhub/boards/XilinxBoardStore/boards/Xilinx/k24c/1.0/board.xml as part xck24-ubva530-2lv-c specified in board_part file is either invalid or not available
WARNING: [Board 49-26] cannot add Board Part xilinx.com:k24i:part0:1.0 available at C:/Xilinx/Vivado/2024.1/data/xhub/boards/XilinxBoardStore/boards/Xilinx/k24i/1.0/board.xml as part xck24-ubva530-2lvi-i specified in board_part file is either invalid or not available
WARNING: [Board 49-26] cannot add Board Part xilinx.com:k26c:part0:1.2 available at C:/Xilinx/Vivado/2024.1/data/xhub/boards/XilinxBoardStore/boards/Xilinx/k26c/1.2/board.xml as part xck26-sfvc784-2lv-c specified in board_part file is either invalid or not available
WARNING: [Board 49-26] cannot add Board Part xilinx.com:k26c:part0:1.3 available at C:/Xilinx/Vivado/2024.1/data/xhub/boards/XilinxBoardStore/boards/Xilinx/k26c/1.3/board.xml as part xck26-sfvc784-2lv-c specified in board_part file is either invalid or not available
WARNING: [Board 49-26] cannot add Board Part xilinx.com:k26c:part0:1.4 available at C:/Xilinx/Vivado/2024.1/data/xhub/boards/XilinxBoardStore/boards/Xilinx/k26c/1.4/board.xml as part xck26-sfvc784-2lv-c specified in board_part file is either invalid or not available
WARNING: [Board 49-26] cannot add Board Part xilinx.com:k26i:part0:1.2 available at C:/Xilinx/Vivado/2024.1/data/xhub/boards/XilinxBoardStore/boards/Xilinx/k26i/1.2/board.xml as part xck26-sfvc784-2lvi-i specified in board_part file is either invalid or not available
WARNING: [Board 49-26] cannot add Board Part xilinx.com:k26i:part0:1.3 available at C:/Xilinx/Vivado/2024.1/data/xhub/boards/XilinxBoardStore/boards/Xilinx/k26i/1.3/board.xml as part xck26-sfvc784-2lvi-i specified in board_part file is either invalid or not available
WARNING: [Board 49-26] cannot add Board Part xilinx.com:k26i:part0:1.4 available at C:/Xilinx/Vivado/2024.1/data/xhub/boards/XilinxBoardStore/boards/Xilinx/k26i/1.4/board.xml as part xck26-sfvc784-2lvi-i specified in board_part file is either invalid or not available
WARNING: [Board 49-26] cannot add Board Part xilinx.com:kcu105:part0:1.6 available at C:/Xilinx/Vivado/2024.1/data/xhub/boards/XilinxBoardStore/boards/Xilinx/kcu105/1.6/board.xml as part xcku040-ffva1156-2-e specified in board_part file is either invalid or not available
WARNING: [Board 49-26] cannot add Board Part xilinx.com:kcu105:part0:1.7 available at C:/Xilinx/Vivado/2024.1/data/xhub/boards/XilinxBoardStore/boards/Xilinx/kcu105/1.7/board.xml as part xcku040-ffva1156-2-e specified in board_part file is either invalid or not available
WARNING: [Board 49-26] cannot add Board Part xilinx.com:kcu116:part0:1.4 available at C:/Xilinx/Vivado/2024.1/data/xhub/boards/XilinxBoardStore/boards/Xilinx/kcu116/1.4/board.xml as part xcku5p-ffvb676-2-e specified in board_part file is either invalid or not available
WARNING: [Board 49-26] cannot add Board Part xilinx.com:kcu116:part0:1.5 available at C:/Xilinx/Vivado/2024.1/data/xhub/boards/XilinxBoardStore/boards/Xilinx/kcu116/1.5/board.xml as part xcku5p-ffvb676-2-e specified in board_part file is either invalid or not available
WARNING: [Board 49-26] cannot add Board Part xilinx.com:kcu1500:part0:1.2 available at C:/Xilinx/Vivado/2024.1/data/xhub/boards/XilinxBoardStore/boards/Xilinx/kcu1500/1.2/board.xml as part xcku115-flvb2104-2-e specified in board_part file is either invalid or not available
WARNING: [Board 49-26] cannot add Board Part xilinx.com:kd240_som:part0:1.0 available at C:/Xilinx/Vivado/2024.1/data/xhub/boards/XilinxBoardStore/boards/Xilinx/kd240_som/1.0/board.xml as part xck24-ubva530-2lv-c specified in board_part file is either invalid or not available
WARNING: [Board 49-26] cannot add Board Part xilinx.com:kr260_som:part0:1.0 available at C:/Xilinx/Vivado/2024.1/data/xhub/boards/XilinxBoardStore/boards/Xilinx/kr260_som/1.0/board.xml as part xck26-sfvc784-2lv-c specified in board_part file is either invalid or not available
WARNING: [Board 49-26] cannot add Board Part xilinx.com:kr260_som:part0:1.1 available at C:/Xilinx/Vivado/2024.1/data/xhub/boards/XilinxBoardStore/boards/Xilinx/kr260_som/1.1/board.xml as part xck26-sfvc784-2lv-c specified in board_part file is either invalid or not available
WARNING: [Board 49-26] cannot add Board Part xilinx.com:kv260_som:part0:1.2 available at C:/Xilinx/Vivado/2024.1/data/xhub/boards/XilinxBoardStore/boards/Xilinx/kv260_som/1.2/board.xml as part xck26-sfvc784-2lv-c specified in board_part file is either invalid or not available
WARNING: [Board 49-26] cannot add Board Part xilinx.com:kv260_som:part0:1.3 available at C:/Xilinx/Vivado/2024.1/data/xhub/boards/XilinxBoardStore/boards/Xilinx/kv260_som/1.3/board.xml as part xck26-sfvc784-2lv-c specified in board_part file is either invalid or not available
WARNING: [Board 49-26] cannot add Board Part xilinx.com:kv260_som:part0:1.4 available at C:/Xilinx/Vivado/2024.1/data/xhub/boards/XilinxBoardStore/boards/Xilinx/kv260_som/1.4/board.xml as part xck26-sfvc784-2lv-c specified in board_part file is either invalid or not available
WARNING: [Board 49-26] cannot add Board Part xilinx.com:vck190:part0:2.2 available at C:/Xilinx/Vivado/2024.1/data/xhub/boards/XilinxBoardStore/boards/Xilinx/vck190/production/2.2/board.xml as part xcvc1902-vsva2197-2mp-e-s specified in board_part file is either invalid or not available
WARNING: [Board 49-26] cannot add Board Part xilinx.com:vck190:part0:3.0 available at C:/Xilinx/Vivado/2024.1/data/xhub/boards/XilinxBoardStore/boards/Xilinx/vck190/production/3.0/board.xml as part xcvc1902-vsva2197-2mp-e-s specified in board_part file is either invalid or not available
WARNING: [Board 49-26] cannot add Board Part xilinx.com:vck190:part0:3.1 available at C:/Xilinx/Vivado/2024.1/data/xhub/boards/XilinxBoardStore/boards/Xilinx/vck190/production/3.1/board.xml as part xcvc1902-vsva2197-2mp-e-s specified in board_part file is either invalid or not available
WARNING: [Board 49-26] cannot add Board Part xilinx.com:vck190:part0:3.2 available at C:/Xilinx/Vivado/2024.1/data/xhub/boards/XilinxBoardStore/boards/Xilinx/vck190/production/3.2/board.xml as part xcvc1902-vsva2197-2mp-e-s specified in board_part file is either invalid or not available
WARNING: [Board 49-26] cannot add Board Part xilinx.com:vck190:part0:3.3 available at C:/Xilinx/Vivado/2024.1/data/xhub/boards/XilinxBoardStore/boards/Xilinx/vck190/production/3.3/board.xml as part xcvc1902-vsva2197-2mp-e-s specified in board_part file is either invalid or not available
WARNING: [Board 49-26] cannot add Board Part xilinx.com:vck190_newl:part0:1.0 available at C:/Xilinx/Vivado/2024.1/data/xhub/boards/XilinxBoardStore/boards/Xilinx/vck190_newl/production/1.0/board.xml as part xcvc1902-vsva2197-2mp-e-s specified in board_part file is either invalid or not available
WARNING: [Board 49-26] cannot add Board Part xilinx.com:vck190_newl:part0:1.1 available at C:/Xilinx/Vivado/2024.1/data/xhub/boards/XilinxBoardStore/boards/Xilinx/vck190_newl/production/1.1/board.xml as part xcvc1902-vsva2197-2mp-e-s specified in board_part file is either invalid or not available
WARNING: [Board 49-26] cannot add Board Part xilinx.com:vck190_newl:part0:1.2 available at C:/Xilinx/Vivado/2024.1/data/xhub/boards/XilinxBoardStore/boards/Xilinx/vck190_newl/production/1.2/board.xml as part xcvc1902-vsva2197-2mp-e-s specified in board_part file is either invalid or not available
WARNING: [Board 49-26] cannot add Board Part xilinx.com:vcu108:part0:1.6 available at C:/Xilinx/Vivado/2024.1/data/xhub/boards/XilinxBoardStore/boards/Xilinx/vcu108/1.6/board.xml as part xcvu095-ffva2104-2-e specified in board_part file is either invalid or not available
WARNING: [Board 49-26] cannot add Board Part xilinx.com:vcu108:part0:1.7 available at C:/Xilinx/Vivado/2024.1/data/xhub/boards/XilinxBoardStore/boards/Xilinx/vcu108/1.7/board.xml as part xcvu095-ffva2104-2-e specified in board_part file is either invalid or not available
WARNING: [Board 49-26] cannot add Board Part xilinx.com:vcu110:part0:1.4 available at C:/Xilinx/Vivado/2024.1/data/xhub/boards/XilinxBoardStore/boards/Xilinx/vcu110/1.4/board.xml as part xcvu190-flgc2104-2-e specified in board_part file is either invalid or not available
WARNING: [Board 49-26] cannot add Board Part xilinx.com:vcu118:part0:2.0 available at C:/Xilinx/Vivado/2024.1/data/xhub/boards/XilinxBoardStore/boards/Xilinx/vcu118/2.0/board.xml as part xcvu9p-flga2104-2l-e specified in board_part file is either invalid or not available
WARNING: [Board 49-26] cannot add Board Part xilinx.com:vcu118:part0:2.3 available at C:/Xilinx/Vivado/2024.1/data/xhub/boards/XilinxBoardStore/boards/Xilinx/vcu118/2.3/board.xml as part xcvu9p-flga2104-2l-e specified in board_part file is either invalid or not available
WARNING: [Board 49-26] cannot add Board Part xilinx.com:vcu118:part0:2.4 available at C:/Xilinx/Vivado/2024.1/data/xhub/boards/XilinxBoardStore/boards/Xilinx/vcu118/2.4/board.xml as part xcvu9p-flga2104-2l-e specified in board_part file is either invalid or not available
WARNING: [Board 49-26] cannot add Board Part xilinx.com:vcu128:part0:1.0 available at C:/Xilinx/Vivado/2024.1/data/xhub/boards/XilinxBoardStore/boards/Xilinx/vcu128/production/1.0/board.xml as part xcvu37p-fsvh2892-2l-e specified in board_part file is either invalid or not available
WARNING: [Board 49-26] cannot add Board Part xilinx.com:vcu129:part0:1.0 available at C:/Xilinx/Vivado/2024.1/data/xhub/boards/XilinxBoardStore/boards/Xilinx/vcu129/production/1.0/board.xml as part xcvu29p-fsga2577-2l-e specified in board_part file is either invalid or not available
WARNING: [Board 49-26] cannot add Board Part xilinx.com:vcu1525:part0:1.3 available at C:/Xilinx/Vivado/2024.1/data/xhub/boards/XilinxBoardStore/boards/Xilinx/vcu1525/1.3/board.xml as part xcvu9p-fsgd2104-2l-e specified in board_part file is either invalid or not available
WARNING: [Board 49-26] cannot add Board Part xilinx.com:vek280:part0:1.0 available at C:/Xilinx/Vivado/2024.1/data/xhub/boards/XilinxBoardStore/boards/Xilinx/vek280/production/1.0/board.xml as part xcve2802-vsvh1760-2mp-e-s specified in board_part file is either invalid or not available
WARNING: [Board 49-26] cannot add Board Part xilinx.com:vek280:part0:1.1 available at C:/Xilinx/Vivado/2024.1/data/xhub/boards/XilinxBoardStore/boards/Xilinx/vek280/production/1.1/board.xml as part xcve2802-vsvh1760-2mp-e-s specified in board_part file is either invalid or not available
WARNING: [Board 49-26] cannot add Board Part xilinx.com:vek280:part0:1.2 available at C:/Xilinx/Vivado/2024.1/data/xhub/boards/XilinxBoardStore/boards/Xilinx/vek280/production/1.2/board.xml as part xcve2802-vsvh1760-2mp-e-s specified in board_part file is either invalid or not available
WARNING: [Board 49-26] cannot add Board Part xilinx.com:vek280_es:part0:1.0 available at C:/Xilinx/Vivado/2024.1/data/xhub/boards/XilinxBoardStore/boards/Xilinx/vek280/es/rev_a/1.0/board.xml as part xcve2802-vsvh1760-2lp-e-s-es1 specified in board_part file is either invalid or not available
WARNING: [Board 49-26] cannot add Board Part xilinx.com:vek280_es:part0:1.1 available at C:/Xilinx/Vivado/2024.1/data/xhub/boards/XilinxBoardStore/boards/Xilinx/vek280/es/rev_a/1.1/board.xml as part xcve2802-vsvh1760-2lp-e-s-es1 specified in board_part file is either invalid or not available
WARNING: [Board 49-26] cannot add Board Part xilinx.com:vek280_es_revb:part0:1.0 available at C:/Xilinx/Vivado/2024.1/data/xhub/boards/XilinxBoardStore/boards/Xilinx/vek280/es/rev_b/1.0/board.xml as part xcve2802-vsvh1760-2mp-e-s-es1 specified in board_part file is either invalid or not available
WARNING: [Board 49-26] cannot add Board Part xilinx.com:vek280_es_revb:part0:1.1 available at C:/Xilinx/Vivado/2024.1/data/xhub/boards/XilinxBoardStore/boards/Xilinx/vek280/es/rev_b/1.1/board.xml as part xcve2802-vsvh1760-2mp-e-s-es1 specified in board_part file is either invalid or not available
WARNING: [Board 49-26] cannot add Board Part xilinx.com:vermeo_t1_mpsoc:part0:1.0 available at C:/Xilinx/Vivado/2024.1/data/xhub/boards/XilinxBoardStore/boards/Xilinx/vermeo_t1_mpsoc/1.0/board.xml as part xczu19eg-ffvd1760-2l-e specified in board_part file is either invalid or not available
WARNING: [Board 49-26] cannot add Board Part xilinx.com:vermeo_t1_rfsoc:part0:1.0 available at C:/Xilinx/Vivado/2024.1/data/xhub/boards/XilinxBoardStore/boards/Xilinx/vermeo_t1_rfsoc/1.0/board.xml as part xczu21dr-ffvd1156-2l-e specified in board_part file is either invalid or not available
WARNING: [Board 49-26] cannot add Board Part xilinx.com:vhk158:part0:1.0 available at C:/Xilinx/Vivado/2024.1/data/xhub/boards/XilinxBoardStore/boards/Xilinx/vhk158/production/1.0/board.xml as part xcvh1582-vsva3697-2mp-e-s specified in board_part file is either invalid or not available
WARNING: [Board 49-26] cannot add Board Part xilinx.com:vhk158:part0:1.1 available at C:/Xilinx/Vivado/2024.1/data/xhub/boards/XilinxBoardStore/boards/Xilinx/vhk158/production/1.1/board.xml as part xcvh1582-vsva3697-2mp-e-s specified in board_part file is either invalid or not available
WARNING: [Board 49-26] cannot add Board Part xilinx.com:vhk158_es:part0:1.0 available at C:/Xilinx/Vivado/2024.1/data/xhub/boards/XilinxBoardStore/boards/Xilinx/vhk158/es/1.0/board.xml as part xcvh1582-vsva3697-2mp-e-s-es1 specified in board_part file is either invalid or not available
WARNING: [Board 49-26] cannot add Board Part xilinx.com:vhk158_es:part0:1.1 available at C:/Xilinx/Vivado/2024.1/data/xhub/boards/XilinxBoardStore/boards/Xilinx/vhk158/es/1.1/board.xml as part xcvh1582-vsva3697-2mp-e-s-es1 specified in board_part file is either invalid or not available
WARNING: [Board 49-26] cannot add Board Part xilinx.com:vmk180:part0:2.2 available at C:/Xilinx/Vivado/2024.1/data/xhub/boards/XilinxBoardStore/boards/Xilinx/vmk180/production/2.2/board.xml as part xcvm1802-vsva2197-2mp-e-s specified in board_part file is either invalid or not available
WARNING: [Board 49-26] cannot add Board Part xilinx.com:vmk180:part0:3.0 available at C:/Xilinx/Vivado/2024.1/data/xhub/boards/XilinxBoardStore/boards/Xilinx/vmk180/production/3.0/board.xml as part xcvm1802-vsva2197-2mp-e-s specified in board_part file is either invalid or not available
WARNING: [Board 49-26] cannot add Board Part xilinx.com:vmk180:part0:3.1 available at C:/Xilinx/Vivado/2024.1/data/xhub/boards/XilinxBoardStore/boards/Xilinx/vmk180/production/3.1/board.xml as part xcvm1802-vsva2197-2mp-e-s specified in board_part file is either invalid or not available
WARNING: [Board 49-26] cannot add Board Part xilinx.com:vmk180:part0:3.2 available at C:/Xilinx/Vivado/2024.1/data/xhub/boards/XilinxBoardStore/boards/Xilinx/vmk180/production/3.2/board.xml as part xcvm1802-vsva2197-2mp-e-s specified in board_part file is either invalid or not available
WARNING: [Board 49-26] cannot add Board Part xilinx.com:vmk180_newl:part0:1.0 available at C:/Xilinx/Vivado/2024.1/data/xhub/boards/XilinxBoardStore/boards/Xilinx/vmk180_newl/production/1.0/board.xml as part xcvm1802-vsva2197-2mp-e-s specified in board_part file is either invalid or not available
WARNING: [Board 49-26] cannot add Board Part xilinx.com:vmk180_newl:part0:1.1 available at C:/Xilinx/Vivado/2024.1/data/xhub/boards/XilinxBoardStore/boards/Xilinx/vmk180_newl/production/1.1/board.xml as part xcvm1802-vsva2197-2mp-e-s specified in board_part file is either invalid or not available
WARNING: [Board 49-26] cannot add Board Part xilinx.com:vpk120:part0:1.0 available at C:/Xilinx/Vivado/2024.1/data/xhub/boards/XilinxBoardStore/boards/Xilinx/vpk120/production/1.0/board.xml as part xcvp1202-vsva2785-2mp-e-s specified in board_part file is either invalid or not available
WARNING: [Board 49-26] cannot add Board Part xilinx.com:vpk120:part0:1.1 available at C:/Xilinx/Vivado/2024.1/data/xhub/boards/XilinxBoardStore/boards/Xilinx/vpk120/production/1.1/board.xml as part xcvp1202-vsva2785-2mp-e-s specified in board_part file is either invalid or not available
WARNING: [Board 49-26] cannot add Board Part xilinx.com:vpk120:part0:1.2 available at C:/Xilinx/Vivado/2024.1/data/xhub/boards/XilinxBoardStore/boards/Xilinx/vpk120/production/1.2/board.xml as part xcvp1202-vsva2785-2mp-e-s specified in board_part file is either invalid or not available
WARNING: [Board 49-26] cannot add Board Part xilinx.com:vpk180:part0:1.0 available at C:/Xilinx/Vivado/2024.1/data/xhub/boards/XilinxBoardStore/boards/Xilinx/vpk180/production/1.0/board.xml as part xcvp1802-lsvc4072-2mp-e-s specified in board_part file is either invalid or not available
WARNING: [Board 49-26] cannot add Board Part xilinx.com:vpk180:part0:1.1 available at C:/Xilinx/Vivado/2024.1/data/xhub/boards/XilinxBoardStore/boards/Xilinx/vpk180/production/1.1/board.xml as part xcvp1802-lsvc4072-2mp-e-s specified in board_part file is either invalid or not available
WARNING: [Board 49-26] cannot add Board Part xilinx.com:vpk180:part0:1.2 available at C:/Xilinx/Vivado/2024.1/data/xhub/boards/XilinxBoardStore/boards/Xilinx/vpk180/production/1.2/board.xml as part xcvp1802-lsvc4072-2mp-e-s specified in board_part file is either invalid or not available
WARNING: [Board 49-26] cannot add Board Part xilinx.com:zc702:part0:1.4 available at C:/Xilinx/Vivado/2024.1/data/xhub/boards/XilinxBoardStore/boards/Xilinx/zc702/1.4/board.xml as part xc7z020clg484-1 specified in board_part file is either invalid or not available
WARNING: [Board 49-26] cannot add Board Part xilinx.com:zc706:part0:1.4 available at C:/Xilinx/Vivado/2024.1/data/xhub/boards/XilinxBoardStore/boards/Xilinx/zc706/1.4/board.xml as part xc7z045ffg900-2 specified in board_part file is either invalid or not available
WARNING: [Board 49-26] cannot add Board Part xilinx.com:zcu102:part0:3.3 available at C:/Xilinx/Vivado/2024.1/data/xhub/boards/XilinxBoardStore/boards/Xilinx/zcu102/3.3/board.xml as part xczu9eg-ffvb1156-2-e specified in board_part file is either invalid or not available
WARNING: [Board 49-26] cannot add Board Part xilinx.com:zcu102:part0:3.4 available at C:/Xilinx/Vivado/2024.1/data/xhub/boards/XilinxBoardStore/boards/Xilinx/zcu102/3.4/board.xml as part xczu9eg-ffvb1156-2-e specified in board_part file is either invalid or not available
WARNING: [Board 49-26] cannot add Board Part xilinx.com:zcu104:part0:1.1 available at C:/Xilinx/Vivado/2024.1/data/xhub/boards/XilinxBoardStore/boards/Xilinx/zcu104/1.1/board.xml as part xczu7ev-ffvc1156-2-e specified in board_part file is either invalid or not available
WARNING: [Board 49-26] cannot add Board Part xilinx.com:zcu106:part0:2.4 available at C:/Xilinx/Vivado/2024.1/data/xhub/boards/XilinxBoardStore/boards/Xilinx/zcu106/2.4/board.xml as part xczu7ev-ffvc1156-2-e specified in board_part file is either invalid or not available
WARNING: [Board 49-26] cannot add Board Part xilinx.com:zcu106:part0:2.5 available at C:/Xilinx/Vivado/2024.1/data/xhub/boards/XilinxBoardStore/boards/Xilinx/zcu106/2.5/board.xml as part xczu7ev-ffvc1156-2-e specified in board_part file is either invalid or not available
WARNING: [Board 49-26] cannot add Board Part xilinx.com:zcu106:part0:2.6 available at C:/Xilinx/Vivado/2024.1/data/xhub/boards/XilinxBoardStore/boards/Xilinx/zcu106/2.6/board.xml as part xczu7ev-ffvc1156-2-e specified in board_part file is either invalid or not available
WARNING: [Board 49-26] cannot add Board Part xilinx.com:zcu111:part0:1.2 available at C:/Xilinx/Vivado/2024.1/data/xhub/boards/XilinxBoardStore/boards/Xilinx/zcu111/1.2/board.xml as part xczu28dr-ffvg1517-2-e specified in board_part file is either invalid or not available
WARNING: [Board 49-26] cannot add Board Part xilinx.com:zcu111:part0:1.3 available at C:/Xilinx/Vivado/2024.1/data/xhub/boards/XilinxBoardStore/boards/Xilinx/zcu111/1.3/board.xml as part xczu28dr-ffvg1517-2-e specified in board_part file is either invalid or not available
WARNING: [Board 49-26] cannot add Board Part xilinx.com:zcu111:part0:1.4 available at C:/Xilinx/Vivado/2024.1/data/xhub/boards/XilinxBoardStore/boards/Xilinx/zcu111/1.4/board.xml as part xczu28dr-ffvg1517-2-e specified in board_part file is either invalid or not available
WARNING: [Board 49-26] cannot add Board Part xilinx.com:zcu1275:part0:1.0 available at C:/Xilinx/Vivado/2024.1/data/xhub/boards/XilinxBoardStore/boards/Xilinx/zcu1275/1.0/board.xml as part xczu29dr-ffvf1760-2-e specified in board_part file is either invalid or not available
WARNING: [Board 49-26] cannot add Board Part xilinx.com:zcu1285:part0:1.0 available at C:/Xilinx/Vivado/2024.1/data/xhub/boards/XilinxBoardStore/boards/Xilinx/zcu1285/1.0/board.xml as part xczu39dr-ffvf1760-2-i specified in board_part file is either invalid or not available
WARNING: [Board 49-26] cannot add Board Part xilinx.com:zcu208:part0:2.0 available at C:/Xilinx/Vivado/2024.1/data/xhub/boards/XilinxBoardStore/boards/Xilinx/zcu208/production/2.0/board.xml as part xczu48dr-fsvg1517-2-e specified in board_part file is either invalid or not available
WARNING: [Board 49-26] cannot add Board Part xilinx.com:zcu208ld:part0:2.0 available at C:/Xilinx/Vivado/2024.1/data/xhub/boards/XilinxBoardStore/boards/Xilinx/zcu208ld/production/2.0/board.xml as part xczu58dr-fsvg1517-2-i specified in board_part file is either invalid or not available
WARNING: [Board 49-26] cannot add Board Part xilinx.com:zcu216:part0:2.0 available at C:/Xilinx/Vivado/2024.1/data/xhub/boards/XilinxBoardStore/boards/Xilinx/zcu216/production/2.0/board.xml as part xczu49dr-ffvf1760-2-e specified in board_part file is either invalid or not available
WARNING: [Board 49-26] cannot add Board Part xilinx.com:zcu216ld:part0:2.0 available at C:/Xilinx/Vivado/2024.1/data/xhub/boards/XilinxBoardStore/boards/Xilinx/zcu216ld/production/2.0/board.xml as part xczu59dr-ffvf1760-2-i specified in board_part file is either invalid or not available
WARNING: [Board 49-26] cannot add Board Part xilinx.com:zcu670:part0:2.0 available at C:/Xilinx/Vivado/2024.1/data/xhub/boards/XilinxBoardStore/boards/Xilinx/zcu670/2.0/board.xml as part xczu67dr-fsve1156-2-i specified in board_part file is either invalid or not available
WARNING: [Board 49-26] cannot add Board Part xilinx.com:zcu670ld:part0:1.0 available at C:/Xilinx/Vivado/2024.1/data/xhub/boards/XilinxBoardStore/boards/Xilinx/zcu670ld/1.0/board.xml as part xczu57dr-fsve1156-2-i specified in board_part file is either invalid or not available
CRITICAL WARNING: [Project 1-19] Could not find the file 'C:/Progh/Code/Project_RetroGame/Show_Level/archive_project_summary.txt'.
Scanning sources...
Finished scanning sources
INFO: [IP_Flow 19-234] Refreshing IP repositories
INFO: [IP_Flow 19-1704] No user IP repositories specified
INFO: [IP_Flow 19-2313] Loaded Vivado IP repository 'C:/Xilinx/Vivado/2024.1/data/ip'.
open_project: Time (s): cpu = 00:00:23 ; elapsed = 00:00:14 . Memory (MB): peak = 1538.613 ; gain = 453.020
update_compile_order -fileset sources_1
WARNING: [filemgmt 56-199] Attempt to get parsing info during refresh. "On-the-fly" syntax checking information may be incorrect. [C:\Progh\Code\Project_RetroGame\POCS\ControlMovement\ControlMovement.srcs\sources_1\new\XY_GEN.vhd:]
WARNING: [filemgmt 56-199] Attempt to get parsing info during refresh. "On-the-fly" syntax checking information may be incorrect. [C:\Progh\Code\Project_RetroGame\POCS\ControlMovement\ControlMovement.srcs\sources_1\imports\Week 5 + 6 - Bounching Square - Ball\DVI.vhd:]
WARNING: [filemgmt 56-199] Attempt to get parsing info during refresh. "On-the-fly" syntax checking information may be incorrect. [C:\Progh\Code\Project_RetroGame\POCS\ControlMovement\ControlMovement.srcs\sources_1\new\XY_GEN.vhd:]
WARNING: [filemgmt 56-199] Attempt to get parsing info during refresh. "On-the-fly" syntax checking information may be incorrect. [C:\Progh\Code\Project_RetroGame\POCS\ControlMovement\ControlMovement.srcs\sources_1\new\XY_GEN.vhd:]
ERROR: [Common 17-180] Spawn failed: No error
close [ open C:/Progh/Code/Project_RetroGame/POCS/ControlMovement/ControlMovement.srcs/sources_1/new/CharacterController.vhd w ]
add_files C:/Progh/Code/Project_RetroGame/POCS/ControlMovement/ControlMovement.srcs/sources_1/new/CharacterController.vhd
WARNING: [filemgmt 56-199] Attempt to get parsing info during refresh. "On-the-fly" syntax checking information may be incorrect. [C:\Progh\Code\Project_RetroGame\POCS\ControlMovement\ControlMovement.srcs\sources_1\new\XY_GEN.vhd:]
WARNING: [filemgmt 56-199] Attempt to get parsing info during refresh. "On-the-fly" syntax checking information may be incorrect. [C:\Progh\Code\Project_RetroGame\POCS\ControlMovement\ControlMovement.srcs\sources_1\imports\Week 5 + 6 - Bounching Square - Ball\DVI.vhd:]
WARNING: [filemgmt 56-199] Attempt to get parsing info during refresh. "On-the-fly" syntax checking information may be incorrect. [C:\Progh\Code\Project_RetroGame\POCS\ControlMovement\ControlMovement.srcs\sources_1\new\XY_GEN.vhd:]
WARNING: [filemgmt 56-199] Attempt to get parsing info during refresh. "On-the-fly" syntax checking information may be incorrect. [C:\Progh\Code\Project_RetroGame\POCS\ControlMovement\ControlMovement.srcs\sources_1\new\XY_GEN.vhd:]
ERROR: [Common 17-180] Spawn failed: No error
WARNING: [filemgmt 56-199] Attempt to get parsing info during refresh. "On-the-fly" syntax checking information may be incorrect. [C:\Progh\Code\Project_RetroGame\POCS\ControlMovement\ControlMovement.srcs\sources_1\new\XY_GEN.vhd:]
WARNING: [filemgmt 56-199] Attempt to get parsing info during refresh. "On-the-fly" syntax checking information may be incorrect. [C:\Progh\Code\Project_RetroGame\POCS\ControlMovement\ControlMovement.srcs\sources_1\imports\Week 5 + 6 - Bounching Square - Ball\DVI.vhd:]
WARNING: [filemgmt 56-199] Attempt to get parsing info during refresh. "On-the-fly" syntax checking information may be incorrect. [C:\Progh\Code\Project_RetroGame\POCS\ControlMovement\ControlMovement.srcs\sources_1\new\XY_GEN.vhd:]
WARNING: [filemgmt 56-199] Attempt to get parsing info during refresh. "On-the-fly" syntax checking information may be incorrect. [C:\Progh\Code\Project_RetroGame\POCS\ControlMovement\ControlMovement.srcs\sources_1\new\XY_GEN.vhd:]
ERROR: [Common 17-180] Spawn failed: No error
update_compile_order -fileset sources_1
WARNING: [filemgmt 56-199] Attempt to get parsing info during refresh. "On-the-fly" syntax checking information may be incorrect. [C:\Progh\Code\Project_RetroGame\POCS\ControlMovement\ControlMovement.srcs\sources_1\new\XY_GEN.vhd:]
WARNING: [filemgmt 56-199] Attempt to get parsing info during refresh. "On-the-fly" syntax checking information may be incorrect. [C:\Progh\Code\Project_RetroGame\POCS\ControlMovement\ControlMovement.srcs\sources_1\imports\Week 5 + 6 - Bounching Square - Ball\DVI.vhd:]
WARNING: [filemgmt 56-199] Attempt to get parsing info during refresh. "On-the-fly" syntax checking information may be incorrect. [C:\Progh\Code\Project_RetroGame\POCS\ControlMovement\ControlMovement.srcs\sources_1\new\XY_GEN.vhd:]
WARNING: [filemgmt 56-199] Attempt to get parsing info during refresh. "On-the-fly" syntax checking information may be incorrect. [C:\Progh\Code\Project_RetroGame\POCS\ControlMovement\ControlMovement.srcs\sources_1\new\XY_GEN.vhd:]
ERROR: [Common 17-180] Spawn failed: No error
WARNING: [filemgmt 56-199] Attempt to get parsing info during refresh. "On-the-fly" syntax checking information may be incorrect. [C:\Progh\Code\Project_RetroGame\POCS\ControlMovement\ControlMovement.srcs\sources_1\new\CharacterController.vhd:]
WARNING: [filemgmt 56-199] Attempt to get parsing info during refresh. "On-the-fly" syntax checking information may be incorrect. [C:\Progh\Code\Project_RetroGame\POCS\ControlMovement\ControlMovement.srcs\sources_1\new\XY_GEN.vhd:]
WARNING: [filemgmt 56-199] Attempt to get parsing info during refresh. "On-the-fly" syntax checking information may be incorrect. [C:\Progh\Code\Project_RetroGame\POCS\ControlMovement\ControlMovement.srcs\sources_1\imports\Week 5 + 6 - Bounching Square - Ball\DVI.vhd:]
WARNING: [filemgmt 56-199] Attempt to get parsing info during refresh. "On-the-fly" syntax checking information may be incorrect. [C:\Progh\Code\Project_RetroGame\POCS\ControlMovement\ControlMovement.srcs\sources_1\new\CharacterController.vhd:]
WARNING: [filemgmt 56-199] Attempt to get parsing info during refresh. "On-the-fly" syntax checking information may be incorrect. [C:\Progh\Code\Project_RetroGame\POCS\ControlMovement\ControlMovement.srcs\sources_1\new\CharacterController.vhd:]
WARNING: [filemgmt 56-199] Attempt to get parsing info during refresh. "On-the-fly" syntax checking information may be incorrect. [C:\Progh\Code\Project_RetroGame\POCS\ControlMovement\ControlMovement.srcs\sources_1\new\CharacterController.vhd:]
WARNING: [filemgmt 56-199] Attempt to get parsing info during refresh. "On-the-fly" syntax checking information may be incorrect. [C:\Progh\Code\Project_RetroGame\POCS\ControlMovement\ControlMovement.srcs\sources_1\new\CharacterController.vhd:]
WARNING: [filemgmt 56-199] Attempt to get parsing info during refresh. "On-the-fly" syntax checking information may be incorrect. [C:\Progh\Code\Project_RetroGame\POCS\ControlMovement\ControlMovement.srcs\sources_1\new\XY_GEN.vhd:]
WARNING: [filemgmt 56-199] Attempt to get parsing info during refresh. "On-the-fly" syntax checking information may be incorrect. [C:\Progh\Code\Project_RetroGame\POCS\ControlMovement\ControlMovement.srcs\sources_1\imports\Week 5 + 6 - Bounching Square - Ball\DVI.vhd:]
WARNING: [filemgmt 56-199] Attempt to get parsing info during refresh. "On-the-fly" syntax checking information may be incorrect. [C:\Progh\Code\Project_RetroGame\POCS\ControlMovement\ControlMovement.srcs\sources_1\new\XY_GEN.vhd:]
WARNING: [filemgmt 56-199] Attempt to get parsing info during refresh. "On-the-fly" syntax checking information may be incorrect. [C:\Progh\Code\Project_RetroGame\POCS\ControlMovement\ControlMovement.srcs\sources_1\new\XY_GEN.vhd:]
WARNING: [filemgmt 56-199] Attempt to get parsing info during refresh. "On-the-fly" syntax checking information may be incorrect. [C:\Progh\Code\Project_RetroGame\POCS\ControlMovement\ControlMovement.srcs\sources_1\new\CharacterController.vhd:]
WARNING: [filemgmt 56-199] Attempt to get parsing info during refresh. "On-the-fly" syntax checking information may be incorrect. [C:\Progh\Code\Project_RetroGame\POCS\ControlMovement\ControlMovement.srcs\sources_1\new\XY_GEN.vhd:]
WARNING: [filemgmt 56-199] Attempt to get parsing info during refresh. "On-the-fly" syntax checking information may be incorrect. [C:\Progh\Code\Project_RetroGame\POCS\ControlMovement\ControlMovement.srcs\sources_1\imports\Week 5 + 6 - Bounching Square - Ball\DVI.vhd:]
WARNING: [filemgmt 56-199] Attempt to get parsing info during refresh. "On-the-fly" syntax checking information may be incorrect. [C:\Progh\Code\Project_RetroGame\POCS\ControlMovement\ControlMovement.srcs\sources_1\new\CharacterController.vhd:]
WARNING: [filemgmt 56-199] Attempt to get parsing info during refresh. "On-the-fly" syntax checking information may be incorrect. [C:\Progh\Code\Project_RetroGame\POCS\ControlMovement\ControlMovement.srcs\sources_1\new\CharacterController.vhd:]
ERROR: [Common 17-180] Spawn failed: No error
update_compile_order -fileset sources_1
WARNING: [filemgmt 56-199] Attempt to get parsing info during refresh. "On-the-fly" syntax checking information may be incorrect. [C:\Progh\Code\Project_RetroGame\POCS\ControlMovement\ControlMovement.srcs\sources_1\new\CharacterController.vhd:]
WARNING: [filemgmt 56-199] Attempt to get parsing info during refresh. "On-the-fly" syntax checking information may be incorrect. [C:\Progh\Code\Project_RetroGame\POCS\ControlMovement\ControlMovement.srcs\sources_1\new\XY_GEN.vhd:]
WARNING: [filemgmt 56-199] Attempt to get parsing info during refresh. "On-the-fly" syntax checking information may be incorrect. [C:\Progh\Code\Project_RetroGame\POCS\ControlMovement\ControlMovement.srcs\sources_1\imports\Week 5 + 6 - Bounching Square - Ball\DVI.vhd:]
WARNING: [filemgmt 56-199] Attempt to get parsing info during refresh. "On-the-fly" syntax checking information may be incorrect. [C:\Progh\Code\Project_RetroGame\POCS\ControlMovement\ControlMovement.srcs\sources_1\new\XY_GEN.vhd:]
WARNING: [filemgmt 56-199] Attempt to get parsing info during refresh. "On-the-fly" syntax checking information may be incorrect. [C:\Progh\Code\Project_RetroGame\POCS\ControlMovement\ControlMovement.srcs\sources_1\new\XY_GEN.vhd:]
WARNING: [filemgmt 56-199] Attempt to get parsing info during refresh. "On-the-fly" syntax checking information may be incorrect. [C:\Progh\Code\Project_RetroGame\POCS\ControlMovement\ControlMovement.srcs\sources_1\new\CharacterController.vhd:]
WARNING: [filemgmt 56-199] Attempt to get parsing info during refresh. "On-the-fly" syntax checking information may be incorrect. [C:\Progh\Code\Project_RetroGame\POCS\ControlMovement\ControlMovement.srcs\sources_1\new\XY_GEN.vhd:]
WARNING: [filemgmt 56-199] Attempt to get parsing info during refresh. "On-the-fly" syntax checking information may be incorrect. [C:\Progh\Code\Project_RetroGame\POCS\ControlMovement\ControlMovement.srcs\sources_1\imports\Week 5 + 6 - Bounching Square - Ball\DVI.vhd:]
WARNING: [filemgmt 56-199] Attempt to get parsing info during refresh. "On-the-fly" syntax checking information may be incorrect. [C:\Progh\Code\Project_RetroGame\POCS\ControlMovement\ControlMovement.srcs\sources_1\imports\Week 5 + 6 - Bounching Square - Ball\DVI.vhd:]
WARNING: [filemgmt 56-199] Attempt to get parsing info during refresh. "On-the-fly" syntax checking information may be incorrect. [C:\Progh\Code\Project_RetroGame\POCS\ControlMovement\ControlMovement.srcs\sources_1\imports\Week 5 + 6 - Bounching Square - Ball\DVI.vhd:]
WARNING: [filemgmt 56-199] Attempt to get parsing info during refresh. "On-the-fly" syntax checking information may be incorrect. [C:\Progh\Code\Project_RetroGame\POCS\ControlMovement\ControlMovement.srcs\sources_1\new\CharacterController.vhd:]
WARNING: [filemgmt 56-199] Attempt to get parsing info during refresh. "On-the-fly" syntax checking information may be incorrect. [C:\Progh\Code\Project_RetroGame\POCS\ControlMovement\ControlMovement.srcs\sources_1\new\XY_GEN.vhd:]
WARNING: [filemgmt 56-199] Attempt to get parsing info during refresh. "On-the-fly" syntax checking information may be incorrect. [C:\Progh\Code\Project_RetroGame\POCS\ControlMovement\ControlMovement.srcs\sources_1\imports\Week 5 + 6 - Bounching Square - Ball\DVI.vhd:]
WARNING: [filemgmt 56-199] Attempt to get parsing info during refresh. "On-the-fly" syntax checking information may be incorrect. [C:\Progh\Code\Project_RetroGame\POCS\ControlMovement\ControlMovement.srcs\sources_1\new\XY_GEN.vhd:]
WARNING: [filemgmt 56-199] Attempt to get parsing info during refresh. "On-the-fly" syntax checking information may be incorrect. [C:\Progh\Code\Project_RetroGame\POCS\ControlMovement\ControlMovement.srcs\sources_1\new\XY_GEN.vhd:]
WARNING: [filemgmt 56-199] Attempt to get parsing info during refresh. "On-the-fly" syntax checking information may be incorrect. [C:\Progh\Code\Project_RetroGame\POCS\ControlMovement\ControlMovement.srcs\sources_1\new\CharacterController.vhd:]
WARNING: [filemgmt 56-199] Attempt to get parsing info during refresh. "On-the-fly" syntax checking information may be incorrect. [C:\Progh\Code\Project_RetroGame\POCS\ControlMovement\ControlMovement.srcs\sources_1\new\XY_GEN.vhd:]
WARNING: [filemgmt 56-199] Attempt to get parsing info during refresh. "On-the-fly" syntax checking information may be incorrect. [C:\Progh\Code\Project_RetroGame\POCS\ControlMovement\ControlMovement.srcs\sources_1\imports\Week 5 + 6 - Bounching Square - Ball\DVI.vhd:]
WARNING: [filemgmt 56-199] Attempt to get parsing info during refresh. "On-the-fly" syntax checking information may be incorrect. [C:\Progh\Code\Project_RetroGame\POCS\ControlMovement\ControlMovement.srcs\sources_1\imports\Week 5 + 6 - Bounching Square - Ball\DVI.vhd:]
WARNING: [filemgmt 56-199] Attempt to get parsing info during refresh. "On-the-fly" syntax checking information may be incorrect. [C:\Progh\Code\Project_RetroGame\POCS\ControlMovement\ControlMovement.srcs\sources_1\imports\Week 5 + 6 - Bounching Square - Ball\DVI.vhd:]
ERROR: [Common 17-180] Spawn failed: No error
WARNING: [filemgmt 56-199] Attempt to get parsing info during refresh. "On-the-fly" syntax checking information may be incorrect. [C:\Progh\Code\Project_RetroGame\POCS\ControlMovement\ControlMovement.srcs\sources_1\new\CharacterController.vhd:]
WARNING: [filemgmt 56-199] Attempt to get parsing info during refresh. "On-the-fly" syntax checking information may be incorrect. [C:\Progh\Code\Project_RetroGame\POCS\ControlMovement\ControlMovement.srcs\sources_1\new\XY_GEN.vhd:]
WARNING: [filemgmt 56-199] Attempt to get parsing info during refresh. "On-the-fly" syntax checking information may be incorrect. [C:\Progh\Code\Project_RetroGame\POCS\ControlMovement\ControlMovement.srcs\sources_1\imports\Week 5 + 6 - Bounching Square - Ball\DVI.vhd:]
WARNING: [filemgmt 56-199] Attempt to get parsing info during refresh. "On-the-fly" syntax checking information may be incorrect. [C:\Progh\Code\Project_RetroGame\POCS\ControlMovement\ControlMovement.srcs\sources_1\new\XY_GEN.vhd:]
WARNING: [filemgmt 56-199] Attempt to get parsing info during refresh. "On-the-fly" syntax checking information may be incorrect. [C:\Progh\Code\Project_RetroGame\POCS\ControlMovement\ControlMovement.srcs\sources_1\new\XY_GEN.vhd:]
update_compile_order -fileset sources_1
WARNING: [filemgmt 56-199] Attempt to get parsing info during refresh. "On-the-fly" syntax checking information may be incorrect. [C:\Progh\Code\Project_RetroGame\POCS\ControlMovement\ControlMovement.srcs\sources_1\new\CharacterController.vhd:]
WARNING: [filemgmt 56-199] Attempt to get parsing info during refresh. "On-the-fly" syntax checking information may be incorrect. [C:\Progh\Code\Project_RetroGame\POCS\ControlMovement\ControlMovement.srcs\sources_1\new\XY_GEN.vhd:]
WARNING: [filemgmt 56-199] Attempt to get parsing info during refresh. "On-the-fly" syntax checking information may be incorrect. [C:\Progh\Code\Project_RetroGame\POCS\ControlMovement\ControlMovement.srcs\sources_1\imports\Week 5 + 6 - Bounching Square - Ball\DVI.vhd:]
WARNING: [filemgmt 56-199] Attempt to get parsing info during refresh. "On-the-fly" syntax checking information may be incorrect. [C:\Progh\Code\Project_RetroGame\POCS\ControlMovement\ControlMovement.srcs\sources_1\new\CharacterController.vhd:]
WARNING: [filemgmt 56-199] Attempt to get parsing info during refresh. "On-the-fly" syntax checking information may be incorrect. [C:\Progh\Code\Project_RetroGame\POCS\ControlMovement\ControlMovement.srcs\sources_1\new\CharacterController.vhd:]
WARNING: [filemgmt 56-199] Attempt to get parsing info during refresh. "On-the-fly" syntax checking information may be incorrect. [C:\Progh\Code\Project_RetroGame\POCS\ControlMovement\ControlMovement.srcs\sources_1\new\CharacterController.vhd:]
WARNING: [filemgmt 56-199] Attempt to get parsing info during refresh. "On-the-fly" syntax checking information may be incorrect. [C:\Progh\Code\Project_RetroGame\POCS\ControlMovement\ControlMovement.srcs\sources_1\new\XY_GEN.vhd:]
WARNING: [filemgmt 56-199] Attempt to get parsing info during refresh. "On-the-fly" syntax checking information may be incorrect. [C:\Progh\Code\Project_RetroGame\POCS\ControlMovement\ControlMovement.srcs\sources_1\imports\Week 5 + 6 - Bounching Square - Ball\DVI.vhd:]
WARNING: [filemgmt 56-199] Attempt to get parsing info during refresh. "On-the-fly" syntax checking information may be incorrect. [C:\Progh\Code\Project_RetroGame\POCS\ControlMovement\ControlMovement.srcs\sources_1\new\XY_GEN.vhd:]
WARNING: [filemgmt 56-199] Attempt to get parsing info during refresh. "On-the-fly" syntax checking information may be incorrect. [C:\Progh\Code\Project_RetroGame\POCS\ControlMovement\ControlMovement.srcs\sources_1\new\XY_GEN.vhd:]
ERROR: [Common 17-180] Spawn failed: No error
WARNING: [filemgmt 56-199] Attempt to get parsing info during refresh. "On-the-fly" syntax checking information may be incorrect. [C:\Progh\Code\Project_RetroGame\POCS\ControlMovement\ControlMovement.srcs\sources_1\new\CharacterController.vhd:]
WARNING: [filemgmt 56-199] Attempt to get parsing info during refresh. "On-the-fly" syntax checking information may be incorrect. [C:\Progh\Code\Project_RetroGame\POCS\ControlMovement\ControlMovement.srcs\sources_1\new\XY_GEN.vhd:]
WARNING: [filemgmt 56-199] Attempt to get parsing info during refresh. "On-the-fly" syntax checking information may be incorrect. [C:\Progh\Code\Project_RetroGame\POCS\ControlMovement\ControlMovement.srcs\sources_1\imports\Week 5 + 6 - Bounching Square - Ball\DVI.vhd:]
WARNING: [filemgmt 56-199] Attempt to get parsing info during refresh. "On-the-fly" syntax checking information may be incorrect. [C:\Progh\Code\Project_RetroGame\POCS\ControlMovement\ControlMovement.srcs\sources_1\imports\Week 5 + 6 - Bounching Square - Ball\DVI.vhd:]
WARNING: [filemgmt 56-199] Attempt to get parsing info during refresh. "On-the-fly" syntax checking information may be incorrect. [C:\Progh\Code\Project_RetroGame\POCS\ControlMovement\ControlMovement.srcs\sources_1\imports\Week 5 + 6 - Bounching Square - Ball\DVI.vhd:]
ERROR: [Common 17-180] Spawn failed: No error
WARNING: [filemgmt 56-199] Attempt to get parsing info during refresh. "On-the-fly" syntax checking information may be incorrect. [C:\Progh\Code\Project_RetroGame\POCS\ControlMovement\ControlMovement.srcs\sources_1\new\CharacterController.vhd:]
WARNING: [filemgmt 56-199] Attempt to get parsing info during refresh. "On-the-fly" syntax checking information may be incorrect. [C:\Progh\Code\Project_RetroGame\POCS\ControlMovement\ControlMovement.srcs\sources_1\new\XY_GEN.vhd:]
WARNING: [filemgmt 56-199] Attempt to get parsing info during refresh. "On-the-fly" syntax checking information may be incorrect. [C:\Progh\Code\Project_RetroGame\POCS\ControlMovement\ControlMovement.srcs\sources_1\imports\Week 5 + 6 - Bounching Square - Ball\DVI.vhd:]
WARNING: [filemgmt 56-199] Attempt to get parsing info during refresh. "On-the-fly" syntax checking information may be incorrect. [C:\Progh\Code\Project_RetroGame\POCS\ControlMovement\ControlMovement.srcs\sources_1\new\XY_GEN.vhd:]
WARNING: [filemgmt 56-199] Attempt to get parsing info during refresh. "On-the-fly" syntax checking information may be incorrect. [C:\Progh\Code\Project_RetroGame\POCS\ControlMovement\ControlMovement.srcs\sources_1\new\XY_GEN.vhd:]
WARNING: [filemgmt 56-199] Attempt to get parsing info during refresh. "On-the-fly" syntax checking information may be incorrect. [C:\Progh\Code\Project_RetroGame\POCS\ControlMovement\ControlMovement.srcs\sources_1\new\CharacterController.vhd:]
WARNING: [filemgmt 56-199] Attempt to get parsing info during refresh. "On-the-fly" syntax checking information may be incorrect. [C:\Progh\Code\Project_RetroGame\POCS\ControlMovement\ControlMovement.srcs\sources_1\new\XY_GEN.vhd:]
WARNING: [filemgmt 56-199] Attempt to get parsing info during refresh. "On-the-fly" syntax checking information may be incorrect. [C:\Progh\Code\Project_RetroGame\POCS\ControlMovement\ControlMovement.srcs\sources_1\imports\Week 5 + 6 - Bounching Square - Ball\DVI.vhd:]
WARNING: [filemgmt 56-199] Attempt to get parsing info during refresh. "On-the-fly" syntax checking information may be incorrect. [C:\Progh\Code\Project_RetroGame\POCS\ControlMovement\ControlMovement.srcs\sources_1\imports\Week 5 + 6 - Bounching Square - Ball\DVI.vhd:]
WARNING: [filemgmt 56-199] Attempt to get parsing info during refresh. "On-the-fly" syntax checking information may be incorrect. [C:\Progh\Code\Project_RetroGame\POCS\ControlMovement\ControlMovement.srcs\sources_1\imports\Week 5 + 6 - Bounching Square - Ball\DVI.vhd:]
ERROR: [Common 17-180] Spawn failed: No error
WARNING: [filemgmt 56-199] Attempt to get parsing info during refresh. "On-the-fly" syntax checking information may be incorrect. [C:\Progh\Code\Project_RetroGame\POCS\ControlMovement\ControlMovement.srcs\sources_1\new\CharacterController.vhd:]
WARNING: [filemgmt 56-199] Attempt to get parsing info during refresh. "On-the-fly" syntax checking information may be incorrect. [C:\Progh\Code\Project_RetroGame\POCS\ControlMovement\ControlMovement.srcs\sources_1\new\XY_GEN.vhd:]
WARNING: [filemgmt 56-199] Attempt to get parsing info during refresh. "On-the-fly" syntax checking information may be incorrect. [C:\Progh\Code\Project_RetroGame\POCS\ControlMovement\ControlMovement.srcs\sources_1\imports\Week 5 + 6 - Bounching Square - Ball\DVI.vhd:]
WARNING: [filemgmt 56-199] Attempt to get parsing info during refresh. "On-the-fly" syntax checking information may be incorrect. [C:\Progh\Code\Project_RetroGame\POCS\ControlMovement\ControlMovement.srcs\sources_1\new\CharacterController.vhd:]
WARNING: [filemgmt 56-199] Attempt to get parsing info during refresh. "On-the-fly" syntax checking information may be incorrect. [C:\Progh\Code\Project_RetroGame\POCS\ControlMovement\ControlMovement.srcs\sources_1\new\CharacterController.vhd:]
WARNING: [filemgmt 56-199] Attempt to get parsing info during refresh. "On-the-fly" syntax checking information may be incorrect. [C:\Progh\Code\Project_RetroGame\POCS\ControlMovement\ControlMovement.srcs\sources_1\new\CharacterController.vhd:]
WARNING: [filemgmt 56-199] Attempt to get parsing info during refresh. "On-the-fly" syntax checking information may be incorrect. [C:\Progh\Code\Project_RetroGame\POCS\ControlMovement\ControlMovement.srcs\sources_1\new\XY_GEN.vhd:]
WARNING: [filemgmt 56-199] Attempt to get parsing info during refresh. "On-the-fly" syntax checking information may be incorrect. [C:\Progh\Code\Project_RetroGame\POCS\ControlMovement\ControlMovement.srcs\sources_1\imports\Week 5 + 6 - Bounching Square - Ball\DVI.vhd:]
WARNING: [filemgmt 56-199] Attempt to get parsing info during refresh. "On-the-fly" syntax checking information may be incorrect. [C:\Progh\Code\Project_RetroGame\POCS\ControlMovement\ControlMovement.srcs\sources_1\new\XY_GEN.vhd:]
WARNING: [filemgmt 56-199] Attempt to get parsing info during refresh. "On-the-fly" syntax checking information may be incorrect. [C:\Progh\Code\Project_RetroGame\POCS\ControlMovement\ControlMovement.srcs\sources_1\new\XY_GEN.vhd:]
reset_run synth_1
INFO: [Project 1-1161] Replacing file C:/Progh/Code/Project_RetroGame/POCS/ControlMovement/ControlMovement.srcs/utils_1/imports/synth_1/DVI.dcp with file C:/Progh/Code/Project_RetroGame/POCS/ControlMovement/ControlMovement.runs/synth_1/DVI_Top.dcp
launch_runs impl_1 -to_step write_bitstream -jobs 8
[Wed Mar 19 12:40:20 2025] Launched synth_1...
Run output will be captured here: C:/Progh/Code/Project_RetroGame/POCS/ControlMovement/ControlMovement.runs/synth_1/runme.log
[Wed Mar 19 12:40:20 2025] Launched impl_1...
Run output will be captured here: C:/Progh/Code/Project_RetroGame/POCS/ControlMovement/ControlMovement.runs/impl_1/runme.log
WARNING: [filemgmt 56-199] Attempt to get parsing info during refresh. "On-the-fly" syntax checking information may be incorrect. [C:\Progh\Code\Project_RetroGame\POCS\ControlMovement\ControlMovement.srcs\sources_1\new\CharacterController.vhd:]
WARNING: [filemgmt 56-199] Attempt to get parsing info during refresh. "On-the-fly" syntax checking information may be incorrect. [C:\Progh\Code\Project_RetroGame\POCS\ControlMovement\ControlMovement.srcs\sources_1\new\XY_GEN.vhd:]
WARNING: [filemgmt 56-199] Attempt to get parsing info during refresh. "On-the-fly" syntax checking information may be incorrect. [C:\Progh\Code\Project_RetroGame\POCS\ControlMovement\ControlMovement.srcs\sources_1\imports\Week 5 + 6 - Bounching Square - Ball\DVI.vhd:]
WARNING: [filemgmt 56-199] Attempt to get parsing info during refresh. "On-the-fly" syntax checking information may be incorrect. [C:\Progh\Code\Project_RetroGame\POCS\ControlMovement\ControlMovement.srcs\sources_1\new\XY_GEN.vhd:]
WARNING: [filemgmt 56-199] Attempt to get parsing info during refresh. "On-the-fly" syntax checking information may be incorrect. [C:\Progh\Code\Project_RetroGame\POCS\ControlMovement\ControlMovement.srcs\sources_1\new\XY_GEN.vhd:]
WARNING: [filemgmt 56-199] Attempt to get parsing info during refresh. "On-the-fly" syntax checking information may be incorrect. [C:\Progh\Code\Project_RetroGame\POCS\ControlMovement\ControlMovement.srcs\sources_1\new\CharacterController.vhd:]
WARNING: [filemgmt 56-199] Attempt to get parsing info during refresh. "On-the-fly" syntax checking information may be incorrect. [C:\Progh\Code\Project_RetroGame\POCS\ControlMovement\ControlMovement.srcs\sources_1\new\XY_GEN.vhd:]
WARNING: [filemgmt 56-199] Attempt to get parsing info during refresh. "On-the-fly" syntax checking information may be incorrect. [C:\Progh\Code\Project_RetroGame\POCS\ControlMovement\ControlMovement.srcs\sources_1\imports\Week 5 + 6 - Bounching Square - Ball\DVI.vhd:]
WARNING: [filemgmt 56-199] Attempt to get parsing info during refresh. "On-the-fly" syntax checking information may be incorrect. [C:\Progh\Code\Project_RetroGame\POCS\ControlMovement\ControlMovement.srcs\sources_1\new\CharacterController.vhd:]
WARNING: [filemgmt 56-199] Attempt to get parsing info during refresh. "On-the-fly" syntax checking information may be incorrect. [C:\Progh\Code\Project_RetroGame\POCS\ControlMovement\ControlMovement.srcs\sources_1\new\CharacterController.vhd:]
open_run impl_1
INFO: [Device 21-403] Loading part xc7a35tcpg236-1
WARNING: [filemgmt 56-199] Attempt to get parsing info during refresh. "On-the-fly" syntax checking information may be incorrect. [C:\Progh\Code\Project_RetroGame\POCS\ControlMovement\ControlMovement.srcs\sources_1\new\CharacterController.vhd:]
WARNING: [filemgmt 56-199] Attempt to get parsing info during refresh. "On-the-fly" syntax checking information may be incorrect. [C:\Progh\Code\Project_RetroGame\POCS\ControlMovement\ControlMovement.srcs\sources_1\new\XY_GEN.vhd:]
WARNING: [filemgmt 56-199] Attempt to get parsing info during refresh. "On-the-fly" syntax checking information may be incorrect. [C:\Progh\Code\Project_RetroGame\POCS\ControlMovement\ControlMovement.srcs\sources_1\imports\Week 5 + 6 - Bounching Square - Ball\DVI.vhd:]
WARNING: [filemgmt 56-199] Attempt to get parsing info during refresh. "On-the-fly" syntax checking information may be incorrect. [C:\Progh\Code\Project_RetroGame\POCS\ControlMovement\ControlMovement.srcs\sources_1\new\CharacterController.vhd:]
WARNING: [filemgmt 56-199] Attempt to get parsing info during refresh. "On-the-fly" syntax checking information may be incorrect. [C:\Progh\Code\Project_RetroGame\POCS\ControlMovement\ControlMovement.srcs\sources_1\new\CharacterController.vhd:]
INFO: [Device 21-9227] Part: xc7a35tcpg236-1 does not have CEAM library.
Netlist sorting complete. Time (s): cpu = 00:00:00 ; elapsed = 00:00:00.006 . Memory (MB): peak = 1951.523 ; gain = 0.000
INFO: [Netlist 29-17] Analyzing 21 Unisim elements for replacement
INFO: [Netlist 29-28] Unisim Transformation completed in 0 CPU seconds
INFO: [Project 1-479] Netlist was created with Vivado 2024.1
INFO: [Project 1-570] Preparing netlist for logic optimization
Read ShapeDB Complete: Time (s): cpu = 00:00:00 ; elapsed = 00:00:00.002 . Memory (MB): peak = 2041.805 ; gain = 0.000
INFO: [Timing 38-478] Restoring timing data from binary archive.
INFO: [Timing 38-479] Binary timing data restore complete.
INFO: [Project 1-856] Restoring constraints from binary archive.
INFO: [Project 1-853] Binary constraint restore complete.
INFO: [Designutils 20-5722] Start Reading Physical Databases.
Reading placement.
Read Netlist Cache: Time (s): cpu = 00:00:00 ; elapsed = 00:00:00 . Memory (MB): peak = 2612.879 ; gain = 0.000
Reading placer database...
Read Device Cache: Time (s): cpu = 00:00:00 ; elapsed = 00:00:00.007 . Memory (MB): peak = 2612.879 ; gain = 0.000
Read PlaceDB: Time (s): cpu = 00:00:00 ; elapsed = 00:00:00.009 . Memory (MB): peak = 2612.879 ; gain = 0.000
Read PulsedLatchDB: Time (s): cpu = 00:00:00 ; elapsed = 00:00:00 . Memory (MB): peak = 2612.879 ; gain = 0.000
Reading routing.
Read RouteStorage: Time (s): cpu = 00:00:00 ; elapsed = 00:00:00.029 . Memory (MB): peak = 2612.879 ; gain = 0.000
Read Physdb Files: Time (s): cpu = 00:00:00 ; elapsed = 00:00:00.053 . Memory (MB): peak = 2612.879 ; gain = 0.000
Restored from archive | CPU: 0.000000 secs | Memory: 0.000000 MB |
Finished XDEF File Restore: Time (s): cpu = 00:00:00 ; elapsed = 00:00:00.053 . Memory (MB): peak = 2612.879 ; gain = 0.000
Netlist sorting complete. Time (s): cpu = 00:00:00 ; elapsed = 00:00:00.001 . Memory (MB): peak = 2612.879 ; gain = 0.000
INFO: [Project 1-111] Unisim Transformation Summary:
No Unisim elements were transformed.

open_run: Time (s): cpu = 00:00:16 ; elapsed = 00:00:15 . Memory (MB): peak = 2726.535 ; gain = 1154.152
open_hw_manager
connect_hw_server -allow_non_jtag
INFO: [Labtools 27-2285] Connecting to hw_server url TCP:localhost:3121
INFO: [Labtools 27-3415] Connecting to cs_server url TCP:localhost:0
INFO: [Labtools 27-3417] Launching cs_server...
INFO: [Labtools 27-2221] Launch Output:


******** Xilinx cs_server v2024.1.0
  ****** Build date   : Mar 09 2024-01:00:37
    **** Build number : 2024.1.1709942437
      ** Copyright 2017-2022 Xilinx, Inc. All Rights Reserved.
      ** Copyright 2022-2025 Advanced Micro Devices, Inc. All Rights Reserved.



open_hw_target
INFO: [Labtoolstcl 44-466] Opening hw_target localhost:3121/xilinx_tcf/Digilent/210183A37A8BA
set_property PROGRAM.FILE {C:/Progh/Code/Project_RetroGame/POCS/ControlMovement/ControlMovement.runs/impl_1/DVI_Top.bit} [get_hw_devices xc7a35t_0]
current_hw_device [get_hw_devices xc7a35t_0]
refresh_hw_device -update_hw_probes false [lindex [get_hw_devices xc7a35t_0] 0]
INFO: [Labtools 27-1434] Device xc7a35t (JTAG device index = 0) is programmed with a design that has no supported debug core(s) in it.
set_property PROBES.FILE {} [get_hw_devices xc7a35t_0]
set_property FULL_PROBES.FILE {} [get_hw_devices xc7a35t_0]
set_property PROGRAM.FILE {C:/Progh/Code/Project_RetroGame/POCS/ControlMovement/ControlMovement.runs/impl_1/DVI_Top.bit} [get_hw_devices xc7a35t_0]
program_hw_devices [get_hw_devices xc7a35t_0]
INFO: [Labtools 27-3164] End of startup status: HIGH
refresh_hw_device [lindex [get_hw_devices xc7a35t_0] 0]
INFO: [Labtools 27-1434] Device xc7a35t (JTAG device index = 0) is programmed with a design that has no supported debug core(s) in it.
WARNING: [filemgmt 56-199] Attempt to get parsing info during refresh. "On-the-fly" syntax checking information may be incorrect. [C:\Progh\Code\Project_RetroGame\POCS\ControlMovement\ControlMovement.srcs\sources_1\new\CharacterController.vhd:]
WARNING: [filemgmt 56-199] Attempt to get parsing info during refresh. "On-the-fly" syntax checking information may be incorrect. [C:\Progh\Code\Project_RetroGame\POCS\ControlMovement\ControlMovement.srcs\sources_1\new\XY_GEN.vhd:]
WARNING: [filemgmt 56-199] Attempt to get parsing info during refresh. "On-the-fly" syntax checking information may be incorrect. [C:\Progh\Code\Project_RetroGame\POCS\ControlMovement\ControlMovement.srcs\sources_1\imports\Week 5 + 6 - Bounching Square - Ball\DVI.vhd:]
WARNING: [filemgmt 56-199] Attempt to get parsing info during refresh. "On-the-fly" syntax checking information may be incorrect. [C:\Progh\Code\Project_RetroGame\POCS\ControlMovement\ControlMovement.srcs\sources_1\new\XY_GEN.vhd:]
WARNING: [filemgmt 56-199] Attempt to get parsing info during refresh. "On-the-fly" syntax checking information may be incorrect. [C:\Progh\Code\Project_RetroGame\POCS\ControlMovement\ControlMovement.srcs\sources_1\new\XY_GEN.vhd:]
WARNING: [filemgmt 56-199] Attempt to get parsing info during refresh. "On-the-fly" syntax checking information may be incorrect. [C:\Progh\Code\Project_RetroGame\POCS\ControlMovement\ControlMovement.srcs\sources_1\new\CharacterController.vhd:]
WARNING: [filemgmt 56-199] Attempt to get parsing info during refresh. "On-the-fly" syntax checking information may be incorrect. [C:\Progh\Code\Project_RetroGame\POCS\ControlMovement\ControlMovement.srcs\sources_1\new\XY_GEN.vhd:]
WARNING: [filemgmt 56-199] Attempt to get parsing info during refresh. "On-the-fly" syntax checking information may be incorrect. [C:\Progh\Code\Project_RetroGame\POCS\ControlMovement\ControlMovement.srcs\sources_1\imports\Week 5 + 6 - Bounching Square - Ball\DVI.vhd:]
WARNING: [filemgmt 56-199] Attempt to get parsing info during refresh. "On-the-fly" syntax checking information may be incorrect. [C:\Progh\Code\Project_RetroGame\POCS\ControlMovement\ControlMovement.srcs\sources_1\imports\Week 5 + 6 - Bounching Square - Ball\DVI.vhd:]
WARNING: [filemgmt 56-199] Attempt to get parsing info during refresh. "On-the-fly" syntax checking information may be incorrect. [C:\Progh\Code\Project_RetroGame\POCS\ControlMovement\ControlMovement.srcs\sources_1\imports\Week 5 + 6 - Bounching Square - Ball\DVI.vhd:]
WARNING: [filemgmt 56-199] Attempt to get parsing info during refresh. "On-the-fly" syntax checking information may be incorrect. [C:\Progh\Code\Project_RetroGame\POCS\ControlMovement\ControlMovement.srcs\sources_1\new\CharacterController.vhd:]
WARNING: [filemgmt 56-199] Attempt to get parsing info during refresh. "On-the-fly" syntax checking information may be incorrect. [C:\Progh\Code\Project_RetroGame\POCS\ControlMovement\ControlMovement.srcs\sources_1\new\XY_GEN.vhd:]
WARNING: [filemgmt 56-199] Attempt to get parsing info during refresh. "On-the-fly" syntax checking information may be incorrect. [C:\Progh\Code\Project_RetroGame\POCS\ControlMovement\ControlMovement.srcs\sources_1\imports\Week 5 + 6 - Bounching Square - Ball\DVI.vhd:]
WARNING: [filemgmt 56-199] Attempt to get parsing info during refresh. "On-the-fly" syntax checking information may be incorrect. [C:\Progh\Code\Project_RetroGame\POCS\ControlMovement\ControlMovement.srcs\sources_1\new\XY_GEN.vhd:]
WARNING: [filemgmt 56-199] Attempt to get parsing info during refresh. "On-the-fly" syntax checking information may be incorrect. [C:\Progh\Code\Project_RetroGame\POCS\ControlMovement\ControlMovement.srcs\sources_1\new\XY_GEN.vhd:]
WARNING: [filemgmt 56-199] Attempt to get parsing info during refresh. "On-the-fly" syntax checking information may be incorrect. [C:\Progh\Code\Project_RetroGame\POCS\ControlMovement\ControlMovement.srcs\sources_1\new\CharacterController.vhd:]
WARNING: [filemgmt 56-199] Attempt to get parsing info during refresh. "On-the-fly" syntax checking information may be incorrect. [C:\Progh\Code\Project_RetroGame\POCS\ControlMovement\ControlMovement.srcs\sources_1\new\XY_GEN.vhd:]
WARNING: [filemgmt 56-199] Attempt to get parsing info during refresh. "On-the-fly" syntax checking information may be incorrect. [C:\Progh\Code\Project_RetroGame\POCS\ControlMovement\ControlMovement.srcs\sources_1\imports\Week 5 + 6 - Bounching Square - Ball\DVI.vhd:]
WARNING: [filemgmt 56-199] Attempt to get parsing info during refresh. "On-the-fly" syntax checking information may be incorrect. [C:\Progh\Code\Project_RetroGame\POCS\ControlMovement\ControlMovement.srcs\sources_1\imports\Week 5 + 6 - Bounching Square - Ball\DVI.vhd:]
WARNING: [filemgmt 56-199] Attempt to get parsing info during refresh. "On-the-fly" syntax checking information may be incorrect. [C:\Progh\Code\Project_RetroGame\POCS\ControlMovement\ControlMovement.srcs\sources_1\imports\Week 5 + 6 - Bounching Square - Ball\DVI.vhd:]
WARNING: [filemgmt 56-199] Attempt to get parsing info during refresh. "On-the-fly" syntax checking information may be incorrect. [C:\Progh\Code\Project_RetroGame\POCS\ControlMovement\ControlMovement.srcs\sources_1\new\CharacterController.vhd:]
WARNING: [filemgmt 56-199] Attempt to get parsing info during refresh. "On-the-fly" syntax checking information may be incorrect. [C:\Progh\Code\Project_RetroGame\POCS\ControlMovement\ControlMovement.srcs\sources_1\new\XY_GEN.vhd:]
WARNING: [filemgmt 56-199] Attempt to get parsing info during refresh. "On-the-fly" syntax checking information may be incorrect. [C:\Progh\Code\Project_RetroGame\POCS\ControlMovement\ControlMovement.srcs\sources_1\imports\Week 5 + 6 - Bounching Square - Ball\DVI.vhd:]
WARNING: [filemgmt 56-199] Attempt to get parsing info during refresh. "On-the-fly" syntax checking information may be incorrect. [C:\Progh\Code\Project_RetroGame\POCS\ControlMovement\ControlMovement.srcs\sources_1\new\XY_GEN.vhd:]
WARNING: [filemgmt 56-199] Attempt to get parsing info during refresh. "On-the-fly" syntax checking information may be incorrect. [C:\Progh\Code\Project_RetroGame\POCS\ControlMovement\ControlMovement.srcs\sources_1\new\XY_GEN.vhd:]
WARNING: [filemgmt 56-199] Attempt to get parsing info during refresh. "On-the-fly" syntax checking information may be incorrect. [C:\Progh\Code\Project_RetroGame\POCS\ControlMovement\ControlMovement.srcs\sources_1\new\CharacterController.vhd:]
WARNING: [filemgmt 56-199] Attempt to get parsing info during refresh. "On-the-fly" syntax checking information may be incorrect. [C:\Progh\Code\Project_RetroGame\POCS\ControlMovement\ControlMovement.srcs\sources_1\new\XY_GEN.vhd:]
WARNING: [filemgmt 56-199] Attempt to get parsing info during refresh. "On-the-fly" syntax checking information may be incorrect. [C:\Progh\Code\Project_RetroGame\POCS\ControlMovement\ControlMovement.srcs\sources_1\imports\Week 5 + 6 - Bounching Square - Ball\DVI.vhd:]
WARNING: [filemgmt 56-199] Attempt to get parsing info during refresh. "On-the-fly" syntax checking information may be incorrect. [C:\Progh\Code\Project_RetroGame\POCS\ControlMovement\ControlMovement.srcs\sources_1\imports\Week 5 + 6 - Bounching Square - Ball\DVI.vhd:]
WARNING: [filemgmt 56-199] Attempt to get parsing info during refresh. "On-the-fly" syntax checking information may be incorrect. [C:\Progh\Code\Project_RetroGame\POCS\ControlMovement\ControlMovement.srcs\sources_1\imports\Week 5 + 6 - Bounching Square - Ball\DVI.vhd:]
WARNING: [filemgmt 56-199] Attempt to get parsing info during refresh. "On-the-fly" syntax checking information may be incorrect. [C:\Progh\Code\Project_RetroGame\POCS\ControlMovement\ControlMovement.srcs\sources_1\new\CharacterController.vhd:]
WARNING: [filemgmt 56-199] Attempt to get parsing info during refresh. "On-the-fly" syntax checking information may be incorrect. [C:\Progh\Code\Project_RetroGame\POCS\ControlMovement\ControlMovement.srcs\sources_1\new\XY_GEN.vhd:]
WARNING: [filemgmt 56-199] Attempt to get parsing info during refresh. "On-the-fly" syntax checking information may be incorrect. [C:\Progh\Code\Project_RetroGame\POCS\ControlMovement\ControlMovement.srcs\sources_1\imports\Week 5 + 6 - Bounching Square - Ball\DVI.vhd:]
WARNING: [filemgmt 56-199] Attempt to get parsing info during refresh. "On-the-fly" syntax checking information may be incorrect. [C:\Progh\Code\Project_RetroGame\POCS\ControlMovement\ControlMovement.srcs\sources_1\new\XY_GEN.vhd:]
WARNING: [filemgmt 56-199] Attempt to get parsing info during refresh. "On-the-fly" syntax checking information may be incorrect. [C:\Progh\Code\Project_RetroGame\POCS\ControlMovement\ControlMovement.srcs\sources_1\new\XY_GEN.vhd:]
WARNING: [filemgmt 56-199] Attempt to get parsing info during refresh. "On-the-fly" syntax checking information may be incorrect. [C:\Progh\Code\Project_RetroGame\POCS\ControlMovement\ControlMovement.srcs\sources_1\new\CharacterController.vhd:]
reset_run impl_1 -prev_step 
launch_runs impl_1 -to_step write_bitstream -jobs 8
[Wed Mar 19 12:47:44 2025] Launched impl_1...
Run output will be captured here: C:/Progh/Code/Project_RetroGame/POCS/ControlMovement/ControlMovement.runs/impl_1/runme.log
set_property PROBES.FILE {} [get_hw_devices xc7a35t_0]
set_property FULL_PROBES.FILE {} [get_hw_devices xc7a35t_0]
set_property PROGRAM.FILE {C:/Progh/Code/Project_RetroGame/POCS/ControlMovement/ControlMovement.runs/impl_1/DVI_Top.bit} [get_hw_devices xc7a35t_0]
program_hw_devices [get_hw_devices xc7a35t_0]
INFO: [Labtools 27-3164] End of startup status: HIGH
refresh_hw_device [lindex [get_hw_devices xc7a35t_0] 0]
INFO: [Labtools 27-1434] Device xc7a35t (JTAG device index = 0) is programmed with a design that has no supported debug core(s) in it.
WARNING: [filemgmt 56-199] Attempt to get parsing info during refresh. "On-the-fly" syntax checking information may be incorrect. [C:\Progh\Code\Project_RetroGame\POCS\ControlMovement\ControlMovement.srcs\sources_1\new\CharacterController.vhd:]
WARNING: [filemgmt 56-199] Attempt to get parsing info during refresh. "On-the-fly" syntax checking information may be incorrect. [C:\Progh\Code\Project_RetroGame\POCS\ControlMovement\ControlMovement.srcs\sources_1\new\XY_GEN.vhd:]
WARNING: [filemgmt 56-199] Attempt to get parsing info during refresh. "On-the-fly" syntax checking information may be incorrect. [C:\Progh\Code\Project_RetroGame\POCS\ControlMovement\ControlMovement.srcs\sources_1\imports\Week 5 + 6 - Bounching Square - Ball\DVI.vhd:]
WARNING: [filemgmt 56-199] Attempt to get parsing info during refresh. "On-the-fly" syntax checking information may be incorrect. [C:\Progh\Code\Project_RetroGame\POCS\ControlMovement\ControlMovement.srcs\sources_1\new\XY_GEN.vhd:]
WARNING: [filemgmt 56-199] Attempt to get parsing info during refresh. "On-the-fly" syntax checking information may be incorrect. [C:\Progh\Code\Project_RetroGame\POCS\ControlMovement\ControlMovement.srcs\sources_1\new\XY_GEN.vhd:]
WARNING: [filemgmt 56-199] Attempt to get parsing info during refresh. "On-the-fly" syntax checking information may be incorrect. [C:\Progh\Code\Project_RetroGame\POCS\ControlMovement\ControlMovement.srcs\sources_1\new\CharacterController.vhd:]
WARNING: [filemgmt 56-199] Attempt to get parsing info during refresh. "On-the-fly" syntax checking information may be incorrect. [C:\Progh\Code\Project_RetroGame\POCS\ControlMovement\ControlMovement.srcs\sources_1\new\XY_GEN.vhd:]
WARNING: [filemgmt 56-199] Attempt to get parsing info during refresh. "On-the-fly" syntax checking information may be incorrect. [C:\Progh\Code\Project_RetroGame\POCS\ControlMovement\ControlMovement.srcs\sources_1\imports\Week 5 + 6 - Bounching Square - Ball\DVI.vhd:]
WARNING: [filemgmt 56-199] Attempt to get parsing info during refresh. "On-the-fly" syntax checking information may be incorrect. [C:\Progh\Code\Project_RetroGame\POCS\ControlMovement\ControlMovement.srcs\sources_1\imports\Week 5 + 6 - Bounching Square - Ball\DVI.vhd:]
WARNING: [filemgmt 56-199] Attempt to get parsing info during refresh. "On-the-fly" syntax checking information may be incorrect. [C:\Progh\Code\Project_RetroGame\POCS\ControlMovement\ControlMovement.srcs\sources_1\imports\Week 5 + 6 - Bounching Square - Ball\DVI.vhd:]
ERROR: [Labtoolstcl 44-513] HW Target shutdown. Closing target: localhost:3121/xilinx_tcf/Digilent/210183A37A8BA
INFO: [Labtoolstcl 44-466] Opening hw_target localhost:3121/xilinx_tcf/Digilent/210183A37A8BA
INFO: [Labtools 27-1435] Device xc7a35t (JTAG device index = 0) is not programmed (DONE status = 0).
WARNING: [Labtoolstcl 44-129] No matching hw_ila_data was found.
WARNING: [filemgmt 56-199] Attempt to get parsing info during refresh. "On-the-fly" syntax checking information may be incorrect. [C:\Progh\Code\Project_RetroGame\POCS\ControlMovement\ControlMovement.srcs\sources_1\new\CharacterController.vhd:]
WARNING: [filemgmt 56-199] Attempt to get parsing info during refresh. "On-the-fly" syntax checking information may be incorrect. [C:\Progh\Code\Project_RetroGame\POCS\ControlMovement\ControlMovement.srcs\sources_1\new\XY_GEN.vhd:]
WARNING: [filemgmt 56-199] Attempt to get parsing info during refresh. "On-the-fly" syntax checking information may be incorrect. [C:\Progh\Code\Project_RetroGame\POCS\ControlMovement\ControlMovement.srcs\sources_1\imports\Week 5 + 6 - Bounching Square - Ball\DVI.vhd:]
WARNING: [filemgmt 56-199] Attempt to get parsing info during refresh. "On-the-fly" syntax checking information may be incorrect. [C:\Progh\Code\Project_RetroGame\POCS\ControlMovement\ControlMovement.srcs\sources_1\new\ControlCharacter.vhd:]
WARNING: [filemgmt 56-199] Attempt to get parsing info during refresh. "On-the-fly" syntax checking information may be incorrect. [C:\Progh\Code\Project_RetroGame\POCS\ControlMovement\ControlMovement.srcs\sources_1\new\XY_GEN.vhd:]
WARNING: [filemgmt 56-199] Attempt to get parsing info during refresh. "On-the-fly" syntax checking information may be incorrect. [C:\Progh\Code\Project_RetroGame\POCS\ControlMovement\ControlMovement.srcs\sources_1\new\XY_GEN.vhd:]
WARNING: [filemgmt 56-199] Attempt to get parsing info during refresh. "On-the-fly" syntax checking information may be incorrect. [C:\Progh\Code\Project_RetroGame\POCS\ControlMovement\ControlMovement.srcs\sources_1\new\CharacterController.vhd:]
WARNING: [filemgmt 56-199] Attempt to get parsing info during refresh. "On-the-fly" syntax checking information may be incorrect. [C:\Progh\Code\Project_RetroGame\POCS\ControlMovement\ControlMovement.srcs\sources_1\new\XY_GEN.vhd:]
WARNING: [filemgmt 56-199] Attempt to get parsing info during refresh. "On-the-fly" syntax checking information may be incorrect. [C:\Progh\Code\Project_RetroGame\POCS\ControlMovement\ControlMovement.srcs\sources_1\imports\Week 5 + 6 - Bounching Square - Ball\DVI.vhd:]
WARNING: [filemgmt 56-199] Attempt to get parsing info during refresh. "On-the-fly" syntax checking information may be incorrect. [C:\Progh\Code\Project_RetroGame\POCS\ControlMovement\ControlMovement.srcs\sources_1\new\ControlCharacter.vhd:]
WARNING: [filemgmt 56-199] Attempt to get parsing info during refresh. "On-the-fly" syntax checking information may be incorrect. [C:\Progh\Code\Project_RetroGame\POCS\ControlMovement\ControlMovement.srcs\sources_1\new\ControlCharacter.vhd:]
WARNING: [filemgmt 56-199] Attempt to get parsing info during refresh. "On-the-fly" syntax checking information may be incorrect. [C:\Progh\Code\Project_RetroGame\POCS\ControlMovement\ControlMovement.srcs\sources_1\new\ControlCharacter.vhd:]
ERROR: [Common 17-180] Spawn failed: No error
WARNING: [filemgmt 56-199] Attempt to get parsing info during refresh. "On-the-fly" syntax checking information may be incorrect. [C:\Progh\Code\Project_RetroGame\POCS\ControlMovement\ControlMovement.srcs\sources_1\new\CharacterController.vhd:]
WARNING: [filemgmt 56-199] Attempt to get parsing info during refresh. "On-the-fly" syntax checking information may be incorrect. [C:\Progh\Code\Project_RetroGame\POCS\ControlMovement\ControlMovement.srcs\sources_1\new\XY_GEN.vhd:]
WARNING: [filemgmt 56-199] Attempt to get parsing info during refresh. "On-the-fly" syntax checking information may be incorrect. [C:\Progh\Code\Project_RetroGame\POCS\ControlMovement\ControlMovement.srcs\sources_1\imports\Week 5 + 6 - Bounching Square - Ball\DVI.vhd:]
WARNING: [filemgmt 56-199] Attempt to get parsing info during refresh. "On-the-fly" syntax checking information may be incorrect. [C:\Progh\Code\Project_RetroGame\POCS\ControlMovement\ControlMovement.srcs\sources_1\new\ControlCharacter.vhd:]
WARNING: [filemgmt 56-199] Attempt to get parsing info during refresh. "On-the-fly" syntax checking information may be incorrect. [C:\Progh\Code\Project_RetroGame\POCS\ControlMovement\ControlMovement.srcs\sources_1\new\CharacterController.vhd:]
WARNING: [filemgmt 56-199] Attempt to get parsing info during refresh. "On-the-fly" syntax checking information may be incorrect. [C:\Progh\Code\Project_RetroGame\POCS\ControlMovement\ControlMovement.srcs\sources_1\new\CharacterController.vhd:]
ERROR: [Common 17-180] Spawn failed: No error
reset_run impl_1 -prev_step 
launch_runs impl_1 -to_step write_bitstream -jobs 8
[Wed Mar 19 13:13:19 2025] Launched impl_1...
Run output will be captured here: C:/Progh/Code/Project_RetroGame/POCS/ControlMovement/ControlMovement.runs/impl_1/runme.log
set_property PROBES.FILE {} [get_hw_devices xc7a35t_0]
set_property FULL_PROBES.FILE {} [get_hw_devices xc7a35t_0]
set_property PROGRAM.FILE {C:/Progh/Code/Project_RetroGame/POCS/ControlMovement/ControlMovement.runs/impl_1/DVI_Top.bit} [get_hw_devices xc7a35t_0]
program_hw_devices [get_hw_devices xc7a35t_0]
INFO: [Labtools 27-3164] End of startup status: HIGH
refresh_hw_device [lindex [get_hw_devices xc7a35t_0] 0]
INFO: [Labtools 27-1434] Device xc7a35t (JTAG device index = 0) is programmed with a design that has no supported debug core(s) in it.
WARNING: [filemgmt 56-199] Attempt to get parsing info during refresh. "On-the-fly" syntax checking information may be incorrect. [C:\Progh\Code\Project_RetroGame\POCS\ControlMovement\ControlMovement.srcs\sources_1\new\CharacterController.vhd:]
WARNING: [filemgmt 56-199] Attempt to get parsing info during refresh. "On-the-fly" syntax checking information may be incorrect. [C:\Progh\Code\Project_RetroGame\POCS\ControlMovement\ControlMovement.srcs\sources_1\new\XY_GEN.vhd:]
WARNING: [filemgmt 56-199] Attempt to get parsing info during refresh. "On-the-fly" syntax checking information may be incorrect. [C:\Progh\Code\Project_RetroGame\POCS\ControlMovement\ControlMovement.srcs\sources_1\imports\Week 5 + 6 - Bounching Square - Ball\DVI.vhd:]
WARNING: [filemgmt 56-199] Attempt to get parsing info during refresh. "On-the-fly" syntax checking information may be incorrect. [C:\Progh\Code\Project_RetroGame\POCS\ControlMovement\ControlMovement.srcs\sources_1\new\ControlCharacter.vhd:]
WARNING: [filemgmt 56-199] Attempt to get parsing info during refresh. "On-the-fly" syntax checking information may be incorrect. [C:\Progh\Code\Project_RetroGame\POCS\ControlMovement\ControlMovement.srcs\sources_1\new\XY_GEN.vhd:]
WARNING: [filemgmt 56-199] Attempt to get parsing info during refresh. "On-the-fly" syntax checking information may be incorrect. [C:\Progh\Code\Project_RetroGame\POCS\ControlMovement\ControlMovement.srcs\sources_1\new\XY_GEN.vhd:]
WARNING: [filemgmt 56-199] Attempt to get parsing info during refresh. "On-the-fly" syntax checking information may be incorrect. [C:\Progh\Code\Project_RetroGame\POCS\ControlMovement\ControlMovement.srcs\sources_1\new\CharacterController.vhd:]
WARNING: [filemgmt 56-199] Attempt to get parsing info during refresh. "On-the-fly" syntax checking information may be incorrect. [C:\Progh\Code\Project_RetroGame\POCS\ControlMovement\ControlMovement.srcs\sources_1\new\XY_GEN.vhd:]
WARNING: [filemgmt 56-199] Attempt to get parsing info during refresh. "On-the-fly" syntax checking information may be incorrect. [C:\Progh\Code\Project_RetroGame\POCS\ControlMovement\ControlMovement.srcs\sources_1\imports\Week 5 + 6 - Bounching Square - Ball\DVI.vhd:]
WARNING: [filemgmt 56-199] Attempt to get parsing info during refresh. "On-the-fly" syntax checking information may be incorrect. [C:\Progh\Code\Project_RetroGame\POCS\ControlMovement\ControlMovement.srcs\sources_1\new\ControlCharacter.vhd:]
WARNING: [filemgmt 56-199] Attempt to get parsing info during refresh. "On-the-fly" syntax checking information may be incorrect. [C:\Progh\Code\Project_RetroGame\POCS\ControlMovement\ControlMovement.srcs\sources_1\new\ControlCharacter.vhd:]
WARNING: [filemgmt 56-199] Attempt to get parsing info during refresh. "On-the-fly" syntax checking information may be incorrect. [C:\Progh\Code\Project_RetroGame\POCS\ControlMovement\ControlMovement.srcs\sources_1\new\ControlCharacter.vhd:]
ERROR: [Common 17-180] Spawn failed: No error
WARNING: [filemgmt 56-199] Attempt to get parsing info during refresh. "On-the-fly" syntax checking information may be incorrect. [C:\Progh\Code\Project_RetroGame\POCS\ControlMovement\ControlMovement.srcs\sources_1\new\CharacterController.vhd:]
WARNING: [filemgmt 56-199] Attempt to get parsing info during refresh. "On-the-fly" syntax checking information may be incorrect. [C:\Progh\Code\Project_RetroGame\POCS\ControlMovement\ControlMovement.srcs\sources_1\new\XY_GEN.vhd:]
WARNING: [filemgmt 56-199] Attempt to get parsing info during refresh. "On-the-fly" syntax checking information may be incorrect. [C:\Progh\Code\Project_RetroGame\POCS\ControlMovement\ControlMovement.srcs\sources_1\imports\Week 5 + 6 - Bounching Square - Ball\DVI.vhd:]
WARNING: [filemgmt 56-199] Attempt to get parsing info during refresh. "On-the-fly" syntax checking information may be incorrect. [C:\Progh\Code\Project_RetroGame\POCS\ControlMovement\ControlMovement.srcs\sources_1\new\ControlCharacter.vhd:]
WARNING: [filemgmt 56-199] Attempt to get parsing info during refresh. "On-the-fly" syntax checking information may be incorrect. [C:\Progh\Code\Project_RetroGame\POCS\ControlMovement\ControlMovement.srcs\sources_1\new\CharacterController.vhd:]
WARNING: [filemgmt 56-199] Attempt to get parsing info during refresh. "On-the-fly" syntax checking information may be incorrect. [C:\Progh\Code\Project_RetroGame\POCS\ControlMovement\ControlMovement.srcs\sources_1\new\CharacterController.vhd:]
ERROR: [Common 17-180] Spawn failed: No error
WARNING: [filemgmt 56-199] Attempt to get parsing info during refresh. "On-the-fly" syntax checking information may be incorrect. [C:\Progh\Code\Project_RetroGame\POCS\ControlMovement\ControlMovement.srcs\sources_1\new\CharacterController.vhd:]
WARNING: [filemgmt 56-199] Attempt to get parsing info during refresh. "On-the-fly" syntax checking information may be incorrect. [C:\Progh\Code\Project_RetroGame\POCS\ControlMovement\ControlMovement.srcs\sources_1\new\XY_GEN.vhd:]
WARNING: [filemgmt 56-199] Attempt to get parsing info during refresh. "On-the-fly" syntax checking information may be incorrect. [C:\Progh\Code\Project_RetroGame\POCS\ControlMovement\ControlMovement.srcs\sources_1\imports\Week 5 + 6 - Bounching Square - Ball\DVI.vhd:]
WARNING: [filemgmt 56-199] Attempt to get parsing info during refresh. "On-the-fly" syntax checking information may be incorrect. [C:\Progh\Code\Project_RetroGame\POCS\ControlMovement\ControlMovement.srcs\sources_1\new\ControlCharacter.vhd:]
WARNING: [filemgmt 56-199] Attempt to get parsing info during refresh. "On-the-fly" syntax checking information may be incorrect. [C:\Progh\Code\Project_RetroGame\POCS\ControlMovement\ControlMovement.srcs\sources_1\new\CharacterController.vhd:]
WARNING: [filemgmt 56-199] Attempt to get parsing info during refresh. "On-the-fly" syntax checking information may be incorrect. [C:\Progh\Code\Project_RetroGame\POCS\ControlMovement\ControlMovement.srcs\sources_1\new\CharacterController.vhd:]
WARNING: [filemgmt 56-199] Attempt to get parsing info during refresh. "On-the-fly" syntax checking information may be incorrect. [C:\Progh\Code\Project_RetroGame\POCS\ControlMovement\ControlMovement.srcs\sources_1\new\CharacterController.vhd:]
reset_run synth_1
INFO: [Project 1-1161] Replacing file C:/Progh/Code/Project_RetroGame/POCS/ControlMovement/ControlMovement.srcs/utils_1/imports/synth_1/DVI.dcp with file C:/Progh/Code/Project_RetroGame/POCS/ControlMovement/ControlMovement.runs/synth_1/DVI_Top.dcp
launch_runs impl_1 -to_step write_bitstream -jobs 8
[Wed Mar 19 13:21:35 2025] Launched synth_1...
Run output will be captured here: C:/Progh/Code/Project_RetroGame/POCS/ControlMovement/ControlMovement.runs/synth_1/runme.log
[Wed Mar 19 13:21:35 2025] Launched impl_1...
Run output will be captured here: C:/Progh/Code/Project_RetroGame/POCS/ControlMovement/ControlMovement.runs/impl_1/runme.log
WARNING: [filemgmt 56-199] Attempt to get parsing info during refresh. "On-the-fly" syntax checking information may be incorrect. [C:\Progh\Code\Project_RetroGame\POCS\ControlMovement\ControlMovement.srcs\sources_1\new\CharacterController.vhd:]
WARNING: [filemgmt 56-199] Attempt to get parsing info during refresh. "On-the-fly" syntax checking information may be incorrect. [C:\Progh\Code\Project_RetroGame\POCS\ControlMovement\ControlMovement.srcs\sources_1\new\XY_GEN.vhd:]
WARNING: [filemgmt 56-199] Attempt to get parsing info during refresh. "On-the-fly" syntax checking information may be incorrect. [C:\Progh\Code\Project_RetroGame\POCS\ControlMovement\ControlMovement.srcs\sources_1\imports\Week 5 + 6 - Bounching Square - Ball\DVI.vhd:]
WARNING: [filemgmt 56-199] Attempt to get parsing info during refresh. "On-the-fly" syntax checking information may be incorrect. [C:\Progh\Code\Project_RetroGame\POCS\ControlMovement\ControlMovement.srcs\sources_1\new\ControlCharacter.vhd:]
WARNING: [filemgmt 56-199] Attempt to get parsing info during refresh. "On-the-fly" syntax checking information may be incorrect. [C:\Progh\Code\Project_RetroGame\POCS\ControlMovement\ControlMovement.srcs\sources_1\new\XY_GEN.vhd:]
WARNING: [filemgmt 56-199] Attempt to get parsing info during refresh. "On-the-fly" syntax checking information may be incorrect. [C:\Progh\Code\Project_RetroGame\POCS\ControlMovement\ControlMovement.srcs\sources_1\new\XY_GEN.vhd:]
WARNING: [filemgmt 56-199] Attempt to get parsing info during refresh. "On-the-fly" syntax checking information may be incorrect. [C:\Progh\Code\Project_RetroGame\POCS\ControlMovement\ControlMovement.srcs\sources_1\new\CharacterController.vhd:]
WARNING: [filemgmt 56-199] Attempt to get parsing info during refresh. "On-the-fly" syntax checking information may be incorrect. [C:\Progh\Code\Project_RetroGame\POCS\ControlMovement\ControlMovement.srcs\sources_1\new\XY_GEN.vhd:]
WARNING: [filemgmt 56-199] Attempt to get parsing info during refresh. "On-the-fly" syntax checking information may be incorrect. [C:\Progh\Code\Project_RetroGame\POCS\ControlMovement\ControlMovement.srcs\sources_1\imports\Week 5 + 6 - Bounching Square - Ball\DVI.vhd:]
WARNING: [filemgmt 56-199] Attempt to get parsing info during refresh. "On-the-fly" syntax checking information may be incorrect. [C:\Progh\Code\Project_RetroGame\POCS\ControlMovement\ControlMovement.srcs\sources_1\new\ControlCharacter.vhd:]
WARNING: [filemgmt 56-199] Attempt to get parsing info during refresh. "On-the-fly" syntax checking information may be incorrect. [C:\Progh\Code\Project_RetroGame\POCS\ControlMovement\ControlMovement.srcs\sources_1\new\ControlCharacter.vhd:]
WARNING: [filemgmt 56-199] Attempt to get parsing info during refresh. "On-the-fly" syntax checking information may be incorrect. [C:\Progh\Code\Project_RetroGame\POCS\ControlMovement\ControlMovement.srcs\sources_1\new\ControlCharacter.vhd:]
ERROR: [Common 17-180] Spawn failed: No error
WARNING: [filemgmt 56-199] Attempt to get parsing info during refresh. "On-the-fly" syntax checking information may be incorrect. [C:\Progh\Code\Project_RetroGame\POCS\ControlMovement\ControlMovement.srcs\sources_1\new\CharacterController.vhd:]
WARNING: [filemgmt 56-199] Attempt to get parsing info during refresh. "On-the-fly" syntax checking information may be incorrect. [C:\Progh\Code\Project_RetroGame\POCS\ControlMovement\ControlMovement.srcs\sources_1\new\XY_GEN.vhd:]
WARNING: [filemgmt 56-199] Attempt to get parsing info during refresh. "On-the-fly" syntax checking information may be incorrect. [C:\Progh\Code\Project_RetroGame\POCS\ControlMovement\ControlMovement.srcs\sources_1\imports\Week 5 + 6 - Bounching Square - Ball\DVI.vhd:]
WARNING: [filemgmt 56-199] Attempt to get parsing info during refresh. "On-the-fly" syntax checking information may be incorrect. [C:\Progh\Code\Project_RetroGame\POCS\ControlMovement\ControlMovement.srcs\sources_1\new\ControlCharacter.vhd:]
WARNING: [filemgmt 56-199] Attempt to get parsing info during refresh. "On-the-fly" syntax checking information may be incorrect. [C:\Progh\Code\Project_RetroGame\POCS\ControlMovement\ControlMovement.srcs\sources_1\new\CharacterController.vhd:]
WARNING: [filemgmt 56-199] Attempt to get parsing info during refresh. "On-the-fly" syntax checking information may be incorrect. [C:\Progh\Code\Project_RetroGame\POCS\ControlMovement\ControlMovement.srcs\sources_1\new\CharacterController.vhd:]
ERROR: [Common 17-180] Spawn failed: No error
set_property PROBES.FILE {} [get_hw_devices xc7a35t_0]
set_property FULL_PROBES.FILE {} [get_hw_devices xc7a35t_0]
set_property PROGRAM.FILE {C:/Progh/Code/Project_RetroGame/POCS/ControlMovement/ControlMovement.runs/impl_1/DVI_Top.bit} [get_hw_devices xc7a35t_0]
program_hw_devices [get_hw_devices xc7a35t_0]
INFO: [Labtools 27-3164] End of startup status: HIGH
refresh_hw_device [lindex [get_hw_devices xc7a35t_0] 0]
INFO: [Labtools 27-1434] Device xc7a35t (JTAG device index = 0) is programmed with a design that has no supported debug core(s) in it.
WARNING: [filemgmt 56-199] Attempt to get parsing info during refresh. "On-the-fly" syntax checking information may be incorrect. [C:\Progh\Code\Project_RetroGame\POCS\ControlMovement\ControlMovement.srcs\sources_1\new\CharacterController.vhd:]
WARNING: [filemgmt 56-199] Attempt to get parsing info during refresh. "On-the-fly" syntax checking information may be incorrect. [C:\Progh\Code\Project_RetroGame\POCS\ControlMovement\ControlMovement.srcs\sources_1\new\XY_GEN.vhd:]
WARNING: [filemgmt 56-199] Attempt to get parsing info during refresh. "On-the-fly" syntax checking information may be incorrect. [C:\Progh\Code\Project_RetroGame\POCS\ControlMovement\ControlMovement.srcs\sources_1\imports\Week 5 + 6 - Bounching Square - Ball\DVI.vhd:]
WARNING: [filemgmt 56-199] Attempt to get parsing info during refresh. "On-the-fly" syntax checking information may be incorrect. [C:\Progh\Code\Project_RetroGame\POCS\ControlMovement\ControlMovement.srcs\sources_1\new\ControlCharacter.vhd:]
WARNING: [filemgmt 56-199] Attempt to get parsing info during refresh. "On-the-fly" syntax checking information may be incorrect. [C:\Progh\Code\Project_RetroGame\POCS\ControlMovement\ControlMovement.srcs\sources_1\new\XY_GEN.vhd:]
WARNING: [filemgmt 56-199] Attempt to get parsing info during refresh. "On-the-fly" syntax checking information may be incorrect. [C:\Progh\Code\Project_RetroGame\POCS\ControlMovement\ControlMovement.srcs\sources_1\new\XY_GEN.vhd:]
WARNING: [filemgmt 56-199] Attempt to get parsing info during refresh. "On-the-fly" syntax checking information may be incorrect. [C:\Progh\Code\Project_RetroGame\POCS\ControlMovement\ControlMovement.srcs\sources_1\new\CharacterController.vhd:]
WARNING: [filemgmt 56-199] Attempt to get parsing info during refresh. "On-the-fly" syntax checking information may be incorrect. [C:\Progh\Code\Project_RetroGame\POCS\ControlMovement\ControlMovement.srcs\sources_1\new\XY_GEN.vhd:]
WARNING: [filemgmt 56-199] Attempt to get parsing info during refresh. "On-the-fly" syntax checking information may be incorrect. [C:\Progh\Code\Project_RetroGame\POCS\ControlMovement\ControlMovement.srcs\sources_1\imports\Week 5 + 6 - Bounching Square - Ball\DVI.vhd:]
WARNING: [filemgmt 56-199] Attempt to get parsing info during refresh. "On-the-fly" syntax checking information may be incorrect. [C:\Progh\Code\Project_RetroGame\POCS\ControlMovement\ControlMovement.srcs\sources_1\new\ControlCharacter.vhd:]
WARNING: [filemgmt 56-199] Attempt to get parsing info during refresh. "On-the-fly" syntax checking information may be incorrect. [C:\Progh\Code\Project_RetroGame\POCS\ControlMovement\ControlMovement.srcs\sources_1\new\ControlCharacter.vhd:]
WARNING: [filemgmt 56-199] Attempt to get parsing info during refresh. "On-the-fly" syntax checking information may be incorrect. [C:\Progh\Code\Project_RetroGame\POCS\ControlMovement\ControlMovement.srcs\sources_1\new\ControlCharacter.vhd:]
ERROR: [Common 17-180] Spawn failed: No error
WARNING: [filemgmt 56-199] Attempt to get parsing info during refresh. "On-the-fly" syntax checking information may be incorrect. [C:\Progh\Code\Project_RetroGame\POCS\ControlMovement\ControlMovement.srcs\sources_1\new\CharacterController.vhd:]
WARNING: [filemgmt 56-199] Attempt to get parsing info during refresh. "On-the-fly" syntax checking information may be incorrect. [C:\Progh\Code\Project_RetroGame\POCS\ControlMovement\ControlMovement.srcs\sources_1\new\XY_GEN.vhd:]
WARNING: [filemgmt 56-199] Attempt to get parsing info during refresh. "On-the-fly" syntax checking information may be incorrect. [C:\Progh\Code\Project_RetroGame\POCS\ControlMovement\ControlMovement.srcs\sources_1\imports\Week 5 + 6 - Bounching Square - Ball\DVI.vhd:]
WARNING: [filemgmt 56-199] Attempt to get parsing info during refresh. "On-the-fly" syntax checking information may be incorrect. [C:\Progh\Code\Project_RetroGame\POCS\ControlMovement\ControlMovement.srcs\sources_1\new\ControlCharacter.vhd:]
WARNING: [filemgmt 56-199] Attempt to get parsing info during refresh. "On-the-fly" syntax checking information may be incorrect. [C:\Progh\Code\Project_RetroGame\POCS\ControlMovement\ControlMovement.srcs\sources_1\new\CharacterController.vhd:]
WARNING: [filemgmt 56-199] Attempt to get parsing info during refresh. "On-the-fly" syntax checking information may be incorrect. [C:\Progh\Code\Project_RetroGame\POCS\ControlMovement\ControlMovement.srcs\sources_1\new\CharacterController.vhd:]
ERROR: [Common 17-180] Spawn failed: No error
reset_run synth_1
INFO: [Project 1-1161] Replacing file C:/Progh/Code/Project_RetroGame/POCS/ControlMovement/ControlMovement.srcs/utils_1/imports/synth_1/DVI.dcp with file C:/Progh/Code/Project_RetroGame/POCS/ControlMovement/ControlMovement.runs/synth_1/DVI_Top.dcp
launch_runs impl_1 -to_step write_bitstream -jobs 8
[Wed Mar 19 13:24:51 2025] Launched synth_1...
Run output will be captured here: C:/Progh/Code/Project_RetroGame/POCS/ControlMovement/ControlMovement.runs/synth_1/runme.log
[Wed Mar 19 13:24:51 2025] Launched impl_1...
Run output will be captured here: C:/Progh/Code/Project_RetroGame/POCS/ControlMovement/ControlMovement.runs/impl_1/runme.log
WARNING: [filemgmt 56-199] Attempt to get parsing info during refresh. "On-the-fly" syntax checking information may be incorrect. [C:\Progh\Code\Project_RetroGame\POCS\ControlMovement\ControlMovement.srcs\sources_1\new\CharacterController.vhd:]
WARNING: [filemgmt 56-199] Attempt to get parsing info during refresh. "On-the-fly" syntax checking information may be incorrect. [C:\Progh\Code\Project_RetroGame\POCS\ControlMovement\ControlMovement.srcs\sources_1\new\XY_GEN.vhd:]
WARNING: [filemgmt 56-199] Attempt to get parsing info during refresh. "On-the-fly" syntax checking information may be incorrect. [C:\Progh\Code\Project_RetroGame\POCS\ControlMovement\ControlMovement.srcs\sources_1\imports\Week 5 + 6 - Bounching Square - Ball\DVI.vhd:]
WARNING: [filemgmt 56-199] Attempt to get parsing info during refresh. "On-the-fly" syntax checking information may be incorrect. [C:\Progh\Code\Project_RetroGame\POCS\ControlMovement\ControlMovement.srcs\sources_1\new\ControlCharacter.vhd:]
WARNING: [filemgmt 56-199] Attempt to get parsing info during refresh. "On-the-fly" syntax checking information may be incorrect. [C:\Progh\Code\Project_RetroGame\POCS\ControlMovement\ControlMovement.srcs\sources_1\new\XY_GEN.vhd:]
WARNING: [filemgmt 56-199] Attempt to get parsing info during refresh. "On-the-fly" syntax checking information may be incorrect. [C:\Progh\Code\Project_RetroGame\POCS\ControlMovement\ControlMovement.srcs\sources_1\new\XY_GEN.vhd:]
WARNING: [filemgmt 56-199] Attempt to get parsing info during refresh. "On-the-fly" syntax checking information may be incorrect. [C:\Progh\Code\Project_RetroGame\POCS\ControlMovement\ControlMovement.srcs\sources_1\new\CharacterController.vhd:]
WARNING: [filemgmt 56-199] Attempt to get parsing info during refresh. "On-the-fly" syntax checking information may be incorrect. [C:\Progh\Code\Project_RetroGame\POCS\ControlMovement\ControlMovement.srcs\sources_1\new\XY_GEN.vhd:]
WARNING: [filemgmt 56-199] Attempt to get parsing info during refresh. "On-the-fly" syntax checking information may be incorrect. [C:\Progh\Code\Project_RetroGame\POCS\ControlMovement\ControlMovement.srcs\sources_1\imports\Week 5 + 6 - Bounching Square - Ball\DVI.vhd:]
WARNING: [filemgmt 56-199] Attempt to get parsing info during refresh. "On-the-fly" syntax checking information may be incorrect. [C:\Progh\Code\Project_RetroGame\POCS\ControlMovement\ControlMovement.srcs\sources_1\new\ControlCharacter.vhd:]
WARNING: [filemgmt 56-199] Attempt to get parsing info during refresh. "On-the-fly" syntax checking information may be incorrect. [C:\Progh\Code\Project_RetroGame\POCS\ControlMovement\ControlMovement.srcs\sources_1\new\ControlCharacter.vhd:]
WARNING: [filemgmt 56-199] Attempt to get parsing info during refresh. "On-the-fly" syntax checking information may be incorrect. [C:\Progh\Code\Project_RetroGame\POCS\ControlMovement\ControlMovement.srcs\sources_1\new\ControlCharacter.vhd:]
ERROR: [Common 17-180] Spawn failed: No error
WARNING: [filemgmt 56-199] Attempt to get parsing info during refresh. "On-the-fly" syntax checking information may be incorrect. [C:\Progh\Code\Project_RetroGame\POCS\ControlMovement\ControlMovement.srcs\sources_1\new\CharacterController.vhd:]
WARNING: [filemgmt 56-199] Attempt to get parsing info during refresh. "On-the-fly" syntax checking information may be incorrect. [C:\Progh\Code\Project_RetroGame\POCS\ControlMovement\ControlMovement.srcs\sources_1\new\XY_GEN.vhd:]
WARNING: [filemgmt 56-199] Attempt to get parsing info during refresh. "On-the-fly" syntax checking information may be incorrect. [C:\Progh\Code\Project_RetroGame\POCS\ControlMovement\ControlMovement.srcs\sources_1\imports\Week 5 + 6 - Bounching Square - Ball\DVI.vhd:]
WARNING: [filemgmt 56-199] Attempt to get parsing info during refresh. "On-the-fly" syntax checking information may be incorrect. [C:\Progh\Code\Project_RetroGame\POCS\ControlMovement\ControlMovement.srcs\sources_1\new\ControlCharacter.vhd:]
WARNING: [filemgmt 56-199] Attempt to get parsing info during refresh. "On-the-fly" syntax checking information may be incorrect. [C:\Progh\Code\Project_RetroGame\POCS\ControlMovement\ControlMovement.srcs\sources_1\imports\Week 5 + 6 - Bounching Square - Ball\DVI.vhd:]
WARNING: [filemgmt 56-199] Attempt to get parsing info during refresh. "On-the-fly" syntax checking information may be incorrect. [C:\Progh\Code\Project_RetroGame\POCS\ControlMovement\ControlMovement.srcs\sources_1\imports\Week 5 + 6 - Bounching Square - Ball\DVI.vhd:]
ERROR: [Common 17-180] Spawn failed: No error
set_property PROBES.FILE {} [get_hw_devices xc7a35t_0]
set_property FULL_PROBES.FILE {} [get_hw_devices xc7a35t_0]
set_property PROGRAM.FILE {C:/Progh/Code/Project_RetroGame/POCS/ControlMovement/ControlMovement.runs/impl_1/DVI_Top.bit} [get_hw_devices xc7a35t_0]
program_hw_devices [get_hw_devices xc7a35t_0]
INFO: [Labtools 27-3164] End of startup status: HIGH
refresh_hw_device [lindex [get_hw_devices xc7a35t_0] 0]
INFO: [Labtools 27-1434] Device xc7a35t (JTAG device index = 0) is programmed with a design that has no supported debug core(s) in it.
set_property PROBES.FILE {} [get_hw_devices xc7a35t_0]
set_property FULL_PROBES.FILE {} [get_hw_devices xc7a35t_0]
set_property PROGRAM.FILE {C:/Progh/Code/Project_RetroGame/POCS/ControlMovement/ControlMovement.runs/impl_1/DVI_Top.bit} [get_hw_devices xc7a35t_0]
program_hw_devices [get_hw_devices xc7a35t_0]
INFO: [Labtools 27-3164] End of startup status: HIGH
refresh_hw_device [lindex [get_hw_devices xc7a35t_0] 0]
INFO: [Labtools 27-1434] Device xc7a35t (JTAG device index = 0) is programmed with a design that has no supported debug core(s) in it.
WARNING: [filemgmt 56-199] Attempt to get parsing info during refresh. "On-the-fly" syntax checking information may be incorrect. [C:\Progh\Code\Project_RetroGame\POCS\ControlMovement\ControlMovement.srcs\sources_1\new\CharacterController.vhd:]
WARNING: [filemgmt 56-199] Attempt to get parsing info during refresh. "On-the-fly" syntax checking information may be incorrect. [C:\Progh\Code\Project_RetroGame\POCS\ControlMovement\ControlMovement.srcs\sources_1\new\XY_GEN.vhd:]
WARNING: [filemgmt 56-199] Attempt to get parsing info during refresh. "On-the-fly" syntax checking information may be incorrect. [C:\Progh\Code\Project_RetroGame\POCS\ControlMovement\ControlMovement.srcs\sources_1\imports\Week 5 + 6 - Bounching Square - Ball\DVI.vhd:]
WARNING: [filemgmt 56-199] Attempt to get parsing info during refresh. "On-the-fly" syntax checking information may be incorrect. [C:\Progh\Code\Project_RetroGame\POCS\ControlMovement\ControlMovement.srcs\sources_1\new\ControlCharacter.vhd:]
WARNING: [filemgmt 56-199] Attempt to get parsing info during refresh. "On-the-fly" syntax checking information may be incorrect. [C:\Progh\Code\Project_RetroGame\POCS\ControlMovement\ControlMovement.srcs\sources_1\new\XY_GEN.vhd:]
WARNING: [filemgmt 56-199] Attempt to get parsing info during refresh. "On-the-fly" syntax checking information may be incorrect. [C:\Progh\Code\Project_RetroGame\POCS\ControlMovement\ControlMovement.srcs\sources_1\new\XY_GEN.vhd:]
WARNING: [filemgmt 56-199] Attempt to get parsing info during refresh. "On-the-fly" syntax checking information may be incorrect. [C:\Progh\Code\Project_RetroGame\POCS\ControlMovement\ControlMovement.srcs\sources_1\new\CharacterController.vhd:]
WARNING: [filemgmt 56-199] Attempt to get parsing info during refresh. "On-the-fly" syntax checking information may be incorrect. [C:\Progh\Code\Project_RetroGame\POCS\ControlMovement\ControlMovement.srcs\sources_1\new\XY_GEN.vhd:]
WARNING: [filemgmt 56-199] Attempt to get parsing info during refresh. "On-the-fly" syntax checking information may be incorrect. [C:\Progh\Code\Project_RetroGame\POCS\ControlMovement\ControlMovement.srcs\sources_1\imports\Week 5 + 6 - Bounching Square - Ball\DVI.vhd:]
WARNING: [filemgmt 56-199] Attempt to get parsing info during refresh. "On-the-fly" syntax checking information may be incorrect. [C:\Progh\Code\Project_RetroGame\POCS\ControlMovement\ControlMovement.srcs\sources_1\new\ControlCharacter.vhd:]
WARNING: [filemgmt 56-199] Attempt to get parsing info during refresh. "On-the-fly" syntax checking information may be incorrect. [C:\Progh\Code\Project_RetroGame\POCS\ControlMovement\ControlMovement.srcs\sources_1\new\ControlCharacter.vhd:]
WARNING: [filemgmt 56-199] Attempt to get parsing info during refresh. "On-the-fly" syntax checking information may be incorrect. [C:\Progh\Code\Project_RetroGame\POCS\ControlMovement\ControlMovement.srcs\sources_1\new\ControlCharacter.vhd:]
reset_run impl_1 -prev_step 
launch_runs impl_1 -to_step write_bitstream -jobs 8
ERROR: [Common 17-180] Spawn failed: No error
WARNING: [filemgmt 56-199] Attempt to get parsing info during refresh. "On-the-fly" syntax checking information may be incorrect. [C:\Progh\Code\Project_RetroGame\POCS\ControlMovement\ControlMovement.srcs\sources_1\new\CharacterController.vhd:]
WARNING: [filemgmt 56-199] Attempt to get parsing info during refresh. "On-the-fly" syntax checking information may be incorrect. [C:\Progh\Code\Project_RetroGame\POCS\ControlMovement\ControlMovement.srcs\sources_1\new\XY_GEN.vhd:]
WARNING: [filemgmt 56-199] Attempt to get parsing info during refresh. "On-the-fly" syntax checking information may be incorrect. [C:\Progh\Code\Project_RetroGame\POCS\ControlMovement\ControlMovement.srcs\sources_1\imports\Week 5 + 6 - Bounching Square - Ball\DVI.vhd:]
WARNING: [filemgmt 56-199] Attempt to get parsing info during refresh. "On-the-fly" syntax checking information may be incorrect. [C:\Progh\Code\Project_RetroGame\POCS\ControlMovement\ControlMovement.srcs\sources_1\new\ControlCharacter.vhd:]
WARNING: [filemgmt 56-199] Attempt to get parsing info during refresh. "On-the-fly" syntax checking information may be incorrect. [C:\Progh\Code\Project_RetroGame\POCS\ControlMovement\ControlMovement.srcs\sources_1\imports\Week 5 + 6 - Bounching Square - Ball\DVI.vhd:]
WARNING: [filemgmt 56-199] Attempt to get parsing info during refresh. "On-the-fly" syntax checking information may be incorrect. [C:\Progh\Code\Project_RetroGame\POCS\ControlMovement\ControlMovement.srcs\sources_1\imports\Week 5 + 6 - Bounching Square - Ball\DVI.vhd:]
ERROR: [Common 17-180] Spawn failed: No error
[Wed Mar 19 13:28:04 2025] Launched impl_1...
Run output will be captured here: C:/Progh/Code/Project_RetroGame/POCS/ControlMovement/ControlMovement.runs/impl_1/runme.log
ERROR: [Common 17-39] 'launch_runs' failed due to earlier errors.
set_property PROBES.FILE {} [get_hw_devices xc7a35t_0]
set_property FULL_PROBES.FILE {} [get_hw_devices xc7a35t_0]
set_property PROGRAM.FILE {C:/Progh/Code/Project_RetroGame/POCS/ControlMovement/ControlMovement.runs/impl_1/DVI_Top.bit} [get_hw_devices xc7a35t_0]
program_hw_devices [get_hw_devices xc7a35t_0]
INFO: [Labtools 27-3164] End of startup status: HIGH
refresh_hw_device [lindex [get_hw_devices xc7a35t_0] 0]
INFO: [Labtools 27-1434] Device xc7a35t (JTAG device index = 0) is programmed with a design that has no supported debug core(s) in it.
WARNING: [filemgmt 56-199] Attempt to get parsing info during refresh. "On-the-fly" syntax checking information may be incorrect. [C:\Progh\Code\Project_RetroGame\POCS\ControlMovement\ControlMovement.srcs\sources_1\new\CharacterController.vhd:]
WARNING: [filemgmt 56-199] Attempt to get parsing info during refresh. "On-the-fly" syntax checking information may be incorrect. [C:\Progh\Code\Project_RetroGame\POCS\ControlMovement\ControlMovement.srcs\sources_1\new\XY_GEN.vhd:]
WARNING: [filemgmt 56-199] Attempt to get parsing info during refresh. "On-the-fly" syntax checking information may be incorrect. [C:\Progh\Code\Project_RetroGame\POCS\ControlMovement\ControlMovement.srcs\sources_1\imports\Week 5 + 6 - Bounching Square - Ball\DVI.vhd:]
WARNING: [filemgmt 56-199] Attempt to get parsing info during refresh. "On-the-fly" syntax checking information may be incorrect. [C:\Progh\Code\Project_RetroGame\POCS\ControlMovement\ControlMovement.srcs\sources_1\new\ControlCharacter.vhd:]
WARNING: [filemgmt 56-199] Attempt to get parsing info during refresh. "On-the-fly" syntax checking information may be incorrect. [C:\Progh\Code\Project_RetroGame\POCS\ControlMovement\ControlMovement.srcs\sources_1\new\XY_GEN.vhd:]
WARNING: [filemgmt 56-199] Attempt to get parsing info during refresh. "On-the-fly" syntax checking information may be incorrect. [C:\Progh\Code\Project_RetroGame\POCS\ControlMovement\ControlMovement.srcs\sources_1\new\XY_GEN.vhd:]
WARNING: [filemgmt 56-199] Attempt to get parsing info during refresh. "On-the-fly" syntax checking information may be incorrect. [C:\Progh\Code\Project_RetroGame\POCS\ControlMovement\ControlMovement.srcs\sources_1\new\CharacterController.vhd:]
WARNING: [filemgmt 56-199] Attempt to get parsing info during refresh. "On-the-fly" syntax checking information may be incorrect. [C:\Progh\Code\Project_RetroGame\POCS\ControlMovement\ControlMovement.srcs\sources_1\new\XY_GEN.vhd:]
WARNING: [filemgmt 56-199] Attempt to get parsing info during refresh. "On-the-fly" syntax checking information may be incorrect. [C:\Progh\Code\Project_RetroGame\POCS\ControlMovement\ControlMovement.srcs\sources_1\imports\Week 5 + 6 - Bounching Square - Ball\DVI.vhd:]
WARNING: [filemgmt 56-199] Attempt to get parsing info during refresh. "On-the-fly" syntax checking information may be incorrect. [C:\Progh\Code\Project_RetroGame\POCS\ControlMovement\ControlMovement.srcs\sources_1\new\ControlCharacter.vhd:]
WARNING: [filemgmt 56-199] Attempt to get parsing info during refresh. "On-the-fly" syntax checking information may be incorrect. [C:\Progh\Code\Project_RetroGame\POCS\ControlMovement\ControlMovement.srcs\sources_1\new\ControlCharacter.vhd:]
WARNING: [filemgmt 56-199] Attempt to get parsing info during refresh. "On-the-fly" syntax checking information may be incorrect. [C:\Progh\Code\Project_RetroGame\POCS\ControlMovement\ControlMovement.srcs\sources_1\new\ControlCharacter.vhd:]
ERROR: [Common 17-180] Spawn failed: No error
WARNING: [filemgmt 56-199] Attempt to get parsing info during refresh. "On-the-fly" syntax checking information may be incorrect. [C:\Progh\Code\Project_RetroGame\POCS\ControlMovement\ControlMovement.srcs\sources_1\new\CharacterController.vhd:]
WARNING: [filemgmt 56-199] Attempt to get parsing info during refresh. "On-the-fly" syntax checking information may be incorrect. [C:\Progh\Code\Project_RetroGame\POCS\ControlMovement\ControlMovement.srcs\sources_1\new\XY_GEN.vhd:]
WARNING: [filemgmt 56-199] Attempt to get parsing info during refresh. "On-the-fly" syntax checking information may be incorrect. [C:\Progh\Code\Project_RetroGame\POCS\ControlMovement\ControlMovement.srcs\sources_1\imports\Week 5 + 6 - Bounching Square - Ball\DVI.vhd:]
WARNING: [filemgmt 56-199] Attempt to get parsing info during refresh. "On-the-fly" syntax checking information may be incorrect. [C:\Progh\Code\Project_RetroGame\POCS\ControlMovement\ControlMovement.srcs\sources_1\new\ControlCharacter.vhd:]
WARNING: [filemgmt 56-199] Attempt to get parsing info during refresh. "On-the-fly" syntax checking information may be incorrect. [C:\Progh\Code\Project_RetroGame\POCS\ControlMovement\ControlMovement.srcs\sources_1\imports\Week 5 + 6 - Bounching Square - Ball\DVI.vhd:]
WARNING: [filemgmt 56-199] Attempt to get parsing info during refresh. "On-the-fly" syntax checking information may be incorrect. [C:\Progh\Code\Project_RetroGame\POCS\ControlMovement\ControlMovement.srcs\sources_1\imports\Week 5 + 6 - Bounching Square - Ball\DVI.vhd:]
ERROR: [Common 17-180] Spawn failed: No error
reset_run synth_1
INFO: [Project 1-1161] Replacing file C:/Progh/Code/Project_RetroGame/POCS/ControlMovement/ControlMovement.srcs/utils_1/imports/synth_1/DVI.dcp with file C:/Progh/Code/Project_RetroGame/POCS/ControlMovement/ControlMovement.runs/synth_1/DVI_Top.dcp
launch_runs impl_1 -to_step write_bitstream -jobs 8
[Wed Mar 19 13:29:55 2025] Launched synth_1...
Run output will be captured here: C:/Progh/Code/Project_RetroGame/POCS/ControlMovement/ControlMovement.runs/synth_1/runme.log
[Wed Mar 19 13:29:55 2025] Launched impl_1...
Run output will be captured here: C:/Progh/Code/Project_RetroGame/POCS/ControlMovement/ControlMovement.runs/impl_1/runme.log
WARNING: [filemgmt 56-199] Attempt to get parsing info during refresh. "On-the-fly" syntax checking information may be incorrect. [C:\Progh\Code\Project_RetroGame\POCS\ControlMovement\ControlMovement.srcs\sources_1\new\CharacterController.vhd:]
WARNING: [filemgmt 56-199] Attempt to get parsing info during refresh. "On-the-fly" syntax checking information may be incorrect. [C:\Progh\Code\Project_RetroGame\POCS\ControlMovement\ControlMovement.srcs\sources_1\new\XY_GEN.vhd:]
WARNING: [filemgmt 56-199] Attempt to get parsing info during refresh. "On-the-fly" syntax checking information may be incorrect. [C:\Progh\Code\Project_RetroGame\POCS\ControlMovement\ControlMovement.srcs\sources_1\imports\Week 5 + 6 - Bounching Square - Ball\DVI.vhd:]
WARNING: [filemgmt 56-199] Attempt to get parsing info during refresh. "On-the-fly" syntax checking information may be incorrect. [C:\Progh\Code\Project_RetroGame\POCS\ControlMovement\ControlMovement.srcs\sources_1\new\ControlCharacter.vhd:]
WARNING: [filemgmt 56-199] Attempt to get parsing info during refresh. "On-the-fly" syntax checking information may be incorrect. [C:\Progh\Code\Project_RetroGame\POCS\ControlMovement\ControlMovement.srcs\sources_1\new\XY_GEN.vhd:]
WARNING: [filemgmt 56-199] Attempt to get parsing info during refresh. "On-the-fly" syntax checking information may be incorrect. [C:\Progh\Code\Project_RetroGame\POCS\ControlMovement\ControlMovement.srcs\sources_1\new\XY_GEN.vhd:]
WARNING: [filemgmt 56-199] Attempt to get parsing info during refresh. "On-the-fly" syntax checking information may be incorrect. [C:\Progh\Code\Project_RetroGame\POCS\ControlMovement\ControlMovement.srcs\sources_1\new\CharacterController.vhd:]
WARNING: [filemgmt 56-199] Attempt to get parsing info during refresh. "On-the-fly" syntax checking information may be incorrect. [C:\Progh\Code\Project_RetroGame\POCS\ControlMovement\ControlMovement.srcs\sources_1\new\XY_GEN.vhd:]
WARNING: [filemgmt 56-199] Attempt to get parsing info during refresh. "On-the-fly" syntax checking information may be incorrect. [C:\Progh\Code\Project_RetroGame\POCS\ControlMovement\ControlMovement.srcs\sources_1\imports\Week 5 + 6 - Bounching Square - Ball\DVI.vhd:]
WARNING: [filemgmt 56-199] Attempt to get parsing info during refresh. "On-the-fly" syntax checking information may be incorrect. [C:\Progh\Code\Project_RetroGame\POCS\ControlMovement\ControlMovement.srcs\sources_1\new\ControlCharacter.vhd:]
WARNING: [filemgmt 56-199] Attempt to get parsing info during refresh. "On-the-fly" syntax checking information may be incorrect. [C:\Progh\Code\Project_RetroGame\POCS\ControlMovement\ControlMovement.srcs\sources_1\new\ControlCharacter.vhd:]
WARNING: [filemgmt 56-199] Attempt to get parsing info during refresh. "On-the-fly" syntax checking information may be incorrect. [C:\Progh\Code\Project_RetroGame\POCS\ControlMovement\ControlMovement.srcs\sources_1\new\ControlCharacter.vhd:]
ERROR: [Common 17-180] Spawn failed: No error
WARNING: [filemgmt 56-199] Attempt to get parsing info during refresh. "On-the-fly" syntax checking information may be incorrect. [C:\Progh\Code\Project_RetroGame\POCS\ControlMovement\ControlMovement.srcs\sources_1\new\CharacterController.vhd:]
WARNING: [filemgmt 56-199] Attempt to get parsing info during refresh. "On-the-fly" syntax checking information may be incorrect. [C:\Progh\Code\Project_RetroGame\POCS\ControlMovement\ControlMovement.srcs\sources_1\new\XY_GEN.vhd:]
WARNING: [filemgmt 56-199] Attempt to get parsing info during refresh. "On-the-fly" syntax checking information may be incorrect. [C:\Progh\Code\Project_RetroGame\POCS\ControlMovement\ControlMovement.srcs\sources_1\imports\Week 5 + 6 - Bounching Square - Ball\DVI.vhd:]
WARNING: [filemgmt 56-199] Attempt to get parsing info during refresh. "On-the-fly" syntax checking information may be incorrect. [C:\Progh\Code\Project_RetroGame\POCS\ControlMovement\ControlMovement.srcs\sources_1\new\ControlCharacter.vhd:]
WARNING: [filemgmt 56-199] Attempt to get parsing info during refresh. "On-the-fly" syntax checking information may be incorrect. [C:\Progh\Code\Project_RetroGame\POCS\ControlMovement\ControlMovement.srcs\sources_1\new\CharacterController.vhd:]
WARNING: [filemgmt 56-199] Attempt to get parsing info during refresh. "On-the-fly" syntax checking information may be incorrect. [C:\Progh\Code\Project_RetroGame\POCS\ControlMovement\ControlMovement.srcs\sources_1\new\CharacterController.vhd:]
ERROR: [Common 17-180] Spawn failed: No error
set_property PROBES.FILE {} [get_hw_devices xc7a35t_0]
set_property FULL_PROBES.FILE {} [get_hw_devices xc7a35t_0]
set_property PROGRAM.FILE {C:/Progh/Code/Project_RetroGame/POCS/ControlMovement/ControlMovement.runs/impl_1/DVI_Top.bit} [get_hw_devices xc7a35t_0]
program_hw_devices [get_hw_devices xc7a35t_0]
INFO: [Labtools 27-3164] End of startup status: HIGH
refresh_hw_device [lindex [get_hw_devices xc7a35t_0] 0]
INFO: [Labtools 27-1434] Device xc7a35t (JTAG device index = 0) is programmed with a design that has no supported debug core(s) in it.
WARNING: [filemgmt 56-199] Attempt to get parsing info during refresh. "On-the-fly" syntax checking information may be incorrect. [C:\Progh\Code\Project_RetroGame\POCS\ControlMovement\ControlMovement.srcs\sources_1\new\CharacterController.vhd:]
WARNING: [filemgmt 56-199] Attempt to get parsing info during refresh. "On-the-fly" syntax checking information may be incorrect. [C:\Progh\Code\Project_RetroGame\POCS\ControlMovement\ControlMovement.srcs\sources_1\new\XY_GEN.vhd:]
WARNING: [filemgmt 56-199] Attempt to get parsing info during refresh. "On-the-fly" syntax checking information may be incorrect. [C:\Progh\Code\Project_RetroGame\POCS\ControlMovement\ControlMovement.srcs\sources_1\imports\Week 5 + 6 - Bounching Square - Ball\DVI.vhd:]
WARNING: [filemgmt 56-199] Attempt to get parsing info during refresh. "On-the-fly" syntax checking information may be incorrect. [C:\Progh\Code\Project_RetroGame\POCS\ControlMovement\ControlMovement.srcs\sources_1\new\ControlCharacter.vhd:]
WARNING: [filemgmt 56-199] Attempt to get parsing info during refresh. "On-the-fly" syntax checking information may be incorrect. [C:\Progh\Code\Project_RetroGame\POCS\ControlMovement\ControlMovement.srcs\sources_1\new\XY_GEN.vhd:]
WARNING: [filemgmt 56-199] Attempt to get parsing info during refresh. "On-the-fly" syntax checking information may be incorrect. [C:\Progh\Code\Project_RetroGame\POCS\ControlMovement\ControlMovement.srcs\sources_1\new\XY_GEN.vhd:]
WARNING: [filemgmt 56-199] Attempt to get parsing info during refresh. "On-the-fly" syntax checking information may be incorrect. [C:\Progh\Code\Project_RetroGame\POCS\ControlMovement\ControlMovement.srcs\sources_1\new\CharacterController.vhd:]
WARNING: [filemgmt 56-199] Attempt to get parsing info during refresh. "On-the-fly" syntax checking information may be incorrect. [C:\Progh\Code\Project_RetroGame\POCS\ControlMovement\ControlMovement.srcs\sources_1\new\XY_GEN.vhd:]
WARNING: [filemgmt 56-199] Attempt to get parsing info during refresh. "On-the-fly" syntax checking information may be incorrect. [C:\Progh\Code\Project_RetroGame\POCS\ControlMovement\ControlMovement.srcs\sources_1\imports\Week 5 + 6 - Bounching Square - Ball\DVI.vhd:]
WARNING: [filemgmt 56-199] Attempt to get parsing info during refresh. "On-the-fly" syntax checking information may be incorrect. [C:\Progh\Code\Project_RetroGame\POCS\ControlMovement\ControlMovement.srcs\sources_1\new\ControlCharacter.vhd:]
WARNING: [filemgmt 56-199] Attempt to get parsing info during refresh. "On-the-fly" syntax checking information may be incorrect. [C:\Progh\Code\Project_RetroGame\POCS\ControlMovement\ControlMovement.srcs\sources_1\new\ControlCharacter.vhd:]
WARNING: [filemgmt 56-199] Attempt to get parsing info during refresh. "On-the-fly" syntax checking information may be incorrect. [C:\Progh\Code\Project_RetroGame\POCS\ControlMovement\ControlMovement.srcs\sources_1\new\ControlCharacter.vhd:]
ERROR: [Common 17-180] Spawn failed: No error
WARNING: [filemgmt 56-199] Attempt to get parsing info during refresh. "On-the-fly" syntax checking information may be incorrect. [C:\Progh\Code\Project_RetroGame\POCS\ControlMovement\ControlMovement.srcs\sources_1\new\CharacterController.vhd:]
WARNING: [filemgmt 56-199] Attempt to get parsing info during refresh. "On-the-fly" syntax checking information may be incorrect. [C:\Progh\Code\Project_RetroGame\POCS\ControlMovement\ControlMovement.srcs\sources_1\new\XY_GEN.vhd:]
WARNING: [filemgmt 56-199] Attempt to get parsing info during refresh. "On-the-fly" syntax checking information may be incorrect. [C:\Progh\Code\Project_RetroGame\POCS\ControlMovement\ControlMovement.srcs\sources_1\imports\Week 5 + 6 - Bounching Square - Ball\DVI.vhd:]
WARNING: [filemgmt 56-199] Attempt to get parsing info during refresh. "On-the-fly" syntax checking information may be incorrect. [C:\Progh\Code\Project_RetroGame\POCS\ControlMovement\ControlMovement.srcs\sources_1\new\ControlCharacter.vhd:]
WARNING: [filemgmt 56-199] Attempt to get parsing info during refresh. "On-the-fly" syntax checking information may be incorrect. [C:\Progh\Code\Project_RetroGame\POCS\ControlMovement\ControlMovement.srcs\sources_1\imports\Week 5 + 6 - Bounching Square - Ball\DVI.vhd:]
WARNING: [filemgmt 56-199] Attempt to get parsing info during refresh. "On-the-fly" syntax checking information may be incorrect. [C:\Progh\Code\Project_RetroGame\POCS\ControlMovement\ControlMovement.srcs\sources_1\imports\Week 5 + 6 - Bounching Square - Ball\DVI.vhd:]
ERROR: [Common 17-180] Spawn failed: No error
reset_run synth_1
INFO: [Project 1-1161] Replacing file C:/Progh/Code/Project_RetroGame/POCS/ControlMovement/ControlMovement.srcs/utils_1/imports/synth_1/DVI.dcp with file C:/Progh/Code/Project_RetroGame/POCS/ControlMovement/ControlMovement.runs/synth_1/DVI_Top.dcp
launch_runs impl_1 -to_step write_bitstream -jobs 8
[Wed Mar 19 13:43:06 2025] Launched synth_1...
Run output will be captured here: C:/Progh/Code/Project_RetroGame/POCS/ControlMovement/ControlMovement.runs/synth_1/runme.log
[Wed Mar 19 13:43:06 2025] Launched impl_1...
Run output will be captured here: C:/Progh/Code/Project_RetroGame/POCS/ControlMovement/ControlMovement.runs/impl_1/runme.log
WARNING: [filemgmt 56-199] Attempt to get parsing info during refresh. "On-the-fly" syntax checking information may be incorrect. [C:\Progh\Code\Project_RetroGame\POCS\ControlMovement\ControlMovement.srcs\sources_1\new\CharacterController.vhd:]
WARNING: [filemgmt 56-199] Attempt to get parsing info during refresh. "On-the-fly" syntax checking information may be incorrect. [C:\Progh\Code\Project_RetroGame\POCS\ControlMovement\ControlMovement.srcs\sources_1\new\XY_GEN.vhd:]
WARNING: [filemgmt 56-199] Attempt to get parsing info during refresh. "On-the-fly" syntax checking information may be incorrect. [C:\Progh\Code\Project_RetroGame\POCS\ControlMovement\ControlMovement.srcs\sources_1\imports\Week 5 + 6 - Bounching Square - Ball\DVI.vhd:]
WARNING: [filemgmt 56-199] Attempt to get parsing info during refresh. "On-the-fly" syntax checking information may be incorrect. [C:\Progh\Code\Project_RetroGame\POCS\ControlMovement\ControlMovement.srcs\sources_1\new\ControlCharacter.vhd:]
WARNING: [filemgmt 56-199] Attempt to get parsing info during refresh. "On-the-fly" syntax checking information may be incorrect. [C:\Progh\Code\Project_RetroGame\POCS\ControlMovement\ControlMovement.srcs\sources_1\imports\Week 5 + 6 - Bounching Square - Ball\DVI.vhd:]
WARNING: [filemgmt 56-199] Attempt to get parsing info during refresh. "On-the-fly" syntax checking information may be incorrect. [C:\Progh\Code\Project_RetroGame\POCS\ControlMovement\ControlMovement.srcs\sources_1\imports\Week 5 + 6 - Bounching Square - Ball\DVI.vhd:]
WARNING: [filemgmt 56-199] Attempt to get parsing info during refresh. "On-the-fly" syntax checking information may be incorrect. [C:\Progh\Code\Project_RetroGame\POCS\ControlMovement\ControlMovement.srcs\sources_1\new\CharacterController.vhd:]
WARNING: [filemgmt 56-199] Attempt to get parsing info during refresh. "On-the-fly" syntax checking information may be incorrect. [C:\Progh\Code\Project_RetroGame\POCS\ControlMovement\ControlMovement.srcs\sources_1\new\XY_GEN.vhd:]
WARNING: [filemgmt 56-199] Attempt to get parsing info during refresh. "On-the-fly" syntax checking information may be incorrect. [C:\Progh\Code\Project_RetroGame\POCS\ControlMovement\ControlMovement.srcs\sources_1\imports\Week 5 + 6 - Bounching Square - Ball\DVI.vhd:]
WARNING: [filemgmt 56-199] Attempt to get parsing info during refresh. "On-the-fly" syntax checking information may be incorrect. [C:\Progh\Code\Project_RetroGame\POCS\ControlMovement\ControlMovement.srcs\sources_1\new\ControlCharacter.vhd:]
WARNING: [filemgmt 56-199] Attempt to get parsing info during refresh. "On-the-fly" syntax checking information may be incorrect. [C:\Progh\Code\Project_RetroGame\POCS\ControlMovement\ControlMovement.srcs\sources_1\new\CharacterController.vhd:]
WARNING: [filemgmt 56-199] Attempt to get parsing info during refresh. "On-the-fly" syntax checking information may be incorrect. [C:\Progh\Code\Project_RetroGame\POCS\ControlMovement\ControlMovement.srcs\sources_1\new\CharacterController.vhd:]
reset_run synth_1
WARNING: [Vivado 12-1017] Problems encountered:
1. Failed to delete one or more files in run directory C:/Progh/Code/Project_RetroGame/POCS/ControlMovement/ControlMovement.runs/synth_1

WARNING: [filemgmt 56-199] Attempt to get parsing info during refresh. "On-the-fly" syntax checking information may be incorrect. [C:\Progh\Code\Project_RetroGame\POCS\ControlMovement\ControlMovement.srcs\sources_1\new\CharacterController.vhd:]
WARNING: [filemgmt 56-199] Attempt to get parsing info during refresh. "On-the-fly" syntax checking information may be incorrect. [C:\Progh\Code\Project_RetroGame\POCS\ControlMovement\ControlMovement.srcs\sources_1\new\XY_GEN.vhd:]
WARNING: [filemgmt 56-199] Attempt to get parsing info during refresh. "On-the-fly" syntax checking information may be incorrect. [C:\Progh\Code\Project_RetroGame\POCS\ControlMovement\ControlMovement.srcs\sources_1\imports\Week 5 + 6 - Bounching Square - Ball\DVI.vhd:]
WARNING: [filemgmt 56-199] Attempt to get parsing info during refresh. "On-the-fly" syntax checking information may be incorrect. [C:\Progh\Code\Project_RetroGame\POCS\ControlMovement\ControlMovement.srcs\sources_1\new\ControlCharacter.vhd:]
WARNING: [filemgmt 56-199] Attempt to get parsing info during refresh. "On-the-fly" syntax checking information may be incorrect. [C:\Progh\Code\Project_RetroGame\POCS\ControlMovement\ControlMovement.srcs\sources_1\new\XY_GEN.vhd:]
WARNING: [filemgmt 56-199] Attempt to get parsing info during refresh. "On-the-fly" syntax checking information may be incorrect. [C:\Progh\Code\Project_RetroGame\POCS\ControlMovement\ControlMovement.srcs\sources_1\new\XY_GEN.vhd:]
WARNING: [filemgmt 56-199] Attempt to get parsing info during refresh. "On-the-fly" syntax checking information may be incorrect. [C:\Progh\Code\Project_RetroGame\POCS\ControlMovement\ControlMovement.srcs\sources_1\new\CharacterController.vhd:]
WARNING: [filemgmt 56-199] Attempt to get parsing info during refresh. "On-the-fly" syntax checking information may be incorrect. [C:\Progh\Code\Project_RetroGame\POCS\ControlMovement\ControlMovement.srcs\sources_1\new\XY_GEN.vhd:]
WARNING: [filemgmt 56-199] Attempt to get parsing info during refresh. "On-the-fly" syntax checking information may be incorrect. [C:\Progh\Code\Project_RetroGame\POCS\ControlMovement\ControlMovement.srcs\sources_1\imports\Week 5 + 6 - Bounching Square - Ball\DVI.vhd:]
WARNING: [filemgmt 56-199] Attempt to get parsing info during refresh. "On-the-fly" syntax checking information may be incorrect. [C:\Progh\Code\Project_RetroGame\POCS\ControlMovement\ControlMovement.srcs\sources_1\new\ControlCharacter.vhd:]
WARNING: [filemgmt 56-199] Attempt to get parsing info during refresh. "On-the-fly" syntax checking information may be incorrect. [C:\Progh\Code\Project_RetroGame\POCS\ControlMovement\ControlMovement.srcs\sources_1\new\ControlCharacter.vhd:]
WARNING: [filemgmt 56-199] Attempt to get parsing info during refresh. "On-the-fly" syntax checking information may be incorrect. [C:\Progh\Code\Project_RetroGame\POCS\ControlMovement\ControlMovement.srcs\sources_1\new\ControlCharacter.vhd:]
launch_runs impl_1 -to_step write_bitstream -jobs 8
ERROR: [Common 17-180] Spawn failed: No error
WARNING: [filemgmt 56-199] Attempt to get parsing info during refresh. "On-the-fly" syntax checking information may be incorrect. [C:\Progh\Code\Project_RetroGame\POCS\ControlMovement\ControlMovement.srcs\sources_1\new\CharacterController.vhd:]
WARNING: [filemgmt 56-199] Attempt to get parsing info during refresh. "On-the-fly" syntax checking information may be incorrect. [C:\Progh\Code\Project_RetroGame\POCS\ControlMovement\ControlMovement.srcs\sources_1\new\XY_GEN.vhd:]
WARNING: [filemgmt 56-199] Attempt to get parsing info during refresh. "On-the-fly" syntax checking information may be incorrect. [C:\Progh\Code\Project_RetroGame\POCS\ControlMovement\ControlMovement.srcs\sources_1\imports\Week 5 + 6 - Bounching Square - Ball\DVI.vhd:]
WARNING: [filemgmt 56-199] Attempt to get parsing info during refresh. "On-the-fly" syntax checking information may be incorrect. [C:\Progh\Code\Project_RetroGame\POCS\ControlMovement\ControlMovement.srcs\sources_1\new\ControlCharacter.vhd:]
WARNING: [filemgmt 56-199] Attempt to get parsing info during refresh. "On-the-fly" syntax checking information may be incorrect. [C:\Progh\Code\Project_RetroGame\POCS\ControlMovement\ControlMovement.srcs\sources_1\new\CharacterController.vhd:]
WARNING: [filemgmt 56-199] Attempt to get parsing info during refresh. "On-the-fly" syntax checking information may be incorrect. [C:\Progh\Code\Project_RetroGame\POCS\ControlMovement\ControlMovement.srcs\sources_1\new\CharacterController.vhd:]
ERROR: [Common 17-180] Spawn failed: No error
ERROR: [Vivado 12-4756] Launch of runs aborted due to earlier errors while preparing sub-designs for run execution.
launch_runs impl_1 -to_step write_bitstream -jobs 8
[Wed Mar 19 13:43:52 2025] Launched synth_1...
Run output will be captured here: C:/Progh/Code/Project_RetroGame/POCS/ControlMovement/ControlMovement.runs/synth_1/runme.log
[Wed Mar 19 13:43:52 2025] Launched impl_1...
Run output will be captured here: C:/Progh/Code/Project_RetroGame/POCS/ControlMovement/ControlMovement.runs/impl_1/runme.log
set_property PROBES.FILE {} [get_hw_devices xc7a35t_0]
set_property FULL_PROBES.FILE {} [get_hw_devices xc7a35t_0]
set_property PROGRAM.FILE {C:/Progh/Code/Project_RetroGame/POCS/ControlMovement/ControlMovement.runs/impl_1/DVI_Top.bit} [get_hw_devices xc7a35t_0]
program_hw_devices [get_hw_devices xc7a35t_0]
INFO: [Labtools 27-3164] End of startup status: HIGH
refresh_hw_device [lindex [get_hw_devices xc7a35t_0] 0]
INFO: [Labtools 27-1434] Device xc7a35t (JTAG device index = 0) is programmed with a design that has no supported debug core(s) in it.
WARNING: [filemgmt 56-199] Attempt to get parsing info during refresh. "On-the-fly" syntax checking information may be incorrect. [C:\Progh\Code\Project_RetroGame\POCS\ControlMovement\ControlMovement.srcs\sources_1\new\CharacterController.vhd:]
WARNING: [filemgmt 56-199] Attempt to get parsing info during refresh. "On-the-fly" syntax checking information may be incorrect. [C:\Progh\Code\Project_RetroGame\POCS\ControlMovement\ControlMovement.srcs\sources_1\new\XY_GEN.vhd:]
WARNING: [filemgmt 56-199] Attempt to get parsing info during refresh. "On-the-fly" syntax checking information may be incorrect. [C:\Progh\Code\Project_RetroGame\POCS\ControlMovement\ControlMovement.srcs\sources_1\imports\Week 5 + 6 - Bounching Square - Ball\DVI.vhd:]
WARNING: [filemgmt 56-199] Attempt to get parsing info during refresh. "On-the-fly" syntax checking information may be incorrect. [C:\Progh\Code\Project_RetroGame\POCS\ControlMovement\ControlMovement.srcs\sources_1\new\ControlCharacter.vhd:]
WARNING: [filemgmt 56-199] Attempt to get parsing info during refresh. "On-the-fly" syntax checking information may be incorrect. [C:\Progh\Code\Project_RetroGame\POCS\ControlMovement\ControlMovement.srcs\sources_1\new\XY_GEN.vhd:]
WARNING: [filemgmt 56-199] Attempt to get parsing info during refresh. "On-the-fly" syntax checking information may be incorrect. [C:\Progh\Code\Project_RetroGame\POCS\ControlMovement\ControlMovement.srcs\sources_1\new\XY_GEN.vhd:]
WARNING: [filemgmt 56-199] Attempt to get parsing info during refresh. "On-the-fly" syntax checking information may be incorrect. [C:\Progh\Code\Project_RetroGame\POCS\ControlMovement\ControlMovement.srcs\sources_1\new\CharacterController.vhd:]
WARNING: [filemgmt 56-199] Attempt to get parsing info during refresh. "On-the-fly" syntax checking information may be incorrect. [C:\Progh\Code\Project_RetroGame\POCS\ControlMovement\ControlMovement.srcs\sources_1\new\XY_GEN.vhd:]
WARNING: [filemgmt 56-199] Attempt to get parsing info during refresh. "On-the-fly" syntax checking information may be incorrect. [C:\Progh\Code\Project_RetroGame\POCS\ControlMovement\ControlMovement.srcs\sources_1\imports\Week 5 + 6 - Bounching Square - Ball\DVI.vhd:]
WARNING: [filemgmt 56-199] Attempt to get parsing info during refresh. "On-the-fly" syntax checking information may be incorrect. [C:\Progh\Code\Project_RetroGame\POCS\ControlMovement\ControlMovement.srcs\sources_1\new\ControlCharacter.vhd:]
WARNING: [filemgmt 56-199] Attempt to get parsing info during refresh. "On-the-fly" syntax checking information may be incorrect. [C:\Progh\Code\Project_RetroGame\POCS\ControlMovement\ControlMovement.srcs\sources_1\new\ControlCharacter.vhd:]
WARNING: [filemgmt 56-199] Attempt to get parsing info during refresh. "On-the-fly" syntax checking information may be incorrect. [C:\Progh\Code\Project_RetroGame\POCS\ControlMovement\ControlMovement.srcs\sources_1\new\ControlCharacter.vhd:]
ERROR: [Common 17-180] Spawn failed: No error
WARNING: [filemgmt 56-199] Attempt to get parsing info during refresh. "On-the-fly" syntax checking information may be incorrect. [C:\Progh\Code\Project_RetroGame\POCS\ControlMovement\ControlMovement.srcs\sources_1\new\CharacterController.vhd:]
WARNING: [filemgmt 56-199] Attempt to get parsing info during refresh. "On-the-fly" syntax checking information may be incorrect. [C:\Progh\Code\Project_RetroGame\POCS\ControlMovement\ControlMovement.srcs\sources_1\new\XY_GEN.vhd:]
WARNING: [filemgmt 56-199] Attempt to get parsing info during refresh. "On-the-fly" syntax checking information may be incorrect. [C:\Progh\Code\Project_RetroGame\POCS\ControlMovement\ControlMovement.srcs\sources_1\imports\Week 5 + 6 - Bounching Square - Ball\DVI.vhd:]
WARNING: [filemgmt 56-199] Attempt to get parsing info during refresh. "On-the-fly" syntax checking information may be incorrect. [C:\Progh\Code\Project_RetroGame\POCS\ControlMovement\ControlMovement.srcs\sources_1\new\ControlCharacter.vhd:]
WARNING: [filemgmt 56-199] Attempt to get parsing info during refresh. "On-the-fly" syntax checking information may be incorrect. [C:\Progh\Code\Project_RetroGame\POCS\ControlMovement\ControlMovement.srcs\sources_1\new\CharacterController.vhd:]
WARNING: [filemgmt 56-199] Attempt to get parsing info during refresh. "On-the-fly" syntax checking information may be incorrect. [C:\Progh\Code\Project_RetroGame\POCS\ControlMovement\ControlMovement.srcs\sources_1\new\CharacterController.vhd:]
ERROR: [Common 17-180] Spawn failed: No error
WARNING: [filemgmt 56-199] Attempt to get parsing info during refresh. "On-the-fly" syntax checking information may be incorrect. [C:\Progh\Code\Project_RetroGame\POCS\ControlMovement\ControlMovement.srcs\sources_1\new\CharacterController.vhd:]
WARNING: [filemgmt 56-199] Attempt to get parsing info during refresh. "On-the-fly" syntax checking information may be incorrect. [C:\Progh\Code\Project_RetroGame\POCS\ControlMovement\ControlMovement.srcs\sources_1\new\XY_GEN.vhd:]
WARNING: [filemgmt 56-199] Attempt to get parsing info during refresh. "On-the-fly" syntax checking information may be incorrect. [C:\Progh\Code\Project_RetroGame\POCS\ControlMovement\ControlMovement.srcs\sources_1\imports\Week 5 + 6 - Bounching Square - Ball\DVI.vhd:]
WARNING: [filemgmt 56-199] Attempt to get parsing info during refresh. "On-the-fly" syntax checking information may be incorrect. [C:\Progh\Code\Project_RetroGame\POCS\ControlMovement\ControlMovement.srcs\sources_1\new\ControlCharacter.vhd:]
WARNING: [filemgmt 56-199] Attempt to get parsing info during refresh. "On-the-fly" syntax checking information may be incorrect. [C:\Progh\Code\Project_RetroGame\POCS\ControlMovement\ControlMovement.srcs\sources_1\new\XY_GEN.vhd:]
WARNING: [filemgmt 56-199] Attempt to get parsing info during refresh. "On-the-fly" syntax checking information may be incorrect. [C:\Progh\Code\Project_RetroGame\POCS\ControlMovement\ControlMovement.srcs\sources_1\new\XY_GEN.vhd:]
WARNING: [filemgmt 56-199] Attempt to get parsing info during refresh. "On-the-fly" syntax checking information may be incorrect. [C:\Progh\Code\Project_RetroGame\POCS\ControlMovement\ControlMovement.srcs\sources_1\new\CharacterController.vhd:]
WARNING: [filemgmt 56-199] Attempt to get parsing info during refresh. "On-the-fly" syntax checking information may be incorrect. [C:\Progh\Code\Project_RetroGame\POCS\ControlMovement\ControlMovement.srcs\sources_1\new\XY_GEN.vhd:]
WARNING: [filemgmt 56-199] Attempt to get parsing info during refresh. "On-the-fly" syntax checking information may be incorrect. [C:\Progh\Code\Project_RetroGame\POCS\ControlMovement\ControlMovement.srcs\sources_1\imports\Week 5 + 6 - Bounching Square - Ball\DVI.vhd:]
WARNING: [filemgmt 56-199] Attempt to get parsing info during refresh. "On-the-fly" syntax checking information may be incorrect. [C:\Progh\Code\Project_RetroGame\POCS\ControlMovement\ControlMovement.srcs\sources_1\new\ControlCharacter.vhd:]
WARNING: [filemgmt 56-199] Attempt to get parsing info during refresh. "On-the-fly" syntax checking information may be incorrect. [C:\Progh\Code\Project_RetroGame\POCS\ControlMovement\ControlMovement.srcs\sources_1\new\ControlCharacter.vhd:]
WARNING: [filemgmt 56-199] Attempt to get parsing info during refresh. "On-the-fly" syntax checking information may be incorrect. [C:\Progh\Code\Project_RetroGame\POCS\ControlMovement\ControlMovement.srcs\sources_1\new\ControlCharacter.vhd:]
ERROR: [Common 17-180] Spawn failed: No error
WARNING: [filemgmt 56-199] Attempt to get parsing info during refresh. "On-the-fly" syntax checking information may be incorrect. [C:\Progh\Code\Project_RetroGame\POCS\ControlMovement\ControlMovement.srcs\sources_1\new\CharacterController.vhd:]
WARNING: [filemgmt 56-199] Attempt to get parsing info during refresh. "On-the-fly" syntax checking information may be incorrect. [C:\Progh\Code\Project_RetroGame\POCS\ControlMovement\ControlMovement.srcs\sources_1\new\XY_GEN.vhd:]
WARNING: [filemgmt 56-199] Attempt to get parsing info during refresh. "On-the-fly" syntax checking information may be incorrect. [C:\Progh\Code\Project_RetroGame\POCS\ControlMovement\ControlMovement.srcs\sources_1\imports\Week 5 + 6 - Bounching Square - Ball\DVI.vhd:]
WARNING: [filemgmt 56-199] Attempt to get parsing info during refresh. "On-the-fly" syntax checking information may be incorrect. [C:\Progh\Code\Project_RetroGame\POCS\ControlMovement\ControlMovement.srcs\sources_1\new\ControlCharacter.vhd:]
WARNING: [filemgmt 56-199] Attempt to get parsing info during refresh. "On-the-fly" syntax checking information may be incorrect. [C:\Progh\Code\Project_RetroGame\POCS\ControlMovement\ControlMovement.srcs\sources_1\imports\Week 5 + 6 - Bounching Square - Ball\DVI.vhd:]
WARNING: [filemgmt 56-199] Attempt to get parsing info during refresh. "On-the-fly" syntax checking information may be incorrect. [C:\Progh\Code\Project_RetroGame\POCS\ControlMovement\ControlMovement.srcs\sources_1\imports\Week 5 + 6 - Bounching Square - Ball\DVI.vhd:]
ERROR: [Common 17-180] Spawn failed: No error
WARNING: [filemgmt 56-199] Attempt to get parsing info during refresh. "On-the-fly" syntax checking information may be incorrect. [C:\Progh\Code\Project_RetroGame\POCS\ControlMovement\ControlMovement.srcs\sources_1\new\CharacterController.vhd:]
WARNING: [filemgmt 56-199] Attempt to get parsing info during refresh. "On-the-fly" syntax checking information may be incorrect. [C:\Progh\Code\Project_RetroGame\POCS\ControlMovement\ControlMovement.srcs\sources_1\new\XY_GEN.vhd:]
WARNING: [filemgmt 56-199] Attempt to get parsing info during refresh. "On-the-fly" syntax checking information may be incorrect. [C:\Progh\Code\Project_RetroGame\POCS\ControlMovement\ControlMovement.srcs\sources_1\imports\Week 5 + 6 - Bounching Square - Ball\DVI.vhd:]
WARNING: [filemgmt 56-199] Attempt to get parsing info during refresh. "On-the-fly" syntax checking information may be incorrect. [C:\Progh\Code\Project_RetroGame\POCS\ControlMovement\ControlMovement.srcs\sources_1\new\ControlCharacter.vhd:]
WARNING: [filemgmt 56-199] Attempt to get parsing info during refresh. "On-the-fly" syntax checking information may be incorrect. [C:\Progh\Code\Project_RetroGame\POCS\ControlMovement\ControlMovement.srcs\sources_1\new\XY_GEN.vhd:]
WARNING: [filemgmt 56-199] Attempt to get parsing info during refresh. "On-the-fly" syntax checking information may be incorrect. [C:\Progh\Code\Project_RetroGame\POCS\ControlMovement\ControlMovement.srcs\sources_1\new\XY_GEN.vhd:]
WARNING: [filemgmt 56-199] Attempt to get parsing info during refresh. "On-the-fly" syntax checking information may be incorrect. [C:\Progh\Code\Project_RetroGame\POCS\ControlMovement\ControlMovement.srcs\sources_1\new\CharacterController.vhd:]
WARNING: [filemgmt 56-199] Attempt to get parsing info during refresh. "On-the-fly" syntax checking information may be incorrect. [C:\Progh\Code\Project_RetroGame\POCS\ControlMovement\ControlMovement.srcs\sources_1\new\XY_GEN.vhd:]
WARNING: [filemgmt 56-199] Attempt to get parsing info during refresh. "On-the-fly" syntax checking information may be incorrect. [C:\Progh\Code\Project_RetroGame\POCS\ControlMovement\ControlMovement.srcs\sources_1\imports\Week 5 + 6 - Bounching Square - Ball\DVI.vhd:]
WARNING: [filemgmt 56-199] Attempt to get parsing info during refresh. "On-the-fly" syntax checking information may be incorrect. [C:\Progh\Code\Project_RetroGame\POCS\ControlMovement\ControlMovement.srcs\sources_1\new\ControlCharacter.vhd:]
WARNING: [filemgmt 56-199] Attempt to get parsing info during refresh. "On-the-fly" syntax checking information may be incorrect. [C:\Progh\Code\Project_RetroGame\POCS\ControlMovement\ControlMovement.srcs\sources_1\new\CharacterController.vhd:]
WARNING: [filemgmt 56-199] Attempt to get parsing info during refresh. "On-the-fly" syntax checking information may be incorrect. [C:\Progh\Code\Project_RetroGame\POCS\ControlMovement\ControlMovement.srcs\sources_1\new\CharacterController.vhd:]
ERROR: [Common 17-180] Spawn failed: No error
WARNING: [filemgmt 56-199] Attempt to get parsing info during refresh. "On-the-fly" syntax checking information may be incorrect. [C:\Progh\Code\Project_RetroGame\POCS\ControlMovement\ControlMovement.srcs\sources_1\new\CharacterController.vhd:]
WARNING: [filemgmt 56-199] Attempt to get parsing info during refresh. "On-the-fly" syntax checking information may be incorrect. [C:\Progh\Code\Project_RetroGame\POCS\ControlMovement\ControlMovement.srcs\sources_1\new\XY_GEN.vhd:]
WARNING: [filemgmt 56-199] Attempt to get parsing info during refresh. "On-the-fly" syntax checking information may be incorrect. [C:\Progh\Code\Project_RetroGame\POCS\ControlMovement\ControlMovement.srcs\sources_1\imports\Week 5 + 6 - Bounching Square - Ball\DVI.vhd:]
WARNING: [filemgmt 56-199] Attempt to get parsing info during refresh. "On-the-fly" syntax checking information may be incorrect. [C:\Progh\Code\Project_RetroGame\POCS\ControlMovement\ControlMovement.srcs\sources_1\new\ControlCharacter.vhd:]
WARNING: [filemgmt 56-199] Attempt to get parsing info during refresh. "On-the-fly" syntax checking information may be incorrect. [C:\Progh\Code\Project_RetroGame\POCS\ControlMovement\ControlMovement.srcs\sources_1\imports\Week 5 + 6 - Bounching Square - Ball\DVI.vhd:]
WARNING: [filemgmt 56-199] Attempt to get parsing info during refresh. "On-the-fly" syntax checking information may be incorrect. [C:\Progh\Code\Project_RetroGame\POCS\ControlMovement\ControlMovement.srcs\sources_1\imports\Week 5 + 6 - Bounching Square - Ball\DVI.vhd:]
ERROR: [Common 17-180] Spawn failed: No error
WARNING: [filemgmt 56-199] Attempt to get parsing info during refresh. "On-the-fly" syntax checking information may be incorrect. [C:\Progh\Code\Project_RetroGame\POCS\ControlMovement\ControlMovement.srcs\sources_1\new\CharacterController.vhd:]
WARNING: [filemgmt 56-199] Attempt to get parsing info during refresh. "On-the-fly" syntax checking information may be incorrect. [C:\Progh\Code\Project_RetroGame\POCS\ControlMovement\ControlMovement.srcs\sources_1\new\XY_GEN.vhd:]
WARNING: [filemgmt 56-199] Attempt to get parsing info during refresh. "On-the-fly" syntax checking information may be incorrect. [C:\Progh\Code\Project_RetroGame\POCS\ControlMovement\ControlMovement.srcs\sources_1\imports\Week 5 + 6 - Bounching Square - Ball\DVI.vhd:]
WARNING: [filemgmt 56-199] Attempt to get parsing info during refresh. "On-the-fly" syntax checking information may be incorrect. [C:\Progh\Code\Project_RetroGame\POCS\ControlMovement\ControlMovement.srcs\sources_1\new\ControlCharacter.vhd:]
WARNING: [filemgmt 56-199] Attempt to get parsing info during refresh. "On-the-fly" syntax checking information may be incorrect. [C:\Progh\Code\Project_RetroGame\POCS\ControlMovement\ControlMovement.srcs\sources_1\new\XY_GEN.vhd:]
WARNING: [filemgmt 56-199] Attempt to get parsing info during refresh. "On-the-fly" syntax checking information may be incorrect. [C:\Progh\Code\Project_RetroGame\POCS\ControlMovement\ControlMovement.srcs\sources_1\new\XY_GEN.vhd:]
WARNING: [filemgmt 56-199] Attempt to get parsing info during refresh. "On-the-fly" syntax checking information may be incorrect. [C:\Progh\Code\Project_RetroGame\POCS\ControlMovement\ControlMovement.srcs\sources_1\new\CharacterController.vhd:]
WARNING: [filemgmt 56-199] Attempt to get parsing info during refresh. "On-the-fly" syntax checking information may be incorrect. [C:\Progh\Code\Project_RetroGame\POCS\ControlMovement\ControlMovement.srcs\sources_1\new\XY_GEN.vhd:]
WARNING: [filemgmt 56-199] Attempt to get parsing info during refresh. "On-the-fly" syntax checking information may be incorrect. [C:\Progh\Code\Project_RetroGame\POCS\ControlMovement\ControlMovement.srcs\sources_1\imports\Week 5 + 6 - Bounching Square - Ball\DVI.vhd:]
WARNING: [filemgmt 56-199] Attempt to get parsing info during refresh. "On-the-fly" syntax checking information may be incorrect. [C:\Progh\Code\Project_RetroGame\POCS\ControlMovement\ControlMovement.srcs\sources_1\new\ControlCharacter.vhd:]
WARNING: [filemgmt 56-199] Attempt to get parsing info during refresh. "On-the-fly" syntax checking information may be incorrect. [C:\Progh\Code\Project_RetroGame\POCS\ControlMovement\ControlMovement.srcs\sources_1\new\ControlCharacter.vhd:]
WARNING: [filemgmt 56-199] Attempt to get parsing info during refresh. "On-the-fly" syntax checking information may be incorrect. [C:\Progh\Code\Project_RetroGame\POCS\ControlMovement\ControlMovement.srcs\sources_1\new\ControlCharacter.vhd:]
reset_run synth_1
INFO: [Project 1-1161] Replacing file C:/Progh/Code/Project_RetroGame/POCS/ControlMovement/ControlMovement.srcs/utils_1/imports/synth_1/DVI.dcp with file C:/Progh/Code/Project_RetroGame/POCS/ControlMovement/ControlMovement.runs/synth_1/DVI_Top.dcp
launch_runs impl_1 -to_step write_bitstream -jobs 8
[Wed Mar 19 13:52:45 2025] Launched synth_1...
Run output will be captured here: C:/Progh/Code/Project_RetroGame/POCS/ControlMovement/ControlMovement.runs/synth_1/runme.log
[Wed Mar 19 13:52:45 2025] Launched impl_1...
Run output will be captured here: C:/Progh/Code/Project_RetroGame/POCS/ControlMovement/ControlMovement.runs/impl_1/runme.log
WARNING: [filemgmt 56-199] Attempt to get parsing info during refresh. "On-the-fly" syntax checking information may be incorrect. [C:\Progh\Code\Project_RetroGame\POCS\ControlMovement\ControlMovement.srcs\sources_1\new\CharacterController.vhd:]
WARNING: [filemgmt 56-199] Attempt to get parsing info during refresh. "On-the-fly" syntax checking information may be incorrect. [C:\Progh\Code\Project_RetroGame\POCS\ControlMovement\ControlMovement.srcs\sources_1\new\XY_GEN.vhd:]
WARNING: [filemgmt 56-199] Attempt to get parsing info during refresh. "On-the-fly" syntax checking information may be incorrect. [C:\Progh\Code\Project_RetroGame\POCS\ControlMovement\ControlMovement.srcs\sources_1\imports\Week 5 + 6 - Bounching Square - Ball\DVI.vhd:]
WARNING: [filemgmt 56-199] Attempt to get parsing info during refresh. "On-the-fly" syntax checking information may be incorrect. [C:\Progh\Code\Project_RetroGame\POCS\ControlMovement\ControlMovement.srcs\sources_1\new\ControlCharacter.vhd:]
WARNING: [filemgmt 56-199] Attempt to get parsing info during refresh. "On-the-fly" syntax checking information may be incorrect. [C:\Progh\Code\Project_RetroGame\POCS\ControlMovement\ControlMovement.srcs\sources_1\new\XY_GEN.vhd:]
WARNING: [filemgmt 56-199] Attempt to get parsing info during refresh. "On-the-fly" syntax checking information may be incorrect. [C:\Progh\Code\Project_RetroGame\POCS\ControlMovement\ControlMovement.srcs\sources_1\new\XY_GEN.vhd:]
WARNING: [filemgmt 56-199] Attempt to get parsing info during refresh. "On-the-fly" syntax checking information may be incorrect. [C:\Progh\Code\Project_RetroGame\POCS\ControlMovement\ControlMovement.srcs\sources_1\new\CharacterController.vhd:]
WARNING: [filemgmt 56-199] Attempt to get parsing info during refresh. "On-the-fly" syntax checking information may be incorrect. [C:\Progh\Code\Project_RetroGame\POCS\ControlMovement\ControlMovement.srcs\sources_1\new\XY_GEN.vhd:]
WARNING: [filemgmt 56-199] Attempt to get parsing info during refresh. "On-the-fly" syntax checking information may be incorrect. [C:\Progh\Code\Project_RetroGame\POCS\ControlMovement\ControlMovement.srcs\sources_1\imports\Week 5 + 6 - Bounching Square - Ball\DVI.vhd:]
WARNING: [filemgmt 56-199] Attempt to get parsing info during refresh. "On-the-fly" syntax checking information may be incorrect. [C:\Progh\Code\Project_RetroGame\POCS\ControlMovement\ControlMovement.srcs\sources_1\new\ControlCharacter.vhd:]
WARNING: [filemgmt 56-199] Attempt to get parsing info during refresh. "On-the-fly" syntax checking information may be incorrect. [C:\Progh\Code\Project_RetroGame\POCS\ControlMovement\ControlMovement.srcs\sources_1\new\ControlCharacter.vhd:]
WARNING: [filemgmt 56-199] Attempt to get parsing info during refresh. "On-the-fly" syntax checking information may be incorrect. [C:\Progh\Code\Project_RetroGame\POCS\ControlMovement\ControlMovement.srcs\sources_1\new\ControlCharacter.vhd:]
ERROR: [Common 17-180] Spawn failed: No error
WARNING: [filemgmt 56-199] Attempt to get parsing info during refresh. "On-the-fly" syntax checking information may be incorrect. [C:\Progh\Code\Project_RetroGame\POCS\ControlMovement\ControlMovement.srcs\sources_1\new\CharacterController.vhd:]
WARNING: [filemgmt 56-199] Attempt to get parsing info during refresh. "On-the-fly" syntax checking information may be incorrect. [C:\Progh\Code\Project_RetroGame\POCS\ControlMovement\ControlMovement.srcs\sources_1\new\XY_GEN.vhd:]
WARNING: [filemgmt 56-199] Attempt to get parsing info during refresh. "On-the-fly" syntax checking information may be incorrect. [C:\Progh\Code\Project_RetroGame\POCS\ControlMovement\ControlMovement.srcs\sources_1\imports\Week 5 + 6 - Bounching Square - Ball\DVI.vhd:]
WARNING: [filemgmt 56-199] Attempt to get parsing info during refresh. "On-the-fly" syntax checking information may be incorrect. [C:\Progh\Code\Project_RetroGame\POCS\ControlMovement\ControlMovement.srcs\sources_1\new\ControlCharacter.vhd:]
WARNING: [filemgmt 56-199] Attempt to get parsing info during refresh. "On-the-fly" syntax checking information may be incorrect. [C:\Progh\Code\Project_RetroGame\POCS\ControlMovement\ControlMovement.srcs\sources_1\imports\Week 5 + 6 - Bounching Square - Ball\DVI.vhd:]
WARNING: [filemgmt 56-199] Attempt to get parsing info during refresh. "On-the-fly" syntax checking information may be incorrect. [C:\Progh\Code\Project_RetroGame\POCS\ControlMovement\ControlMovement.srcs\sources_1\imports\Week 5 + 6 - Bounching Square - Ball\DVI.vhd:]
ERROR: [Common 17-180] Spawn failed: No error
WARNING: [filemgmt 56-199] Attempt to get parsing info during refresh. "On-the-fly" syntax checking information may be incorrect. [C:\Progh\Code\Project_RetroGame\POCS\ControlMovement\ControlMovement.srcs\sources_1\new\CharacterController.vhd:]
WARNING: [filemgmt 56-199] Attempt to get parsing info during refresh. "On-the-fly" syntax checking information may be incorrect. [C:\Progh\Code\Project_RetroGame\POCS\ControlMovement\ControlMovement.srcs\sources_1\new\XY_GEN.vhd:]
WARNING: [filemgmt 56-199] Attempt to get parsing info during refresh. "On-the-fly" syntax checking information may be incorrect. [C:\Progh\Code\Project_RetroGame\POCS\ControlMovement\ControlMovement.srcs\sources_1\imports\Week 5 + 6 - Bounching Square - Ball\DVI.vhd:]
WARNING: [filemgmt 56-199] Attempt to get parsing info during refresh. "On-the-fly" syntax checking information may be incorrect. [C:\Progh\Code\Project_RetroGame\POCS\ControlMovement\ControlMovement.srcs\sources_1\new\ControlCharacter.vhd:]
WARNING: [filemgmt 56-199] Attempt to get parsing info during refresh. "On-the-fly" syntax checking information may be incorrect. [C:\Progh\Code\Project_RetroGame\POCS\ControlMovement\ControlMovement.srcs\sources_1\imports\Week 5 + 6 - Bounching Square - Ball\DVI.vhd:]
WARNING: [filemgmt 56-199] Attempt to get parsing info during refresh. "On-the-fly" syntax checking information may be incorrect. [C:\Progh\Code\Project_RetroGame\POCS\ControlMovement\ControlMovement.srcs\sources_1\imports\Week 5 + 6 - Bounching Square - Ball\DVI.vhd:]
WARNING: [filemgmt 56-199] Attempt to get parsing info during refresh. "On-the-fly" syntax checking information may be incorrect. [C:\Progh\Code\Project_RetroGame\POCS\ControlMovement\ControlMovement.srcs\sources_1\new\CharacterController.vhd:]
WARNING: [filemgmt 56-199] Attempt to get parsing info during refresh. "On-the-fly" syntax checking information may be incorrect. [C:\Progh\Code\Project_RetroGame\POCS\ControlMovement\ControlMovement.srcs\sources_1\new\XY_GEN.vhd:]
WARNING: [filemgmt 56-199] Attempt to get parsing info during refresh. "On-the-fly" syntax checking information may be incorrect. [C:\Progh\Code\Project_RetroGame\POCS\ControlMovement\ControlMovement.srcs\sources_1\imports\Week 5 + 6 - Bounching Square - Ball\DVI.vhd:]
WARNING: [filemgmt 56-199] Attempt to get parsing info during refresh. "On-the-fly" syntax checking information may be incorrect. [C:\Progh\Code\Project_RetroGame\POCS\ControlMovement\ControlMovement.srcs\sources_1\new\ControlCharacter.vhd:]
WARNING: [filemgmt 56-199] Attempt to get parsing info during refresh. "On-the-fly" syntax checking information may be incorrect. [C:\Progh\Code\Project_RetroGame\POCS\ControlMovement\ControlMovement.srcs\sources_1\new\ControlCharacter.vhd:]
WARNING: [filemgmt 56-199] Attempt to get parsing info during refresh. "On-the-fly" syntax checking information may be incorrect. [C:\Progh\Code\Project_RetroGame\POCS\ControlMovement\ControlMovement.srcs\sources_1\new\ControlCharacter.vhd:]
ERROR: [Common 17-180] Spawn failed: No error
WARNING: [filemgmt 56-199] Attempt to get parsing info during refresh. "On-the-fly" syntax checking information may be incorrect. [C:\Progh\Code\Project_RetroGame\POCS\ControlMovement\ControlMovement.srcs\sources_1\new\CharacterController.vhd:]
WARNING: [filemgmt 56-199] Attempt to get parsing info during refresh. "On-the-fly" syntax checking information may be incorrect. [C:\Progh\Code\Project_RetroGame\POCS\ControlMovement\ControlMovement.srcs\sources_1\new\XY_GEN.vhd:]
WARNING: [filemgmt 56-199] Attempt to get parsing info during refresh. "On-the-fly" syntax checking information may be incorrect. [C:\Progh\Code\Project_RetroGame\POCS\ControlMovement\ControlMovement.srcs\sources_1\imports\Week 5 + 6 - Bounching Square - Ball\DVI.vhd:]
WARNING: [filemgmt 56-199] Attempt to get parsing info during refresh. "On-the-fly" syntax checking information may be incorrect. [C:\Progh\Code\Project_RetroGame\POCS\ControlMovement\ControlMovement.srcs\sources_1\new\ControlCharacter.vhd:]
WARNING: [filemgmt 56-199] Attempt to get parsing info during refresh. "On-the-fly" syntax checking information may be incorrect. [C:\Progh\Code\Project_RetroGame\POCS\ControlMovement\ControlMovement.srcs\sources_1\new\XY_GEN.vhd:]
WARNING: [filemgmt 56-199] Attempt to get parsing info during refresh. "On-the-fly" syntax checking information may be incorrect. [C:\Progh\Code\Project_RetroGame\POCS\ControlMovement\ControlMovement.srcs\sources_1\new\XY_GEN.vhd:]
ERROR: [Common 17-180] Spawn failed: No error
reset_run synth_1
launch_runs impl_1 -to_step write_bitstream -jobs 8
[Wed Mar 19 13:53:47 2025] Launched synth_1...
Run output will be captured here: C:/Progh/Code/Project_RetroGame/POCS/ControlMovement/ControlMovement.runs/synth_1/runme.log
[Wed Mar 19 13:53:47 2025] Launched impl_1...
Run output will be captured here: C:/Progh/Code/Project_RetroGame/POCS/ControlMovement/ControlMovement.runs/impl_1/runme.log
WARNING: [filemgmt 56-199] Attempt to get parsing info during refresh. "On-the-fly" syntax checking information may be incorrect. [C:\Progh\Code\Project_RetroGame\POCS\ControlMovement\ControlMovement.srcs\sources_1\new\CharacterController.vhd:]
WARNING: [filemgmt 56-199] Attempt to get parsing info during refresh. "On-the-fly" syntax checking information may be incorrect. [C:\Progh\Code\Project_RetroGame\POCS\ControlMovement\ControlMovement.srcs\sources_1\new\XY_GEN.vhd:]
WARNING: [filemgmt 56-199] Attempt to get parsing info during refresh. "On-the-fly" syntax checking information may be incorrect. [C:\Progh\Code\Project_RetroGame\POCS\ControlMovement\ControlMovement.srcs\sources_1\imports\Week 5 + 6 - Bounching Square - Ball\DVI.vhd:]
WARNING: [filemgmt 56-199] Attempt to get parsing info during refresh. "On-the-fly" syntax checking information may be incorrect. [C:\Progh\Code\Project_RetroGame\POCS\ControlMovement\ControlMovement.srcs\sources_1\new\ControlCharacter.vhd:]
WARNING: [filemgmt 56-199] Attempt to get parsing info during refresh. "On-the-fly" syntax checking information may be incorrect. [C:\Progh\Code\Project_RetroGame\POCS\ControlMovement\ControlMovement.srcs\sources_1\new\XY_GEN.vhd:]
WARNING: [filemgmt 56-199] Attempt to get parsing info during refresh. "On-the-fly" syntax checking information may be incorrect. [C:\Progh\Code\Project_RetroGame\POCS\ControlMovement\ControlMovement.srcs\sources_1\new\XY_GEN.vhd:]
WARNING: [filemgmt 56-199] Attempt to get parsing info during refresh. "On-the-fly" syntax checking information may be incorrect. [C:\Progh\Code\Project_RetroGame\POCS\ControlMovement\ControlMovement.srcs\sources_1\new\CharacterController.vhd:]
WARNING: [filemgmt 56-199] Attempt to get parsing info during refresh. "On-the-fly" syntax checking information may be incorrect. [C:\Progh\Code\Project_RetroGame\POCS\ControlMovement\ControlMovement.srcs\sources_1\new\XY_GEN.vhd:]
WARNING: [filemgmt 56-199] Attempt to get parsing info during refresh. "On-the-fly" syntax checking information may be incorrect. [C:\Progh\Code\Project_RetroGame\POCS\ControlMovement\ControlMovement.srcs\sources_1\imports\Week 5 + 6 - Bounching Square - Ball\DVI.vhd:]
WARNING: [filemgmt 56-199] Attempt to get parsing info during refresh. "On-the-fly" syntax checking information may be incorrect. [C:\Progh\Code\Project_RetroGame\POCS\ControlMovement\ControlMovement.srcs\sources_1\new\ControlCharacter.vhd:]
WARNING: [filemgmt 56-199] Attempt to get parsing info during refresh. "On-the-fly" syntax checking information may be incorrect. [C:\Progh\Code\Project_RetroGame\POCS\ControlMovement\ControlMovement.srcs\sources_1\new\ControlCharacter.vhd:]
WARNING: [filemgmt 56-199] Attempt to get parsing info during refresh. "On-the-fly" syntax checking information may be incorrect. [C:\Progh\Code\Project_RetroGame\POCS\ControlMovement\ControlMovement.srcs\sources_1\new\ControlCharacter.vhd:]
ERROR: [Common 17-180] Spawn failed: No error
WARNING: [filemgmt 56-199] Attempt to get parsing info during refresh. "On-the-fly" syntax checking information may be incorrect. [C:\Progh\Code\Project_RetroGame\POCS\ControlMovement\ControlMovement.srcs\sources_1\new\CharacterController.vhd:]
WARNING: [filemgmt 56-199] Attempt to get parsing info during refresh. "On-the-fly" syntax checking information may be incorrect. [C:\Progh\Code\Project_RetroGame\POCS\ControlMovement\ControlMovement.srcs\sources_1\new\XY_GEN.vhd:]
WARNING: [filemgmt 56-199] Attempt to get parsing info during refresh. "On-the-fly" syntax checking information may be incorrect. [C:\Progh\Code\Project_RetroGame\POCS\ControlMovement\ControlMovement.srcs\sources_1\imports\Week 5 + 6 - Bounching Square - Ball\DVI.vhd:]
WARNING: [filemgmt 56-199] Attempt to get parsing info during refresh. "On-the-fly" syntax checking information may be incorrect. [C:\Progh\Code\Project_RetroGame\POCS\ControlMovement\ControlMovement.srcs\sources_1\new\ControlCharacter.vhd:]
WARNING: [filemgmt 56-199] Attempt to get parsing info during refresh. "On-the-fly" syntax checking information may be incorrect. [C:\Progh\Code\Project_RetroGame\POCS\ControlMovement\ControlMovement.srcs\sources_1\new\CharacterController.vhd:]
WARNING: [filemgmt 56-199] Attempt to get parsing info during refresh. "On-the-fly" syntax checking information may be incorrect. [C:\Progh\Code\Project_RetroGame\POCS\ControlMovement\ControlMovement.srcs\sources_1\new\CharacterController.vhd:]
ERROR: [Common 17-180] Spawn failed: No error
reset_run synth_1
launch_runs impl_1 -to_step write_bitstream -jobs 8
[Wed Mar 19 13:54:53 2025] Launched synth_1...
Run output will be captured here: C:/Progh/Code/Project_RetroGame/POCS/ControlMovement/ControlMovement.runs/synth_1/runme.log
[Wed Mar 19 13:54:53 2025] Launched impl_1...
Run output will be captured here: C:/Progh/Code/Project_RetroGame/POCS/ControlMovement/ControlMovement.runs/impl_1/runme.log
WARNING: [filemgmt 56-199] Attempt to get parsing info during refresh. "On-the-fly" syntax checking information may be incorrect. [C:\Progh\Code\Project_RetroGame\POCS\ControlMovement\ControlMovement.srcs\sources_1\new\CharacterController.vhd:]
WARNING: [filemgmt 56-199] Attempt to get parsing info during refresh. "On-the-fly" syntax checking information may be incorrect. [C:\Progh\Code\Project_RetroGame\POCS\ControlMovement\ControlMovement.srcs\sources_1\new\XY_GEN.vhd:]
WARNING: [filemgmt 56-199] Attempt to get parsing info during refresh. "On-the-fly" syntax checking information may be incorrect. [C:\Progh\Code\Project_RetroGame\POCS\ControlMovement\ControlMovement.srcs\sources_1\imports\Week 5 + 6 - Bounching Square - Ball\DVI.vhd:]
WARNING: [filemgmt 56-199] Attempt to get parsing info during refresh. "On-the-fly" syntax checking information may be incorrect. [C:\Progh\Code\Project_RetroGame\POCS\ControlMovement\ControlMovement.srcs\sources_1\new\ControlCharacter.vhd:]
WARNING: [filemgmt 56-199] Attempt to get parsing info during refresh. "On-the-fly" syntax checking information may be incorrect. [C:\Progh\Code\Project_RetroGame\POCS\ControlMovement\ControlMovement.srcs\sources_1\new\XY_GEN.vhd:]
WARNING: [filemgmt 56-199] Attempt to get parsing info during refresh. "On-the-fly" syntax checking information may be incorrect. [C:\Progh\Code\Project_RetroGame\POCS\ControlMovement\ControlMovement.srcs\sources_1\new\XY_GEN.vhd:]
WARNING: [filemgmt 56-199] Attempt to get parsing info during refresh. "On-the-fly" syntax checking information may be incorrect. [C:\Progh\Code\Project_RetroGame\POCS\ControlMovement\ControlMovement.srcs\sources_1\new\CharacterController.vhd:]
WARNING: [filemgmt 56-199] Attempt to get parsing info during refresh. "On-the-fly" syntax checking information may be incorrect. [C:\Progh\Code\Project_RetroGame\POCS\ControlMovement\ControlMovement.srcs\sources_1\new\XY_GEN.vhd:]
WARNING: [filemgmt 56-199] Attempt to get parsing info during refresh. "On-the-fly" syntax checking information may be incorrect. [C:\Progh\Code\Project_RetroGame\POCS\ControlMovement\ControlMovement.srcs\sources_1\imports\Week 5 + 6 - Bounching Square - Ball\DVI.vhd:]
WARNING: [filemgmt 56-199] Attempt to get parsing info during refresh. "On-the-fly" syntax checking information may be incorrect. [C:\Progh\Code\Project_RetroGame\POCS\ControlMovement\ControlMovement.srcs\sources_1\new\ControlCharacter.vhd:]
WARNING: [filemgmt 56-199] Attempt to get parsing info during refresh. "On-the-fly" syntax checking information may be incorrect. [C:\Progh\Code\Project_RetroGame\POCS\ControlMovement\ControlMovement.srcs\sources_1\new\ControlCharacter.vhd:]
WARNING: [filemgmt 56-199] Attempt to get parsing info during refresh. "On-the-fly" syntax checking information may be incorrect. [C:\Progh\Code\Project_RetroGame\POCS\ControlMovement\ControlMovement.srcs\sources_1\new\ControlCharacter.vhd:]
reset_run synth_1
WARNING: [Vivado 12-1017] Problems encountered:
1. Failed to delete one or more files in run directory C:/Progh/Code/Project_RetroGame/POCS/ControlMovement/ControlMovement.runs/synth_1

ERROR: [Common 17-180] Spawn failed: No error
ERROR: [Common 17-180] Spawn failed: No error
launch_runs impl_1 -to_step write_bitstream -jobs 8
[Wed Mar 19 13:55:16 2025] Launched synth_1...
Run output will be captured here: C:/Progh/Code/Project_RetroGame/POCS/ControlMovement/ControlMovement.runs/synth_1/runme.log
[Wed Mar 19 13:55:16 2025] Launched impl_1...
Run output will be captured here: C:/Progh/Code/Project_RetroGame/POCS/ControlMovement/ControlMovement.runs/impl_1/runme.log
WARNING: [filemgmt 56-199] Attempt to get parsing info during refresh. "On-the-fly" syntax checking information may be incorrect. [C:\Progh\Code\Project_RetroGame\POCS\ControlMovement\ControlMovement.srcs\sources_1\new\CharacterController.vhd:]
WARNING: [filemgmt 56-199] Attempt to get parsing info during refresh. "On-the-fly" syntax checking information may be incorrect. [C:\Progh\Code\Project_RetroGame\POCS\ControlMovement\ControlMovement.srcs\sources_1\new\XY_GEN.vhd:]
WARNING: [filemgmt 56-199] Attempt to get parsing info during refresh. "On-the-fly" syntax checking information may be incorrect. [C:\Progh\Code\Project_RetroGame\POCS\ControlMovement\ControlMovement.srcs\sources_1\imports\Week 5 + 6 - Bounching Square - Ball\DVI.vhd:]
WARNING: [filemgmt 56-199] Attempt to get parsing info during refresh. "On-the-fly" syntax checking information may be incorrect. [C:\Progh\Code\Project_RetroGame\POCS\ControlMovement\ControlMovement.srcs\sources_1\new\ControlCharacter.vhd:]
WARNING: [filemgmt 56-199] Attempt to get parsing info during refresh. "On-the-fly" syntax checking information may be incorrect. [C:\Progh\Code\Project_RetroGame\POCS\ControlMovement\ControlMovement.srcs\sources_1\new\XY_GEN.vhd:]
WARNING: [filemgmt 56-199] Attempt to get parsing info during refresh. "On-the-fly" syntax checking information may be incorrect. [C:\Progh\Code\Project_RetroGame\POCS\ControlMovement\ControlMovement.srcs\sources_1\new\XY_GEN.vhd:]
WARNING: [filemgmt 56-199] Attempt to get parsing info during refresh. "On-the-fly" syntax checking information may be incorrect. [C:\Progh\Code\Project_RetroGame\POCS\ControlMovement\ControlMovement.srcs\sources_1\new\CharacterController.vhd:]
WARNING: [filemgmt 56-199] Attempt to get parsing info during refresh. "On-the-fly" syntax checking information may be incorrect. [C:\Progh\Code\Project_RetroGame\POCS\ControlMovement\ControlMovement.srcs\sources_1\new\XY_GEN.vhd:]
WARNING: [filemgmt 56-199] Attempt to get parsing info during refresh. "On-the-fly" syntax checking information may be incorrect. [C:\Progh\Code\Project_RetroGame\POCS\ControlMovement\ControlMovement.srcs\sources_1\imports\Week 5 + 6 - Bounching Square - Ball\DVI.vhd:]
WARNING: [filemgmt 56-199] Attempt to get parsing info during refresh. "On-the-fly" syntax checking information may be incorrect. [C:\Progh\Code\Project_RetroGame\POCS\ControlMovement\ControlMovement.srcs\sources_1\new\ControlCharacter.vhd:]
WARNING: [filemgmt 56-199] Attempt to get parsing info during refresh. "On-the-fly" syntax checking information may be incorrect. [C:\Progh\Code\Project_RetroGame\POCS\ControlMovement\ControlMovement.srcs\sources_1\imports\Week 5 + 6 - Bounching Square - Ball\DVI.vhd:]
WARNING: [filemgmt 56-199] Attempt to get parsing info during refresh. "On-the-fly" syntax checking information may be incorrect. [C:\Progh\Code\Project_RetroGame\POCS\ControlMovement\ControlMovement.srcs\sources_1\imports\Week 5 + 6 - Bounching Square - Ball\DVI.vhd:]
WARNING: [filemgmt 56-199] Attempt to get parsing info during refresh. "On-the-fly" syntax checking information may be incorrect. [C:\Progh\Code\Project_RetroGame\POCS\ControlMovement\ControlMovement.srcs\sources_1\new\CharacterController.vhd:]
WARNING: [filemgmt 56-199] Attempt to get parsing info during refresh. "On-the-fly" syntax checking information may be incorrect. [C:\Progh\Code\Project_RetroGame\POCS\ControlMovement\ControlMovement.srcs\sources_1\new\XY_GEN.vhd:]
WARNING: [filemgmt 56-199] Attempt to get parsing info during refresh. "On-the-fly" syntax checking information may be incorrect. [C:\Progh\Code\Project_RetroGame\POCS\ControlMovement\ControlMovement.srcs\sources_1\imports\Week 5 + 6 - Bounching Square - Ball\DVI.vhd:]
WARNING: [filemgmt 56-199] Attempt to get parsing info during refresh. "On-the-fly" syntax checking information may be incorrect. [C:\Progh\Code\Project_RetroGame\POCS\ControlMovement\ControlMovement.srcs\sources_1\new\ControlCharacter.vhd:]
WARNING: [filemgmt 56-199] Attempt to get parsing info during refresh. "On-the-fly" syntax checking information may be incorrect. [C:\Progh\Code\Project_RetroGame\POCS\ControlMovement\ControlMovement.srcs\sources_1\new\XY_GEN.vhd:]
WARNING: [filemgmt 56-199] Attempt to get parsing info during refresh. "On-the-fly" syntax checking information may be incorrect. [C:\Progh\Code\Project_RetroGame\POCS\ControlMovement\ControlMovement.srcs\sources_1\new\XY_GEN.vhd:]
WARNING: [filemgmt 56-199] Attempt to get parsing info during refresh. "On-the-fly" syntax checking information may be incorrect. [C:\Progh\Code\Project_RetroGame\POCS\ControlMovement\ControlMovement.srcs\sources_1\new\CharacterController.vhd:]
WARNING: [filemgmt 56-199] Attempt to get parsing info during refresh. "On-the-fly" syntax checking information may be incorrect. [C:\Progh\Code\Project_RetroGame\POCS\ControlMovement\ControlMovement.srcs\sources_1\new\XY_GEN.vhd:]
WARNING: [filemgmt 56-199] Attempt to get parsing info during refresh. "On-the-fly" syntax checking information may be incorrect. [C:\Progh\Code\Project_RetroGame\POCS\ControlMovement\ControlMovement.srcs\sources_1\imports\Week 5 + 6 - Bounching Square - Ball\DVI.vhd:]
WARNING: [filemgmt 56-199] Attempt to get parsing info during refresh. "On-the-fly" syntax checking information may be incorrect. [C:\Progh\Code\Project_RetroGame\POCS\ControlMovement\ControlMovement.srcs\sources_1\new\ControlCharacter.vhd:]
WARNING: [filemgmt 56-199] Attempt to get parsing info during refresh. "On-the-fly" syntax checking information may be incorrect. [C:\Progh\Code\Project_RetroGame\POCS\ControlMovement\ControlMovement.srcs\sources_1\new\ControlCharacter.vhd:]
WARNING: [filemgmt 56-199] Attempt to get parsing info during refresh. "On-the-fly" syntax checking information may be incorrect. [C:\Progh\Code\Project_RetroGame\POCS\ControlMovement\ControlMovement.srcs\sources_1\new\ControlCharacter.vhd:]
ERROR: [Common 17-180] Spawn failed: No error
WARNING: [filemgmt 56-199] Attempt to get parsing info during refresh. "On-the-fly" syntax checking information may be incorrect. [C:\Progh\Code\Project_RetroGame\POCS\ControlMovement\ControlMovement.srcs\sources_1\new\CharacterController.vhd:]
WARNING: [filemgmt 56-199] Attempt to get parsing info during refresh. "On-the-fly" syntax checking information may be incorrect. [C:\Progh\Code\Project_RetroGame\POCS\ControlMovement\ControlMovement.srcs\sources_1\new\XY_GEN.vhd:]
WARNING: [filemgmt 56-199] Attempt to get parsing info during refresh. "On-the-fly" syntax checking information may be incorrect. [C:\Progh\Code\Project_RetroGame\POCS\ControlMovement\ControlMovement.srcs\sources_1\imports\Week 5 + 6 - Bounching Square - Ball\DVI.vhd:]
WARNING: [filemgmt 56-199] Attempt to get parsing info during refresh. "On-the-fly" syntax checking information may be incorrect. [C:\Progh\Code\Project_RetroGame\POCS\ControlMovement\ControlMovement.srcs\sources_1\new\ControlCharacter.vhd:]
WARNING: [filemgmt 56-199] Attempt to get parsing info during refresh. "On-the-fly" syntax checking information may be incorrect. [C:\Progh\Code\Project_RetroGame\POCS\ControlMovement\ControlMovement.srcs\sources_1\imports\Week 5 + 6 - Bounching Square - Ball\DVI.vhd:]
WARNING: [filemgmt 56-199] Attempt to get parsing info during refresh. "On-the-fly" syntax checking information may be incorrect. [C:\Progh\Code\Project_RetroGame\POCS\ControlMovement\ControlMovement.srcs\sources_1\imports\Week 5 + 6 - Bounching Square - Ball\DVI.vhd:]
ERROR: [Common 17-180] Spawn failed: No error
WARNING: [filemgmt 56-199] Attempt to get parsing info during refresh. "On-the-fly" syntax checking information may be incorrect. [C:\Progh\Code\Project_RetroGame\POCS\ControlMovement\ControlMovement.srcs\sources_1\new\CharacterController.vhd:]
WARNING: [filemgmt 56-199] Attempt to get parsing info during refresh. "On-the-fly" syntax checking information may be incorrect. [C:\Progh\Code\Project_RetroGame\POCS\ControlMovement\ControlMovement.srcs\sources_1\new\XY_GEN.vhd:]
WARNING: [filemgmt 56-199] Attempt to get parsing info during refresh. "On-the-fly" syntax checking information may be incorrect. [C:\Progh\Code\Project_RetroGame\POCS\ControlMovement\ControlMovement.srcs\sources_1\imports\Week 5 + 6 - Bounching Square - Ball\DVI.vhd:]
WARNING: [filemgmt 56-199] Attempt to get parsing info during refresh. "On-the-fly" syntax checking information may be incorrect. [C:\Progh\Code\Project_RetroGame\POCS\ControlMovement\ControlMovement.srcs\sources_1\new\ControlCharacter.vhd:]
WARNING: [filemgmt 56-199] Attempt to get parsing info during refresh. "On-the-fly" syntax checking information may be incorrect. [C:\Progh\Code\Project_RetroGame\POCS\ControlMovement\ControlMovement.srcs\sources_1\new\XY_GEN.vhd:]
WARNING: [filemgmt 56-199] Attempt to get parsing info during refresh. "On-the-fly" syntax checking information may be incorrect. [C:\Progh\Code\Project_RetroGame\POCS\ControlMovement\ControlMovement.srcs\sources_1\new\XY_GEN.vhd:]
WARNING: [filemgmt 56-199] Attempt to get parsing info during refresh. "On-the-fly" syntax checking information may be incorrect. [C:\Progh\Code\Project_RetroGame\POCS\ControlMovement\ControlMovement.srcs\sources_1\new\CharacterController.vhd:]
WARNING: [filemgmt 56-199] Attempt to get parsing info during refresh. "On-the-fly" syntax checking information may be incorrect. [C:\Progh\Code\Project_RetroGame\POCS\ControlMovement\ControlMovement.srcs\sources_1\new\XY_GEN.vhd:]
WARNING: [filemgmt 56-199] Attempt to get parsing info during refresh. "On-the-fly" syntax checking information may be incorrect. [C:\Progh\Code\Project_RetroGame\POCS\ControlMovement\ControlMovement.srcs\sources_1\imports\Week 5 + 6 - Bounching Square - Ball\DVI.vhd:]
WARNING: [filemgmt 56-199] Attempt to get parsing info during refresh. "On-the-fly" syntax checking information may be incorrect. [C:\Progh\Code\Project_RetroGame\POCS\ControlMovement\ControlMovement.srcs\sources_1\new\ControlCharacter.vhd:]
WARNING: [filemgmt 56-199] Attempt to get parsing info during refresh. "On-the-fly" syntax checking information may be incorrect. [C:\Progh\Code\Project_RetroGame\POCS\ControlMovement\ControlMovement.srcs\sources_1\new\ControlCharacter.vhd:]
WARNING: [filemgmt 56-199] Attempt to get parsing info during refresh. "On-the-fly" syntax checking information may be incorrect. [C:\Progh\Code\Project_RetroGame\POCS\ControlMovement\ControlMovement.srcs\sources_1\new\ControlCharacter.vhd:]
reset_run synth_1
launch_runs impl_1 -to_step write_bitstream -jobs 8
ERROR: [Common 17-180] Spawn failed: No error
WARNING: [filemgmt 56-199] Attempt to get parsing info during refresh. "On-the-fly" syntax checking information may be incorrect. [C:\Progh\Code\Project_RetroGame\POCS\ControlMovement\ControlMovement.srcs\sources_1\new\CharacterController.vhd:]
WARNING: [filemgmt 56-199] Attempt to get parsing info during refresh. "On-the-fly" syntax checking information may be incorrect. [C:\Progh\Code\Project_RetroGame\POCS\ControlMovement\ControlMovement.srcs\sources_1\new\XY_GEN.vhd:]
WARNING: [filemgmt 56-199] Attempt to get parsing info during refresh. "On-the-fly" syntax checking information may be incorrect. [C:\Progh\Code\Project_RetroGame\POCS\ControlMovement\ControlMovement.srcs\sources_1\imports\Week 5 + 6 - Bounching Square - Ball\DVI.vhd:]
WARNING: [filemgmt 56-199] Attempt to get parsing info during refresh. "On-the-fly" syntax checking information may be incorrect. [C:\Progh\Code\Project_RetroGame\POCS\ControlMovement\ControlMovement.srcs\sources_1\new\ControlCharacter.vhd:]
WARNING: [filemgmt 56-199] Attempt to get parsing info during refresh. "On-the-fly" syntax checking information may be incorrect. [C:\Progh\Code\Project_RetroGame\POCS\ControlMovement\ControlMovement.srcs\sources_1\imports\Week 5 + 6 - Bounching Square - Ball\DVI.vhd:]
WARNING: [filemgmt 56-199] Attempt to get parsing info during refresh. "On-the-fly" syntax checking information may be incorrect. [C:\Progh\Code\Project_RetroGame\POCS\ControlMovement\ControlMovement.srcs\sources_1\imports\Week 5 + 6 - Bounching Square - Ball\DVI.vhd:]
ERROR: [Common 17-180] Spawn failed: No error
ERROR: [Vivado 12-4756] Launch of runs aborted due to earlier errors while preparing sub-designs for run execution.
launch_runs impl_1 -to_step write_bitstream -jobs 8
[Wed Mar 19 13:57:09 2025] Launched synth_1...
Run output will be captured here: C:/Progh/Code/Project_RetroGame/POCS/ControlMovement/ControlMovement.runs/synth_1/runme.log
[Wed Mar 19 13:57:09 2025] Launched impl_1...
Run output will be captured here: C:/Progh/Code/Project_RetroGame/POCS/ControlMovement/ControlMovement.runs/impl_1/runme.log
ERROR: [Labtoolstcl 44-513] HW Target shutdown. Closing target: localhost:3121/xilinx_tcf/Digilent/210183A37A8BA
INFO: [Labtoolstcl 44-466] Opening hw_target localhost:3121/xilinx_tcf/Digilent/210183A37A8BA
INFO: [Labtools 27-1435] Device xc7a35t (JTAG device index = 0) is not programmed (DONE status = 0).
WARNING: [Labtoolstcl 44-129] No matching hw_ila_data was found.
set_property PROBES.FILE {} [get_hw_devices xc7a35t_0]
set_property FULL_PROBES.FILE {} [get_hw_devices xc7a35t_0]
set_property PROGRAM.FILE {C:/Progh/Code/Project_RetroGame/POCS/ControlMovement/ControlMovement.runs/impl_1/DVI_Top.bit} [get_hw_devices xc7a35t_0]
program_hw_devices [get_hw_devices xc7a35t_0]
INFO: [Labtools 27-3164] End of startup status: HIGH
refresh_hw_device [lindex [get_hw_devices xc7a35t_0] 0]
INFO: [Labtools 27-1434] Device xc7a35t (JTAG device index = 0) is programmed with a design that has no supported debug core(s) in it.
WARNING: [filemgmt 56-199] Attempt to get parsing info during refresh. "On-the-fly" syntax checking information may be incorrect. [C:\Progh\Code\Project_RetroGame\POCS\ControlMovement\ControlMovement.srcs\sources_1\new\CharacterController.vhd:]
WARNING: [filemgmt 56-199] Attempt to get parsing info during refresh. "On-the-fly" syntax checking information may be incorrect. [C:\Progh\Code\Project_RetroGame\POCS\ControlMovement\ControlMovement.srcs\sources_1\new\XY_GEN.vhd:]
WARNING: [filemgmt 56-199] Attempt to get parsing info during refresh. "On-the-fly" syntax checking information may be incorrect. [C:\Progh\Code\Project_RetroGame\POCS\ControlMovement\ControlMovement.srcs\sources_1\imports\Week 5 + 6 - Bounching Square - Ball\DVI.vhd:]
WARNING: [filemgmt 56-199] Attempt to get parsing info during refresh. "On-the-fly" syntax checking information may be incorrect. [C:\Progh\Code\Project_RetroGame\POCS\ControlMovement\ControlMovement.srcs\sources_1\new\ControlCharacter.vhd:]
WARNING: [filemgmt 56-199] Attempt to get parsing info during refresh. "On-the-fly" syntax checking information may be incorrect. [C:\Progh\Code\Project_RetroGame\POCS\ControlMovement\ControlMovement.srcs\sources_1\new\XY_GEN.vhd:]
WARNING: [filemgmt 56-199] Attempt to get parsing info during refresh. "On-the-fly" syntax checking information may be incorrect. [C:\Progh\Code\Project_RetroGame\POCS\ControlMovement\ControlMovement.srcs\sources_1\new\XY_GEN.vhd:]
WARNING: [filemgmt 56-199] Attempt to get parsing info during refresh. "On-the-fly" syntax checking information may be incorrect. [C:\Progh\Code\Project_RetroGame\POCS\ControlMovement\ControlMovement.srcs\sources_1\new\CharacterController.vhd:]
WARNING: [filemgmt 56-199] Attempt to get parsing info during refresh. "On-the-fly" syntax checking information may be incorrect. [C:\Progh\Code\Project_RetroGame\POCS\ControlMovement\ControlMovement.srcs\sources_1\new\XY_GEN.vhd:]
WARNING: [filemgmt 56-199] Attempt to get parsing info during refresh. "On-the-fly" syntax checking information may be incorrect. [C:\Progh\Code\Project_RetroGame\POCS\ControlMovement\ControlMovement.srcs\sources_1\imports\Week 5 + 6 - Bounching Square - Ball\DVI.vhd:]
WARNING: [filemgmt 56-199] Attempt to get parsing info during refresh. "On-the-fly" syntax checking information may be incorrect. [C:\Progh\Code\Project_RetroGame\POCS\ControlMovement\ControlMovement.srcs\sources_1\new\ControlCharacter.vhd:]
WARNING: [filemgmt 56-199] Attempt to get parsing info during refresh. "On-the-fly" syntax checking information may be incorrect. [C:\Progh\Code\Project_RetroGame\POCS\ControlMovement\ControlMovement.srcs\sources_1\new\ControlCharacter.vhd:]
WARNING: [filemgmt 56-199] Attempt to get parsing info during refresh. "On-the-fly" syntax checking information may be incorrect. [C:\Progh\Code\Project_RetroGame\POCS\ControlMovement\ControlMovement.srcs\sources_1\new\ControlCharacter.vhd:]
ERROR: [Common 17-180] Spawn failed: No error
WARNING: [filemgmt 56-199] Attempt to get parsing info during refresh. "On-the-fly" syntax checking information may be incorrect. [C:\Progh\Code\Project_RetroGame\POCS\ControlMovement\ControlMovement.srcs\sources_1\new\CharacterController.vhd:]
WARNING: [filemgmt 56-199] Attempt to get parsing info during refresh. "On-the-fly" syntax checking information may be incorrect. [C:\Progh\Code\Project_RetroGame\POCS\ControlMovement\ControlMovement.srcs\sources_1\new\XY_GEN.vhd:]
WARNING: [filemgmt 56-199] Attempt to get parsing info during refresh. "On-the-fly" syntax checking information may be incorrect. [C:\Progh\Code\Project_RetroGame\POCS\ControlMovement\ControlMovement.srcs\sources_1\imports\Week 5 + 6 - Bounching Square - Ball\DVI.vhd:]
WARNING: [filemgmt 56-199] Attempt to get parsing info during refresh. "On-the-fly" syntax checking information may be incorrect. [C:\Progh\Code\Project_RetroGame\POCS\ControlMovement\ControlMovement.srcs\sources_1\new\ControlCharacter.vhd:]
WARNING: [filemgmt 56-199] Attempt to get parsing info during refresh. "On-the-fly" syntax checking information may be incorrect. [C:\Progh\Code\Project_RetroGame\POCS\ControlMovement\ControlMovement.srcs\sources_1\imports\Week 5 + 6 - Bounching Square - Ball\DVI.vhd:]
WARNING: [filemgmt 56-199] Attempt to get parsing info during refresh. "On-the-fly" syntax checking information may be incorrect. [C:\Progh\Code\Project_RetroGame\POCS\ControlMovement\ControlMovement.srcs\sources_1\imports\Week 5 + 6 - Bounching Square - Ball\DVI.vhd:]
ERROR: [Common 17-180] Spawn failed: No error
reset_run synth_1
INFO: [Project 1-1161] Replacing file C:/Progh/Code/Project_RetroGame/POCS/ControlMovement/ControlMovement.srcs/utils_1/imports/synth_1/DVI.dcp with file C:/Progh/Code/Project_RetroGame/POCS/ControlMovement/ControlMovement.runs/synth_1/DVI_Top.dcp
launch_runs impl_1 -to_step write_bitstream -jobs 8
[Wed Mar 19 14:15:36 2025] Launched synth_1...
Run output will be captured here: C:/Progh/Code/Project_RetroGame/POCS/ControlMovement/ControlMovement.runs/synth_1/runme.log
[Wed Mar 19 14:15:36 2025] Launched impl_1...
Run output will be captured here: C:/Progh/Code/Project_RetroGame/POCS/ControlMovement/ControlMovement.runs/impl_1/runme.log
WARNING: [filemgmt 56-199] Attempt to get parsing info during refresh. "On-the-fly" syntax checking information may be incorrect. [C:\Progh\Code\Project_RetroGame\POCS\ControlMovement\ControlMovement.srcs\sources_1\new\CharacterController.vhd:]
WARNING: [filemgmt 56-199] Attempt to get parsing info during refresh. "On-the-fly" syntax checking information may be incorrect. [C:\Progh\Code\Project_RetroGame\POCS\ControlMovement\ControlMovement.srcs\sources_1\new\XY_GEN.vhd:]
WARNING: [filemgmt 56-199] Attempt to get parsing info during refresh. "On-the-fly" syntax checking information may be incorrect. [C:\Progh\Code\Project_RetroGame\POCS\ControlMovement\ControlMovement.srcs\sources_1\imports\Week 5 + 6 - Bounching Square - Ball\DVI.vhd:]
WARNING: [filemgmt 56-199] Attempt to get parsing info during refresh. "On-the-fly" syntax checking information may be incorrect. [C:\Progh\Code\Project_RetroGame\POCS\ControlMovement\ControlMovement.srcs\sources_1\new\ControlCharacter.vhd:]
WARNING: [filemgmt 56-199] Attempt to get parsing info during refresh. "On-the-fly" syntax checking information may be incorrect. [C:\Progh\Code\Project_RetroGame\POCS\ControlMovement\ControlMovement.srcs\sources_1\new\XY_GEN.vhd:]
WARNING: [filemgmt 56-199] Attempt to get parsing info during refresh. "On-the-fly" syntax checking information may be incorrect. [C:\Progh\Code\Project_RetroGame\POCS\ControlMovement\ControlMovement.srcs\sources_1\new\XY_GEN.vhd:]
WARNING: [filemgmt 56-199] Attempt to get parsing info during refresh. "On-the-fly" syntax checking information may be incorrect. [C:\Progh\Code\Project_RetroGame\POCS\ControlMovement\ControlMovement.srcs\sources_1\new\CharacterController.vhd:]
WARNING: [filemgmt 56-199] Attempt to get parsing info during refresh. "On-the-fly" syntax checking information may be incorrect. [C:\Progh\Code\Project_RetroGame\POCS\ControlMovement\ControlMovement.srcs\sources_1\new\XY_GEN.vhd:]
WARNING: [filemgmt 56-199] Attempt to get parsing info during refresh. "On-the-fly" syntax checking information may be incorrect. [C:\Progh\Code\Project_RetroGame\POCS\ControlMovement\ControlMovement.srcs\sources_1\imports\Week 5 + 6 - Bounching Square - Ball\DVI.vhd:]
WARNING: [filemgmt 56-199] Attempt to get parsing info during refresh. "On-the-fly" syntax checking information may be incorrect. [C:\Progh\Code\Project_RetroGame\POCS\ControlMovement\ControlMovement.srcs\sources_1\new\ControlCharacter.vhd:]
WARNING: [filemgmt 56-199] Attempt to get parsing info during refresh. "On-the-fly" syntax checking information may be incorrect. [C:\Progh\Code\Project_RetroGame\POCS\ControlMovement\ControlMovement.srcs\sources_1\new\ControlCharacter.vhd:]
WARNING: [filemgmt 56-199] Attempt to get parsing info during refresh. "On-the-fly" syntax checking information may be incorrect. [C:\Progh\Code\Project_RetroGame\POCS\ControlMovement\ControlMovement.srcs\sources_1\new\ControlCharacter.vhd:]
ERROR: [Common 17-180] Spawn failed: No error
WARNING: [filemgmt 56-199] Attempt to get parsing info during refresh. "On-the-fly" syntax checking information may be incorrect. [C:\Progh\Code\Project_RetroGame\POCS\ControlMovement\ControlMovement.srcs\sources_1\new\CharacterController.vhd:]
WARNING: [filemgmt 56-199] Attempt to get parsing info during refresh. "On-the-fly" syntax checking information may be incorrect. [C:\Progh\Code\Project_RetroGame\POCS\ControlMovement\ControlMovement.srcs\sources_1\new\XY_GEN.vhd:]
WARNING: [filemgmt 56-199] Attempt to get parsing info during refresh. "On-the-fly" syntax checking information may be incorrect. [C:\Progh\Code\Project_RetroGame\POCS\ControlMovement\ControlMovement.srcs\sources_1\imports\Week 5 + 6 - Bounching Square - Ball\DVI.vhd:]
WARNING: [filemgmt 56-199] Attempt to get parsing info during refresh. "On-the-fly" syntax checking information may be incorrect. [C:\Progh\Code\Project_RetroGame\POCS\ControlMovement\ControlMovement.srcs\sources_1\new\ControlCharacter.vhd:]
WARNING: [filemgmt 56-199] Attempt to get parsing info during refresh. "On-the-fly" syntax checking information may be incorrect. [C:\Progh\Code\Project_RetroGame\POCS\ControlMovement\ControlMovement.srcs\sources_1\imports\Week 5 + 6 - Bounching Square - Ball\DVI.vhd:]
WARNING: [filemgmt 56-199] Attempt to get parsing info during refresh. "On-the-fly" syntax checking information may be incorrect. [C:\Progh\Code\Project_RetroGame\POCS\ControlMovement\ControlMovement.srcs\sources_1\imports\Week 5 + 6 - Bounching Square - Ball\DVI.vhd:]
ERROR: [Common 17-180] Spawn failed: No error
set_property PROBES.FILE {} [get_hw_devices xc7a35t_0]
set_property FULL_PROBES.FILE {} [get_hw_devices xc7a35t_0]
set_property PROGRAM.FILE {C:/Progh/Code/Project_RetroGame/POCS/ControlMovement/ControlMovement.runs/impl_1/DVI_Top.bit} [get_hw_devices xc7a35t_0]
program_hw_devices [get_hw_devices xc7a35t_0]
INFO: [Labtools 27-3164] End of startup status: HIGH
refresh_hw_device [lindex [get_hw_devices xc7a35t_0] 0]
INFO: [Labtools 27-1434] Device xc7a35t (JTAG device index = 0) is programmed with a design that has no supported debug core(s) in it.
WARNING: [filemgmt 56-199] Attempt to get parsing info during refresh. "On-the-fly" syntax checking information may be incorrect. [C:\Progh\Code\Project_RetroGame\POCS\ControlMovement\ControlMovement.srcs\sources_1\new\CharacterController.vhd:]
WARNING: [filemgmt 56-199] Attempt to get parsing info during refresh. "On-the-fly" syntax checking information may be incorrect. [C:\Progh\Code\Project_RetroGame\POCS\ControlMovement\ControlMovement.srcs\sources_1\new\XY_GEN.vhd:]
WARNING: [filemgmt 56-199] Attempt to get parsing info during refresh. "On-the-fly" syntax checking information may be incorrect. [C:\Progh\Code\Project_RetroGame\POCS\ControlMovement\ControlMovement.srcs\sources_1\imports\Week 5 + 6 - Bounching Square - Ball\DVI.vhd:]
WARNING: [filemgmt 56-199] Attempt to get parsing info during refresh. "On-the-fly" syntax checking information may be incorrect. [C:\Progh\Code\Project_RetroGame\POCS\ControlMovement\ControlMovement.srcs\sources_1\new\ControlCharacter.vhd:]
WARNING: [filemgmt 56-199] Attempt to get parsing info during refresh. "On-the-fly" syntax checking information may be incorrect. [C:\Progh\Code\Project_RetroGame\POCS\ControlMovement\ControlMovement.srcs\sources_1\imports\Week 5 + 6 - Bounching Square - Ball\DVI.vhd:]
WARNING: [filemgmt 56-199] Attempt to get parsing info during refresh. "On-the-fly" syntax checking information may be incorrect. [C:\Progh\Code\Project_RetroGame\POCS\ControlMovement\ControlMovement.srcs\sources_1\imports\Week 5 + 6 - Bounching Square - Ball\DVI.vhd:]
WARNING: [filemgmt 56-199] Attempt to get parsing info during refresh. "On-the-fly" syntax checking information may be incorrect. [C:\Progh\Code\Project_RetroGame\POCS\ControlMovement\ControlMovement.srcs\sources_1\new\CharacterController.vhd:]
WARNING: [filemgmt 56-199] Attempt to get parsing info during refresh. "On-the-fly" syntax checking information may be incorrect. [C:\Progh\Code\Project_RetroGame\POCS\ControlMovement\ControlMovement.srcs\sources_1\new\XY_GEN.vhd:]
WARNING: [filemgmt 56-199] Attempt to get parsing info during refresh. "On-the-fly" syntax checking information may be incorrect. [C:\Progh\Code\Project_RetroGame\POCS\ControlMovement\ControlMovement.srcs\sources_1\imports\Week 5 + 6 - Bounching Square - Ball\DVI.vhd:]
WARNING: [filemgmt 56-199] Attempt to get parsing info during refresh. "On-the-fly" syntax checking information may be incorrect. [C:\Progh\Code\Project_RetroGame\POCS\ControlMovement\ControlMovement.srcs\sources_1\new\ControlCharacter.vhd:]
WARNING: [filemgmt 56-199] Attempt to get parsing info during refresh. "On-the-fly" syntax checking information may be incorrect. [C:\Progh\Code\Project_RetroGame\POCS\ControlMovement\ControlMovement.srcs\sources_1\new\ControlCharacter.vhd:]
WARNING: [filemgmt 56-199] Attempt to get parsing info during refresh. "On-the-fly" syntax checking information may be incorrect. [C:\Progh\Code\Project_RetroGame\POCS\ControlMovement\ControlMovement.srcs\sources_1\new\ControlCharacter.vhd:]
reset_run impl_1 -prev_step 
launch_runs impl_1 -to_step write_bitstream -jobs 8
ERROR: [Common 17-180] Spawn failed: No error
WARNING: [filemgmt 56-199] Attempt to get parsing info during refresh. "On-the-fly" syntax checking information may be incorrect. [C:\Progh\Code\Project_RetroGame\POCS\ControlMovement\ControlMovement.srcs\sources_1\new\CharacterController.vhd:]
WARNING: [filemgmt 56-199] Attempt to get parsing info during refresh. "On-the-fly" syntax checking information may be incorrect. [C:\Progh\Code\Project_RetroGame\POCS\ControlMovement\ControlMovement.srcs\sources_1\new\XY_GEN.vhd:]
WARNING: [filemgmt 56-199] Attempt to get parsing info during refresh. "On-the-fly" syntax checking information may be incorrect. [C:\Progh\Code\Project_RetroGame\POCS\ControlMovement\ControlMovement.srcs\sources_1\imports\Week 5 + 6 - Bounching Square - Ball\DVI.vhd:]
WARNING: [filemgmt 56-199] Attempt to get parsing info during refresh. "On-the-fly" syntax checking information may be incorrect. [C:\Progh\Code\Project_RetroGame\POCS\ControlMovement\ControlMovement.srcs\sources_1\new\ControlCharacter.vhd:]
WARNING: [filemgmt 56-199] Attempt to get parsing info during refresh. "On-the-fly" syntax checking information may be incorrect. [C:\Progh\Code\Project_RetroGame\POCS\ControlMovement\ControlMovement.srcs\sources_1\new\XY_GEN.vhd:]
WARNING: [filemgmt 56-199] Attempt to get parsing info during refresh. "On-the-fly" syntax checking information may be incorrect. [C:\Progh\Code\Project_RetroGame\POCS\ControlMovement\ControlMovement.srcs\sources_1\new\XY_GEN.vhd:]
ERROR: [Common 17-180] Spawn failed: No error
[Wed Mar 19 14:18:21 2025] Launched impl_1...
Run output will be captured here: C:/Progh/Code/Project_RetroGame/POCS/ControlMovement/ControlMovement.runs/impl_1/runme.log
ERROR: [Common 17-39] 'launch_runs' failed due to earlier errors.
set_property PROBES.FILE {} [get_hw_devices xc7a35t_0]
set_property FULL_PROBES.FILE {} [get_hw_devices xc7a35t_0]
set_property PROGRAM.FILE {C:/Progh/Code/Project_RetroGame/POCS/ControlMovement/ControlMovement.runs/impl_1/DVI_Top.bit} [get_hw_devices xc7a35t_0]
program_hw_devices [get_hw_devices xc7a35t_0]
INFO: [Labtools 27-3164] End of startup status: HIGH
refresh_hw_device [lindex [get_hw_devices xc7a35t_0] 0]
INFO: [Labtools 27-1434] Device xc7a35t (JTAG device index = 0) is programmed with a design that has no supported debug core(s) in it.
WARNING: [filemgmt 56-199] Attempt to get parsing info during refresh. "On-the-fly" syntax checking information may be incorrect. [C:\Progh\Code\Project_RetroGame\POCS\ControlMovement\ControlMovement.srcs\sources_1\new\CharacterController.vhd:]
WARNING: [filemgmt 56-199] Attempt to get parsing info during refresh. "On-the-fly" syntax checking information may be incorrect. [C:\Progh\Code\Project_RetroGame\POCS\ControlMovement\ControlMovement.srcs\sources_1\new\XY_GEN.vhd:]
WARNING: [filemgmt 56-199] Attempt to get parsing info during refresh. "On-the-fly" syntax checking information may be incorrect. [C:\Progh\Code\Project_RetroGame\POCS\ControlMovement\ControlMovement.srcs\sources_1\imports\Week 5 + 6 - Bounching Square - Ball\DVI.vhd:]
WARNING: [filemgmt 56-199] Attempt to get parsing info during refresh. "On-the-fly" syntax checking information may be incorrect. [C:\Progh\Code\Project_RetroGame\POCS\ControlMovement\ControlMovement.srcs\sources_1\new\ControlCharacter.vhd:]
WARNING: [filemgmt 56-199] Attempt to get parsing info during refresh. "On-the-fly" syntax checking information may be incorrect. [C:\Progh\Code\Project_RetroGame\POCS\ControlMovement\ControlMovement.srcs\sources_1\new\XY_GEN.vhd:]
WARNING: [filemgmt 56-199] Attempt to get parsing info during refresh. "On-the-fly" syntax checking information may be incorrect. [C:\Progh\Code\Project_RetroGame\POCS\ControlMovement\ControlMovement.srcs\sources_1\new\XY_GEN.vhd:]
WARNING: [filemgmt 56-199] Attempt to get parsing info during refresh. "On-the-fly" syntax checking information may be incorrect. [C:\Progh\Code\Project_RetroGame\POCS\ControlMovement\ControlMovement.srcs\sources_1\new\CharacterController.vhd:]
WARNING: [filemgmt 56-199] Attempt to get parsing info during refresh. "On-the-fly" syntax checking information may be incorrect. [C:\Progh\Code\Project_RetroGame\POCS\ControlMovement\ControlMovement.srcs\sources_1\new\XY_GEN.vhd:]
WARNING: [filemgmt 56-199] Attempt to get parsing info during refresh. "On-the-fly" syntax checking information may be incorrect. [C:\Progh\Code\Project_RetroGame\POCS\ControlMovement\ControlMovement.srcs\sources_1\imports\Week 5 + 6 - Bounching Square - Ball\DVI.vhd:]
WARNING: [filemgmt 56-199] Attempt to get parsing info during refresh. "On-the-fly" syntax checking information may be incorrect. [C:\Progh\Code\Project_RetroGame\POCS\ControlMovement\ControlMovement.srcs\sources_1\new\ControlCharacter.vhd:]
WARNING: [filemgmt 56-199] Attempt to get parsing info during refresh. "On-the-fly" syntax checking information may be incorrect. [C:\Progh\Code\Project_RetroGame\POCS\ControlMovement\ControlMovement.srcs\sources_1\new\ControlCharacter.vhd:]
WARNING: [filemgmt 56-199] Attempt to get parsing info during refresh. "On-the-fly" syntax checking information may be incorrect. [C:\Progh\Code\Project_RetroGame\POCS\ControlMovement\ControlMovement.srcs\sources_1\new\ControlCharacter.vhd:]
ERROR: [Common 17-180] Spawn failed: No error
WARNING: [filemgmt 56-199] Attempt to get parsing info during refresh. "On-the-fly" syntax checking information may be incorrect. [C:\Progh\Code\Project_RetroGame\POCS\ControlMovement\ControlMovement.srcs\sources_1\new\CharacterController.vhd:]
WARNING: [filemgmt 56-199] Attempt to get parsing info during refresh. "On-the-fly" syntax checking information may be incorrect. [C:\Progh\Code\Project_RetroGame\POCS\ControlMovement\ControlMovement.srcs\sources_1\new\XY_GEN.vhd:]
WARNING: [filemgmt 56-199] Attempt to get parsing info during refresh. "On-the-fly" syntax checking information may be incorrect. [C:\Progh\Code\Project_RetroGame\POCS\ControlMovement\ControlMovement.srcs\sources_1\imports\Week 5 + 6 - Bounching Square - Ball\DVI.vhd:]
WARNING: [filemgmt 56-199] Attempt to get parsing info during refresh. "On-the-fly" syntax checking information may be incorrect. [C:\Progh\Code\Project_RetroGame\POCS\ControlMovement\ControlMovement.srcs\sources_1\new\ControlCharacter.vhd:]
WARNING: [filemgmt 56-199] Attempt to get parsing info during refresh. "On-the-fly" syntax checking information may be incorrect. [C:\Progh\Code\Project_RetroGame\POCS\ControlMovement\ControlMovement.srcs\sources_1\imports\Week 5 + 6 - Bounching Square - Ball\DVI.vhd:]
WARNING: [filemgmt 56-199] Attempt to get parsing info during refresh. "On-the-fly" syntax checking information may be incorrect. [C:\Progh\Code\Project_RetroGame\POCS\ControlMovement\ControlMovement.srcs\sources_1\imports\Week 5 + 6 - Bounching Square - Ball\DVI.vhd:]
ERROR: [Common 17-180] Spawn failed: No error
WARNING: [filemgmt 56-199] Attempt to get parsing info during refresh. "On-the-fly" syntax checking information may be incorrect. [C:\Progh\Code\Project_RetroGame\POCS\ControlMovement\ControlMovement.srcs\sources_1\new\CharacterController.vhd:]
WARNING: [filemgmt 56-199] Attempt to get parsing info during refresh. "On-the-fly" syntax checking information may be incorrect. [C:\Progh\Code\Project_RetroGame\POCS\ControlMovement\ControlMovement.srcs\sources_1\new\XY_GEN.vhd:]
WARNING: [filemgmt 56-199] Attempt to get parsing info during refresh. "On-the-fly" syntax checking information may be incorrect. [C:\Progh\Code\Project_RetroGame\POCS\ControlMovement\ControlMovement.srcs\sources_1\imports\Week 5 + 6 - Bounching Square - Ball\DVI.vhd:]
WARNING: [filemgmt 56-199] Attempt to get parsing info during refresh. "On-the-fly" syntax checking information may be incorrect. [C:\Progh\Code\Project_RetroGame\POCS\ControlMovement\ControlMovement.srcs\sources_1\new\ControlCharacter.vhd:]
WARNING: [filemgmt 56-199] Attempt to get parsing info during refresh. "On-the-fly" syntax checking information may be incorrect. [C:\Progh\Code\Project_RetroGame\POCS\ControlMovement\ControlMovement.srcs\sources_1\new\XY_GEN.vhd:]
WARNING: [filemgmt 56-199] Attempt to get parsing info during refresh. "On-the-fly" syntax checking information may be incorrect. [C:\Progh\Code\Project_RetroGame\POCS\ControlMovement\ControlMovement.srcs\sources_1\new\XY_GEN.vhd:]
WARNING: [filemgmt 56-199] Attempt to get parsing info during refresh. "On-the-fly" syntax checking information may be incorrect. [C:\Progh\Code\Project_RetroGame\POCS\ControlMovement\ControlMovement.srcs\sources_1\new\CharacterController.vhd:]
WARNING: [filemgmt 56-199] Attempt to get parsing info during refresh. "On-the-fly" syntax checking information may be incorrect. [C:\Progh\Code\Project_RetroGame\POCS\ControlMovement\ControlMovement.srcs\sources_1\new\XY_GEN.vhd:]
WARNING: [filemgmt 56-199] Attempt to get parsing info during refresh. "On-the-fly" syntax checking information may be incorrect. [C:\Progh\Code\Project_RetroGame\POCS\ControlMovement\ControlMovement.srcs\sources_1\imports\Week 5 + 6 - Bounching Square - Ball\DVI.vhd:]
WARNING: [filemgmt 56-199] Attempt to get parsing info during refresh. "On-the-fly" syntax checking information may be incorrect. [C:\Progh\Code\Project_RetroGame\POCS\ControlMovement\ControlMovement.srcs\sources_1\new\ControlCharacter.vhd:]
WARNING: [filemgmt 56-199] Attempt to get parsing info during refresh. "On-the-fly" syntax checking information may be incorrect. [C:\Progh\Code\Project_RetroGame\POCS\ControlMovement\ControlMovement.srcs\sources_1\new\ControlCharacter.vhd:]
WARNING: [filemgmt 56-199] Attempt to get parsing info during refresh. "On-the-fly" syntax checking information may be incorrect. [C:\Progh\Code\Project_RetroGame\POCS\ControlMovement\ControlMovement.srcs\sources_1\new\ControlCharacter.vhd:]
reset_run impl_1 -prev_step 
ERROR: [Common 17-180] Spawn failed: No error
ERROR: [Common 17-180] Spawn failed: No error
ERROR: [Common 17-39] 'reset_runs' failed due to earlier errors.
launch_runs impl_1 -to_step write_bitstream -jobs 8
[Wed Mar 19 14:29:28 2025] Launched impl_1...
Run output will be captured here: C:/Progh/Code/Project_RetroGame/POCS/ControlMovement/ControlMovement.runs/impl_1/runme.log
launch_runs impl_1 -to_step write_bitstream -jobs 8
ERROR: [Common 17-69] Command failed:  Run'impl_1' is already running and cannot be relaunched.
set_property PROBES.FILE {} [get_hw_devices xc7a35t_0]
set_property FULL_PROBES.FILE {} [get_hw_devices xc7a35t_0]
set_property PROGRAM.FILE {C:/Progh/Code/Project_RetroGame/POCS/ControlMovement/ControlMovement.runs/impl_1/DVI_Top.bit} [get_hw_devices xc7a35t_0]
program_hw_devices [get_hw_devices xc7a35t_0]
INFO: [Labtools 27-3164] End of startup status: HIGH
refresh_hw_device [lindex [get_hw_devices xc7a35t_0] 0]
INFO: [Labtools 27-1434] Device xc7a35t (JTAG device index = 0) is programmed with a design that has no supported debug core(s) in it.
WARNING: [filemgmt 56-199] Attempt to get parsing info during refresh. "On-the-fly" syntax checking information may be incorrect. [C:\Progh\Code\Project_RetroGame\POCS\ControlMovement\ControlMovement.srcs\sources_1\new\CharacterController.vhd:]
WARNING: [filemgmt 56-199] Attempt to get parsing info during refresh. "On-the-fly" syntax checking information may be incorrect. [C:\Progh\Code\Project_RetroGame\POCS\ControlMovement\ControlMovement.srcs\sources_1\new\XY_GEN.vhd:]
WARNING: [filemgmt 56-199] Attempt to get parsing info during refresh. "On-the-fly" syntax checking information may be incorrect. [C:\Progh\Code\Project_RetroGame\POCS\ControlMovement\ControlMovement.srcs\sources_1\imports\Week 5 + 6 - Bounching Square - Ball\DVI.vhd:]
WARNING: [filemgmt 56-199] Attempt to get parsing info during refresh. "On-the-fly" syntax checking information may be incorrect. [C:\Progh\Code\Project_RetroGame\POCS\ControlMovement\ControlMovement.srcs\sources_1\new\ControlCharacter.vhd:]
WARNING: [filemgmt 56-199] Attempt to get parsing info during refresh. "On-the-fly" syntax checking information may be incorrect. [C:\Progh\Code\Project_RetroGame\POCS\ControlMovement\ControlMovement.srcs\sources_1\new\XY_GEN.vhd:]
WARNING: [filemgmt 56-199] Attempt to get parsing info during refresh. "On-the-fly" syntax checking information may be incorrect. [C:\Progh\Code\Project_RetroGame\POCS\ControlMovement\ControlMovement.srcs\sources_1\new\XY_GEN.vhd:]
WARNING: [filemgmt 56-199] Attempt to get parsing info during refresh. "On-the-fly" syntax checking information may be incorrect. [C:\Progh\Code\Project_RetroGame\POCS\ControlMovement\ControlMovement.srcs\sources_1\new\CharacterController.vhd:]
WARNING: [filemgmt 56-199] Attempt to get parsing info during refresh. "On-the-fly" syntax checking information may be incorrect. [C:\Progh\Code\Project_RetroGame\POCS\ControlMovement\ControlMovement.srcs\sources_1\new\XY_GEN.vhd:]
WARNING: [filemgmt 56-199] Attempt to get parsing info during refresh. "On-the-fly" syntax checking information may be incorrect. [C:\Progh\Code\Project_RetroGame\POCS\ControlMovement\ControlMovement.srcs\sources_1\imports\Week 5 + 6 - Bounching Square - Ball\DVI.vhd:]
WARNING: [filemgmt 56-199] Attempt to get parsing info during refresh. "On-the-fly" syntax checking information may be incorrect. [C:\Progh\Code\Project_RetroGame\POCS\ControlMovement\ControlMovement.srcs\sources_1\new\ControlCharacter.vhd:]
WARNING: [filemgmt 56-199] Attempt to get parsing info during refresh. "On-the-fly" syntax checking information may be incorrect. [C:\Progh\Code\Project_RetroGame\POCS\ControlMovement\ControlMovement.srcs\sources_1\new\ControlCharacter.vhd:]
WARNING: [filemgmt 56-199] Attempt to get parsing info during refresh. "On-the-fly" syntax checking information may be incorrect. [C:\Progh\Code\Project_RetroGame\POCS\ControlMovement\ControlMovement.srcs\sources_1\new\ControlCharacter.vhd:]
ERROR: [Common 17-180] Spawn failed: No error
WARNING: [filemgmt 56-199] Attempt to get parsing info during refresh. "On-the-fly" syntax checking information may be incorrect. [C:\Progh\Code\Project_RetroGame\POCS\ControlMovement\ControlMovement.srcs\sources_1\new\CharacterController.vhd:]
WARNING: [filemgmt 56-199] Attempt to get parsing info during refresh. "On-the-fly" syntax checking information may be incorrect. [C:\Progh\Code\Project_RetroGame\POCS\ControlMovement\ControlMovement.srcs\sources_1\new\XY_GEN.vhd:]
WARNING: [filemgmt 56-199] Attempt to get parsing info during refresh. "On-the-fly" syntax checking information may be incorrect. [C:\Progh\Code\Project_RetroGame\POCS\ControlMovement\ControlMovement.srcs\sources_1\imports\Week 5 + 6 - Bounching Square - Ball\DVI.vhd:]
WARNING: [filemgmt 56-199] Attempt to get parsing info during refresh. "On-the-fly" syntax checking information may be incorrect. [C:\Progh\Code\Project_RetroGame\POCS\ControlMovement\ControlMovement.srcs\sources_1\new\ControlCharacter.vhd:]
WARNING: [filemgmt 56-199] Attempt to get parsing info during refresh. "On-the-fly" syntax checking information may be incorrect. [C:\Progh\Code\Project_RetroGame\POCS\ControlMovement\ControlMovement.srcs\sources_1\imports\Week 5 + 6 - Bounching Square - Ball\DVI.vhd:]
WARNING: [filemgmt 56-199] Attempt to get parsing info during refresh. "On-the-fly" syntax checking information may be incorrect. [C:\Progh\Code\Project_RetroGame\POCS\ControlMovement\ControlMovement.srcs\sources_1\imports\Week 5 + 6 - Bounching Square - Ball\DVI.vhd:]
ERROR: [Common 17-180] Spawn failed: No error
WARNING: [filemgmt 56-199] Attempt to get parsing info during refresh. "On-the-fly" syntax checking information may be incorrect. [C:\Progh\Code\Project_RetroGame\POCS\ControlMovement\ControlMovement.srcs\sources_1\new\CharacterController.vhd:]
WARNING: [filemgmt 56-199] Attempt to get parsing info during refresh. "On-the-fly" syntax checking information may be incorrect. [C:\Progh\Code\Project_RetroGame\POCS\ControlMovement\ControlMovement.srcs\sources_1\new\XY_GEN.vhd:]
WARNING: [filemgmt 56-199] Attempt to get parsing info during refresh. "On-the-fly" syntax checking information may be incorrect. [C:\Progh\Code\Project_RetroGame\POCS\ControlMovement\ControlMovement.srcs\sources_1\imports\Week 5 + 6 - Bounching Square - Ball\DVI.vhd:]
WARNING: [filemgmt 56-199] Attempt to get parsing info during refresh. "On-the-fly" syntax checking information may be incorrect. [C:\Progh\Code\Project_RetroGame\POCS\ControlMovement\ControlMovement.srcs\sources_1\new\ControlCharacter.vhd:]
WARNING: [filemgmt 56-199] Attempt to get parsing info during refresh. "On-the-fly" syntax checking information may be incorrect. [C:\Progh\Code\Project_RetroGame\POCS\ControlMovement\ControlMovement.srcs\sources_1\new\XY_GEN.vhd:]
WARNING: [filemgmt 56-199] Attempt to get parsing info during refresh. "On-the-fly" syntax checking information may be incorrect. [C:\Progh\Code\Project_RetroGame\POCS\ControlMovement\ControlMovement.srcs\sources_1\new\XY_GEN.vhd:]
WARNING: [filemgmt 56-199] Attempt to get parsing info during refresh. "On-the-fly" syntax checking information may be incorrect. [C:\Progh\Code\Project_RetroGame\POCS\ControlMovement\ControlMovement.srcs\sources_1\new\CharacterController.vhd:]
WARNING: [filemgmt 56-199] Attempt to get parsing info during refresh. "On-the-fly" syntax checking information may be incorrect. [C:\Progh\Code\Project_RetroGame\POCS\ControlMovement\ControlMovement.srcs\sources_1\new\XY_GEN.vhd:]
WARNING: [filemgmt 56-199] Attempt to get parsing info during refresh. "On-the-fly" syntax checking information may be incorrect. [C:\Progh\Code\Project_RetroGame\POCS\ControlMovement\ControlMovement.srcs\sources_1\imports\Week 5 + 6 - Bounching Square - Ball\DVI.vhd:]
WARNING: [filemgmt 56-199] Attempt to get parsing info during refresh. "On-the-fly" syntax checking information may be incorrect. [C:\Progh\Code\Project_RetroGame\POCS\ControlMovement\ControlMovement.srcs\sources_1\new\ControlCharacter.vhd:]
WARNING: [filemgmt 56-199] Attempt to get parsing info during refresh. "On-the-fly" syntax checking information may be incorrect. [C:\Progh\Code\Project_RetroGame\POCS\ControlMovement\ControlMovement.srcs\sources_1\new\ControlCharacter.vhd:]
WARNING: [filemgmt 56-199] Attempt to get parsing info during refresh. "On-the-fly" syntax checking information may be incorrect. [C:\Progh\Code\Project_RetroGame\POCS\ControlMovement\ControlMovement.srcs\sources_1\new\ControlCharacter.vhd:]
ERROR: [Common 17-180] Spawn failed: No error
WARNING: [filemgmt 56-199] Attempt to get parsing info during refresh. "On-the-fly" syntax checking information may be incorrect. [C:\Progh\Code\Project_RetroGame\POCS\ControlMovement\ControlMovement.srcs\sources_1\new\CharacterController.vhd:]
WARNING: [filemgmt 56-199] Attempt to get parsing info during refresh. "On-the-fly" syntax checking information may be incorrect. [C:\Progh\Code\Project_RetroGame\POCS\ControlMovement\ControlMovement.srcs\sources_1\new\XY_GEN.vhd:]
WARNING: [filemgmt 56-199] Attempt to get parsing info during refresh. "On-the-fly" syntax checking information may be incorrect. [C:\Progh\Code\Project_RetroGame\POCS\ControlMovement\ControlMovement.srcs\sources_1\imports\Week 5 + 6 - Bounching Square - Ball\DVI.vhd:]
WARNING: [filemgmt 56-199] Attempt to get parsing info during refresh. "On-the-fly" syntax checking information may be incorrect. [C:\Progh\Code\Project_RetroGame\POCS\ControlMovement\ControlMovement.srcs\sources_1\new\ControlCharacter.vhd:]
WARNING: [filemgmt 56-199] Attempt to get parsing info during refresh. "On-the-fly" syntax checking information may be incorrect. [C:\Progh\Code\Project_RetroGame\POCS\ControlMovement\ControlMovement.srcs\sources_1\imports\Week 5 + 6 - Bounching Square - Ball\DVI.vhd:]
WARNING: [filemgmt 56-199] Attempt to get parsing info during refresh. "On-the-fly" syntax checking information may be incorrect. [C:\Progh\Code\Project_RetroGame\POCS\ControlMovement\ControlMovement.srcs\sources_1\imports\Week 5 + 6 - Bounching Square - Ball\DVI.vhd:]
ERROR: [Common 17-180] Spawn failed: No error
reset_run synth_1
INFO: [Project 1-1161] Replacing file C:/Progh/Code/Project_RetroGame/POCS/ControlMovement/ControlMovement.srcs/utils_1/imports/synth_1/DVI.dcp with file C:/Progh/Code/Project_RetroGame/POCS/ControlMovement/ControlMovement.runs/synth_1/DVI_Top.dcp
launch_runs impl_1 -to_step write_bitstream -jobs 8
[Wed Mar 19 14:31:20 2025] Launched synth_1...
Run output will be captured here: C:/Progh/Code/Project_RetroGame/POCS/ControlMovement/ControlMovement.runs/synth_1/runme.log
[Wed Mar 19 14:31:20 2025] Launched impl_1...
Run output will be captured here: C:/Progh/Code/Project_RetroGame/POCS/ControlMovement/ControlMovement.runs/impl_1/runme.log
WARNING: [filemgmt 56-199] Attempt to get parsing info during refresh. "On-the-fly" syntax checking information may be incorrect. [C:\Progh\Code\Project_RetroGame\POCS\ControlMovement\ControlMovement.srcs\sources_1\new\CharacterController.vhd:]
WARNING: [filemgmt 56-199] Attempt to get parsing info during refresh. "On-the-fly" syntax checking information may be incorrect. [C:\Progh\Code\Project_RetroGame\POCS\ControlMovement\ControlMovement.srcs\sources_1\new\XY_GEN.vhd:]
WARNING: [filemgmt 56-199] Attempt to get parsing info during refresh. "On-the-fly" syntax checking information may be incorrect. [C:\Progh\Code\Project_RetroGame\POCS\ControlMovement\ControlMovement.srcs\sources_1\imports\Week 5 + 6 - Bounching Square - Ball\DVI.vhd:]
WARNING: [filemgmt 56-199] Attempt to get parsing info during refresh. "On-the-fly" syntax checking information may be incorrect. [C:\Progh\Code\Project_RetroGame\POCS\ControlMovement\ControlMovement.srcs\sources_1\new\ControlCharacter.vhd:]
WARNING: [filemgmt 56-199] Attempt to get parsing info during refresh. "On-the-fly" syntax checking information may be incorrect. [C:\Progh\Code\Project_RetroGame\POCS\ControlMovement\ControlMovement.srcs\sources_1\new\XY_GEN.vhd:]
WARNING: [filemgmt 56-199] Attempt to get parsing info during refresh. "On-the-fly" syntax checking information may be incorrect. [C:\Progh\Code\Project_RetroGame\POCS\ControlMovement\ControlMovement.srcs\sources_1\new\XY_GEN.vhd:]
WARNING: [filemgmt 56-199] Attempt to get parsing info during refresh. "On-the-fly" syntax checking information may be incorrect. [C:\Progh\Code\Project_RetroGame\POCS\ControlMovement\ControlMovement.srcs\sources_1\new\CharacterController.vhd:]
WARNING: [filemgmt 56-199] Attempt to get parsing info during refresh. "On-the-fly" syntax checking information may be incorrect. [C:\Progh\Code\Project_RetroGame\POCS\ControlMovement\ControlMovement.srcs\sources_1\new\XY_GEN.vhd:]
WARNING: [filemgmt 56-199] Attempt to get parsing info during refresh. "On-the-fly" syntax checking information may be incorrect. [C:\Progh\Code\Project_RetroGame\POCS\ControlMovement\ControlMovement.srcs\sources_1\imports\Week 5 + 6 - Bounching Square - Ball\DVI.vhd:]
WARNING: [filemgmt 56-199] Attempt to get parsing info during refresh. "On-the-fly" syntax checking information may be incorrect. [C:\Progh\Code\Project_RetroGame\POCS\ControlMovement\ControlMovement.srcs\sources_1\new\ControlCharacter.vhd:]
WARNING: [filemgmt 56-199] Attempt to get parsing info during refresh. "On-the-fly" syntax checking information may be incorrect. [C:\Progh\Code\Project_RetroGame\POCS\ControlMovement\ControlMovement.srcs\sources_1\new\ControlCharacter.vhd:]
WARNING: [filemgmt 56-199] Attempt to get parsing info during refresh. "On-the-fly" syntax checking information may be incorrect. [C:\Progh\Code\Project_RetroGame\POCS\ControlMovement\ControlMovement.srcs\sources_1\new\ControlCharacter.vhd:]
ERROR: [Common 17-180] Spawn failed: No error
WARNING: [filemgmt 56-199] Attempt to get parsing info during refresh. "On-the-fly" syntax checking information may be incorrect. [C:\Progh\Code\Project_RetroGame\POCS\ControlMovement\ControlMovement.srcs\sources_1\new\CharacterController.vhd:]
WARNING: [filemgmt 56-199] Attempt to get parsing info during refresh. "On-the-fly" syntax checking information may be incorrect. [C:\Progh\Code\Project_RetroGame\POCS\ControlMovement\ControlMovement.srcs\sources_1\new\XY_GEN.vhd:]
WARNING: [filemgmt 56-199] Attempt to get parsing info during refresh. "On-the-fly" syntax checking information may be incorrect. [C:\Progh\Code\Project_RetroGame\POCS\ControlMovement\ControlMovement.srcs\sources_1\imports\Week 5 + 6 - Bounching Square - Ball\DVI.vhd:]
WARNING: [filemgmt 56-199] Attempt to get parsing info during refresh. "On-the-fly" syntax checking information may be incorrect. [C:\Progh\Code\Project_RetroGame\POCS\ControlMovement\ControlMovement.srcs\sources_1\new\ControlCharacter.vhd:]
WARNING: [filemgmt 56-199] Attempt to get parsing info during refresh. "On-the-fly" syntax checking information may be incorrect. [C:\Progh\Code\Project_RetroGame\POCS\ControlMovement\ControlMovement.srcs\sources_1\imports\Week 5 + 6 - Bounching Square - Ball\DVI.vhd:]
WARNING: [filemgmt 56-199] Attempt to get parsing info during refresh. "On-the-fly" syntax checking information may be incorrect. [C:\Progh\Code\Project_RetroGame\POCS\ControlMovement\ControlMovement.srcs\sources_1\imports\Week 5 + 6 - Bounching Square - Ball\DVI.vhd:]
ERROR: [Common 17-180] Spawn failed: No error
WARNING: [filemgmt 56-199] Attempt to get parsing info during refresh. "On-the-fly" syntax checking information may be incorrect. [C:\Progh\Code\Project_RetroGame\POCS\ControlMovement\ControlMovement.srcs\sources_1\new\CharacterController.vhd:]
WARNING: [filemgmt 56-199] Attempt to get parsing info during refresh. "On-the-fly" syntax checking information may be incorrect. [C:\Progh\Code\Project_RetroGame\POCS\ControlMovement\ControlMovement.srcs\sources_1\new\XY_GEN.vhd:]
WARNING: [filemgmt 56-199] Attempt to get parsing info during refresh. "On-the-fly" syntax checking information may be incorrect. [C:\Progh\Code\Project_RetroGame\POCS\ControlMovement\ControlMovement.srcs\sources_1\imports\Week 5 + 6 - Bounching Square - Ball\DVI.vhd:]
WARNING: [filemgmt 56-199] Attempt to get parsing info during refresh. "On-the-fly" syntax checking information may be incorrect. [C:\Progh\Code\Project_RetroGame\POCS\ControlMovement\ControlMovement.srcs\sources_1\new\ControlCharacter.vhd:]
WARNING: [filemgmt 56-199] Attempt to get parsing info during refresh. "On-the-fly" syntax checking information may be incorrect. [C:\Progh\Code\Project_RetroGame\POCS\ControlMovement\ControlMovement.srcs\sources_1\new\XY_GEN.vhd:]
WARNING: [filemgmt 56-199] Attempt to get parsing info during refresh. "On-the-fly" syntax checking information may be incorrect. [C:\Progh\Code\Project_RetroGame\POCS\ControlMovement\ControlMovement.srcs\sources_1\new\XY_GEN.vhd:]
WARNING: [filemgmt 56-199] Attempt to get parsing info during refresh. "On-the-fly" syntax checking information may be incorrect. [C:\Progh\Code\Project_RetroGame\POCS\ControlMovement\ControlMovement.srcs\sources_1\new\CharacterController.vhd:]
WARNING: [filemgmt 56-199] Attempt to get parsing info during refresh. "On-the-fly" syntax checking information may be incorrect. [C:\Progh\Code\Project_RetroGame\POCS\ControlMovement\ControlMovement.srcs\sources_1\new\XY_GEN.vhd:]
WARNING: [filemgmt 56-199] Attempt to get parsing info during refresh. "On-the-fly" syntax checking information may be incorrect. [C:\Progh\Code\Project_RetroGame\POCS\ControlMovement\ControlMovement.srcs\sources_1\imports\Week 5 + 6 - Bounching Square - Ball\DVI.vhd:]
WARNING: [filemgmt 56-199] Attempt to get parsing info during refresh. "On-the-fly" syntax checking information may be incorrect. [C:\Progh\Code\Project_RetroGame\POCS\ControlMovement\ControlMovement.srcs\sources_1\new\ControlCharacter.vhd:]
WARNING: [filemgmt 56-199] Attempt to get parsing info during refresh. "On-the-fly" syntax checking information may be incorrect. [C:\Progh\Code\Project_RetroGame\POCS\ControlMovement\ControlMovement.srcs\sources_1\new\ControlCharacter.vhd:]
WARNING: [filemgmt 56-199] Attempt to get parsing info during refresh. "On-the-fly" syntax checking information may be incorrect. [C:\Progh\Code\Project_RetroGame\POCS\ControlMovement\ControlMovement.srcs\sources_1\new\ControlCharacter.vhd:]
ERROR: [Common 17-180] Spawn failed: No error
WARNING: [filemgmt 56-199] Attempt to get parsing info during refresh. "On-the-fly" syntax checking information may be incorrect. [C:\Progh\Code\Project_RetroGame\POCS\ControlMovement\ControlMovement.srcs\sources_1\new\CharacterController.vhd:]
WARNING: [filemgmt 56-199] Attempt to get parsing info during refresh. "On-the-fly" syntax checking information may be incorrect. [C:\Progh\Code\Project_RetroGame\POCS\ControlMovement\ControlMovement.srcs\sources_1\new\XY_GEN.vhd:]
WARNING: [filemgmt 56-199] Attempt to get parsing info during refresh. "On-the-fly" syntax checking information may be incorrect. [C:\Progh\Code\Project_RetroGame\POCS\ControlMovement\ControlMovement.srcs\sources_1\imports\Week 5 + 6 - Bounching Square - Ball\DVI.vhd:]
WARNING: [filemgmt 56-199] Attempt to get parsing info during refresh. "On-the-fly" syntax checking information may be incorrect. [C:\Progh\Code\Project_RetroGame\POCS\ControlMovement\ControlMovement.srcs\sources_1\new\ControlCharacter.vhd:]
WARNING: [filemgmt 56-199] Attempt to get parsing info during refresh. "On-the-fly" syntax checking information may be incorrect. [C:\Progh\Code\Project_RetroGame\POCS\ControlMovement\ControlMovement.srcs\sources_1\imports\Week 5 + 6 - Bounching Square - Ball\DVI.vhd:]
WARNING: [filemgmt 56-199] Attempt to get parsing info during refresh. "On-the-fly" syntax checking information may be incorrect. [C:\Progh\Code\Project_RetroGame\POCS\ControlMovement\ControlMovement.srcs\sources_1\imports\Week 5 + 6 - Bounching Square - Ball\DVI.vhd:]
ERROR: [Common 17-180] Spawn failed: No error
WARNING: [filemgmt 56-199] Attempt to get parsing info during refresh. "On-the-fly" syntax checking information may be incorrect. [C:\Progh\Code\Project_RetroGame\POCS\ControlMovement\ControlMovement.srcs\sources_1\new\CharacterController.vhd:]
WARNING: [filemgmt 56-199] Attempt to get parsing info during refresh. "On-the-fly" syntax checking information may be incorrect. [C:\Progh\Code\Project_RetroGame\POCS\ControlMovement\ControlMovement.srcs\sources_1\new\XY_GEN.vhd:]
WARNING: [filemgmt 56-199] Attempt to get parsing info during refresh. "On-the-fly" syntax checking information may be incorrect. [C:\Progh\Code\Project_RetroGame\POCS\ControlMovement\ControlMovement.srcs\sources_1\imports\Week 5 + 6 - Bounching Square - Ball\DVI.vhd:]
WARNING: [filemgmt 56-199] Attempt to get parsing info during refresh. "On-the-fly" syntax checking information may be incorrect. [C:\Progh\Code\Project_RetroGame\POCS\ControlMovement\ControlMovement.srcs\sources_1\new\ControlCharacter.vhd:]
WARNING: [filemgmt 56-199] Attempt to get parsing info during refresh. "On-the-fly" syntax checking information may be incorrect. [C:\Progh\Code\Project_RetroGame\POCS\ControlMovement\ControlMovement.srcs\sources_1\new\XY_GEN.vhd:]
WARNING: [filemgmt 56-199] Attempt to get parsing info during refresh. "On-the-fly" syntax checking information may be incorrect. [C:\Progh\Code\Project_RetroGame\POCS\ControlMovement\ControlMovement.srcs\sources_1\new\XY_GEN.vhd:]
WARNING: [filemgmt 56-199] Attempt to get parsing info during refresh. "On-the-fly" syntax checking information may be incorrect. [C:\Progh\Code\Project_RetroGame\POCS\ControlMovement\ControlMovement.srcs\sources_1\new\CharacterController.vhd:]
WARNING: [filemgmt 56-199] Attempt to get parsing info during refresh. "On-the-fly" syntax checking information may be incorrect. [C:\Progh\Code\Project_RetroGame\POCS\ControlMovement\ControlMovement.srcs\sources_1\new\XY_GEN.vhd:]
WARNING: [filemgmt 56-199] Attempt to get parsing info during refresh. "On-the-fly" syntax checking information may be incorrect. [C:\Progh\Code\Project_RetroGame\POCS\ControlMovement\ControlMovement.srcs\sources_1\imports\Week 5 + 6 - Bounching Square - Ball\DVI.vhd:]
WARNING: [filemgmt 56-199] Attempt to get parsing info during refresh. "On-the-fly" syntax checking information may be incorrect. [C:\Progh\Code\Project_RetroGame\POCS\ControlMovement\ControlMovement.srcs\sources_1\new\ControlCharacter.vhd:]
WARNING: [filemgmt 56-199] Attempt to get parsing info during refresh. "On-the-fly" syntax checking information may be incorrect. [C:\Progh\Code\Project_RetroGame\POCS\ControlMovement\ControlMovement.srcs\sources_1\imports\Week 5 + 6 - Bounching Square - Ball\DVI.vhd:]
WARNING: [filemgmt 56-199] Attempt to get parsing info during refresh. "On-the-fly" syntax checking information may be incorrect. [C:\Progh\Code\Project_RetroGame\POCS\ControlMovement\ControlMovement.srcs\sources_1\imports\Week 5 + 6 - Bounching Square - Ball\DVI.vhd:]
WARNING: [filemgmt 56-199] Attempt to get parsing info during refresh. "On-the-fly" syntax checking information may be incorrect. [C:\Progh\Code\Project_RetroGame\POCS\ControlMovement\ControlMovement.srcs\sources_1\new\CharacterController.vhd:]
WARNING: [filemgmt 56-199] Attempt to get parsing info during refresh. "On-the-fly" syntax checking information may be incorrect. [C:\Progh\Code\Project_RetroGame\POCS\ControlMovement\ControlMovement.srcs\sources_1\new\XY_GEN.vhd:]
WARNING: [filemgmt 56-199] Attempt to get parsing info during refresh. "On-the-fly" syntax checking information may be incorrect. [C:\Progh\Code\Project_RetroGame\POCS\ControlMovement\ControlMovement.srcs\sources_1\imports\Week 5 + 6 - Bounching Square - Ball\DVI.vhd:]
WARNING: [filemgmt 56-199] Attempt to get parsing info during refresh. "On-the-fly" syntax checking information may be incorrect. [C:\Progh\Code\Project_RetroGame\POCS\ControlMovement\ControlMovement.srcs\sources_1\new\ControlCharacter.vhd:]
WARNING: [filemgmt 56-199] Attempt to get parsing info during refresh. "On-the-fly" syntax checking information may be incorrect. [C:\Progh\Code\Project_RetroGame\POCS\ControlMovement\ControlMovement.srcs\sources_1\new\ControlCharacter.vhd:]
WARNING: [filemgmt 56-199] Attempt to get parsing info during refresh. "On-the-fly" syntax checking information may be incorrect. [C:\Progh\Code\Project_RetroGame\POCS\ControlMovement\ControlMovement.srcs\sources_1\new\ControlCharacter.vhd:]
ERROR: [Common 17-180] Spawn failed: No error
WARNING: [filemgmt 56-199] Attempt to get parsing info during refresh. "On-the-fly" syntax checking information may be incorrect. [C:\Progh\Code\Project_RetroGame\POCS\ControlMovement\ControlMovement.srcs\sources_1\new\CharacterController.vhd:]
WARNING: [filemgmt 56-199] Attempt to get parsing info during refresh. "On-the-fly" syntax checking information may be incorrect. [C:\Progh\Code\Project_RetroGame\POCS\ControlMovement\ControlMovement.srcs\sources_1\new\XY_GEN.vhd:]
WARNING: [filemgmt 56-199] Attempt to get parsing info during refresh. "On-the-fly" syntax checking information may be incorrect. [C:\Progh\Code\Project_RetroGame\POCS\ControlMovement\ControlMovement.srcs\sources_1\imports\Week 5 + 6 - Bounching Square - Ball\DVI.vhd:]
WARNING: [filemgmt 56-199] Attempt to get parsing info during refresh. "On-the-fly" syntax checking information may be incorrect. [C:\Progh\Code\Project_RetroGame\POCS\ControlMovement\ControlMovement.srcs\sources_1\new\ControlCharacter.vhd:]
WARNING: [filemgmt 56-199] Attempt to get parsing info during refresh. "On-the-fly" syntax checking information may be incorrect. [C:\Progh\Code\Project_RetroGame\POCS\ControlMovement\ControlMovement.srcs\sources_1\new\XY_GEN.vhd:]
WARNING: [filemgmt 56-199] Attempt to get parsing info during refresh. "On-the-fly" syntax checking information may be incorrect. [C:\Progh\Code\Project_RetroGame\POCS\ControlMovement\ControlMovement.srcs\sources_1\new\XY_GEN.vhd:]
ERROR: [Common 17-180] Spawn failed: No error
WARNING: [filemgmt 56-199] Attempt to get parsing info during refresh. "On-the-fly" syntax checking information may be incorrect. [C:\Progh\Code\Project_RetroGame\POCS\ControlMovement\ControlMovement.srcs\sources_1\new\CharacterController.vhd:]
WARNING: [filemgmt 56-199] Attempt to get parsing info during refresh. "On-the-fly" syntax checking information may be incorrect. [C:\Progh\Code\Project_RetroGame\POCS\ControlMovement\ControlMovement.srcs\sources_1\new\XY_GEN.vhd:]
WARNING: [filemgmt 56-199] Attempt to get parsing info during refresh. "On-the-fly" syntax checking information may be incorrect. [C:\Progh\Code\Project_RetroGame\POCS\ControlMovement\ControlMovement.srcs\sources_1\imports\Week 5 + 6 - Bounching Square - Ball\DVI.vhd:]
WARNING: [filemgmt 56-199] Attempt to get parsing info during refresh. "On-the-fly" syntax checking information may be incorrect. [C:\Progh\Code\Project_RetroGame\POCS\ControlMovement\ControlMovement.srcs\sources_1\new\ControlCharacter.vhd:]
WARNING: [filemgmt 56-199] Attempt to get parsing info during refresh. "On-the-fly" syntax checking information may be incorrect. [C:\Progh\Code\Project_RetroGame\POCS\ControlMovement\ControlMovement.srcs\sources_1\new\CharacterController.vhd:]
WARNING: [filemgmt 56-199] Attempt to get parsing info during refresh. "On-the-fly" syntax checking information may be incorrect. [C:\Progh\Code\Project_RetroGame\POCS\ControlMovement\ControlMovement.srcs\sources_1\new\CharacterController.vhd:]
ERROR: [Common 17-180] Spawn failed: No error
WARNING: [filemgmt 56-199] Attempt to get parsing info during refresh. "On-the-fly" syntax checking information may be incorrect. [C:\Progh\Code\Project_RetroGame\POCS\ControlMovement\ControlMovement.srcs\sources_1\new\CharacterController.vhd:]
WARNING: [filemgmt 56-199] Attempt to get parsing info during refresh. "On-the-fly" syntax checking information may be incorrect. [C:\Progh\Code\Project_RetroGame\POCS\ControlMovement\ControlMovement.srcs\sources_1\new\XY_GEN.vhd:]
WARNING: [filemgmt 56-199] Attempt to get parsing info during refresh. "On-the-fly" syntax checking information may be incorrect. [C:\Progh\Code\Project_RetroGame\POCS\ControlMovement\ControlMovement.srcs\sources_1\imports\Week 5 + 6 - Bounching Square - Ball\DVI.vhd:]
WARNING: [filemgmt 56-199] Attempt to get parsing info during refresh. "On-the-fly" syntax checking information may be incorrect. [C:\Progh\Code\Project_RetroGame\POCS\ControlMovement\ControlMovement.srcs\sources_1\new\ControlCharacter.vhd:]
WARNING: [filemgmt 56-199] Attempt to get parsing info during refresh. "On-the-fly" syntax checking information may be incorrect. [C:\Progh\Code\Project_RetroGame\POCS\ControlMovement\ControlMovement.srcs\sources_1\new\XY_GEN.vhd:]
WARNING: [filemgmt 56-199] Attempt to get parsing info during refresh. "On-the-fly" syntax checking information may be incorrect. [C:\Progh\Code\Project_RetroGame\POCS\ControlMovement\ControlMovement.srcs\sources_1\new\XY_GEN.vhd:]
WARNING: [filemgmt 56-199] Attempt to get parsing info during refresh. "On-the-fly" syntax checking information may be incorrect. [C:\Progh\Code\Project_RetroGame\POCS\ControlMovement\ControlMovement.srcs\sources_1\new\CharacterController.vhd:]
WARNING: [filemgmt 56-199] Attempt to get parsing info during refresh. "On-the-fly" syntax checking information may be incorrect. [C:\Progh\Code\Project_RetroGame\POCS\ControlMovement\ControlMovement.srcs\sources_1\new\XY_GEN.vhd:]
WARNING: [filemgmt 56-199] Attempt to get parsing info during refresh. "On-the-fly" syntax checking information may be incorrect. [C:\Progh\Code\Project_RetroGame\POCS\ControlMovement\ControlMovement.srcs\sources_1\imports\Week 5 + 6 - Bounching Square - Ball\DVI.vhd:]
WARNING: [filemgmt 56-199] Attempt to get parsing info during refresh. "On-the-fly" syntax checking information may be incorrect. [C:\Progh\Code\Project_RetroGame\POCS\ControlMovement\ControlMovement.srcs\sources_1\new\ControlCharacter.vhd:]
WARNING: [filemgmt 56-199] Attempt to get parsing info during refresh. "On-the-fly" syntax checking information may be incorrect. [C:\Progh\Code\Project_RetroGame\POCS\ControlMovement\ControlMovement.srcs\sources_1\new\ControlCharacter.vhd:]
WARNING: [filemgmt 56-199] Attempt to get parsing info during refresh. "On-the-fly" syntax checking information may be incorrect. [C:\Progh\Code\Project_RetroGame\POCS\ControlMovement\ControlMovement.srcs\sources_1\new\ControlCharacter.vhd:]
reset_run synth_1
launch_runs impl_1 -to_step write_bitstream -jobs 8
ERROR: [Common 17-180] Spawn failed: No error
WARNING: [filemgmt 56-199] Attempt to get parsing info during refresh. "On-the-fly" syntax checking information may be incorrect. [C:\Progh\Code\Project_RetroGame\POCS\ControlMovement\ControlMovement.srcs\sources_1\new\CharacterController.vhd:]
WARNING: [filemgmt 56-199] Attempt to get parsing info during refresh. "On-the-fly" syntax checking information may be incorrect. [C:\Progh\Code\Project_RetroGame\POCS\ControlMovement\ControlMovement.srcs\sources_1\new\XY_GEN.vhd:]
WARNING: [filemgmt 56-199] Attempt to get parsing info during refresh. "On-the-fly" syntax checking information may be incorrect. [C:\Progh\Code\Project_RetroGame\POCS\ControlMovement\ControlMovement.srcs\sources_1\imports\Week 5 + 6 - Bounching Square - Ball\DVI.vhd:]
WARNING: [filemgmt 56-199] Attempt to get parsing info during refresh. "On-the-fly" syntax checking information may be incorrect. [C:\Progh\Code\Project_RetroGame\POCS\ControlMovement\ControlMovement.srcs\sources_1\new\ControlCharacter.vhd:]
WARNING: [filemgmt 56-199] Attempt to get parsing info during refresh. "On-the-fly" syntax checking information may be incorrect. [C:\Progh\Code\Project_RetroGame\POCS\ControlMovement\ControlMovement.srcs\sources_1\imports\Week 5 + 6 - Bounching Square - Ball\DVI.vhd:]
WARNING: [filemgmt 56-199] Attempt to get parsing info during refresh. "On-the-fly" syntax checking information may be incorrect. [C:\Progh\Code\Project_RetroGame\POCS\ControlMovement\ControlMovement.srcs\sources_1\imports\Week 5 + 6 - Bounching Square - Ball\DVI.vhd:]
ERROR: [Common 17-180] Spawn failed: No error
ERROR: [Vivado 12-4756] Launch of runs aborted due to earlier errors while preparing sub-designs for run execution.
launch_runs impl_1 -to_step write_bitstream -jobs 8
[Wed Mar 19 14:36:52 2025] Launched synth_1...
Run output will be captured here: C:/Progh/Code/Project_RetroGame/POCS/ControlMovement/ControlMovement.runs/synth_1/runme.log
[Wed Mar 19 14:36:52 2025] Launched impl_1...
Run output will be captured here: C:/Progh/Code/Project_RetroGame/POCS/ControlMovement/ControlMovement.runs/impl_1/runme.log
reset_run impl_1 -prev_step 
launch_runs impl_1 -to_step write_bitstream -jobs 8
[Wed Mar 19 14:40:15 2025] Launched impl_1...
Run output will be captured here: C:/Progh/Code/Project_RetroGame/POCS/ControlMovement/ControlMovement.runs/impl_1/runme.log
set_property PROBES.FILE {} [get_hw_devices xc7a35t_0]
set_property FULL_PROBES.FILE {} [get_hw_devices xc7a35t_0]
set_property PROGRAM.FILE {C:/Progh/Code/Project_RetroGame/POCS/ControlMovement/ControlMovement.runs/impl_1/DVI_Top.bit} [get_hw_devices xc7a35t_0]
program_hw_devices [get_hw_devices xc7a35t_0]
INFO: [Labtools 27-3164] End of startup status: HIGH
refresh_hw_device [lindex [get_hw_devices xc7a35t_0] 0]
INFO: [Labtools 27-1434] Device xc7a35t (JTAG device index = 0) is programmed with a design that has no supported debug core(s) in it.
WARNING: [filemgmt 56-199] Attempt to get parsing info during refresh. "On-the-fly" syntax checking information may be incorrect. [C:\Progh\Code\Project_RetroGame\POCS\ControlMovement\ControlMovement.srcs\sources_1\new\CharacterController.vhd:]
WARNING: [filemgmt 56-199] Attempt to get parsing info during refresh. "On-the-fly" syntax checking information may be incorrect. [C:\Progh\Code\Project_RetroGame\POCS\ControlMovement\ControlMovement.srcs\sources_1\new\XY_GEN.vhd:]
WARNING: [filemgmt 56-199] Attempt to get parsing info during refresh. "On-the-fly" syntax checking information may be incorrect. [C:\Progh\Code\Project_RetroGame\POCS\ControlMovement\ControlMovement.srcs\sources_1\imports\Week 5 + 6 - Bounching Square - Ball\DVI.vhd:]
WARNING: [filemgmt 56-199] Attempt to get parsing info during refresh. "On-the-fly" syntax checking information may be incorrect. [C:\Progh\Code\Project_RetroGame\POCS\ControlMovement\ControlMovement.srcs\sources_1\new\ControlCharacter.vhd:]
WARNING: [filemgmt 56-199] Attempt to get parsing info during refresh. "On-the-fly" syntax checking information may be incorrect. [C:\Progh\Code\Project_RetroGame\POCS\ControlMovement\ControlMovement.srcs\sources_1\new\XY_GEN.vhd:]
WARNING: [filemgmt 56-199] Attempt to get parsing info during refresh. "On-the-fly" syntax checking information may be incorrect. [C:\Progh\Code\Project_RetroGame\POCS\ControlMovement\ControlMovement.srcs\sources_1\new\XY_GEN.vhd:]
WARNING: [filemgmt 56-199] Attempt to get parsing info during refresh. "On-the-fly" syntax checking information may be incorrect. [C:\Progh\Code\Project_RetroGame\POCS\ControlMovement\ControlMovement.srcs\sources_1\new\CharacterController.vhd:]
WARNING: [filemgmt 56-199] Attempt to get parsing info during refresh. "On-the-fly" syntax checking information may be incorrect. [C:\Progh\Code\Project_RetroGame\POCS\ControlMovement\ControlMovement.srcs\sources_1\new\XY_GEN.vhd:]
WARNING: [filemgmt 56-199] Attempt to get parsing info during refresh. "On-the-fly" syntax checking information may be incorrect. [C:\Progh\Code\Project_RetroGame\POCS\ControlMovement\ControlMovement.srcs\sources_1\imports\Week 5 + 6 - Bounching Square - Ball\DVI.vhd:]
WARNING: [filemgmt 56-199] Attempt to get parsing info during refresh. "On-the-fly" syntax checking information may be incorrect. [C:\Progh\Code\Project_RetroGame\POCS\ControlMovement\ControlMovement.srcs\sources_1\new\ControlCharacter.vhd:]
WARNING: [filemgmt 56-199] Attempt to get parsing info during refresh. "On-the-fly" syntax checking information may be incorrect. [C:\Progh\Code\Project_RetroGame\POCS\ControlMovement\ControlMovement.srcs\sources_1\new\ControlCharacter.vhd:]
WARNING: [filemgmt 56-199] Attempt to get parsing info during refresh. "On-the-fly" syntax checking information may be incorrect. [C:\Progh\Code\Project_RetroGame\POCS\ControlMovement\ControlMovement.srcs\sources_1\new\ControlCharacter.vhd:]
ERROR: [Common 17-180] Spawn failed: No error
WARNING: [filemgmt 56-199] Attempt to get parsing info during refresh. "On-the-fly" syntax checking information may be incorrect. [C:\Progh\Code\Project_RetroGame\POCS\ControlMovement\ControlMovement.srcs\sources_1\new\CharacterController.vhd:]
WARNING: [filemgmt 56-199] Attempt to get parsing info during refresh. "On-the-fly" syntax checking information may be incorrect. [C:\Progh\Code\Project_RetroGame\POCS\ControlMovement\ControlMovement.srcs\sources_1\new\XY_GEN.vhd:]
WARNING: [filemgmt 56-199] Attempt to get parsing info during refresh. "On-the-fly" syntax checking information may be incorrect. [C:\Progh\Code\Project_RetroGame\POCS\ControlMovement\ControlMovement.srcs\sources_1\imports\Week 5 + 6 - Bounching Square - Ball\DVI.vhd:]
WARNING: [filemgmt 56-199] Attempt to get parsing info during refresh. "On-the-fly" syntax checking information may be incorrect. [C:\Progh\Code\Project_RetroGame\POCS\ControlMovement\ControlMovement.srcs\sources_1\new\ControlCharacter.vhd:]
WARNING: [filemgmt 56-199] Attempt to get parsing info during refresh. "On-the-fly" syntax checking information may be incorrect. [C:\Progh\Code\Project_RetroGame\POCS\ControlMovement\ControlMovement.srcs\sources_1\imports\Week 5 + 6 - Bounching Square - Ball\DVI.vhd:]
WARNING: [filemgmt 56-199] Attempt to get parsing info during refresh. "On-the-fly" syntax checking information may be incorrect. [C:\Progh\Code\Project_RetroGame\POCS\ControlMovement\ControlMovement.srcs\sources_1\imports\Week 5 + 6 - Bounching Square - Ball\DVI.vhd:]
ERROR: [Common 17-180] Spawn failed: No error
reset_run synth_1
INFO: [Project 1-1161] Replacing file C:/Progh/Code/Project_RetroGame/POCS/ControlMovement/ControlMovement.srcs/utils_1/imports/synth_1/DVI.dcp with file C:/Progh/Code/Project_RetroGame/POCS/ControlMovement/ControlMovement.runs/synth_1/DVI_Top.dcp
launch_runs impl_1 -to_step write_bitstream -jobs 8
[Wed Mar 19 14:41:41 2025] Launched synth_1...
Run output will be captured here: C:/Progh/Code/Project_RetroGame/POCS/ControlMovement/ControlMovement.runs/synth_1/runme.log
[Wed Mar 19 14:41:41 2025] Launched impl_1...
Run output will be captured here: C:/Progh/Code/Project_RetroGame/POCS/ControlMovement/ControlMovement.runs/impl_1/runme.log
WARNING: [filemgmt 56-199] Attempt to get parsing info during refresh. "On-the-fly" syntax checking information may be incorrect. [C:\Progh\Code\Project_RetroGame\POCS\ControlMovement\ControlMovement.srcs\sources_1\new\CharacterController.vhd:]
WARNING: [filemgmt 56-199] Attempt to get parsing info during refresh. "On-the-fly" syntax checking information may be incorrect. [C:\Progh\Code\Project_RetroGame\POCS\ControlMovement\ControlMovement.srcs\sources_1\new\XY_GEN.vhd:]
WARNING: [filemgmt 56-199] Attempt to get parsing info during refresh. "On-the-fly" syntax checking information may be incorrect. [C:\Progh\Code\Project_RetroGame\POCS\ControlMovement\ControlMovement.srcs\sources_1\imports\Week 5 + 6 - Bounching Square - Ball\DVI.vhd:]
WARNING: [filemgmt 56-199] Attempt to get parsing info during refresh. "On-the-fly" syntax checking information may be incorrect. [C:\Progh\Code\Project_RetroGame\POCS\ControlMovement\ControlMovement.srcs\sources_1\new\ControlCharacter.vhd:]
WARNING: [filemgmt 56-199] Attempt to get parsing info during refresh. "On-the-fly" syntax checking information may be incorrect. [C:\Progh\Code\Project_RetroGame\POCS\ControlMovement\ControlMovement.srcs\sources_1\new\XY_GEN.vhd:]
WARNING: [filemgmt 56-199] Attempt to get parsing info during refresh. "On-the-fly" syntax checking information may be incorrect. [C:\Progh\Code\Project_RetroGame\POCS\ControlMovement\ControlMovement.srcs\sources_1\new\XY_GEN.vhd:]
WARNING: [filemgmt 56-199] Attempt to get parsing info during refresh. "On-the-fly" syntax checking information may be incorrect. [C:\Progh\Code\Project_RetroGame\POCS\ControlMovement\ControlMovement.srcs\sources_1\new\CharacterController.vhd:]
WARNING: [filemgmt 56-199] Attempt to get parsing info during refresh. "On-the-fly" syntax checking information may be incorrect. [C:\Progh\Code\Project_RetroGame\POCS\ControlMovement\ControlMovement.srcs\sources_1\new\XY_GEN.vhd:]
WARNING: [filemgmt 56-199] Attempt to get parsing info during refresh. "On-the-fly" syntax checking information may be incorrect. [C:\Progh\Code\Project_RetroGame\POCS\ControlMovement\ControlMovement.srcs\sources_1\imports\Week 5 + 6 - Bounching Square - Ball\DVI.vhd:]
WARNING: [filemgmt 56-199] Attempt to get parsing info during refresh. "On-the-fly" syntax checking information may be incorrect. [C:\Progh\Code\Project_RetroGame\POCS\ControlMovement\ControlMovement.srcs\sources_1\new\ControlCharacter.vhd:]
WARNING: [filemgmt 56-199] Attempt to get parsing info during refresh. "On-the-fly" syntax checking information may be incorrect. [C:\Progh\Code\Project_RetroGame\POCS\ControlMovement\ControlMovement.srcs\sources_1\new\ControlCharacter.vhd:]
WARNING: [filemgmt 56-199] Attempt to get parsing info during refresh. "On-the-fly" syntax checking information may be incorrect. [C:\Progh\Code\Project_RetroGame\POCS\ControlMovement\ControlMovement.srcs\sources_1\new\ControlCharacter.vhd:]
ERROR: [Common 17-180] Spawn failed: No error
WARNING: [filemgmt 56-199] Attempt to get parsing info during refresh. "On-the-fly" syntax checking information may be incorrect. [C:\Progh\Code\Project_RetroGame\POCS\ControlMovement\ControlMovement.srcs\sources_1\new\CharacterController.vhd:]
WARNING: [filemgmt 56-199] Attempt to get parsing info during refresh. "On-the-fly" syntax checking information may be incorrect. [C:\Progh\Code\Project_RetroGame\POCS\ControlMovement\ControlMovement.srcs\sources_1\new\XY_GEN.vhd:]
WARNING: [filemgmt 56-199] Attempt to get parsing info during refresh. "On-the-fly" syntax checking information may be incorrect. [C:\Progh\Code\Project_RetroGame\POCS\ControlMovement\ControlMovement.srcs\sources_1\imports\Week 5 + 6 - Bounching Square - Ball\DVI.vhd:]
WARNING: [filemgmt 56-199] Attempt to get parsing info during refresh. "On-the-fly" syntax checking information may be incorrect. [C:\Progh\Code\Project_RetroGame\POCS\ControlMovement\ControlMovement.srcs\sources_1\new\ControlCharacter.vhd:]
WARNING: [filemgmt 56-199] Attempt to get parsing info during refresh. "On-the-fly" syntax checking information may be incorrect. [C:\Progh\Code\Project_RetroGame\POCS\ControlMovement\ControlMovement.srcs\sources_1\imports\Week 5 + 6 - Bounching Square - Ball\DVI.vhd:]
WARNING: [filemgmt 56-199] Attempt to get parsing info during refresh. "On-the-fly" syntax checking information may be incorrect. [C:\Progh\Code\Project_RetroGame\POCS\ControlMovement\ControlMovement.srcs\sources_1\imports\Week 5 + 6 - Bounching Square - Ball\DVI.vhd:]
ERROR: [Common 17-180] Spawn failed: No error
set_property PROBES.FILE {} [get_hw_devices xc7a35t_0]
set_property FULL_PROBES.FILE {} [get_hw_devices xc7a35t_0]
set_property PROGRAM.FILE {C:/Progh/Code/Project_RetroGame/POCS/ControlMovement/ControlMovement.runs/impl_1/DVI_Top.bit} [get_hw_devices xc7a35t_0]
program_hw_devices [get_hw_devices xc7a35t_0]
INFO: [Labtools 27-3164] End of startup status: HIGH
refresh_hw_device [lindex [get_hw_devices xc7a35t_0] 0]
INFO: [Labtools 27-1434] Device xc7a35t (JTAG device index = 0) is programmed with a design that has no supported debug core(s) in it.
save_project_as CharacterLevelMove C:/Progh/Code/Project_RetroGame/FAT -force
INFO: [IP_Flow 19-7005] Skipping external file c:/Progh/Code/Project_RetroGame/POCS/ControlMovement/ControlMovement.srcs/sources_1/imports/CoeFileOpslag/Beter1.coe
INFO: [IP_Flow 19-7005] Skipping external file c:/Progh/Code/Project_RetroGame/POCS/ControlMovement/ControlMovement.srcs/sources_1/imports/CoeFileOpslag/Beter2.coe
INFO: [IP_Flow 19-7005] Skipping external file c:/Progh/Code/Project_RetroGame/POCS/ControlMovement/ControlMovement.srcs/sources_1/imports/CoeFileOpslag/Beter3.coe
INFO: [IP_Flow 19-7005] Skipping external file c:/Progh/Code/Project_RetroGame/POCS/ControlMovement/ControlMovement.srcs/sources_1/imports/CoeFileOpslag/Beter4.coe
ERROR: [Common 17-180] Spawn failed: No error
ERROR: [Common 17-180] Spawn failed: No error
ERROR: [Common 17-39] 'save_project_as' failed due to earlier errors.
import_files
INFO: [filemgmt 20-334] All file(s) are already imported in fileset: 'blk_mem_gen_0'
INFO: [filemgmt 20-348] Importing the appropriate files for fileset: 'blk_mem_gen_0'
INFO: [filemgmt 20-334] All file(s) are already imported in fileset: 'blk_mem_gen_1'
INFO: [filemgmt 20-348] Importing the appropriate files for fileset: 'blk_mem_gen_1'
INFO: [filemgmt 20-334] All file(s) are already imported in fileset: 'blk_mem_gen_2'
INFO: [filemgmt 20-348] Importing the appropriate files for fileset: 'blk_mem_gen_2'
INFO: [filemgmt 20-334] All file(s) are already imported in fileset: 'blk_mem_gen_3'
INFO: [filemgmt 20-348] Importing the appropriate files for fileset: 'blk_mem_gen_3'
INFO: [filemgmt 20-334] All file(s) are already imported in fileset: 'clkDVIprescaler'
INFO: [filemgmt 20-348] Importing the appropriate files for fileset: 'clkDVIprescaler'
INFO: [filemgmt 20-334] All file(s) are already imported in fileset: 'constrs_1'
INFO: [filemgmt 20-348] Importing the appropriate files for fileset: 'constrs_1'
INFO: [filemgmt 20-348] Importing the appropriate files for fileset: 'sources_1'
WARNING: [filemgmt 20-342] File / dir doesn't exist, skipping: C:/Progh/Code/Project_RetroGame/Show_Level/archive_project_summary.txt
INFO: [filemgmt 20-334] All file(s) are already imported in fileset: 'utils_1'
INFO: [filemgmt 20-348] Importing the appropriate files for fileset: 'utils_1'
close [ open C:/Progh/Code/Project_RetroGame/FAT/CharacterLevelMove.srcs/sources_1/new/Displaylevel.vhd w ]
add_files C:/Progh/Code/Project_RetroGame/FAT/CharacterLevelMove.srcs/sources_1/new/Displaylevel.vhd
WARNING: [filemgmt 56-199] Attempt to get parsing info during refresh. "On-the-fly" syntax checking information may be incorrect. [C:\Progh\Code\Project_RetroGame\FAT\CharacterLevelMove.srcs\sources_1\new\ControlCharacter.vhd:]
WARNING: [filemgmt 56-199] Attempt to get parsing info during refresh. "On-the-fly" syntax checking information may be incorrect. [C:\Progh\Code\Project_RetroGame\FAT\CharacterLevelMove.srcs\sources_1\new\XY_GEN.vhd:]
WARNING: [filemgmt 56-199] Attempt to get parsing info during refresh. "On-the-fly" syntax checking information may be incorrect. [C:\Progh\Code\Project_RetroGame\FAT\CharacterLevelMove.srcs\sources_1\new\CharacterController.vhd:]
WARNING: [filemgmt 56-199] Attempt to get parsing info during refresh. "On-the-fly" syntax checking information may be incorrect. [C:\Progh\Code\Project_RetroGame\FAT\CharacterLevelMove.srcs\sources_1\imports\Week 5 + 6 - Bounching Square - Ball\DVI.vhd:]
WARNING: [filemgmt 56-199] Attempt to get parsing info during refresh. "On-the-fly" syntax checking information may be incorrect. [C:\Progh\Code\Project_RetroGame\FAT\CharacterLevelMove.srcs\sources_1\new\XY_GEN.vhd:]
WARNING: [filemgmt 56-199] Attempt to get parsing info during refresh. "On-the-fly" syntax checking information may be incorrect. [C:\Progh\Code\Project_RetroGame\FAT\CharacterLevelMove.srcs\sources_1\new\XY_GEN.vhd:]
WARNING: [filemgmt 56-199] Attempt to get parsing info during refresh. "On-the-fly" syntax checking information may be incorrect. [C:\Progh\Code\Project_RetroGame\FAT\CharacterLevelMove.srcs\sources_1\new\ControlCharacter.vhd:]
WARNING: [filemgmt 56-199] Attempt to get parsing info during refresh. "On-the-fly" syntax checking information may be incorrect. [C:\Progh\Code\Project_RetroGame\FAT\CharacterLevelMove.srcs\sources_1\new\XY_GEN.vhd:]
WARNING: [filemgmt 56-199] Attempt to get parsing info during refresh. "On-the-fly" syntax checking information may be incorrect. [C:\Progh\Code\Project_RetroGame\FAT\CharacterLevelMove.srcs\sources_1\new\CharacterController.vhd:]
WARNING: [filemgmt 56-199] Attempt to get parsing info during refresh. "On-the-fly" syntax checking information may be incorrect. [C:\Progh\Code\Project_RetroGame\FAT\CharacterLevelMove.srcs\sources_1\imports\Week 5 + 6 - Bounching Square - Ball\DVI.vhd:]
WARNING: [filemgmt 56-199] Attempt to get parsing info during refresh. "On-the-fly" syntax checking information may be incorrect. [C:\Progh\Code\Project_RetroGame\FAT\CharacterLevelMove.srcs\sources_1\new\CharacterController.vhd:]
WARNING: [filemgmt 56-199] Attempt to get parsing info during refresh. "On-the-fly" syntax checking information may be incorrect. [C:\Progh\Code\Project_RetroGame\FAT\CharacterLevelMove.srcs\sources_1\new\CharacterController.vhd:]
ERROR: [Common 17-180] Spawn failed: No error
WARNING: [filemgmt 56-199] Attempt to get parsing info during refresh. "On-the-fly" syntax checking information may be incorrect. [C:\Progh\Code\Project_RetroGame\FAT\CharacterLevelMove.srcs\sources_1\new\ControlCharacter.vhd:]
WARNING: [filemgmt 56-199] Attempt to get parsing info during refresh. "On-the-fly" syntax checking information may be incorrect. [C:\Progh\Code\Project_RetroGame\FAT\CharacterLevelMove.srcs\sources_1\new\XY_GEN.vhd:]
WARNING: [filemgmt 56-199] Attempt to get parsing info during refresh. "On-the-fly" syntax checking information may be incorrect. [C:\Progh\Code\Project_RetroGame\FAT\CharacterLevelMove.srcs\sources_1\new\CharacterController.vhd:]
WARNING: [filemgmt 56-199] Attempt to get parsing info during refresh. "On-the-fly" syntax checking information may be incorrect. [C:\Progh\Code\Project_RetroGame\FAT\CharacterLevelMove.srcs\sources_1\imports\Week 5 + 6 - Bounching Square - Ball\DVI.vhd:]
WARNING: [filemgmt 56-199] Attempt to get parsing info during refresh. "On-the-fly" syntax checking information may be incorrect. [C:\Progh\Code\Project_RetroGame\FAT\CharacterLevelMove.srcs\sources_1\imports\Week 5 + 6 - Bounching Square - Ball\DVI.vhd:]
WARNING: [filemgmt 56-199] Attempt to get parsing info during refresh. "On-the-fly" syntax checking information may be incorrect. [C:\Progh\Code\Project_RetroGame\FAT\CharacterLevelMove.srcs\sources_1\imports\Week 5 + 6 - Bounching Square - Ball\DVI.vhd:]
ERROR: [Common 17-180] Spawn failed: No error
WARNING: [filemgmt 56-199] Attempt to get parsing info during refresh. "On-the-fly" syntax checking information may be incorrect. [C:\Progh\Code\Project_RetroGame\FAT\CharacterLevelMove.srcs\sources_1\new\ControlCharacter.vhd:]
WARNING: [filemgmt 56-199] Attempt to get parsing info during refresh. "On-the-fly" syntax checking information may be incorrect. [C:\Progh\Code\Project_RetroGame\FAT\CharacterLevelMove.srcs\sources_1\new\XY_GEN.vhd:]
WARNING: [filemgmt 56-199] Attempt to get parsing info during refresh. "On-the-fly" syntax checking information may be incorrect. [C:\Progh\Code\Project_RetroGame\FAT\CharacterLevelMove.srcs\sources_1\new\CharacterController.vhd:]
WARNING: [filemgmt 56-199] Attempt to get parsing info during refresh. "On-the-fly" syntax checking information may be incorrect. [C:\Progh\Code\Project_RetroGame\FAT\CharacterLevelMove.srcs\sources_1\imports\Week 5 + 6 - Bounching Square - Ball\DVI.vhd:]
WARNING: [filemgmt 56-199] Attempt to get parsing info during refresh. "On-the-fly" syntax checking information may be incorrect. [C:\Progh\Code\Project_RetroGame\FAT\CharacterLevelMove.srcs\sources_1\new\XY_GEN.vhd:]
WARNING: [filemgmt 56-199] Attempt to get parsing info during refresh. "On-the-fly" syntax checking information may be incorrect. [C:\Progh\Code\Project_RetroGame\FAT\CharacterLevelMove.srcs\sources_1\new\XY_GEN.vhd:]
WARNING: [filemgmt 56-199] Attempt to get parsing info during refresh. "On-the-fly" syntax checking information may be incorrect. [C:\Progh\Code\Project_RetroGame\FAT\CharacterLevelMove.srcs\sources_1\new\ControlCharacter.vhd:]
WARNING: [filemgmt 56-199] Attempt to get parsing info during refresh. "On-the-fly" syntax checking information may be incorrect. [C:\Progh\Code\Project_RetroGame\FAT\CharacterLevelMove.srcs\sources_1\new\XY_GEN.vhd:]
WARNING: [filemgmt 56-199] Attempt to get parsing info during refresh. "On-the-fly" syntax checking information may be incorrect. [C:\Progh\Code\Project_RetroGame\FAT\CharacterLevelMove.srcs\sources_1\new\CharacterController.vhd:]
WARNING: [filemgmt 56-199] Attempt to get parsing info during refresh. "On-the-fly" syntax checking information may be incorrect. [C:\Progh\Code\Project_RetroGame\FAT\CharacterLevelMove.srcs\sources_1\imports\Week 5 + 6 - Bounching Square - Ball\DVI.vhd:]
WARNING: [filemgmt 56-199] Attempt to get parsing info during refresh. "On-the-fly" syntax checking information may be incorrect. [C:\Progh\Code\Project_RetroGame\FAT\CharacterLevelMove.srcs\sources_1\imports\Week 5 + 6 - Bounching Square - Ball\DVI.vhd:]
WARNING: [filemgmt 56-199] Attempt to get parsing info during refresh. "On-the-fly" syntax checking information may be incorrect. [C:\Progh\Code\Project_RetroGame\FAT\CharacterLevelMove.srcs\sources_1\imports\Week 5 + 6 - Bounching Square - Ball\DVI.vhd:]
update_compile_order -fileset sources_1
WARNING: [filemgmt 56-199] Attempt to get parsing info during refresh. "On-the-fly" syntax checking information may be incorrect. [C:\Progh\Code\Project_RetroGame\FAT\CharacterLevelMove.srcs\sources_1\new\ControlCharacter.vhd:]
WARNING: [filemgmt 56-199] Attempt to get parsing info during refresh. "On-the-fly" syntax checking information may be incorrect. [C:\Progh\Code\Project_RetroGame\FAT\CharacterLevelMove.srcs\sources_1\new\XY_GEN.vhd:]
WARNING: [filemgmt 56-199] Attempt to get parsing info during refresh. "On-the-fly" syntax checking information may be incorrect. [C:\Progh\Code\Project_RetroGame\FAT\CharacterLevelMove.srcs\sources_1\new\CharacterController.vhd:]
WARNING: [filemgmt 56-199] Attempt to get parsing info during refresh. "On-the-fly" syntax checking information may be incorrect. [C:\Progh\Code\Project_RetroGame\FAT\CharacterLevelMove.srcs\sources_1\imports\Week 5 + 6 - Bounching Square - Ball\DVI.vhd:]
WARNING: [filemgmt 56-199] Attempt to get parsing info during refresh. "On-the-fly" syntax checking information may be incorrect. [C:\Progh\Code\Project_RetroGame\FAT\CharacterLevelMove.srcs\sources_1\new\XY_GEN.vhd:]
WARNING: [filemgmt 56-199] Attempt to get parsing info during refresh. "On-the-fly" syntax checking information may be incorrect. [C:\Progh\Code\Project_RetroGame\FAT\CharacterLevelMove.srcs\sources_1\new\XY_GEN.vhd:]
WARNING: [filemgmt 56-199] Attempt to get parsing info during refresh. "On-the-fly" syntax checking information may be incorrect. [C:\Progh\Code\Project_RetroGame\FAT\CharacterLevelMove.srcs\sources_1\new\ControlCharacter.vhd:]
WARNING: [filemgmt 56-199] Attempt to get parsing info during refresh. "On-the-fly" syntax checking information may be incorrect. [C:\Progh\Code\Project_RetroGame\FAT\CharacterLevelMove.srcs\sources_1\new\XY_GEN.vhd:]
WARNING: [filemgmt 56-199] Attempt to get parsing info during refresh. "On-the-fly" syntax checking information may be incorrect. [C:\Progh\Code\Project_RetroGame\FAT\CharacterLevelMove.srcs\sources_1\new\CharacterController.vhd:]
WARNING: [filemgmt 56-199] Attempt to get parsing info during refresh. "On-the-fly" syntax checking information may be incorrect. [C:\Progh\Code\Project_RetroGame\FAT\CharacterLevelMove.srcs\sources_1\imports\Week 5 + 6 - Bounching Square - Ball\DVI.vhd:]
WARNING: [filemgmt 56-199] Attempt to get parsing info during refresh. "On-the-fly" syntax checking information may be incorrect. [C:\Progh\Code\Project_RetroGame\FAT\CharacterLevelMove.srcs\sources_1\new\ControlCharacter.vhd:]
WARNING: [filemgmt 56-199] Attempt to get parsing info during refresh. "On-the-fly" syntax checking information may be incorrect. [C:\Progh\Code\Project_RetroGame\FAT\CharacterLevelMove.srcs\sources_1\new\ControlCharacter.vhd:]
ERROR: [Common 17-180] Spawn failed: No error
WARNING: [filemgmt 56-199] Attempt to get parsing info during refresh. "On-the-fly" syntax checking information may be incorrect. [C:\Progh\Code\Project_RetroGame\FAT\CharacterLevelMove.srcs\sources_1\new\ControlCharacter.vhd:]
WARNING: [filemgmt 56-199] Attempt to get parsing info during refresh. "On-the-fly" syntax checking information may be incorrect. [C:\Progh\Code\Project_RetroGame\FAT\CharacterLevelMove.srcs\sources_1\new\XY_GEN.vhd:]
WARNING: [filemgmt 56-199] Attempt to get parsing info during refresh. "On-the-fly" syntax checking information may be incorrect. [C:\Progh\Code\Project_RetroGame\FAT\CharacterLevelMove.srcs\sources_1\new\CharacterController.vhd:]
WARNING: [filemgmt 56-199] Attempt to get parsing info during refresh. "On-the-fly" syntax checking information may be incorrect. [C:\Progh\Code\Project_RetroGame\FAT\CharacterLevelMove.srcs\sources_1\imports\Week 5 + 6 - Bounching Square - Ball\DVI.vhd:]
WARNING: [filemgmt 56-199] Attempt to get parsing info during refresh. "On-the-fly" syntax checking information may be incorrect. [C:\Progh\Code\Project_RetroGame\FAT\CharacterLevelMove.srcs\sources_1\imports\Week 5 + 6 - Bounching Square - Ball\DVI.vhd:]
WARNING: [filemgmt 56-199] Attempt to get parsing info during refresh. "On-the-fly" syntax checking information may be incorrect. [C:\Progh\Code\Project_RetroGame\FAT\CharacterLevelMove.srcs\sources_1\imports\Week 5 + 6 - Bounching Square - Ball\DVI.vhd:]
ERROR: [Common 17-180] Spawn failed: No error
WARNING: [filemgmt 56-199] Attempt to get parsing info during refresh. "On-the-fly" syntax checking information may be incorrect. [C:\Progh\Code\Project_RetroGame\FAT\CharacterLevelMove.srcs\sources_1\new\Displaylevel.vhd:]
WARNING: [filemgmt 56-199] Attempt to get parsing info during refresh. "On-the-fly" syntax checking information may be incorrect. [C:\Progh\Code\Project_RetroGame\FAT\CharacterLevelMove.srcs\sources_1\new\ControlCharacter.vhd:]
WARNING: [filemgmt 56-199] Attempt to get parsing info during refresh. "On-the-fly" syntax checking information may be incorrect. [C:\Progh\Code\Project_RetroGame\FAT\CharacterLevelMove.srcs\sources_1\new\XY_GEN.vhd:]
WARNING: [filemgmt 56-199] Attempt to get parsing info during refresh. "On-the-fly" syntax checking information may be incorrect. [C:\Progh\Code\Project_RetroGame\FAT\CharacterLevelMove.srcs\sources_1\new\CharacterController.vhd:]
WARNING: [filemgmt 56-199] Attempt to get parsing info during refresh. "On-the-fly" syntax checking information may be incorrect. [C:\Progh\Code\Project_RetroGame\FAT\CharacterLevelMove.srcs\sources_1\imports\Week 5 + 6 - Bounching Square - Ball\DVI.vhd:]
WARNING: [filemgmt 56-199] Attempt to get parsing info during refresh. "On-the-fly" syntax checking information may be incorrect. [C:\Progh\Code\Project_RetroGame\FAT\CharacterLevelMove.srcs\sources_1\new\XY_GEN.vhd:]
WARNING: [filemgmt 56-199] Attempt to get parsing info during refresh. "On-the-fly" syntax checking information may be incorrect. [C:\Progh\Code\Project_RetroGame\FAT\CharacterLevelMove.srcs\sources_1\new\XY_GEN.vhd:]
WARNING: [filemgmt 56-199] Attempt to get parsing info during refresh. "On-the-fly" syntax checking information may be incorrect. [C:\Progh\Code\Project_RetroGame\FAT\CharacterLevelMove.srcs\sources_1\new\Displaylevel.vhd:]
WARNING: [filemgmt 56-199] Attempt to get parsing info during refresh. "On-the-fly" syntax checking information may be incorrect. [C:\Progh\Code\Project_RetroGame\FAT\CharacterLevelMove.srcs\sources_1\new\ControlCharacter.vhd:]
WARNING: [filemgmt 56-199] Attempt to get parsing info during refresh. "On-the-fly" syntax checking information may be incorrect. [C:\Progh\Code\Project_RetroGame\FAT\CharacterLevelMove.srcs\sources_1\new\XY_GEN.vhd:]
WARNING: [filemgmt 56-199] Attempt to get parsing info during refresh. "On-the-fly" syntax checking information may be incorrect. [C:\Progh\Code\Project_RetroGame\FAT\CharacterLevelMove.srcs\sources_1\new\CharacterController.vhd:]
WARNING: [filemgmt 56-199] Attempt to get parsing info during refresh. "On-the-fly" syntax checking information may be incorrect. [C:\Progh\Code\Project_RetroGame\FAT\CharacterLevelMove.srcs\sources_1\imports\Week 5 + 6 - Bounching Square - Ball\DVI.vhd:]
WARNING: [filemgmt 56-199] Attempt to get parsing info during refresh. "On-the-fly" syntax checking information may be incorrect. [C:\Progh\Code\Project_RetroGame\FAT\CharacterLevelMove.srcs\sources_1\new\CharacterController.vhd:]
WARNING: [filemgmt 56-199] Attempt to get parsing info during refresh. "On-the-fly" syntax checking information may be incorrect. [C:\Progh\Code\Project_RetroGame\FAT\CharacterLevelMove.srcs\sources_1\new\CharacterController.vhd:]
WARNING: [filemgmt 56-199] Attempt to get parsing info during refresh. "On-the-fly" syntax checking information may be incorrect. [C:\Progh\Code\Project_RetroGame\FAT\CharacterLevelMove.srcs\sources_1\new\Displaylevel.vhd:]
WARNING: [filemgmt 56-199] Attempt to get parsing info during refresh. "On-the-fly" syntax checking information may be incorrect. [C:\Progh\Code\Project_RetroGame\FAT\CharacterLevelMove.srcs\sources_1\new\ControlCharacter.vhd:]
WARNING: [filemgmt 56-199] Attempt to get parsing info during refresh. "On-the-fly" syntax checking information may be incorrect. [C:\Progh\Code\Project_RetroGame\FAT\CharacterLevelMove.srcs\sources_1\new\XY_GEN.vhd:]
WARNING: [filemgmt 56-199] Attempt to get parsing info during refresh. "On-the-fly" syntax checking information may be incorrect. [C:\Progh\Code\Project_RetroGame\FAT\CharacterLevelMove.srcs\sources_1\new\CharacterController.vhd:]
WARNING: [filemgmt 56-199] Attempt to get parsing info during refresh. "On-the-fly" syntax checking information may be incorrect. [C:\Progh\Code\Project_RetroGame\FAT\CharacterLevelMove.srcs\sources_1\imports\Week 5 + 6 - Bounching Square - Ball\DVI.vhd:]
WARNING: [filemgmt 56-199] Attempt to get parsing info during refresh. "On-the-fly" syntax checking information may be incorrect. [C:\Progh\Code\Project_RetroGame\FAT\CharacterLevelMove.srcs\sources_1\new\Displaylevel.vhd:]
WARNING: [filemgmt 56-199] Attempt to get parsing info during refresh. "On-the-fly" syntax checking information may be incorrect. [C:\Progh\Code\Project_RetroGame\FAT\CharacterLevelMove.srcs\sources_1\new\Displaylevel.vhd:]
ERROR: [Common 17-180] Spawn failed: No error
WARNING: [filemgmt 56-199] Attempt to get parsing info during refresh. "On-the-fly" syntax checking information may be incorrect. [C:\Progh\Code\Project_RetroGame\FAT\CharacterLevelMove.srcs\sources_1\new\Displaylevel.vhd:]
WARNING: [filemgmt 56-199] Attempt to get parsing info during refresh. "On-the-fly" syntax checking information may be incorrect. [C:\Progh\Code\Project_RetroGame\FAT\CharacterLevelMove.srcs\sources_1\new\ControlCharacter.vhd:]
WARNING: [filemgmt 56-199] Attempt to get parsing info during refresh. "On-the-fly" syntax checking information may be incorrect. [C:\Progh\Code\Project_RetroGame\FAT\CharacterLevelMove.srcs\sources_1\new\XY_GEN.vhd:]
WARNING: [filemgmt 56-199] Attempt to get parsing info during refresh. "On-the-fly" syntax checking information may be incorrect. [C:\Progh\Code\Project_RetroGame\FAT\CharacterLevelMove.srcs\sources_1\new\CharacterController.vhd:]
WARNING: [filemgmt 56-199] Attempt to get parsing info during refresh. "On-the-fly" syntax checking information may be incorrect. [C:\Progh\Code\Project_RetroGame\FAT\CharacterLevelMove.srcs\sources_1\imports\Week 5 + 6 - Bounching Square - Ball\DVI.vhd:]
WARNING: [filemgmt 56-199] Attempt to get parsing info during refresh. "On-the-fly" syntax checking information may be incorrect. [C:\Progh\Code\Project_RetroGame\FAT\CharacterLevelMove.srcs\sources_1\new\XY_GEN.vhd:]
WARNING: [filemgmt 56-199] Attempt to get parsing info during refresh. "On-the-fly" syntax checking information may be incorrect. [C:\Progh\Code\Project_RetroGame\FAT\CharacterLevelMove.srcs\sources_1\new\XY_GEN.vhd:]
WARNING: [filemgmt 56-199] Attempt to get parsing info during refresh. "On-the-fly" syntax checking information may be incorrect. [C:\Progh\Code\Project_RetroGame\FAT\CharacterLevelMove.srcs\sources_1\new\Displaylevel.vhd:]
WARNING: [filemgmt 56-199] Attempt to get parsing info during refresh. "On-the-fly" syntax checking information may be incorrect. [C:\Progh\Code\Project_RetroGame\FAT\CharacterLevelMove.srcs\sources_1\new\ControlCharacter.vhd:]
WARNING: [filemgmt 56-199] Attempt to get parsing info during refresh. "On-the-fly" syntax checking information may be incorrect. [C:\Progh\Code\Project_RetroGame\FAT\CharacterLevelMove.srcs\sources_1\new\XY_GEN.vhd:]
WARNING: [filemgmt 56-199] Attempt to get parsing info during refresh. "On-the-fly" syntax checking information may be incorrect. [C:\Progh\Code\Project_RetroGame\FAT\CharacterLevelMove.srcs\sources_1\new\CharacterController.vhd:]
WARNING: [filemgmt 56-199] Attempt to get parsing info during refresh. "On-the-fly" syntax checking information may be incorrect. [C:\Progh\Code\Project_RetroGame\FAT\CharacterLevelMove.srcs\sources_1\imports\Week 5 + 6 - Bounching Square - Ball\DVI.vhd:]
WARNING: [filemgmt 56-199] Attempt to get parsing info during refresh. "On-the-fly" syntax checking information may be incorrect. [C:\Progh\Code\Project_RetroGame\FAT\CharacterLevelMove.srcs\sources_1\new\ControlCharacter.vhd:]
WARNING: [filemgmt 56-199] Attempt to get parsing info during refresh. "On-the-fly" syntax checking information may be incorrect. [C:\Progh\Code\Project_RetroGame\FAT\CharacterLevelMove.srcs\sources_1\new\ControlCharacter.vhd:]
WARNING: [filemgmt 56-199] Attempt to get parsing info during refresh. "On-the-fly" syntax checking information may be incorrect. [C:\Progh\Code\Project_RetroGame\FAT\CharacterLevelMove.srcs\sources_1\new\Displaylevel.vhd:]
WARNING: [filemgmt 56-199] Attempt to get parsing info during refresh. "On-the-fly" syntax checking information may be incorrect. [C:\Progh\Code\Project_RetroGame\FAT\CharacterLevelMove.srcs\sources_1\new\ControlCharacter.vhd:]
WARNING: [filemgmt 56-199] Attempt to get parsing info during refresh. "On-the-fly" syntax checking information may be incorrect. [C:\Progh\Code\Project_RetroGame\FAT\CharacterLevelMove.srcs\sources_1\new\XY_GEN.vhd:]
WARNING: [filemgmt 56-199] Attempt to get parsing info during refresh. "On-the-fly" syntax checking information may be incorrect. [C:\Progh\Code\Project_RetroGame\FAT\CharacterLevelMove.srcs\sources_1\new\CharacterController.vhd:]
WARNING: [filemgmt 56-199] Attempt to get parsing info during refresh. "On-the-fly" syntax checking information may be incorrect. [C:\Progh\Code\Project_RetroGame\FAT\CharacterLevelMove.srcs\sources_1\imports\Week 5 + 6 - Bounching Square - Ball\DVI.vhd:]
WARNING: [filemgmt 56-199] Attempt to get parsing info during refresh. "On-the-fly" syntax checking information may be incorrect. [C:\Progh\Code\Project_RetroGame\FAT\CharacterLevelMove.srcs\sources_1\imports\Week 5 + 6 - Bounching Square - Ball\DVI.vhd:]
WARNING: [filemgmt 56-199] Attempt to get parsing info during refresh. "On-the-fly" syntax checking information may be incorrect. [C:\Progh\Code\Project_RetroGame\FAT\CharacterLevelMove.srcs\sources_1\imports\Week 5 + 6 - Bounching Square - Ball\DVI.vhd:]
WARNING: [filemgmt 56-199] Attempt to get parsing info during refresh. "On-the-fly" syntax checking information may be incorrect. [C:\Progh\Code\Project_RetroGame\FAT\CharacterLevelMove.srcs\sources_1\new\Displaylevel.vhd:]
WARNING: [filemgmt 56-199] Attempt to get parsing info during refresh. "On-the-fly" syntax checking information may be incorrect. [C:\Progh\Code\Project_RetroGame\FAT\CharacterLevelMove.srcs\sources_1\new\ControlCharacter.vhd:]
WARNING: [filemgmt 56-199] Attempt to get parsing info during refresh. "On-the-fly" syntax checking information may be incorrect. [C:\Progh\Code\Project_RetroGame\FAT\CharacterLevelMove.srcs\sources_1\new\Displaylevel.vhd:]
WARNING: [filemgmt 56-199] Attempt to get parsing info during refresh. "On-the-fly" syntax checking information may be incorrect. [C:\Progh\Code\Project_RetroGame\FAT\CharacterLevelMove.srcs\sources_1\new\ControlCharacter.vhd:]
WARNING: [filemgmt 56-199] Attempt to get parsing info during refresh. "On-the-fly" syntax checking information may be incorrect. [C:\Progh\Code\Project_RetroGame\FAT\CharacterLevelMove.srcs\sources_1\new\XY_GEN.vhd:]
WARNING: [filemgmt 56-199] Attempt to get parsing info during refresh. "On-the-fly" syntax checking information may be incorrect. [C:\Progh\Code\Project_RetroGame\FAT\CharacterLevelMove.srcs\sources_1\new\CharacterController.vhd:]
WARNING: [filemgmt 56-199] Attempt to get parsing info during refresh. "On-the-fly" syntax checking information may be incorrect. [C:\Progh\Code\Project_RetroGame\FAT\CharacterLevelMove.srcs\sources_1\imports\Week 5 + 6 - Bounching Square - Ball\DVI.vhd:]
WARNING: [filemgmt 56-199] Attempt to get parsing info during refresh. "On-the-fly" syntax checking information may be incorrect. [C:\Progh\Code\Project_RetroGame\FAT\CharacterLevelMove.srcs\sources_1\new\XY_GEN.vhd:]
WARNING: [filemgmt 56-199] Attempt to get parsing info during refresh. "On-the-fly" syntax checking information may be incorrect. [C:\Progh\Code\Project_RetroGame\FAT\CharacterLevelMove.srcs\sources_1\new\XY_GEN.vhd:]
WARNING: [filemgmt 56-199] Attempt to get parsing info during refresh. "On-the-fly" syntax checking information may be incorrect. [C:\Progh\Code\Project_RetroGame\FAT\CharacterLevelMove.srcs\sources_1\new\Displaylevel.vhd:]
WARNING: [filemgmt 56-199] Attempt to get parsing info during refresh. "On-the-fly" syntax checking information may be incorrect. [C:\Progh\Code\Project_RetroGame\FAT\CharacterLevelMove.srcs\sources_1\new\ControlCharacter.vhd:]
WARNING: [filemgmt 56-199] Attempt to get parsing info during refresh. "On-the-fly" syntax checking information may be incorrect. [C:\Progh\Code\Project_RetroGame\FAT\CharacterLevelMove.srcs\sources_1\new\XY_GEN.vhd:]
WARNING: [filemgmt 56-199] Attempt to get parsing info during refresh. "On-the-fly" syntax checking information may be incorrect. [C:\Progh\Code\Project_RetroGame\FAT\CharacterLevelMove.srcs\sources_1\new\CharacterController.vhd:]
WARNING: [filemgmt 56-199] Attempt to get parsing info during refresh. "On-the-fly" syntax checking information may be incorrect. [C:\Progh\Code\Project_RetroGame\FAT\CharacterLevelMove.srcs\sources_1\imports\Week 5 + 6 - Bounching Square - Ball\DVI.vhd:]
WARNING: [filemgmt 56-199] Attempt to get parsing info during refresh. "On-the-fly" syntax checking information may be incorrect. [C:\Progh\Code\Project_RetroGame\FAT\CharacterLevelMove.srcs\sources_1\new\Displaylevel.vhd:]
WARNING: [filemgmt 56-199] Attempt to get parsing info during refresh. "On-the-fly" syntax checking information may be incorrect. [C:\Progh\Code\Project_RetroGame\FAT\CharacterLevelMove.srcs\sources_1\new\Displaylevel.vhd:]
WARNING: [filemgmt 56-199] Attempt to get parsing info during refresh. "On-the-fly" syntax checking information may be incorrect. [C:\Progh\Code\Project_RetroGame\FAT\CharacterLevelMove.srcs\sources_1\new\Displaylevel.vhd:]
WARNING: [filemgmt 56-199] Attempt to get parsing info during refresh. "On-the-fly" syntax checking information may be incorrect. [C:\Progh\Code\Project_RetroGame\FAT\CharacterLevelMove.srcs\sources_1\new\ControlCharacter.vhd:]
WARNING: [filemgmt 56-199] Attempt to get parsing info during refresh. "On-the-fly" syntax checking information may be incorrect. [C:\Progh\Code\Project_RetroGame\FAT\CharacterLevelMove.srcs\sources_1\new\XY_GEN.vhd:]
WARNING: [filemgmt 56-199] Attempt to get parsing info during refresh. "On-the-fly" syntax checking information may be incorrect. [C:\Progh\Code\Project_RetroGame\FAT\CharacterLevelMove.srcs\sources_1\new\CharacterController.vhd:]
WARNING: [filemgmt 56-199] Attempt to get parsing info during refresh. "On-the-fly" syntax checking information may be incorrect. [C:\Progh\Code\Project_RetroGame\FAT\CharacterLevelMove.srcs\sources_1\imports\Week 5 + 6 - Bounching Square - Ball\DVI.vhd:]
WARNING: [filemgmt 56-199] Attempt to get parsing info during refresh. "On-the-fly" syntax checking information may be incorrect. [C:\Progh\Code\Project_RetroGame\FAT\CharacterLevelMove.srcs\sources_1\new\CharacterController.vhd:]
WARNING: [filemgmt 56-199] Attempt to get parsing info during refresh. "On-the-fly" syntax checking information may be incorrect. [C:\Progh\Code\Project_RetroGame\FAT\CharacterLevelMove.srcs\sources_1\new\CharacterController.vhd:]
update_compile_order -fileset sources_1
WARNING: [filemgmt 56-199] Attempt to get parsing info during refresh. "On-the-fly" syntax checking information may be incorrect. [C:\Progh\Code\Project_RetroGame\FAT\CharacterLevelMove.srcs\sources_1\new\Displaylevel.vhd:]
WARNING: [filemgmt 56-199] Attempt to get parsing info during refresh. "On-the-fly" syntax checking information may be incorrect. [C:\Progh\Code\Project_RetroGame\FAT\CharacterLevelMove.srcs\sources_1\new\ControlCharacter.vhd:]
WARNING: [filemgmt 56-199] Attempt to get parsing info during refresh. "On-the-fly" syntax checking information may be incorrect. [C:\Progh\Code\Project_RetroGame\FAT\CharacterLevelMove.srcs\sources_1\new\XY_GEN.vhd:]
WARNING: [filemgmt 56-199] Attempt to get parsing info during refresh. "On-the-fly" syntax checking information may be incorrect. [C:\Progh\Code\Project_RetroGame\FAT\CharacterLevelMove.srcs\sources_1\new\CharacterController.vhd:]
WARNING: [filemgmt 56-199] Attempt to get parsing info during refresh. "On-the-fly" syntax checking information may be incorrect. [C:\Progh\Code\Project_RetroGame\FAT\CharacterLevelMove.srcs\sources_1\imports\Week 5 + 6 - Bounching Square - Ball\DVI.vhd:]
WARNING: [filemgmt 56-199] Attempt to get parsing info during refresh. "On-the-fly" syntax checking information may be incorrect. [C:\Progh\Code\Project_RetroGame\FAT\CharacterLevelMove.srcs\sources_1\new\XY_GEN.vhd:]
WARNING: [filemgmt 56-199] Attempt to get parsing info during refresh. "On-the-fly" syntax checking information may be incorrect. [C:\Progh\Code\Project_RetroGame\FAT\CharacterLevelMove.srcs\sources_1\new\XY_GEN.vhd:]
WARNING: [filemgmt 56-199] Attempt to get parsing info during refresh. "On-the-fly" syntax checking information may be incorrect. [C:\Progh\Code\Project_RetroGame\FAT\CharacterLevelMove.srcs\sources_1\new\Displaylevel.vhd:]
WARNING: [filemgmt 56-199] Attempt to get parsing info during refresh. "On-the-fly" syntax checking information may be incorrect. [C:\Progh\Code\Project_RetroGame\FAT\CharacterLevelMove.srcs\sources_1\new\ControlCharacter.vhd:]
WARNING: [filemgmt 56-199] Attempt to get parsing info during refresh. "On-the-fly" syntax checking information may be incorrect. [C:\Progh\Code\Project_RetroGame\FAT\CharacterLevelMove.srcs\sources_1\new\XY_GEN.vhd:]
WARNING: [filemgmt 56-199] Attempt to get parsing info during refresh. "On-the-fly" syntax checking information may be incorrect. [C:\Progh\Code\Project_RetroGame\FAT\CharacterLevelMove.srcs\sources_1\new\CharacterController.vhd:]
WARNING: [filemgmt 56-199] Attempt to get parsing info during refresh. "On-the-fly" syntax checking information may be incorrect. [C:\Progh\Code\Project_RetroGame\FAT\CharacterLevelMove.srcs\sources_1\imports\Week 5 + 6 - Bounching Square - Ball\DVI.vhd:]
WARNING: [filemgmt 56-199] Attempt to get parsing info during refresh. "On-the-fly" syntax checking information may be incorrect. [C:\Progh\Code\Project_RetroGame\FAT\CharacterLevelMove.srcs\sources_1\new\CharacterController.vhd:]
WARNING: [filemgmt 56-199] Attempt to get parsing info during refresh. "On-the-fly" syntax checking information may be incorrect. [C:\Progh\Code\Project_RetroGame\FAT\CharacterLevelMove.srcs\sources_1\new\CharacterController.vhd:]
WARNING: [filemgmt 56-199] Attempt to get parsing info during refresh. "On-the-fly" syntax checking information may be incorrect. [C:\Progh\Code\Project_RetroGame\FAT\CharacterLevelMove.srcs\sources_1\new\Displaylevel.vhd:]
WARNING: [filemgmt 56-199] Attempt to get parsing info during refresh. "On-the-fly" syntax checking information may be incorrect. [C:\Progh\Code\Project_RetroGame\FAT\CharacterLevelMove.srcs\sources_1\new\ControlCharacter.vhd:]
WARNING: [filemgmt 56-199] Attempt to get parsing info during refresh. "On-the-fly" syntax checking information may be incorrect. [C:\Progh\Code\Project_RetroGame\FAT\CharacterLevelMove.srcs\sources_1\new\XY_GEN.vhd:]
WARNING: [filemgmt 56-199] Attempt to get parsing info during refresh. "On-the-fly" syntax checking information may be incorrect. [C:\Progh\Code\Project_RetroGame\FAT\CharacterLevelMove.srcs\sources_1\new\CharacterController.vhd:]
WARNING: [filemgmt 56-199] Attempt to get parsing info during refresh. "On-the-fly" syntax checking information may be incorrect. [C:\Progh\Code\Project_RetroGame\FAT\CharacterLevelMove.srcs\sources_1\imports\Week 5 + 6 - Bounching Square - Ball\DVI.vhd:]
WARNING: [filemgmt 56-199] Attempt to get parsing info during refresh. "On-the-fly" syntax checking information may be incorrect. [C:\Progh\Code\Project_RetroGame\FAT\CharacterLevelMove.srcs\sources_1\new\Displaylevel.vhd:]
WARNING: [filemgmt 56-199] Attempt to get parsing info during refresh. "On-the-fly" syntax checking information may be incorrect. [C:\Progh\Code\Project_RetroGame\FAT\CharacterLevelMove.srcs\sources_1\new\Displaylevel.vhd:]
ERROR: [Common 17-180] Spawn failed: No error
WARNING: [filemgmt 56-199] Attempt to get parsing info during refresh. "On-the-fly" syntax checking information may be incorrect. [C:\Progh\Code\Project_RetroGame\FAT\CharacterLevelMove.srcs\sources_1\new\Displaylevel.vhd:]
WARNING: [filemgmt 56-199] Attempt to get parsing info during refresh. "On-the-fly" syntax checking information may be incorrect. [C:\Progh\Code\Project_RetroGame\FAT\CharacterLevelMove.srcs\sources_1\new\ControlCharacter.vhd:]
WARNING: [filemgmt 56-199] Attempt to get parsing info during refresh. "On-the-fly" syntax checking information may be incorrect. [C:\Progh\Code\Project_RetroGame\FAT\CharacterLevelMove.srcs\sources_1\new\XY_GEN.vhd:]
WARNING: [filemgmt 56-199] Attempt to get parsing info during refresh. "On-the-fly" syntax checking information may be incorrect. [C:\Progh\Code\Project_RetroGame\FAT\CharacterLevelMove.srcs\sources_1\new\CharacterController.vhd:]
WARNING: [filemgmt 56-199] Attempt to get parsing info during refresh. "On-the-fly" syntax checking information may be incorrect. [C:\Progh\Code\Project_RetroGame\FAT\CharacterLevelMove.srcs\sources_1\imports\Week 5 + 6 - Bounching Square - Ball\DVI.vhd:]
WARNING: [filemgmt 56-199] Attempt to get parsing info during refresh. "On-the-fly" syntax checking information may be incorrect. [C:\Progh\Code\Project_RetroGame\FAT\CharacterLevelMove.srcs\sources_1\imports\Week 5 + 6 - Bounching Square - Ball\DVI.vhd:]
WARNING: [filemgmt 56-199] Attempt to get parsing info during refresh. "On-the-fly" syntax checking information may be incorrect. [C:\Progh\Code\Project_RetroGame\FAT\CharacterLevelMove.srcs\sources_1\imports\Week 5 + 6 - Bounching Square - Ball\DVI.vhd:]
ERROR: [Common 17-180] Spawn failed: No error
WARNING: [IP_Flow 19-4067] Ignoring invalid widget type specified checkbox.Providing a default widget
WARNING: [IP_Flow 19-4067] Ignoring invalid widget type specified checkbox.Providing a default widget
WARNING: [filemgmt 56-199] Attempt to get parsing info during refresh. "On-the-fly" syntax checking information may be incorrect. [C:\Progh\Code\Project_RetroGame\FAT\CharacterLevelMove.srcs\sources_1\new\Displaylevel.vhd:]
WARNING: [filemgmt 56-199] Attempt to get parsing info during refresh. "On-the-fly" syntax checking information may be incorrect. [C:\Progh\Code\Project_RetroGame\FAT\CharacterLevelMove.srcs\sources_1\new\ControlCharacter.vhd:]
WARNING: [filemgmt 56-199] Attempt to get parsing info during refresh. "On-the-fly" syntax checking information may be incorrect. [C:\Progh\Code\Project_RetroGame\FAT\CharacterLevelMove.srcs\sources_1\new\XY_GEN.vhd:]
WARNING: [filemgmt 56-199] Attempt to get parsing info during refresh. "On-the-fly" syntax checking information may be incorrect. [C:\Progh\Code\Project_RetroGame\FAT\CharacterLevelMove.srcs\sources_1\new\CharacterController.vhd:]
WARNING: [filemgmt 56-199] Attempt to get parsing info during refresh. "On-the-fly" syntax checking information may be incorrect. [C:\Progh\Code\Project_RetroGame\FAT\CharacterLevelMove.srcs\sources_1\imports\Week 5 + 6 - Bounching Square - Ball\DVI.vhd:]
WARNING: [filemgmt 56-199] Attempt to get parsing info during refresh. "On-the-fly" syntax checking information may be incorrect. [C:\Progh\Code\Project_RetroGame\FAT\CharacterLevelMove.srcs\sources_1\new\XY_GEN.vhd:]
WARNING: [filemgmt 56-199] Attempt to get parsing info during refresh. "On-the-fly" syntax checking information may be incorrect. [C:\Progh\Code\Project_RetroGame\FAT\CharacterLevelMove.srcs\sources_1\new\XY_GEN.vhd:]
WARNING: [filemgmt 56-199] Attempt to get parsing info during refresh. "On-the-fly" syntax checking information may be incorrect. [C:\Progh\Code\Project_RetroGame\FAT\CharacterLevelMove.srcs\sources_1\new\Displaylevel.vhd:]
WARNING: [filemgmt 56-199] Attempt to get parsing info during refresh. "On-the-fly" syntax checking information may be incorrect. [C:\Progh\Code\Project_RetroGame\FAT\CharacterLevelMove.srcs\sources_1\new\ControlCharacter.vhd:]
WARNING: [filemgmt 56-199] Attempt to get parsing info during refresh. "On-the-fly" syntax checking information may be incorrect. [C:\Progh\Code\Project_RetroGame\FAT\CharacterLevelMove.srcs\sources_1\new\XY_GEN.vhd:]
WARNING: [filemgmt 56-199] Attempt to get parsing info during refresh. "On-the-fly" syntax checking information may be incorrect. [C:\Progh\Code\Project_RetroGame\FAT\CharacterLevelMove.srcs\sources_1\new\CharacterController.vhd:]
WARNING: [filemgmt 56-199] Attempt to get parsing info during refresh. "On-the-fly" syntax checking information may be incorrect. [C:\Progh\Code\Project_RetroGame\FAT\CharacterLevelMove.srcs\sources_1\imports\Week 5 + 6 - Bounching Square - Ball\DVI.vhd:]
WARNING: [filemgmt 56-199] Attempt to get parsing info during refresh. "On-the-fly" syntax checking information may be incorrect. [C:\Progh\Code\Project_RetroGame\FAT\CharacterLevelMove.srcs\sources_1\new\Displaylevel.vhd:]
WARNING: [filemgmt 56-199] Attempt to get parsing info during refresh. "On-the-fly" syntax checking information may be incorrect. [C:\Progh\Code\Project_RetroGame\FAT\CharacterLevelMove.srcs\sources_1\new\Displaylevel.vhd:]
WARNING: [filemgmt 56-199] Attempt to get parsing info during refresh. "On-the-fly" syntax checking information may be incorrect. [C:\Progh\Code\Project_RetroGame\FAT\CharacterLevelMove.srcs\sources_1\new\Displaylevel.vhd:]
WARNING: [filemgmt 56-199] Attempt to get parsing info during refresh. "On-the-fly" syntax checking information may be incorrect. [C:\Progh\Code\Project_RetroGame\FAT\CharacterLevelMove.srcs\sources_1\new\ControlCharacter.vhd:]
WARNING: [filemgmt 56-199] Attempt to get parsing info during refresh. "On-the-fly" syntax checking information may be incorrect. [C:\Progh\Code\Project_RetroGame\FAT\CharacterLevelMove.srcs\sources_1\new\XY_GEN.vhd:]
WARNING: [filemgmt 56-199] Attempt to get parsing info during refresh. "On-the-fly" syntax checking information may be incorrect. [C:\Progh\Code\Project_RetroGame\FAT\CharacterLevelMove.srcs\sources_1\new\CharacterController.vhd:]
WARNING: [filemgmt 56-199] Attempt to get parsing info during refresh. "On-the-fly" syntax checking information may be incorrect. [C:\Progh\Code\Project_RetroGame\FAT\CharacterLevelMove.srcs\sources_1\imports\Week 5 + 6 - Bounching Square - Ball\DVI.vhd:]
WARNING: [filemgmt 56-199] Attempt to get parsing info during refresh. "On-the-fly" syntax checking information may be incorrect. [C:\Progh\Code\Project_RetroGame\FAT\CharacterLevelMove.srcs\sources_1\imports\Week 5 + 6 - Bounching Square - Ball\DVI.vhd:]
WARNING: [filemgmt 56-199] Attempt to get parsing info during refresh. "On-the-fly" syntax checking information may be incorrect. [C:\Progh\Code\Project_RetroGame\FAT\CharacterLevelMove.srcs\sources_1\imports\Week 5 + 6 - Bounching Square - Ball\DVI.vhd:]
WARNING: [filemgmt 56-199] Attempt to get parsing info during refresh. "On-the-fly" syntax checking information may be incorrect. [C:\Progh\Code\Project_RetroGame\FAT\CharacterLevelMove.srcs\sources_1\new\Displaylevel.vhd:]
WARNING: [filemgmt 56-199] Attempt to get parsing info during refresh. "On-the-fly" syntax checking information may be incorrect. [C:\Progh\Code\Project_RetroGame\FAT\CharacterLevelMove.srcs\sources_1\new\ControlCharacter.vhd:]
WARNING: [filemgmt 56-199] Attempt to get parsing info during refresh. "On-the-fly" syntax checking information may be incorrect. [C:\Progh\Code\Project_RetroGame\FAT\CharacterLevelMove.srcs\sources_1\new\XY_GEN.vhd:]
WARNING: [filemgmt 56-199] Attempt to get parsing info during refresh. "On-the-fly" syntax checking information may be incorrect. [C:\Progh\Code\Project_RetroGame\FAT\CharacterLevelMove.srcs\sources_1\new\CharacterController.vhd:]
WARNING: [filemgmt 56-199] Attempt to get parsing info during refresh. "On-the-fly" syntax checking information may be incorrect. [C:\Progh\Code\Project_RetroGame\FAT\CharacterLevelMove.srcs\sources_1\imports\Week 5 + 6 - Bounching Square - Ball\DVI.vhd:]
WARNING: [filemgmt 56-199] Attempt to get parsing info during refresh. "On-the-fly" syntax checking information may be incorrect. [C:\Progh\Code\Project_RetroGame\FAT\CharacterLevelMove.srcs\sources_1\new\CharacterController.vhd:]
WARNING: [filemgmt 56-199] Attempt to get parsing info during refresh. "On-the-fly" syntax checking information may be incorrect. [C:\Progh\Code\Project_RetroGame\FAT\CharacterLevelMove.srcs\sources_1\new\CharacterController.vhd:]
ERROR: [Common 17-180] Spawn failed: No error
WARNING: [IP_Flow 19-4067] Ignoring invalid widget type specified checkbox.Providing a default widget
WARNING: [IP_Flow 19-4067] Ignoring invalid widget type specified checkbox.Providing a default widget
create_ip -name blk_mem_gen -vendor xilinx.com -library ip -version 8.4 -module_name blk_mem_gen_4
generate_target {instantiation_template} [get_files c:/Progh/Code/Project_RetroGame/FAT/CharacterLevelMove.srcs/sources_1/ip/blk_mem_gen_4/blk_mem_gen_4.xci]
INFO: [IP_Flow 19-1686] Generating 'Instantiation Template' target for IP 'blk_mem_gen_4'...
WARNING: [filemgmt 56-199] Attempt to get parsing info during refresh. "On-the-fly" syntax checking information may be incorrect. [C:\Progh\Code\Project_RetroGame\FAT\CharacterLevelMove.srcs\sources_1\new\Displaylevel.vhd:]
WARNING: [filemgmt 56-199] Attempt to get parsing info during refresh. "On-the-fly" syntax checking information may be incorrect. [C:\Progh\Code\Project_RetroGame\FAT\CharacterLevelMove.srcs\sources_1\new\ControlCharacter.vhd:]
WARNING: [filemgmt 56-199] Attempt to get parsing info during refresh. "On-the-fly" syntax checking information may be incorrect. [C:\Progh\Code\Project_RetroGame\FAT\CharacterLevelMove.srcs\sources_1\new\XY_GEN.vhd:]
WARNING: [filemgmt 56-199] Attempt to get parsing info during refresh. "On-the-fly" syntax checking information may be incorrect. [C:\Progh\Code\Project_RetroGame\FAT\CharacterLevelMove.srcs\sources_1\new\CharacterController.vhd:]
WARNING: [filemgmt 56-199] Attempt to get parsing info during refresh. "On-the-fly" syntax checking information may be incorrect. [C:\Progh\Code\Project_RetroGame\FAT\CharacterLevelMove.srcs\sources_1\imports\Week 5 + 6 - Bounching Square - Ball\DVI.vhd:]
WARNING: [filemgmt 56-199] Attempt to get parsing info during refresh. "On-the-fly" syntax checking information may be incorrect. [C:\Progh\Code\Project_RetroGame\FAT\CharacterLevelMove.srcs\sources_1\new\ControlCharacter.vhd:]
WARNING: [filemgmt 56-199] Attempt to get parsing info during refresh. "On-the-fly" syntax checking information may be incorrect. [C:\Progh\Code\Project_RetroGame\FAT\CharacterLevelMove.srcs\sources_1\new\ControlCharacter.vhd:]
WARNING: [filemgmt 56-199] Attempt to get parsing info during refresh. "On-the-fly" syntax checking information may be incorrect. [C:\Progh\Code\Project_RetroGame\FAT\CharacterLevelMove.srcs\sources_1\new\Displaylevel.vhd:]
WARNING: [filemgmt 56-199] Attempt to get parsing info during refresh. "On-the-fly" syntax checking information may be incorrect. [C:\Progh\Code\Project_RetroGame\FAT\CharacterLevelMove.srcs\sources_1\new\ControlCharacter.vhd:]
WARNING: [filemgmt 56-199] Attempt to get parsing info during refresh. "On-the-fly" syntax checking information may be incorrect. [C:\Progh\Code\Project_RetroGame\FAT\CharacterLevelMove.srcs\sources_1\new\XY_GEN.vhd:]
WARNING: [filemgmt 56-199] Attempt to get parsing info during refresh. "On-the-fly" syntax checking information may be incorrect. [C:\Progh\Code\Project_RetroGame\FAT\CharacterLevelMove.srcs\sources_1\new\CharacterController.vhd:]
WARNING: [filemgmt 56-199] Attempt to get parsing info during refresh. "On-the-fly" syntax checking information may be incorrect. [C:\Progh\Code\Project_RetroGame\FAT\CharacterLevelMove.srcs\sources_1\imports\Week 5 + 6 - Bounching Square - Ball\DVI.vhd:]
WARNING: [filemgmt 56-199] Attempt to get parsing info during refresh. "On-the-fly" syntax checking information may be incorrect. [C:\Progh\Code\Project_RetroGame\FAT\CharacterLevelMove.srcs\sources_1\new\Displaylevel.vhd:]
WARNING: [filemgmt 56-199] Attempt to get parsing info during refresh. "On-the-fly" syntax checking information may be incorrect. [C:\Progh\Code\Project_RetroGame\FAT\CharacterLevelMove.srcs\sources_1\new\Displaylevel.vhd:]
WARNING: [filemgmt 56-199] Attempt to get parsing info during refresh. "On-the-fly" syntax checking information may be incorrect. [C:\Progh\Code\Project_RetroGame\FAT\CharacterLevelMove.srcs\sources_1\new\Displaylevel.vhd:]
WARNING: [filemgmt 56-199] Attempt to get parsing info during refresh. "On-the-fly" syntax checking information may be incorrect. [C:\Progh\Code\Project_RetroGame\FAT\CharacterLevelMove.srcs\sources_1\new\ControlCharacter.vhd:]
WARNING: [filemgmt 56-199] Attempt to get parsing info during refresh. "On-the-fly" syntax checking information may be incorrect. [C:\Progh\Code\Project_RetroGame\FAT\CharacterLevelMove.srcs\sources_1\new\XY_GEN.vhd:]
WARNING: [filemgmt 56-199] Attempt to get parsing info during refresh. "On-the-fly" syntax checking information may be incorrect. [C:\Progh\Code\Project_RetroGame\FAT\CharacterLevelMove.srcs\sources_1\new\CharacterController.vhd:]
WARNING: [filemgmt 56-199] Attempt to get parsing info during refresh. "On-the-fly" syntax checking information may be incorrect. [C:\Progh\Code\Project_RetroGame\FAT\CharacterLevelMove.srcs\sources_1\imports\Week 5 + 6 - Bounching Square - Ball\DVI.vhd:]
WARNING: [filemgmt 56-199] Attempt to get parsing info during refresh. "On-the-fly" syntax checking information may be incorrect. [C:\Progh\Code\Project_RetroGame\FAT\CharacterLevelMove.srcs\sources_1\new\XY_GEN.vhd:]
WARNING: [filemgmt 56-199] Attempt to get parsing info during refresh. "On-the-fly" syntax checking information may be incorrect. [C:\Progh\Code\Project_RetroGame\FAT\CharacterLevelMove.srcs\sources_1\new\XY_GEN.vhd:]
WARNING: [filemgmt 56-199] Attempt to get parsing info during refresh. "On-the-fly" syntax checking information may be incorrect. [C:\Progh\Code\Project_RetroGame\FAT\CharacterLevelMove.srcs\sources_1\new\Displaylevel.vhd:]
WARNING: [filemgmt 56-199] Attempt to get parsing info during refresh. "On-the-fly" syntax checking information may be incorrect. [C:\Progh\Code\Project_RetroGame\FAT\CharacterLevelMove.srcs\sources_1\new\ControlCharacter.vhd:]
WARNING: [filemgmt 56-199] Attempt to get parsing info during refresh. "On-the-fly" syntax checking information may be incorrect. [C:\Progh\Code\Project_RetroGame\FAT\CharacterLevelMove.srcs\sources_1\new\XY_GEN.vhd:]
WARNING: [filemgmt 56-199] Attempt to get parsing info during refresh. "On-the-fly" syntax checking information may be incorrect. [C:\Progh\Code\Project_RetroGame\FAT\CharacterLevelMove.srcs\sources_1\new\CharacterController.vhd:]
WARNING: [filemgmt 56-199] Attempt to get parsing info during refresh. "On-the-fly" syntax checking information may be incorrect. [C:\Progh\Code\Project_RetroGame\FAT\CharacterLevelMove.srcs\sources_1\imports\Week 5 + 6 - Bounching Square - Ball\DVI.vhd:]
WARNING: [filemgmt 56-199] Attempt to get parsing info during refresh. "On-the-fly" syntax checking information may be incorrect. [C:\Progh\Code\Project_RetroGame\FAT\CharacterLevelMove.srcs\sources_1\imports\Week 5 + 6 - Bounching Square - Ball\DVI.vhd:]
WARNING: [filemgmt 56-199] Attempt to get parsing info during refresh. "On-the-fly" syntax checking information may be incorrect. [C:\Progh\Code\Project_RetroGame\FAT\CharacterLevelMove.srcs\sources_1\imports\Week 5 + 6 - Bounching Square - Ball\DVI.vhd:]
generate_target all [get_files  c:/Progh/Code/Project_RetroGame/FAT/CharacterLevelMove.srcs/sources_1/ip/blk_mem_gen_4/blk_mem_gen_4.xci]
INFO: [IP_Flow 19-1686] Generating 'Synthesis' target for IP 'blk_mem_gen_4'...
INFO: [IP_Flow 19-1686] Generating 'Simulation' target for IP 'blk_mem_gen_4'...
INFO: [IP_Flow 19-1686] Generating 'Miscellaneous' target for IP 'blk_mem_gen_4'...
ERROR: [Common 17-180] Spawn failed: No error
INFO: [IP_Flow 19-1686] Generating 'Change Log' target for IP 'blk_mem_gen_4'...
ERROR: [Common 17-39] 'generate_target' failed due to earlier errors.
update_compile_order -fileset sources_1
WARNING: [filemgmt 56-199] Attempt to get parsing info during refresh. "On-the-fly" syntax checking information may be incorrect. [C:\Progh\Code\Project_RetroGame\FAT\CharacterLevelMove.srcs\sources_1\new\Displaylevel.vhd:]
WARNING: [filemgmt 56-199] Attempt to get parsing info during refresh. "On-the-fly" syntax checking information may be incorrect. [C:\Progh\Code\Project_RetroGame\FAT\CharacterLevelMove.srcs\sources_1\new\ControlCharacter.vhd:]
WARNING: [filemgmt 56-199] Attempt to get parsing info during refresh. "On-the-fly" syntax checking information may be incorrect. [C:\Progh\Code\Project_RetroGame\FAT\CharacterLevelMove.srcs\sources_1\new\XY_GEN.vhd:]
WARNING: [filemgmt 56-199] Attempt to get parsing info during refresh. "On-the-fly" syntax checking information may be incorrect. [C:\Progh\Code\Project_RetroGame\FAT\CharacterLevelMove.srcs\sources_1\new\CharacterController.vhd:]
WARNING: [filemgmt 56-199] Attempt to get parsing info during refresh. "On-the-fly" syntax checking information may be incorrect. [C:\Progh\Code\Project_RetroGame\FAT\CharacterLevelMove.srcs\sources_1\imports\Week 5 + 6 - Bounching Square - Ball\DVI.vhd:]
WARNING: [filemgmt 56-199] Attempt to get parsing info during refresh. "On-the-fly" syntax checking information may be incorrect. [C:\Progh\Code\Project_RetroGame\FAT\CharacterLevelMove.srcs\sources_1\new\CharacterController.vhd:]
WARNING: [filemgmt 56-199] Attempt to get parsing info during refresh. "On-the-fly" syntax checking information may be incorrect. [C:\Progh\Code\Project_RetroGame\FAT\CharacterLevelMove.srcs\sources_1\new\CharacterController.vhd:]
WARNING: [filemgmt 56-199] Attempt to get parsing info during refresh. "On-the-fly" syntax checking information may be incorrect. [C:\Progh\Code\Project_RetroGame\FAT\CharacterLevelMove.srcs\sources_1\new\Displaylevel.vhd:]
WARNING: [filemgmt 56-199] Attempt to get parsing info during refresh. "On-the-fly" syntax checking information may be incorrect. [C:\Progh\Code\Project_RetroGame\FAT\CharacterLevelMove.srcs\sources_1\new\ControlCharacter.vhd:]
WARNING: [filemgmt 56-199] Attempt to get parsing info during refresh. "On-the-fly" syntax checking information may be incorrect. [C:\Progh\Code\Project_RetroGame\FAT\CharacterLevelMove.srcs\sources_1\new\XY_GEN.vhd:]
WARNING: [filemgmt 56-199] Attempt to get parsing info during refresh. "On-the-fly" syntax checking information may be incorrect. [C:\Progh\Code\Project_RetroGame\FAT\CharacterLevelMove.srcs\sources_1\new\CharacterController.vhd:]
WARNING: [filemgmt 56-199] Attempt to get parsing info during refresh. "On-the-fly" syntax checking information may be incorrect. [C:\Progh\Code\Project_RetroGame\FAT\CharacterLevelMove.srcs\sources_1\imports\Week 5 + 6 - Bounching Square - Ball\DVI.vhd:]
WARNING: [filemgmt 56-199] Attempt to get parsing info during refresh. "On-the-fly" syntax checking information may be incorrect. [C:\Progh\Code\Project_RetroGame\FAT\CharacterLevelMove.srcs\sources_1\new\XY_GEN.vhd:]
WARNING: [filemgmt 56-199] Attempt to get parsing info during refresh. "On-the-fly" syntax checking information may be incorrect. [C:\Progh\Code\Project_RetroGame\FAT\CharacterLevelMove.srcs\sources_1\new\XY_GEN.vhd:]
WARNING: [filemgmt 56-199] Attempt to get parsing info during refresh. "On-the-fly" syntax checking information may be incorrect. [C:\Progh\Code\Project_RetroGame\FAT\CharacterLevelMove.srcs\sources_1\new\Displaylevel.vhd:]
WARNING: [filemgmt 56-199] Attempt to get parsing info during refresh. "On-the-fly" syntax checking information may be incorrect. [C:\Progh\Code\Project_RetroGame\FAT\CharacterLevelMove.srcs\sources_1\new\ControlCharacter.vhd:]
WARNING: [filemgmt 56-199] Attempt to get parsing info during refresh. "On-the-fly" syntax checking information may be incorrect. [C:\Progh\Code\Project_RetroGame\FAT\CharacterLevelMove.srcs\sources_1\new\XY_GEN.vhd:]
WARNING: [filemgmt 56-199] Attempt to get parsing info during refresh. "On-the-fly" syntax checking information may be incorrect. [C:\Progh\Code\Project_RetroGame\FAT\CharacterLevelMove.srcs\sources_1\new\CharacterController.vhd:]
WARNING: [filemgmt 56-199] Attempt to get parsing info during refresh. "On-the-fly" syntax checking information may be incorrect. [C:\Progh\Code\Project_RetroGame\FAT\CharacterLevelMove.srcs\sources_1\imports\Week 5 + 6 - Bounching Square - Ball\DVI.vhd:]
WARNING: [filemgmt 56-199] Attempt to get parsing info during refresh. "On-the-fly" syntax checking information may be incorrect. [C:\Progh\Code\Project_RetroGame\FAT\CharacterLevelMove.srcs\sources_1\new\Displaylevel.vhd:]
WARNING: [filemgmt 56-199] Attempt to get parsing info during refresh. "On-the-fly" syntax checking information may be incorrect. [C:\Progh\Code\Project_RetroGame\FAT\CharacterLevelMove.srcs\sources_1\new\Displaylevel.vhd:]
WARNING: [filemgmt 56-199] Attempt to get parsing info during refresh. "On-the-fly" syntax checking information may be incorrect. [C:\Progh\Code\Project_RetroGame\FAT\CharacterLevelMove.srcs\sources_1\new\Displaylevel.vhd:]
WARNING: [filemgmt 56-199] Attempt to get parsing info during refresh. "On-the-fly" syntax checking information may be incorrect. [C:\Progh\Code\Project_RetroGame\FAT\CharacterLevelMove.srcs\sources_1\new\ControlCharacter.vhd:]
WARNING: [filemgmt 56-199] Attempt to get parsing info during refresh. "On-the-fly" syntax checking information may be incorrect. [C:\Progh\Code\Project_RetroGame\FAT\CharacterLevelMove.srcs\sources_1\new\XY_GEN.vhd:]
WARNING: [filemgmt 56-199] Attempt to get parsing info during refresh. "On-the-fly" syntax checking information may be incorrect. [C:\Progh\Code\Project_RetroGame\FAT\CharacterLevelMove.srcs\sources_1\new\CharacterController.vhd:]
WARNING: [filemgmt 56-199] Attempt to get parsing info during refresh. "On-the-fly" syntax checking information may be incorrect. [C:\Progh\Code\Project_RetroGame\FAT\CharacterLevelMove.srcs\sources_1\imports\Week 5 + 6 - Bounching Square - Ball\DVI.vhd:]
WARNING: [filemgmt 56-199] Attempt to get parsing info during refresh. "On-the-fly" syntax checking information may be incorrect. [C:\Progh\Code\Project_RetroGame\FAT\CharacterLevelMove.srcs\sources_1\imports\Week 5 + 6 - Bounching Square - Ball\DVI.vhd:]
WARNING: [filemgmt 56-199] Attempt to get parsing info during refresh. "On-the-fly" syntax checking information may be incorrect. [C:\Progh\Code\Project_RetroGame\FAT\CharacterLevelMove.srcs\sources_1\imports\Week 5 + 6 - Bounching Square - Ball\DVI.vhd:]
WARNING: [filemgmt 56-199] Attempt to get parsing info during refresh. "On-the-fly" syntax checking information may be incorrect. [C:\Progh\Code\Project_RetroGame\FAT\CharacterLevelMove.srcs\sources_1\new\Displaylevel.vhd:]
WARNING: [filemgmt 56-199] Attempt to get parsing info during refresh. "On-the-fly" syntax checking information may be incorrect. [C:\Progh\Code\Project_RetroGame\FAT\CharacterLevelMove.srcs\sources_1\new\ControlCharacter.vhd:]
WARNING: [filemgmt 56-199] Attempt to get parsing info during refresh. "On-the-fly" syntax checking information may be incorrect. [C:\Progh\Code\Project_RetroGame\FAT\CharacterLevelMove.srcs\sources_1\new\XY_GEN.vhd:]
WARNING: [filemgmt 56-199] Attempt to get parsing info during refresh. "On-the-fly" syntax checking information may be incorrect. [C:\Progh\Code\Project_RetroGame\FAT\CharacterLevelMove.srcs\sources_1\new\CharacterController.vhd:]
WARNING: [filemgmt 56-199] Attempt to get parsing info during refresh. "On-the-fly" syntax checking information may be incorrect. [C:\Progh\Code\Project_RetroGame\FAT\CharacterLevelMove.srcs\sources_1\imports\Week 5 + 6 - Bounching Square - Ball\DVI.vhd:]
WARNING: [filemgmt 56-199] Attempt to get parsing info during refresh. "On-the-fly" syntax checking information may be incorrect. [C:\Progh\Code\Project_RetroGame\FAT\CharacterLevelMove.srcs\sources_1\new\ControlCharacter.vhd:]
WARNING: [filemgmt 56-199] Attempt to get parsing info during refresh. "On-the-fly" syntax checking information may be incorrect. [C:\Progh\Code\Project_RetroGame\FAT\CharacterLevelMove.srcs\sources_1\new\ControlCharacter.vhd:]
WARNING: [filemgmt 56-199] Attempt to get parsing info during refresh. "On-the-fly" syntax checking information may be incorrect. [C:\Progh\Code\Project_RetroGame\FAT\CharacterLevelMove.srcs\sources_1\new\Displaylevel.vhd:]
WARNING: [filemgmt 56-199] Attempt to get parsing info during refresh. "On-the-fly" syntax checking information may be incorrect. [C:\Progh\Code\Project_RetroGame\FAT\CharacterLevelMove.srcs\sources_1\new\ControlCharacter.vhd:]
WARNING: [filemgmt 56-199] Attempt to get parsing info during refresh. "On-the-fly" syntax checking information may be incorrect. [C:\Progh\Code\Project_RetroGame\FAT\CharacterLevelMove.srcs\sources_1\new\XY_GEN.vhd:]
WARNING: [filemgmt 56-199] Attempt to get parsing info during refresh. "On-the-fly" syntax checking information may be incorrect. [C:\Progh\Code\Project_RetroGame\FAT\CharacterLevelMove.srcs\sources_1\new\CharacterController.vhd:]
WARNING: [filemgmt 56-199] Attempt to get parsing info during refresh. "On-the-fly" syntax checking information may be incorrect. [C:\Progh\Code\Project_RetroGame\FAT\CharacterLevelMove.srcs\sources_1\imports\Week 5 + 6 - Bounching Square - Ball\DVI.vhd:]
WARNING: [filemgmt 56-199] Attempt to get parsing info during refresh. "On-the-fly" syntax checking information may be incorrect. [C:\Progh\Code\Project_RetroGame\FAT\CharacterLevelMove.srcs\sources_1\new\CharacterController.vhd:]
WARNING: [filemgmt 56-199] Attempt to get parsing info during refresh. "On-the-fly" syntax checking information may be incorrect. [C:\Progh\Code\Project_RetroGame\FAT\CharacterLevelMove.srcs\sources_1\new\CharacterController.vhd:]
WARNING: [filemgmt 56-199] Attempt to get parsing info during refresh. "On-the-fly" syntax checking information may be incorrect. [C:\Progh\Code\Project_RetroGame\FAT\CharacterLevelMove.srcs\sources_1\new\Displaylevel.vhd:]
WARNING: [filemgmt 56-199] Attempt to get parsing info during refresh. "On-the-fly" syntax checking information may be incorrect. [C:\Progh\Code\Project_RetroGame\FAT\CharacterLevelMove.srcs\sources_1\new\ControlCharacter.vhd:]
WARNING: [filemgmt 56-199] Attempt to get parsing info during refresh. "On-the-fly" syntax checking information may be incorrect. [C:\Progh\Code\Project_RetroGame\FAT\CharacterLevelMove.srcs\sources_1\new\XY_GEN.vhd:]
WARNING: [filemgmt 56-199] Attempt to get parsing info during refresh. "On-the-fly" syntax checking information may be incorrect. [C:\Progh\Code\Project_RetroGame\FAT\CharacterLevelMove.srcs\sources_1\new\CharacterController.vhd:]
WARNING: [filemgmt 56-199] Attempt to get parsing info during refresh. "On-the-fly" syntax checking information may be incorrect. [C:\Progh\Code\Project_RetroGame\FAT\CharacterLevelMove.srcs\sources_1\imports\Week 5 + 6 - Bounching Square - Ball\DVI.vhd:]
WARNING: [filemgmt 56-199] Attempt to get parsing info during refresh. "On-the-fly" syntax checking information may be incorrect. [C:\Progh\Code\Project_RetroGame\FAT\CharacterLevelMove.srcs\sources_1\new\Displaylevel.vhd:]
WARNING: [filemgmt 56-199] Attempt to get parsing info during refresh. "On-the-fly" syntax checking information may be incorrect. [C:\Progh\Code\Project_RetroGame\FAT\CharacterLevelMove.srcs\sources_1\new\Displaylevel.vhd:]
ERROR: [Common 17-180] Spawn failed: No error
WARNING: [filemgmt 56-199] Attempt to get parsing info during refresh. "On-the-fly" syntax checking information may be incorrect. [C:\Progh\Code\Project_RetroGame\FAT\CharacterLevelMove.srcs\sources_1\new\Displaylevel.vhd:]
WARNING: [filemgmt 56-199] Attempt to get parsing info during refresh. "On-the-fly" syntax checking information may be incorrect. [C:\Progh\Code\Project_RetroGame\FAT\CharacterLevelMove.srcs\sources_1\new\ControlCharacter.vhd:]
WARNING: [filemgmt 56-199] Attempt to get parsing info during refresh. "On-the-fly" syntax checking information may be incorrect. [C:\Progh\Code\Project_RetroGame\FAT\CharacterLevelMove.srcs\sources_1\new\XY_GEN.vhd:]
WARNING: [filemgmt 56-199] Attempt to get parsing info during refresh. "On-the-fly" syntax checking information may be incorrect. [C:\Progh\Code\Project_RetroGame\FAT\CharacterLevelMove.srcs\sources_1\new\CharacterController.vhd:]
WARNING: [filemgmt 56-199] Attempt to get parsing info during refresh. "On-the-fly" syntax checking information may be incorrect. [C:\Progh\Code\Project_RetroGame\FAT\CharacterLevelMove.srcs\sources_1\imports\Week 5 + 6 - Bounching Square - Ball\DVI.vhd:]
WARNING: [filemgmt 56-199] Attempt to get parsing info during refresh. "On-the-fly" syntax checking information may be incorrect. [C:\Progh\Code\Project_RetroGame\FAT\CharacterLevelMove.srcs\sources_1\new\XY_GEN.vhd:]
WARNING: [filemgmt 56-199] Attempt to get parsing info during refresh. "On-the-fly" syntax checking information may be incorrect. [C:\Progh\Code\Project_RetroGame\FAT\CharacterLevelMove.srcs\sources_1\new\XY_GEN.vhd:]
WARNING: [filemgmt 56-199] Attempt to get parsing info during refresh. "On-the-fly" syntax checking information may be incorrect. [C:\Progh\Code\Project_RetroGame\FAT\CharacterLevelMove.srcs\sources_1\new\Displaylevel.vhd:]
WARNING: [filemgmt 56-199] Attempt to get parsing info during refresh. "On-the-fly" syntax checking information may be incorrect. [C:\Progh\Code\Project_RetroGame\FAT\CharacterLevelMove.srcs\sources_1\new\ControlCharacter.vhd:]
WARNING: [filemgmt 56-199] Attempt to get parsing info during refresh. "On-the-fly" syntax checking information may be incorrect. [C:\Progh\Code\Project_RetroGame\FAT\CharacterLevelMove.srcs\sources_1\new\XY_GEN.vhd:]
WARNING: [filemgmt 56-199] Attempt to get parsing info during refresh. "On-the-fly" syntax checking information may be incorrect. [C:\Progh\Code\Project_RetroGame\FAT\CharacterLevelMove.srcs\sources_1\new\CharacterController.vhd:]
WARNING: [filemgmt 56-199] Attempt to get parsing info during refresh. "On-the-fly" syntax checking information may be incorrect. [C:\Progh\Code\Project_RetroGame\FAT\CharacterLevelMove.srcs\sources_1\imports\Week 5 + 6 - Bounching Square - Ball\DVI.vhd:]
WARNING: [filemgmt 56-199] Attempt to get parsing info during refresh. "On-the-fly" syntax checking information may be incorrect. [C:\Progh\Code\Project_RetroGame\FAT\CharacterLevelMove.srcs\sources_1\new\Displaylevel.vhd:]
WARNING: [filemgmt 56-199] Attempt to get parsing info during refresh. "On-the-fly" syntax checking information may be incorrect. [C:\Progh\Code\Project_RetroGame\FAT\CharacterLevelMove.srcs\sources_1\new\Displaylevel.vhd:]
ERROR: [Common 17-180] Spawn failed: No error
WARNING: [filemgmt 56-199] Attempt to get parsing info during refresh. "On-the-fly" syntax checking information may be incorrect. [C:\Progh\Code\Project_RetroGame\FAT\CharacterLevelMove.srcs\sources_1\new\Displaylevel.vhd:]
WARNING: [filemgmt 56-199] Attempt to get parsing info during refresh. "On-the-fly" syntax checking information may be incorrect. [C:\Progh\Code\Project_RetroGame\FAT\CharacterLevelMove.srcs\sources_1\new\ControlCharacter.vhd:]
WARNING: [filemgmt 56-199] Attempt to get parsing info during refresh. "On-the-fly" syntax checking information may be incorrect. [C:\Progh\Code\Project_RetroGame\FAT\CharacterLevelMove.srcs\sources_1\new\XY_GEN.vhd:]
WARNING: [filemgmt 56-199] Attempt to get parsing info during refresh. "On-the-fly" syntax checking information may be incorrect. [C:\Progh\Code\Project_RetroGame\FAT\CharacterLevelMove.srcs\sources_1\new\CharacterController.vhd:]
WARNING: [filemgmt 56-199] Attempt to get parsing info during refresh. "On-the-fly" syntax checking information may be incorrect. [C:\Progh\Code\Project_RetroGame\FAT\CharacterLevelMove.srcs\sources_1\imports\Week 5 + 6 - Bounching Square - Ball\DVI.vhd:]
WARNING: [filemgmt 56-199] Attempt to get parsing info during refresh. "On-the-fly" syntax checking information may be incorrect. [C:\Progh\Code\Project_RetroGame\FAT\CharacterLevelMove.srcs\sources_1\new\XY_GEN.vhd:]
WARNING: [filemgmt 56-199] Attempt to get parsing info during refresh. "On-the-fly" syntax checking information may be incorrect. [C:\Progh\Code\Project_RetroGame\FAT\CharacterLevelMove.srcs\sources_1\new\XY_GEN.vhd:]
WARNING: [filemgmt 56-199] Attempt to get parsing info during refresh. "On-the-fly" syntax checking information may be incorrect. [C:\Progh\Code\Project_RetroGame\FAT\CharacterLevelMove.srcs\sources_1\new\Displaylevel.vhd:]
WARNING: [filemgmt 56-199] Attempt to get parsing info during refresh. "On-the-fly" syntax checking information may be incorrect. [C:\Progh\Code\Project_RetroGame\FAT\CharacterLevelMove.srcs\sources_1\new\ControlCharacter.vhd:]
WARNING: [filemgmt 56-199] Attempt to get parsing info during refresh. "On-the-fly" syntax checking information may be incorrect. [C:\Progh\Code\Project_RetroGame\FAT\CharacterLevelMove.srcs\sources_1\new\XY_GEN.vhd:]
WARNING: [filemgmt 56-199] Attempt to get parsing info during refresh. "On-the-fly" syntax checking information may be incorrect. [C:\Progh\Code\Project_RetroGame\FAT\CharacterLevelMove.srcs\sources_1\new\CharacterController.vhd:]
WARNING: [filemgmt 56-199] Attempt to get parsing info during refresh. "On-the-fly" syntax checking information may be incorrect. [C:\Progh\Code\Project_RetroGame\FAT\CharacterLevelMove.srcs\sources_1\imports\Week 5 + 6 - Bounching Square - Ball\DVI.vhd:]
WARNING: [filemgmt 56-199] Attempt to get parsing info during refresh. "On-the-fly" syntax checking information may be incorrect. [C:\Progh\Code\Project_RetroGame\FAT\CharacterLevelMove.srcs\sources_1\new\Displaylevel.vhd:]
WARNING: [filemgmt 56-199] Attempt to get parsing info during refresh. "On-the-fly" syntax checking information may be incorrect. [C:\Progh\Code\Project_RetroGame\FAT\CharacterLevelMove.srcs\sources_1\new\Displaylevel.vhd:]
WARNING: [IP_Flow 19-4067] Ignoring invalid widget type specified checkbox.Providing a default widget
WARNING: [IP_Flow 19-4067] Ignoring invalid widget type specified checkbox.Providing a default widget
WARNING: [filemgmt 56-199] Attempt to get parsing info during refresh. "On-the-fly" syntax checking information may be incorrect. [C:\Progh\Code\Project_RetroGame\FAT\CharacterLevelMove.srcs\sources_1\new\Displaylevel.vhd:]
WARNING: [filemgmt 56-199] Attempt to get parsing info during refresh. "On-the-fly" syntax checking information may be incorrect. [C:\Progh\Code\Project_RetroGame\FAT\CharacterLevelMove.srcs\sources_1\new\ControlCharacter.vhd:]
WARNING: [filemgmt 56-199] Attempt to get parsing info during refresh. "On-the-fly" syntax checking information may be incorrect. [C:\Progh\Code\Project_RetroGame\FAT\CharacterLevelMove.srcs\sources_1\new\XY_GEN.vhd:]
WARNING: [filemgmt 56-199] Attempt to get parsing info during refresh. "On-the-fly" syntax checking information may be incorrect. [C:\Progh\Code\Project_RetroGame\FAT\CharacterLevelMove.srcs\sources_1\new\CharacterController.vhd:]
WARNING: [filemgmt 56-199] Attempt to get parsing info during refresh. "On-the-fly" syntax checking information may be incorrect. [C:\Progh\Code\Project_RetroGame\FAT\CharacterLevelMove.srcs\sources_1\imports\Week 5 + 6 - Bounching Square - Ball\DVI.vhd:]
WARNING: [filemgmt 56-199] Attempt to get parsing info during refresh. "On-the-fly" syntax checking information may be incorrect. [C:\Progh\Code\Project_RetroGame\FAT\CharacterLevelMove.srcs\sources_1\imports\Week 5 + 6 - Bounching Square - Ball\DVI.vhd:]
WARNING: [filemgmt 56-199] Attempt to get parsing info during refresh. "On-the-fly" syntax checking information may be incorrect. [C:\Progh\Code\Project_RetroGame\FAT\CharacterLevelMove.srcs\sources_1\imports\Week 5 + 6 - Bounching Square - Ball\DVI.vhd:]
WARNING: [filemgmt 56-199] Attempt to get parsing info during refresh. "On-the-fly" syntax checking information may be incorrect. [C:\Progh\Code\Project_RetroGame\FAT\CharacterLevelMove.srcs\sources_1\new\Displaylevel.vhd:]
INFO: [IP_Flow 19-3484] Absolute path of file 'c:/Progh/Code/Project_RetroGame/FAT/CoeFilesOpslag/MapBeter.coe' provided. It will be converted relative to IP Instance files '../../../../../../FAT/CoeFilesOpslag/MapBeter.coe'
set_property -dict [list \
  CONFIG.Coe_File {C:/Progh/Code/Project_RetroGame/FAT/CoeFilesOpslag/MapBeter.coe} \
  CONFIG.Load_Init_File {true} \
  CONFIG.Memory_Type {Single_Port_ROM} \
  CONFIG.Write_Depth_A {76800} \
  CONFIG.Write_Width_A {12} \
] [get_ips blk_mem_gen_4]
INFO: [IP_Flow 19-3484] Absolute path of file 'c:/Progh/Code/Project_RetroGame/FAT/CoeFilesOpslag/MapBeter.coe' provided. It will be converted relative to IP Instance files '../../../../CoeFilesOpslag/MapBeter.coe'
WARNING: [filemgmt 56-199] Attempt to get parsing info during refresh. "On-the-fly" syntax checking information may be incorrect. [C:\Progh\Code\Project_RetroGame\FAT\CharacterLevelMove.srcs\sources_1\new\Displaylevel.vhd:]
WARNING: [filemgmt 56-199] Attempt to get parsing info during refresh. "On-the-fly" syntax checking information may be incorrect. [C:\Progh\Code\Project_RetroGame\FAT\CharacterLevelMove.srcs\sources_1\new\ControlCharacter.vhd:]
WARNING: [filemgmt 56-199] Attempt to get parsing info during refresh. "On-the-fly" syntax checking information may be incorrect. [C:\Progh\Code\Project_RetroGame\FAT\CharacterLevelMove.srcs\sources_1\new\XY_GEN.vhd:]
WARNING: [filemgmt 56-199] Attempt to get parsing info during refresh. "On-the-fly" syntax checking information may be incorrect. [C:\Progh\Code\Project_RetroGame\FAT\CharacterLevelMove.srcs\sources_1\new\CharacterController.vhd:]
WARNING: [filemgmt 56-199] Attempt to get parsing info during refresh. "On-the-fly" syntax checking information may be incorrect. [C:\Progh\Code\Project_RetroGame\FAT\CharacterLevelMove.srcs\sources_1\imports\Week 5 + 6 - Bounching Square - Ball\DVI.vhd:]
WARNING: [filemgmt 56-199] Attempt to get parsing info during refresh. "On-the-fly" syntax checking information may be incorrect. [C:\Progh\Code\Project_RetroGame\FAT\CharacterLevelMove.srcs\sources_1\new\XY_GEN.vhd:]
WARNING: [filemgmt 56-199] Attempt to get parsing info during refresh. "On-the-fly" syntax checking information may be incorrect. [C:\Progh\Code\Project_RetroGame\FAT\CharacterLevelMove.srcs\sources_1\new\XY_GEN.vhd:]
WARNING: [filemgmt 56-199] Attempt to get parsing info during refresh. "On-the-fly" syntax checking information may be incorrect. [C:\Progh\Code\Project_RetroGame\FAT\CharacterLevelMove.srcs\sources_1\new\Displaylevel.vhd:]
WARNING: [filemgmt 56-199] Attempt to get parsing info during refresh. "On-the-fly" syntax checking information may be incorrect. [C:\Progh\Code\Project_RetroGame\FAT\CharacterLevelMove.srcs\sources_1\new\ControlCharacter.vhd:]
WARNING: [filemgmt 56-199] Attempt to get parsing info during refresh. "On-the-fly" syntax checking information may be incorrect. [C:\Progh\Code\Project_RetroGame\FAT\CharacterLevelMove.srcs\sources_1\new\XY_GEN.vhd:]
WARNING: [filemgmt 56-199] Attempt to get parsing info during refresh. "On-the-fly" syntax checking information may be incorrect. [C:\Progh\Code\Project_RetroGame\FAT\CharacterLevelMove.srcs\sources_1\new\CharacterController.vhd:]
WARNING: [filemgmt 56-199] Attempt to get parsing info during refresh. "On-the-fly" syntax checking information may be incorrect. [C:\Progh\Code\Project_RetroGame\FAT\CharacterLevelMove.srcs\sources_1\imports\Week 5 + 6 - Bounching Square - Ball\DVI.vhd:]
WARNING: [filemgmt 56-199] Attempt to get parsing info during refresh. "On-the-fly" syntax checking information may be incorrect. [C:\Progh\Code\Project_RetroGame\FAT\CharacterLevelMove.srcs\sources_1\new\Displaylevel.vhd:]
WARNING: [filemgmt 56-199] Attempt to get parsing info during refresh. "On-the-fly" syntax checking information may be incorrect. [C:\Progh\Code\Project_RetroGame\FAT\CharacterLevelMove.srcs\sources_1\new\Displaylevel.vhd:]
WARNING: [filemgmt 56-199] Attempt to get parsing info during refresh. "On-the-fly" syntax checking information may be incorrect. [C:\Progh\Code\Project_RetroGame\FAT\CharacterLevelMove.srcs\sources_1\new\Displaylevel.vhd:]
WARNING: [filemgmt 56-199] Attempt to get parsing info during refresh. "On-the-fly" syntax checking information may be incorrect. [C:\Progh\Code\Project_RetroGame\FAT\CharacterLevelMove.srcs\sources_1\new\ControlCharacter.vhd:]
WARNING: [filemgmt 56-199] Attempt to get parsing info during refresh. "On-the-fly" syntax checking information may be incorrect. [C:\Progh\Code\Project_RetroGame\FAT\CharacterLevelMove.srcs\sources_1\new\XY_GEN.vhd:]
WARNING: [filemgmt 56-199] Attempt to get parsing info during refresh. "On-the-fly" syntax checking information may be incorrect. [C:\Progh\Code\Project_RetroGame\FAT\CharacterLevelMove.srcs\sources_1\new\CharacterController.vhd:]
WARNING: [filemgmt 56-199] Attempt to get parsing info during refresh. "On-the-fly" syntax checking information may be incorrect. [C:\Progh\Code\Project_RetroGame\FAT\CharacterLevelMove.srcs\sources_1\imports\Week 5 + 6 - Bounching Square - Ball\DVI.vhd:]
WARNING: [filemgmt 56-199] Attempt to get parsing info during refresh. "On-the-fly" syntax checking information may be incorrect. [C:\Progh\Code\Project_RetroGame\FAT\CharacterLevelMove.srcs\sources_1\new\ControlCharacter.vhd:]
WARNING: [filemgmt 56-199] Attempt to get parsing info during refresh. "On-the-fly" syntax checking information may be incorrect. [C:\Progh\Code\Project_RetroGame\FAT\CharacterLevelMove.srcs\sources_1\new\ControlCharacter.vhd:]
ERROR: [Common 17-180] Spawn failed: No error
WARNING: [filemgmt 56-199] Attempt to get parsing info during refresh. "On-the-fly" syntax checking information may be incorrect. [C:\Progh\Code\Project_RetroGame\FAT\CharacterLevelMove.srcs\sources_1\new\Displaylevel.vhd:]
WARNING: [filemgmt 56-199] Attempt to get parsing info during refresh. "On-the-fly" syntax checking information may be incorrect. [C:\Progh\Code\Project_RetroGame\FAT\CharacterLevelMove.srcs\sources_1\new\ControlCharacter.vhd:]
WARNING: [filemgmt 56-199] Attempt to get parsing info during refresh. "On-the-fly" syntax checking information may be incorrect. [C:\Progh\Code\Project_RetroGame\FAT\CharacterLevelMove.srcs\sources_1\new\XY_GEN.vhd:]
WARNING: [filemgmt 56-199] Attempt to get parsing info during refresh. "On-the-fly" syntax checking information may be incorrect. [C:\Progh\Code\Project_RetroGame\FAT\CharacterLevelMove.srcs\sources_1\new\CharacterController.vhd:]
WARNING: [filemgmt 56-199] Attempt to get parsing info during refresh. "On-the-fly" syntax checking information may be incorrect. [C:\Progh\Code\Project_RetroGame\FAT\CharacterLevelMove.srcs\sources_1\imports\Week 5 + 6 - Bounching Square - Ball\DVI.vhd:]
WARNING: [filemgmt 56-199] Attempt to get parsing info during refresh. "On-the-fly" syntax checking information may be incorrect. [C:\Progh\Code\Project_RetroGame\FAT\CharacterLevelMove.srcs\sources_1\imports\Week 5 + 6 - Bounching Square - Ball\DVI.vhd:]
WARNING: [filemgmt 56-199] Attempt to get parsing info during refresh. "On-the-fly" syntax checking information may be incorrect. [C:\Progh\Code\Project_RetroGame\FAT\CharacterLevelMove.srcs\sources_1\imports\Week 5 + 6 - Bounching Square - Ball\DVI.vhd:]
ERROR: [Common 17-180] Spawn failed: No error
generate_target all [get_files  c:/Progh/Code/Project_RetroGame/FAT/CharacterLevelMove.srcs/sources_1/ip/blk_mem_gen_4/blk_mem_gen_4.xci]
WARNING: [filemgmt 56-199] Attempt to get parsing info during refresh. "On-the-fly" syntax checking information may be incorrect. [C:\Progh\Code\Project_RetroGame\FAT\CharacterLevelMove.srcs\sources_1\new\Displaylevel.vhd:]
WARNING: [filemgmt 56-199] Attempt to get parsing info during refresh. "On-the-fly" syntax checking information may be incorrect. [C:\Progh\Code\Project_RetroGame\FAT\CharacterLevelMove.srcs\sources_1\new\ControlCharacter.vhd:]
WARNING: [filemgmt 56-199] Attempt to get parsing info during refresh. "On-the-fly" syntax checking information may be incorrect. [C:\Progh\Code\Project_RetroGame\FAT\CharacterLevelMove.srcs\sources_1\new\XY_GEN.vhd:]
WARNING: [filemgmt 56-199] Attempt to get parsing info during refresh. "On-the-fly" syntax checking information may be incorrect. [C:\Progh\Code\Project_RetroGame\FAT\CharacterLevelMove.srcs\sources_1\new\CharacterController.vhd:]
WARNING: [filemgmt 56-199] Attempt to get parsing info during refresh. "On-the-fly" syntax checking information may be incorrect. [C:\Progh\Code\Project_RetroGame\FAT\CharacterLevelMove.srcs\sources_1\imports\Week 5 + 6 - Bounching Square - Ball\DVI.vhd:]
WARNING: [filemgmt 56-199] Attempt to get parsing info during refresh. "On-the-fly" syntax checking information may be incorrect. [C:\Progh\Code\Project_RetroGame\FAT\CharacterLevelMove.srcs\sources_1\new\XY_GEN.vhd:]
WARNING: [filemgmt 56-199] Attempt to get parsing info during refresh. "On-the-fly" syntax checking information may be incorrect. [C:\Progh\Code\Project_RetroGame\FAT\CharacterLevelMove.srcs\sources_1\new\XY_GEN.vhd:]
WARNING: [filemgmt 56-199] Attempt to get parsing info during refresh. "On-the-fly" syntax checking information may be incorrect. [C:\Progh\Code\Project_RetroGame\FAT\CharacterLevelMove.srcs\sources_1\new\Displaylevel.vhd:]
WARNING: [filemgmt 56-199] Attempt to get parsing info during refresh. "On-the-fly" syntax checking information may be incorrect. [C:\Progh\Code\Project_RetroGame\FAT\CharacterLevelMove.srcs\sources_1\new\ControlCharacter.vhd:]
WARNING: [filemgmt 56-199] Attempt to get parsing info during refresh. "On-the-fly" syntax checking information may be incorrect. [C:\Progh\Code\Project_RetroGame\FAT\CharacterLevelMove.srcs\sources_1\new\XY_GEN.vhd:]
WARNING: [filemgmt 56-199] Attempt to get parsing info during refresh. "On-the-fly" syntax checking information may be incorrect. [C:\Progh\Code\Project_RetroGame\FAT\CharacterLevelMove.srcs\sources_1\new\CharacterController.vhd:]
WARNING: [filemgmt 56-199] Attempt to get parsing info during refresh. "On-the-fly" syntax checking information may be incorrect. [C:\Progh\Code\Project_RetroGame\FAT\CharacterLevelMove.srcs\sources_1\imports\Week 5 + 6 - Bounching Square - Ball\DVI.vhd:]
WARNING: [filemgmt 56-199] Attempt to get parsing info during refresh. "On-the-fly" syntax checking information may be incorrect. [C:\Progh\Code\Project_RetroGame\FAT\CharacterLevelMove.srcs\sources_1\new\CharacterController.vhd:]
WARNING: [filemgmt 56-199] Attempt to get parsing info during refresh. "On-the-fly" syntax checking information may be incorrect. [C:\Progh\Code\Project_RetroGame\FAT\CharacterLevelMove.srcs\sources_1\new\CharacterController.vhd:]
INFO: [IP_Flow 19-1686] Generating 'Instantiation Template' target for IP 'blk_mem_gen_4'...
INFO: [IP_Flow 19-1686] Generating 'Synthesis' target for IP 'blk_mem_gen_4'...
WARNING: [filemgmt 56-199] Attempt to get parsing info during refresh. "On-the-fly" syntax checking information may be incorrect. [C:\Progh\Code\Project_RetroGame\FAT\CharacterLevelMove.srcs\sources_1\new\Displaylevel.vhd:]
WARNING: [filemgmt 56-199] Attempt to get parsing info during refresh. "On-the-fly" syntax checking information may be incorrect. [C:\Progh\Code\Project_RetroGame\FAT\CharacterLevelMove.srcs\sources_1\new\ControlCharacter.vhd:]
WARNING: [filemgmt 56-199] Attempt to get parsing info during refresh. "On-the-fly" syntax checking information may be incorrect. [C:\Progh\Code\Project_RetroGame\FAT\CharacterLevelMove.srcs\sources_1\new\XY_GEN.vhd:]
WARNING: [filemgmt 56-199] Attempt to get parsing info during refresh. "On-the-fly" syntax checking information may be incorrect. [C:\Progh\Code\Project_RetroGame\FAT\CharacterLevelMove.srcs\sources_1\new\CharacterController.vhd:]
WARNING: [filemgmt 56-199] Attempt to get parsing info during refresh. "On-the-fly" syntax checking information may be incorrect. [C:\Progh\Code\Project_RetroGame\FAT\CharacterLevelMove.srcs\sources_1\imports\Week 5 + 6 - Bounching Square - Ball\DVI.vhd:]
WARNING: [filemgmt 56-199] Attempt to get parsing info during refresh. "On-the-fly" syntax checking information may be incorrect. [C:\Progh\Code\Project_RetroGame\FAT\CharacterLevelMove.srcs\sources_1\imports\Week 5 + 6 - Bounching Square - Ball\DVI.vhd:]
WARNING: [filemgmt 56-199] Attempt to get parsing info during refresh. "On-the-fly" syntax checking information may be incorrect. [C:\Progh\Code\Project_RetroGame\FAT\CharacterLevelMove.srcs\sources_1\imports\Week 5 + 6 - Bounching Square - Ball\DVI.vhd:]
WARNING: [filemgmt 56-199] Attempt to get parsing info during refresh. "On-the-fly" syntax checking information may be incorrect. [C:\Progh\Code\Project_RetroGame\FAT\CharacterLevelMove.srcs\sources_1\new\Displaylevel.vhd:]
WARNING: [filemgmt 56-199] Attempt to get parsing info during refresh. "On-the-fly" syntax checking information may be incorrect. [C:\Progh\Code\Project_RetroGame\FAT\CharacterLevelMove.srcs\sources_1\new\ControlCharacter.vhd:]
WARNING: [filemgmt 56-199] Attempt to get parsing info during refresh. "On-the-fly" syntax checking information may be incorrect. [C:\Progh\Code\Project_RetroGame\FAT\CharacterLevelMove.srcs\sources_1\new\XY_GEN.vhd:]
WARNING: [filemgmt 56-199] Attempt to get parsing info during refresh. "On-the-fly" syntax checking information may be incorrect. [C:\Progh\Code\Project_RetroGame\FAT\CharacterLevelMove.srcs\sources_1\new\CharacterController.vhd:]
WARNING: [filemgmt 56-199] Attempt to get parsing info during refresh. "On-the-fly" syntax checking information may be incorrect. [C:\Progh\Code\Project_RetroGame\FAT\CharacterLevelMove.srcs\sources_1\imports\Week 5 + 6 - Bounching Square - Ball\DVI.vhd:]
WARNING: [filemgmt 56-199] Attempt to get parsing info during refresh. "On-the-fly" syntax checking information may be incorrect. [C:\Progh\Code\Project_RetroGame\FAT\CharacterLevelMove.srcs\sources_1\new\ControlCharacter.vhd:]
WARNING: [filemgmt 56-199] Attempt to get parsing info during refresh. "On-the-fly" syntax checking information may be incorrect. [C:\Progh\Code\Project_RetroGame\FAT\CharacterLevelMove.srcs\sources_1\new\ControlCharacter.vhd:]
INFO: [IP_Flow 19-1686] Generating 'Simulation' target for IP 'blk_mem_gen_4'...
INFO: [IP_Flow 19-1686] Generating 'Miscellaneous' target for IP 'blk_mem_gen_4'...
INFO: [IP_Flow 19-1686] Generating 'Change Log' target for IP 'blk_mem_gen_4'...
catch { config_ip_cache -export [get_ips -all blk_mem_gen_4] }
INFO: [IP_Flow 19-6924] IPCACHE: Running cache check for IP inst: blk_mem_gen_4
export_ip_user_files -of_objects [get_files c:/Progh/Code/Project_RetroGame/FAT/CharacterLevelMove.srcs/sources_1/ip/blk_mem_gen_4/blk_mem_gen_4.xci] -no_script -sync -force -quiet
INFO: [Vivado 12-23855] The given sub-design is auto disabled, no action will be taken: 'c:/Progh/Code/Project_RetroGame/FAT/CharacterLevelMove.srcs/sources_1/ip/blk_mem_gen_4/blk_mem_gen_4.xci'
export_simulation -of_objects [get_files c:/Progh/Code/Project_RetroGame/FAT/CharacterLevelMove.srcs/sources_1/ip/blk_mem_gen_4/blk_mem_gen_4.xci] -directory C:/Progh/Code/Project_RetroGame/FAT/CharacterLevelMove.ip_user_files/sim_scripts -ip_user_files_dir C:/Progh/Code/Project_RetroGame/FAT/CharacterLevelMove.ip_user_files -ipstatic_source_dir C:/Progh/Code/Project_RetroGame/FAT/CharacterLevelMove.ip_user_files/ipstatic -lib_map_path [list {modelsim=C:/Progh/Code/Project_RetroGame/FAT/CharacterLevelMove.cache/compile_simlib/modelsim} {questa=C:/Progh/Code/Project_RetroGame/FAT/CharacterLevelMove.cache/compile_simlib/questa} {riviera=C:/Progh/Code/Project_RetroGame/FAT/CharacterLevelMove.cache/compile_simlib/riviera} {activehdl=C:/Progh/Code/Project_RetroGame/FAT/CharacterLevelMove.cache/compile_simlib/activehdl}] -use_ip_compiled_libs -force -quiet
update_compile_order -fileset sources_1
WARNING: [filemgmt 56-199] Attempt to get parsing info during refresh. "On-the-fly" syntax checking information may be incorrect. [C:\Progh\Code\Project_RetroGame\FAT\CharacterLevelMove.srcs\sources_1\new\Displaylevel.vhd:]
WARNING: [filemgmt 56-199] Attempt to get parsing info during refresh. "On-the-fly" syntax checking information may be incorrect. [C:\Progh\Code\Project_RetroGame\FAT\CharacterLevelMove.srcs\sources_1\new\ControlCharacter.vhd:]
WARNING: [filemgmt 56-199] Attempt to get parsing info during refresh. "On-the-fly" syntax checking information may be incorrect. [C:\Progh\Code\Project_RetroGame\FAT\CharacterLevelMove.srcs\sources_1\new\XY_GEN.vhd:]
WARNING: [filemgmt 56-199] Attempt to get parsing info during refresh. "On-the-fly" syntax checking information may be incorrect. [C:\Progh\Code\Project_RetroGame\FAT\CharacterLevelMove.srcs\sources_1\new\CharacterController.vhd:]
WARNING: [filemgmt 56-199] Attempt to get parsing info during refresh. "On-the-fly" syntax checking information may be incorrect. [C:\Progh\Code\Project_RetroGame\FAT\CharacterLevelMove.srcs\sources_1\imports\Week 5 + 6 - Bounching Square - Ball\DVI.vhd:]
WARNING: [filemgmt 56-199] Attempt to get parsing info during refresh. "On-the-fly" syntax checking information may be incorrect. [C:\Progh\Code\Project_RetroGame\FAT\CharacterLevelMove.srcs\sources_1\new\XY_GEN.vhd:]
WARNING: [filemgmt 56-199] Attempt to get parsing info during refresh. "On-the-fly" syntax checking information may be incorrect. [C:\Progh\Code\Project_RetroGame\FAT\CharacterLevelMove.srcs\sources_1\new\XY_GEN.vhd:]
WARNING: [filemgmt 56-199] Attempt to get parsing info during refresh. "On-the-fly" syntax checking information may be incorrect. [C:\Progh\Code\Project_RetroGame\FAT\CharacterLevelMove.srcs\sources_1\new\Displaylevel.vhd:]
WARNING: [filemgmt 56-199] Attempt to get parsing info during refresh. "On-the-fly" syntax checking information may be incorrect. [C:\Progh\Code\Project_RetroGame\FAT\CharacterLevelMove.srcs\sources_1\new\ControlCharacter.vhd:]
WARNING: [filemgmt 56-199] Attempt to get parsing info during refresh. "On-the-fly" syntax checking information may be incorrect. [C:\Progh\Code\Project_RetroGame\FAT\CharacterLevelMove.srcs\sources_1\new\XY_GEN.vhd:]
WARNING: [filemgmt 56-199] Attempt to get parsing info during refresh. "On-the-fly" syntax checking information may be incorrect. [C:\Progh\Code\Project_RetroGame\FAT\CharacterLevelMove.srcs\sources_1\new\CharacterController.vhd:]
WARNING: [filemgmt 56-199] Attempt to get parsing info during refresh. "On-the-fly" syntax checking information may be incorrect. [C:\Progh\Code\Project_RetroGame\FAT\CharacterLevelMove.srcs\sources_1\imports\Week 5 + 6 - Bounching Square - Ball\DVI.vhd:]
WARNING: [filemgmt 56-199] Attempt to get parsing info during refresh. "On-the-fly" syntax checking information may be incorrect. [C:\Progh\Code\Project_RetroGame\FAT\CharacterLevelMove.srcs\sources_1\new\ControlCharacter.vhd:]
WARNING: [filemgmt 56-199] Attempt to get parsing info during refresh. "On-the-fly" syntax checking information may be incorrect. [C:\Progh\Code\Project_RetroGame\FAT\CharacterLevelMove.srcs\sources_1\new\ControlCharacter.vhd:]
WARNING: [filemgmt 56-199] Attempt to get parsing info during refresh. "On-the-fly" syntax checking information may be incorrect. [C:\Progh\Code\Project_RetroGame\FAT\CharacterLevelMove.srcs\sources_1\new\Displaylevel.vhd:]
WARNING: [filemgmt 56-199] Attempt to get parsing info during refresh. "On-the-fly" syntax checking information may be incorrect. [C:\Progh\Code\Project_RetroGame\FAT\CharacterLevelMove.srcs\sources_1\new\ControlCharacter.vhd:]
WARNING: [filemgmt 56-199] Attempt to get parsing info during refresh. "On-the-fly" syntax checking information may be incorrect. [C:\Progh\Code\Project_RetroGame\FAT\CharacterLevelMove.srcs\sources_1\new\XY_GEN.vhd:]
WARNING: [filemgmt 56-199] Attempt to get parsing info during refresh. "On-the-fly" syntax checking information may be incorrect. [C:\Progh\Code\Project_RetroGame\FAT\CharacterLevelMove.srcs\sources_1\new\CharacterController.vhd:]
WARNING: [filemgmt 56-199] Attempt to get parsing info during refresh. "On-the-fly" syntax checking information may be incorrect. [C:\Progh\Code\Project_RetroGame\FAT\CharacterLevelMove.srcs\sources_1\imports\Week 5 + 6 - Bounching Square - Ball\DVI.vhd:]
WARNING: [filemgmt 56-199] Attempt to get parsing info during refresh. "On-the-fly" syntax checking information may be incorrect. [C:\Progh\Code\Project_RetroGame\FAT\CharacterLevelMove.srcs\sources_1\imports\Week 5 + 6 - Bounching Square - Ball\DVI.vhd:]
WARNING: [filemgmt 56-199] Attempt to get parsing info during refresh. "On-the-fly" syntax checking information may be incorrect. [C:\Progh\Code\Project_RetroGame\FAT\CharacterLevelMove.srcs\sources_1\imports\Week 5 + 6 - Bounching Square - Ball\DVI.vhd:]
WARNING: [filemgmt 56-199] Attempt to get parsing info during refresh. "On-the-fly" syntax checking information may be incorrect. [C:\Progh\Code\Project_RetroGame\FAT\CharacterLevelMove.srcs\sources_1\new\Displaylevel.vhd:]
WARNING: [filemgmt 56-199] Attempt to get parsing info during refresh. "On-the-fly" syntax checking information may be incorrect. [C:\Progh\Code\Project_RetroGame\FAT\CharacterLevelMove.srcs\sources_1\new\ControlCharacter.vhd:]
WARNING: [filemgmt 56-199] Attempt to get parsing info during refresh. "On-the-fly" syntax checking information may be incorrect. [C:\Progh\Code\Project_RetroGame\FAT\CharacterLevelMove.srcs\sources_1\new\XY_GEN.vhd:]
WARNING: [filemgmt 56-199] Attempt to get parsing info during refresh. "On-the-fly" syntax checking information may be incorrect. [C:\Progh\Code\Project_RetroGame\FAT\CharacterLevelMove.srcs\sources_1\new\CharacterController.vhd:]
WARNING: [filemgmt 56-199] Attempt to get parsing info during refresh. "On-the-fly" syntax checking information may be incorrect. [C:\Progh\Code\Project_RetroGame\FAT\CharacterLevelMove.srcs\sources_1\imports\Week 5 + 6 - Bounching Square - Ball\DVI.vhd:]
WARNING: [filemgmt 56-199] Attempt to get parsing info during refresh. "On-the-fly" syntax checking information may be incorrect. [C:\Progh\Code\Project_RetroGame\FAT\CharacterLevelMove.srcs\sources_1\new\CharacterController.vhd:]
WARNING: [filemgmt 56-199] Attempt to get parsing info during refresh. "On-the-fly" syntax checking information may be incorrect. [C:\Progh\Code\Project_RetroGame\FAT\CharacterLevelMove.srcs\sources_1\new\CharacterController.vhd:]
WARNING: [IP_Flow 19-4067] Ignoring invalid widget type specified checkbox.Providing a default widget
WARNING: [IP_Flow 19-4067] Ignoring invalid widget type specified checkbox.Providing a default widget
WARNING: [filemgmt 56-199] Attempt to get parsing info during refresh. "On-the-fly" syntax checking information may be incorrect. [C:\Progh\Code\Project_RetroGame\FAT\CharacterLevelMove.srcs\sources_1\new\XY_GEN.vhd:]
WARNING: [filemgmt 56-199] Attempt to get parsing info during refresh. "On-the-fly" syntax checking information may be incorrect. [C:\Progh\Code\Project_RetroGame\FAT\CharacterLevelMove.srcs\sources_1\imports\Week 5 + 6 - Bounching Square - Ball\DVI.vhd:]
WARNING: [filemgmt 56-199] Attempt to get parsing info during refresh. "On-the-fly" syntax checking information may be incorrect. [C:\Progh\Code\Project_RetroGame\FAT\CharacterLevelMove.srcs\sources_1\new\XY_GEN.vhd:]
WARNING: [filemgmt 56-199] Attempt to get parsing info during refresh. "On-the-fly" syntax checking information may be incorrect. [C:\Progh\Code\Project_RetroGame\FAT\CharacterLevelMove.srcs\sources_1\new\XY_GEN.vhd:]
ERROR: [Common 17-180] Spawn failed: No error
reset_run synth_1
INFO: [Project 1-1161] Replacing file C:/Progh/Code/Project_RetroGame/FAT/CharacterLevelMove.srcs/utils_1/imports/synth_1/DVI.dcp with file C:/Progh/Code/Project_RetroGame/FAT/CharacterLevelMove.runs/synth_1/DVI_Top.dcp
reset_run blk_mem_gen_0_synth_1
reset_run blk_mem_gen_1_synth_1
reset_run blk_mem_gen_2_synth_1
reset_run blk_mem_gen_3_synth_1
launch_runs impl_1 -to_step write_bitstream -jobs 8
INFO: [IP_Flow 19-6924] IPCACHE: Running cache check for IP inst: blk_mem_gen_4
INFO: [IP_Flow 19-1706] Not generating 'Synthesis' target for IP 'blk_mem_gen_0'. Target already exists and is up to date.
WARNING: [Runs 36-53] Possible issues detected after target generation. Generation state is unexpected for target 'Synthesis'. Expected 'Generated', got 'Stale' for source 'C:/Progh/Code/Project_RetroGame/FAT/CharacterLevelMove.srcs/sources_1/ip/blk_mem_gen_0/blk_mem_gen_0.xci'
INFO: [IP_Flow 19-1706] Not generating 'Synthesis' target for IP 'blk_mem_gen_1'. Target already exists and is up to date.
WARNING: [Runs 36-53] Possible issues detected after target generation. Generation state is unexpected for target 'Synthesis'. Expected 'Generated', got 'Stale' for source 'C:/Progh/Code/Project_RetroGame/FAT/CharacterLevelMove.srcs/sources_1/ip/blk_mem_gen_1/blk_mem_gen_1.xci'
INFO: [IP_Flow 19-1706] Not generating 'Synthesis' target for IP 'blk_mem_gen_2'. Target already exists and is up to date.
WARNING: [Runs 36-53] Possible issues detected after target generation. Generation state is unexpected for target 'Synthesis'. Expected 'Generated', got 'Stale' for source 'C:/Progh/Code/Project_RetroGame/FAT/CharacterLevelMove.srcs/sources_1/ip/blk_mem_gen_2/blk_mem_gen_2.xci'
WARNING: [filemgmt 56-199] Attempt to get parsing info during refresh. "On-the-fly" syntax checking information may be incorrect. [C:\Progh\Code\Project_RetroGame\FAT\CharacterLevelMove.srcs\sources_1\new\XY_GEN.vhd:]
WARNING: [filemgmt 56-199] Attempt to get parsing info during refresh. "On-the-fly" syntax checking information may be incorrect. [C:\Progh\Code\Project_RetroGame\FAT\CharacterLevelMove.srcs\sources_1\imports\Week 5 + 6 - Bounching Square - Ball\DVI.vhd:]
WARNING: [filemgmt 56-199] Attempt to get parsing info during refresh. "On-the-fly" syntax checking information may be incorrect. [C:\Progh\Code\Project_RetroGame\FAT\CharacterLevelMove.srcs\sources_1\new\XY_GEN.vhd:]
WARNING: [filemgmt 56-199] Attempt to get parsing info during refresh. "On-the-fly" syntax checking information may be incorrect. [C:\Progh\Code\Project_RetroGame\FAT\CharacterLevelMove.srcs\sources_1\new\XY_GEN.vhd:]
INFO: [IP_Flow 19-1706] Not generating 'Synthesis' target for IP 'blk_mem_gen_3'. Target already exists and is up to date.
WARNING: [Runs 36-53] Possible issues detected after target generation. Generation state is unexpected for target 'Synthesis'. Expected 'Generated', got 'Stale' for source 'C:/Progh/Code/Project_RetroGame/FAT/CharacterLevelMove.srcs/sources_1/ip/blk_mem_gen_3/blk_mem_gen_3.xci'
[Wed Mar 19 15:04:16 2025] Launched blk_mem_gen_0_synth_1, blk_mem_gen_1_synth_1, blk_mem_gen_2_synth_1, blk_mem_gen_3_synth_1, blk_mem_gen_4_synth_1, synth_1...
Run output will be captured here:
blk_mem_gen_0_synth_1: C:/Progh/Code/Project_RetroGame/FAT/CharacterLevelMove.runs/blk_mem_gen_0_synth_1/runme.log
blk_mem_gen_1_synth_1: C:/Progh/Code/Project_RetroGame/FAT/CharacterLevelMove.runs/blk_mem_gen_1_synth_1/runme.log
blk_mem_gen_2_synth_1: C:/Progh/Code/Project_RetroGame/FAT/CharacterLevelMove.runs/blk_mem_gen_2_synth_1/runme.log
blk_mem_gen_3_synth_1: C:/Progh/Code/Project_RetroGame/FAT/CharacterLevelMove.runs/blk_mem_gen_3_synth_1/runme.log
blk_mem_gen_4_synth_1: C:/Progh/Code/Project_RetroGame/FAT/CharacterLevelMove.runs/blk_mem_gen_4_synth_1/runme.log
synth_1: C:/Progh/Code/Project_RetroGame/FAT/CharacterLevelMove.runs/synth_1/runme.log
[Wed Mar 19 15:04:17 2025] Launched impl_1...
Run output will be captured here: C:/Progh/Code/Project_RetroGame/FAT/CharacterLevelMove.runs/impl_1/runme.log
ERROR: [Common 17-180] Spawn failed: No error
WARNING: [filemgmt 56-199] Attempt to get parsing info during refresh. "On-the-fly" syntax checking information may be incorrect. [C:\Progh\Code\Project_RetroGame\FAT\CharacterLevelMove.srcs\sources_1\new\XY_GEN.vhd:]
WARNING: [filemgmt 56-199] Attempt to get parsing info during refresh. "On-the-fly" syntax checking information may be incorrect. [C:\Progh\Code\Project_RetroGame\FAT\CharacterLevelMove.srcs\sources_1\imports\Week 5 + 6 - Bounching Square - Ball\DVI.vhd:]
WARNING: [filemgmt 56-199] Attempt to get parsing info during refresh. "On-the-fly" syntax checking information may be incorrect. [C:\Progh\Code\Project_RetroGame\FAT\CharacterLevelMove.srcs\sources_1\new\XY_GEN.vhd:]
WARNING: [filemgmt 56-199] Attempt to get parsing info during refresh. "On-the-fly" syntax checking information may be incorrect. [C:\Progh\Code\Project_RetroGame\FAT\CharacterLevelMove.srcs\sources_1\new\XY_GEN.vhd:]
ERROR: [Common 17-180] Spawn failed: No error
WARNING: [filemgmt 56-199] Attempt to get parsing info during refresh. "On-the-fly" syntax checking information may be incorrect. [C:\Progh\Code\Project_RetroGame\FAT\CharacterLevelMove.srcs\sources_1\new\XY_GEN.vhd:]
WARNING: [filemgmt 56-199] Attempt to get parsing info during refresh. "On-the-fly" syntax checking information may be incorrect. [C:\Progh\Code\Project_RetroGame\FAT\CharacterLevelMove.srcs\sources_1\imports\Week 5 + 6 - Bounching Square - Ball\DVI.vhd:]
WARNING: [filemgmt 56-199] Attempt to get parsing info during refresh. "On-the-fly" syntax checking information may be incorrect. [C:\Progh\Code\Project_RetroGame\FAT\CharacterLevelMove.srcs\sources_1\new\XY_GEN.vhd:]
WARNING: [filemgmt 56-199] Attempt to get parsing info during refresh. "On-the-fly" syntax checking information may be incorrect. [C:\Progh\Code\Project_RetroGame\FAT\CharacterLevelMove.srcs\sources_1\new\XY_GEN.vhd:]
ERROR: [Common 17-180] Spawn failed: No error
WARNING: [filemgmt 56-199] Attempt to get parsing info during refresh. "On-the-fly" syntax checking information may be incorrect. [C:\Progh\Code\Project_RetroGame\FAT\CharacterLevelMove.srcs\sources_1\new\XY_GEN.vhd:]
WARNING: [filemgmt 56-199] Attempt to get parsing info during refresh. "On-the-fly" syntax checking information may be incorrect. [C:\Progh\Code\Project_RetroGame\FAT\CharacterLevelMove.srcs\sources_1\imports\Week 5 + 6 - Bounching Square - Ball\DVI.vhd:]
WARNING: [filemgmt 56-199] Attempt to get parsing info during refresh. "On-the-fly" syntax checking information may be incorrect. [C:\Progh\Code\Project_RetroGame\FAT\CharacterLevelMove.srcs\sources_1\new\XY_GEN.vhd:]
WARNING: [filemgmt 56-199] Attempt to get parsing info during refresh. "On-the-fly" syntax checking information may be incorrect. [C:\Progh\Code\Project_RetroGame\FAT\CharacterLevelMove.srcs\sources_1\new\XY_GEN.vhd:]
ERROR: [Common 17-180] Spawn failed: No error
set_property PROBES.FILE {} [get_hw_devices xc7a35t_0]
set_property FULL_PROBES.FILE {} [get_hw_devices xc7a35t_0]
set_property PROGRAM.FILE {C:/Progh/Code/Project_RetroGame/FAT/CharacterLevelMove.runs/impl_1/DVI_Top.bit} [get_hw_devices xc7a35t_0]
program_hw_devices [get_hw_devices xc7a35t_0]
INFO: [Labtools 27-3164] End of startup status: HIGH
refresh_hw_device [lindex [get_hw_devices xc7a35t_0] 0]
INFO: [Labtools 27-1434] Device xc7a35t (JTAG device index = 0) is programmed with a design that has no supported debug core(s) in it.
WARNING: [filemgmt 56-199] Attempt to get parsing info during refresh. "On-the-fly" syntax checking information may be incorrect. [C:\Progh\Code\Project_RetroGame\FAT\CharacterLevelMove.srcs\sources_1\new\XY_GEN.vhd:]
WARNING: [filemgmt 56-199] Attempt to get parsing info during refresh. "On-the-fly" syntax checking information may be incorrect. [C:\Progh\Code\Project_RetroGame\FAT\CharacterLevelMove.srcs\sources_1\new\CharacterController.vhd:]
WARNING: [filemgmt 56-199] Attempt to get parsing info during refresh. "On-the-fly" syntax checking information may be incorrect. [C:\Progh\Code\Project_RetroGame\FAT\CharacterLevelMove.srcs\sources_1\imports\Week 5 + 6 - Bounching Square - Ball\DVI.vhd:]
WARNING: [filemgmt 56-199] Attempt to get parsing info during refresh. "On-the-fly" syntax checking information may be incorrect. [C:\Progh\Code\Project_RetroGame\FAT\CharacterLevelMove.srcs\sources_1\new\CharacterController.vhd:]
WARNING: [filemgmt 56-199] Attempt to get parsing info during refresh. "On-the-fly" syntax checking information may be incorrect. [C:\Progh\Code\Project_RetroGame\FAT\CharacterLevelMove.srcs\sources_1\new\CharacterController.vhd:]
WARNING: [filemgmt 56-199] Attempt to get parsing info during refresh. "On-the-fly" syntax checking information may be incorrect. [C:\Progh\Code\Project_RetroGame\FAT\CharacterLevelMove.srcs\sources_1\new\XY_GEN.vhd:]
reset_run synth_1
INFO: [Project 1-1161] Replacing file C:/Progh/Code/Project_RetroGame/FAT/CharacterLevelMove.srcs/utils_1/imports/synth_1/DVI.dcp with file C:/Progh/Code/Project_RetroGame/FAT/CharacterLevelMove.runs/synth_1/DVI_Top.dcp
launch_runs impl_1 -to_step write_bitstream -jobs 8
WARNING: [filemgmt 56-199] Attempt to get parsing info during refresh. "On-the-fly" syntax checking information may be incorrect. [C:\Progh\Code\Project_RetroGame\FAT\CharacterLevelMove.srcs\sources_1\new\XY_GEN.vhd:]
WARNING: [filemgmt 56-199] Attempt to get parsing info during refresh. "On-the-fly" syntax checking information may be incorrect. [C:\Progh\Code\Project_RetroGame\FAT\CharacterLevelMove.srcs\sources_1\new\CharacterController.vhd:]
WARNING: [filemgmt 56-199] Attempt to get parsing info during refresh. "On-the-fly" syntax checking information may be incorrect. [C:\Progh\Code\Project_RetroGame\FAT\CharacterLevelMove.srcs\sources_1\imports\Week 5 + 6 - Bounching Square - Ball\DVI.vhd:]
WARNING: [filemgmt 56-199] Attempt to get parsing info during refresh. "On-the-fly" syntax checking information may be incorrect. [C:\Progh\Code\Project_RetroGame\FAT\CharacterLevelMove.srcs\sources_1\new\XY_GEN.vhd:]
WARNING: [filemgmt 56-199] Attempt to get parsing info during refresh. "On-the-fly" syntax checking information may be incorrect. [C:\Progh\Code\Project_RetroGame\FAT\CharacterLevelMove.srcs\sources_1\new\XY_GEN.vhd:]
[Wed Mar 19 15:09:47 2025] Launched synth_1...
Run output will be captured here: C:/Progh/Code/Project_RetroGame/FAT/CharacterLevelMove.runs/synth_1/runme.log
[Wed Mar 19 15:09:47 2025] Launched impl_1...
Run output will be captured here: C:/Progh/Code/Project_RetroGame/FAT/CharacterLevelMove.runs/impl_1/runme.log
WARNING: [filemgmt 56-199] Attempt to get parsing info during refresh. "On-the-fly" syntax checking information may be incorrect. [C:\Progh\Code\Project_RetroGame\FAT\CharacterLevelMove.srcs\sources_1\new\XY_GEN.vhd:]
WARNING: [filemgmt 56-199] Attempt to get parsing info during refresh. "On-the-fly" syntax checking information may be incorrect. [C:\Progh\Code\Project_RetroGame\FAT\CharacterLevelMove.srcs\sources_1\new\CharacterController.vhd:]
WARNING: [filemgmt 56-199] Attempt to get parsing info during refresh. "On-the-fly" syntax checking information may be incorrect. [C:\Progh\Code\Project_RetroGame\FAT\CharacterLevelMove.srcs\sources_1\imports\Week 5 + 6 - Bounching Square - Ball\DVI.vhd:]
WARNING: [filemgmt 56-199] Attempt to get parsing info during refresh. "On-the-fly" syntax checking information may be incorrect. [C:\Progh\Code\Project_RetroGame\FAT\CharacterLevelMove.srcs\sources_1\imports\Week 5 + 6 - Bounching Square - Ball\DVI.vhd:]
WARNING: [filemgmt 56-199] Attempt to get parsing info during refresh. "On-the-fly" syntax checking information may be incorrect. [C:\Progh\Code\Project_RetroGame\FAT\CharacterLevelMove.srcs\sources_1\imports\Week 5 + 6 - Bounching Square - Ball\DVI.vhd:]
WARNING: [filemgmt 56-199] Attempt to get parsing info during refresh. "On-the-fly" syntax checking information may be incorrect. [C:\Progh\Code\Project_RetroGame\FAT\CharacterLevelMove.srcs\sources_1\new\XY_GEN.vhd:]
WARNING: [filemgmt 56-199] Attempt to get parsing info during refresh. "On-the-fly" syntax checking information may be incorrect. [C:\Progh\Code\Project_RetroGame\FAT\CharacterLevelMove.srcs\sources_1\new\CharacterController.vhd:]
WARNING: [filemgmt 56-199] Attempt to get parsing info during refresh. "On-the-fly" syntax checking information may be incorrect. [C:\Progh\Code\Project_RetroGame\FAT\CharacterLevelMove.srcs\sources_1\imports\Week 5 + 6 - Bounching Square - Ball\DVI.vhd:]
WARNING: [filemgmt 56-199] Attempt to get parsing info during refresh. "On-the-fly" syntax checking information may be incorrect. [C:\Progh\Code\Project_RetroGame\FAT\CharacterLevelMove.srcs\sources_1\new\XY_GEN.vhd:]
WARNING: [filemgmt 56-199] Attempt to get parsing info during refresh. "On-the-fly" syntax checking information may be incorrect. [C:\Progh\Code\Project_RetroGame\FAT\CharacterLevelMove.srcs\sources_1\new\XY_GEN.vhd:]
reset_run impl_1
launch_runs impl_1 -to_step write_bitstream -jobs 8
WARNING: [filemgmt 56-199] Attempt to get parsing info during refresh. "On-the-fly" syntax checking information may be incorrect. [C:\Progh\Code\Project_RetroGame\FAT\CharacterLevelMove.srcs\sources_1\new\XY_GEN.vhd:]
WARNING: [filemgmt 56-199] Attempt to get parsing info during refresh. "On-the-fly" syntax checking information may be incorrect. [C:\Progh\Code\Project_RetroGame\FAT\CharacterLevelMove.srcs\sources_1\new\CharacterController.vhd:]
WARNING: [filemgmt 56-199] Attempt to get parsing info during refresh. "On-the-fly" syntax checking information may be incorrect. [C:\Progh\Code\Project_RetroGame\FAT\CharacterLevelMove.srcs\sources_1\imports\Week 5 + 6 - Bounching Square - Ball\DVI.vhd:]
WARNING: [filemgmt 56-199] Attempt to get parsing info during refresh. "On-the-fly" syntax checking information may be incorrect. [C:\Progh\Code\Project_RetroGame\FAT\CharacterLevelMove.srcs\sources_1\imports\Week 5 + 6 - Bounching Square - Ball\DVI.vhd:]
WARNING: [filemgmt 56-199] Attempt to get parsing info during refresh. "On-the-fly" syntax checking information may be incorrect. [C:\Progh\Code\Project_RetroGame\FAT\CharacterLevelMove.srcs\sources_1\imports\Week 5 + 6 - Bounching Square - Ball\DVI.vhd:]
[Wed Mar 19 15:11:56 2025] Launched impl_1...
Run output will be captured here: C:/Progh/Code/Project_RetroGame/FAT/CharacterLevelMove.runs/impl_1/runme.log
update_compile_order -fileset sources_1
WARNING: [filemgmt 56-199] Attempt to get parsing info during refresh. "On-the-fly" syntax checking information may be incorrect. [C:\Progh\Code\Project_RetroGame\FAT\CharacterLevelMove.srcs\sources_1\new\XY_GEN.vhd:]
WARNING: [filemgmt 56-199] Attempt to get parsing info during refresh. "On-the-fly" syntax checking information may be incorrect. [C:\Progh\Code\Project_RetroGame\FAT\CharacterLevelMove.srcs\sources_1\new\CharacterController.vhd:]
WARNING: [filemgmt 56-199] Attempt to get parsing info during refresh. "On-the-fly" syntax checking information may be incorrect. [C:\Progh\Code\Project_RetroGame\FAT\CharacterLevelMove.srcs\sources_1\imports\Week 5 + 6 - Bounching Square - Ball\DVI.vhd:]
WARNING: [filemgmt 56-199] Attempt to get parsing info during refresh. "On-the-fly" syntax checking information may be incorrect. [C:\Progh\Code\Project_RetroGame\FAT\CharacterLevelMove.srcs\sources_1\new\XY_GEN.vhd:]
WARNING: [filemgmt 56-199] Attempt to get parsing info during refresh. "On-the-fly" syntax checking information may be incorrect. [C:\Progh\Code\Project_RetroGame\FAT\CharacterLevelMove.srcs\sources_1\new\XY_GEN.vhd:]
WARNING: [filemgmt 56-199] Attempt to get parsing info during refresh. "On-the-fly" syntax checking information may be incorrect. [C:\Progh\Code\Project_RetroGame\FAT\CharacterLevelMove.srcs\sources_1\new\XY_GEN.vhd:]
WARNING: [filemgmt 56-199] Attempt to get parsing info during refresh. "On-the-fly" syntax checking information may be incorrect. [C:\Progh\Code\Project_RetroGame\FAT\CharacterLevelMove.srcs\sources_1\new\CharacterController.vhd:]
WARNING: [filemgmt 56-199] Attempt to get parsing info during refresh. "On-the-fly" syntax checking information may be incorrect. [C:\Progh\Code\Project_RetroGame\FAT\CharacterLevelMove.srcs\sources_1\imports\Week 5 + 6 - Bounching Square - Ball\DVI.vhd:]
WARNING: [filemgmt 56-199] Attempt to get parsing info during refresh. "On-the-fly" syntax checking information may be incorrect. [C:\Progh\Code\Project_RetroGame\FAT\CharacterLevelMove.srcs\sources_1\imports\Week 5 + 6 - Bounching Square - Ball\DVI.vhd:]
WARNING: [filemgmt 56-199] Attempt to get parsing info during refresh. "On-the-fly" syntax checking information may be incorrect. [C:\Progh\Code\Project_RetroGame\FAT\CharacterLevelMove.srcs\sources_1\imports\Week 5 + 6 - Bounching Square - Ball\DVI.vhd:]
WARNING: [filemgmt 56-199] Attempt to get parsing info during refresh. "On-the-fly" syntax checking information may be incorrect. [C:\Progh\Code\Project_RetroGame\FAT\CharacterLevelMove.srcs\sources_1\new\XY_GEN.vhd:]
WARNING: [filemgmt 56-199] Attempt to get parsing info during refresh. "On-the-fly" syntax checking information may be incorrect. [C:\Progh\Code\Project_RetroGame\FAT\CharacterLevelMove.srcs\sources_1\new\CharacterController.vhd:]
WARNING: [filemgmt 56-199] Attempt to get parsing info during refresh. "On-the-fly" syntax checking information may be incorrect. [C:\Progh\Code\Project_RetroGame\FAT\CharacterLevelMove.srcs\sources_1\imports\Week 5 + 6 - Bounching Square - Ball\DVI.vhd:]
WARNING: [filemgmt 56-199] Attempt to get parsing info during refresh. "On-the-fly" syntax checking information may be incorrect. [C:\Progh\Code\Project_RetroGame\FAT\CharacterLevelMove.srcs\sources_1\new\XY_GEN.vhd:]
WARNING: [filemgmt 56-199] Attempt to get parsing info during refresh. "On-the-fly" syntax checking information may be incorrect. [C:\Progh\Code\Project_RetroGame\FAT\CharacterLevelMove.srcs\sources_1\new\XY_GEN.vhd:]
WARNING: [filemgmt 56-199] Attempt to get parsing info during refresh. "On-the-fly" syntax checking information may be incorrect. [C:\Progh\Code\Project_RetroGame\FAT\CharacterLevelMove.srcs\sources_1\new\XY_GEN.vhd:]
WARNING: [filemgmt 56-199] Attempt to get parsing info during refresh. "On-the-fly" syntax checking information may be incorrect. [C:\Progh\Code\Project_RetroGame\FAT\CharacterLevelMove.srcs\sources_1\new\CharacterController.vhd:]
WARNING: [filemgmt 56-199] Attempt to get parsing info during refresh. "On-the-fly" syntax checking information may be incorrect. [C:\Progh\Code\Project_RetroGame\FAT\CharacterLevelMove.srcs\sources_1\imports\Week 5 + 6 - Bounching Square - Ball\DVI.vhd:]
WARNING: [filemgmt 56-199] Attempt to get parsing info during refresh. "On-the-fly" syntax checking information may be incorrect. [C:\Progh\Code\Project_RetroGame\FAT\CharacterLevelMove.srcs\sources_1\imports\Week 5 + 6 - Bounching Square - Ball\DVI.vhd:]
WARNING: [filemgmt 56-199] Attempt to get parsing info during refresh. "On-the-fly" syntax checking information may be incorrect. [C:\Progh\Code\Project_RetroGame\FAT\CharacterLevelMove.srcs\sources_1\imports\Week 5 + 6 - Bounching Square - Ball\DVI.vhd:]
exit
INFO: [Common 17-206] Exiting Vivado at Wed Mar 19 15:14:50 2025...
