Copyright 1986-2022 Xilinx, Inc. All Rights Reserved. Copyright 2022-2024 Advanced Micro Devices, Inc. All Rights Reserved.
------------------------------------------------------------------------------------------------------------------------------------------------------------------------------------------------------------------
| Tool Version : Vivado v.2024.1 (win64) Build 5076996 Wed May 22 18:37:14 MDT 2024
| Date         : Wed Mar 19 12:24:03 2025
| Host         : DESKTOP-H0VVJ00 running 64-bit major release  (build 9200)
| Command      : report_timing_summary -max_paths 10 -report_unconstrained -file DVI_Top_timing_summary_routed.rpt -pb DVI_Top_timing_summary_routed.pb -rpx DVI_Top_timing_summary_routed.rpx -warn_on_violation
| Design       : DVI_Top
| Device       : 7a35t-cpg236
| Speed File   : -1  PRODUCTION 1.23 2018-06-13
| Design State : Routed
------------------------------------------------------------------------------------------------------------------------------------------------------------------------------------------------------------------

Timing Summary Report

------------------------------------------------------------------------------------------------
| Timer Settings
| --------------
------------------------------------------------------------------------------------------------

  Enable Multi Corner Analysis               :  Yes
  Enable Pessimism Removal                   :  Yes
  Pessimism Removal Resolution               :  Nearest Common Node
  Enable Input Delay Default Clock           :  No
  Enable Preset / Clear Arcs                 :  No
  Disable Flight Delays                      :  No
  Ignore I/O Paths                           :  No
  Timing Early Launch at Borrowing Latches   :  No
  Borrow Time for Max Delay Exceptions       :  Yes
  Merge Timing Exceptions                    :  Yes
  Inter-SLR Compensation                     :  Conservative

  Corner  Analyze    Analyze    
  Name    Max Paths  Min Paths  
  ------  ---------  ---------  
  Slow    Yes        Yes        
  Fast    Yes        Yes        


------------------------------------------------------------------------------------------------
| Report Methodology
| ------------------
------------------------------------------------------------------------------------------------

No report available as report_methodology has not been run prior. Run report_methodology on the current design for the summary of methodology violations.



check_timing report

Table of Contents
-----------------
1. checking no_clock (0)
2. checking constant_clock (0)
3. checking pulse_width_clock (0)
4. checking unconstrained_internal_endpoints (0)
5. checking no_input_delay (0)
6. checking no_output_delay (15)
7. checking multiple_clock (0)
8. checking generated_clocks (0)
9. checking loops (0)
10. checking partial_input_delay (0)
11. checking partial_output_delay (0)
12. checking latch_loops (0)

1. checking no_clock (0)
------------------------
 There are 0 register/latch pins with no clock.


2. checking constant_clock (0)
------------------------------
 There are 0 register/latch pins with constant_clock.


3. checking pulse_width_clock (0)
---------------------------------
 There are 0 register/latch pins which need pulse_width check


4. checking unconstrained_internal_endpoints (0)
------------------------------------------------
 There are 0 pins that are not constrained for maximum delay.

 There are 0 pins that are not constrained for maximum delay due to constant clock.


5. checking no_input_delay (0)
------------------------------
 There are 0 input ports with no input delay specified.

 There are 0 input ports with no input delay but user has a false path constraint.


6. checking no_output_delay (15)
--------------------------------
 There are 15 ports with no output delay specified. (HIGH)

 There are 0 ports with no output delay but user has a false path constraint

 There are 0 ports with no output delay but with a timing clock defined on it or propagating through it


7. checking multiple_clock (0)
------------------------------
 There are 0 register/latch pins with multiple clocks.


8. checking generated_clocks (0)
--------------------------------
 There are 0 generated clocks that are not connected to a clock source.


9. checking loops (0)
---------------------
 There are 0 combinational loops in the design.


10. checking partial_input_delay (0)
------------------------------------
 There are 0 input ports with partial input delay specified.


11. checking partial_output_delay (0)
-------------------------------------
 There are 0 ports with partial output delay specified.


12. checking latch_loops (0)
----------------------------
 There are 0 combinational latch loops in the design through latch input



------------------------------------------------------------------------------------------------
| Design Timing Summary
| ---------------------
------------------------------------------------------------------------------------------------

    WNS(ns)      TNS(ns)  TNS Failing Endpoints  TNS Total Endpoints      WHS(ns)      THS(ns)  THS Failing Endpoints  THS Total Endpoints     WPWS(ns)     TPWS(ns)  TPWS Failing Endpoints  TPWS Total Endpoints  
    -------      -------  ---------------------  -------------------      -------      -------  ---------------------  -------------------     --------     --------  ----------------------  --------------------  
     30.805        0.000                      0                  584        0.107        0.000                      0                  584        3.000        0.000                       0                   158  


All user specified timing constraints are met.


------------------------------------------------------------------------------------------------
| Clock Summary
| -------------
------------------------------------------------------------------------------------------------

Clock                       Waveform(ns)       Period(ns)      Frequency(MHz)
-----                       ------------       ----------      --------------
clk100                      {0.000 5.000}      10.000          100.000         
  clk_25_clkDVIprescaler    {0.000 20.000}     40.000          25.000          
  clkfbout_clkDVIprescaler  {0.000 5.000}      10.000          100.000         


------------------------------------------------------------------------------------------------
| Intra Clock Table
| -----------------
------------------------------------------------------------------------------------------------

Clock                           WNS(ns)      TNS(ns)  TNS Failing Endpoints  TNS Total Endpoints      WHS(ns)      THS(ns)  THS Failing Endpoints  THS Total Endpoints     WPWS(ns)     TPWS(ns)  TPWS Failing Endpoints  TPWS Total Endpoints  
-----                           -------      -------  ---------------------  -------------------      -------      -------  ---------------------  -------------------     --------     --------  ----------------------  --------------------  
clk100                                                                                                                                                                        3.000        0.000                       0                     1  
  clk_25_clkDVIprescaler         30.805        0.000                      0                  584        0.107        0.000                      0                  584       19.500        0.000                       0                   154  
  clkfbout_clkDVIprescaler                                                                                                                                                    7.845        0.000                       0                     3  


------------------------------------------------------------------------------------------------
| Inter Clock Table
| -----------------
------------------------------------------------------------------------------------------------

From Clock    To Clock          WNS(ns)      TNS(ns)  TNS Failing Endpoints  TNS Total Endpoints      WHS(ns)      THS(ns)  THS Failing Endpoints  THS Total Endpoints  
----------    --------          -------      -------  ---------------------  -------------------      -------      -------  ---------------------  -------------------  


------------------------------------------------------------------------------------------------
| Other Path Groups Table
| -----------------------
------------------------------------------------------------------------------------------------

Path Group    From Clock    To Clock          WNS(ns)      TNS(ns)  TNS Failing Endpoints  TNS Total Endpoints      WHS(ns)      THS(ns)  THS Failing Endpoints  THS Total Endpoints  
----------    ----------    --------          -------      -------  ---------------------  -------------------      -------      -------  ---------------------  -------------------  


------------------------------------------------------------------------------------------------
| User Ignored Path Table
| -----------------------
------------------------------------------------------------------------------------------------

Path Group    From Clock    To Clock    
----------    ----------    --------    


------------------------------------------------------------------------------------------------
| Unconstrained Path Table
| ------------------------
------------------------------------------------------------------------------------------------

Path Group                From Clock                To Clock                
----------                ----------                --------                
(none)                    clk_25_clkDVIprescaler                              
(none)                    clkfbout_clkDVIprescaler                            


------------------------------------------------------------------------------------------------
| Timing Details
| --------------
------------------------------------------------------------------------------------------------


---------------------------------------------------------------------------------------------------
From Clock:  clk100
  To Clock:  clk100

Setup :           NA  Failing Endpoints,  Worst Slack           NA  ,  Total Violation           NA
Hold  :           NA  Failing Endpoints,  Worst Slack           NA  ,  Total Violation           NA
PW    :            0  Failing Endpoints,  Worst Slack        3.000ns,  Total Violation        0.000ns
---------------------------------------------------------------------------------------------------


Pulse Width Checks
--------------------------------------------------------------------------------------
Clock Name:         clk100
Waveform(ns):       { 0.000 5.000 }
Period(ns):         10.000
Sources:            { clk100 }

Check Type        Corner  Lib Pin            Reference Pin  Required(ns)  Actual(ns)  Slack(ns)  Location         Pin
Min Period        n/a     MMCME2_ADV/CLKIN1  n/a            1.249         10.000      8.751      MMCME2_ADV_X1Y0  prescaler_instance/inst/mmcm_adv_inst/CLKIN1
Max Period        n/a     MMCME2_ADV/CLKIN1  n/a            100.000       10.000      90.000     MMCME2_ADV_X1Y0  prescaler_instance/inst/mmcm_adv_inst/CLKIN1
Low Pulse Width   Slow    MMCME2_ADV/CLKIN1  n/a            2.000         5.000       3.000      MMCME2_ADV_X1Y0  prescaler_instance/inst/mmcm_adv_inst/CLKIN1
Low Pulse Width   Fast    MMCME2_ADV/CLKIN1  n/a            2.000         5.000       3.000      MMCME2_ADV_X1Y0  prescaler_instance/inst/mmcm_adv_inst/CLKIN1
High Pulse Width  Slow    MMCME2_ADV/CLKIN1  n/a            2.000         5.000       3.000      MMCME2_ADV_X1Y0  prescaler_instance/inst/mmcm_adv_inst/CLKIN1
High Pulse Width  Fast    MMCME2_ADV/CLKIN1  n/a            2.000         5.000       3.000      MMCME2_ADV_X1Y0  prescaler_instance/inst/mmcm_adv_inst/CLKIN1



---------------------------------------------------------------------------------------------------
From Clock:  clk_25_clkDVIprescaler
  To Clock:  clk_25_clkDVIprescaler

Setup :            0  Failing Endpoints,  Worst Slack       30.805ns,  Total Violation        0.000ns
Hold  :            0  Failing Endpoints,  Worst Slack        0.107ns,  Total Violation        0.000ns
PW    :            0  Failing Endpoints,  Worst Slack       19.500ns,  Total Violation        0.000ns
---------------------------------------------------------------------------------------------------


Max Delay Paths
--------------------------------------------------------------------------------------
Slack (MET) :             30.805ns  (required time - arrival time)
  Source:                 pixel_gen_inst/DisplayLevel_inst/ROM_inst/U0/inst_blk_mem_gen/gnbram.gnativebmg.native_blk_mem_gen/valid.cstr/ramloop[9].ram.r/prim_init.ram/DEVICE_7SERIES.NO_BMM_INFO.SP.SIMPLE_PRIM36.ram/CLKARDCLK
                            (rising edge-triggered cell RAMB36E1 clocked by clk_25_clkDVIprescaler  {rise@0.000ns fall@20.000ns period=40.000ns})
  Destination:            pixel_gen_inst/rgb_out_reg[10]/R
                            (rising edge-triggered cell FDRE clocked by clk_25_clkDVIprescaler  {rise@0.000ns fall@20.000ns period=40.000ns})
  Path Group:             clk_25_clkDVIprescaler
  Path Type:              Setup (Max at Slow Process Corner)
  Requirement:            40.000ns  (clk_25_clkDVIprescaler rise@40.000ns - clk_25_clkDVIprescaler rise@0.000ns)
  Data Path Delay:        8.493ns  (logic 1.765ns (20.782%)  route 6.728ns (79.218%))
  Logic Levels:           5  (LUT2=1 LUT5=1 LUT6=2 MUXF7=1)
  Clock Path Skew:        -0.175ns (DCD - SCD + CPR)
    Destination Clock Delay (DCD):    -1.558ns = ( 38.442 - 40.000 ) 
    Source Clock Delay      (SCD):    -0.899ns
    Clock Pessimism Removal (CPR):    0.484ns
  Clock Uncertainty:      0.098ns  ((TSJ^2 + DJ^2)^1/2) / 2 + PE
    Total System Jitter     (TSJ):    0.071ns
    Discrete Jitter          (DJ):    0.182ns
    Phase Error              (PE):    0.000ns

    Location             Delay type                Incr(ns)  Path(ns)    Netlist Resource(s)
  -------------------------------------------------------------------    -------------------
                         (clock clk_25_clkDVIprescaler rise edge)
                                                      0.000     0.000 r  
    W5                                                0.000     0.000 r  clk100 (IN)
                         net (fo=0)                   0.000     0.000    prescaler_instance/inst/clk_100
    W5                   IBUF (Prop_ibuf_I_O)         1.458     1.458 r  prescaler_instance/inst/clkin1_ibufg/O
                         net (fo=1, routed)           1.233     2.691    prescaler_instance/inst/clk_100_clkDVIprescaler
    MMCME2_ADV_X1Y0      MMCME2_ADV (Prop_mmcme2_adv_CLKIN1_CLKOUT0)
                                                     -6.961    -4.269 r  prescaler_instance/inst/mmcm_adv_inst/CLKOUT0
                         net (fo=1, routed)           1.661    -2.608    prescaler_instance/inst/clk_25_clkDVIprescaler
    BUFGCTRL_X0Y0        BUFG (Prop_bufg_I_O)         0.096    -2.512 r  prescaler_instance/inst/clkout1_buf/O
                         net (fo=153, routed)         1.613    -0.899    pixel_gen_inst/DisplayLevel_inst/ROM_inst/U0/inst_blk_mem_gen/gnbram.gnativebmg.native_blk_mem_gen/valid.cstr/ramloop[9].ram.r/prim_init.ram/clka
    RAMB36_X1Y8          RAMB36E1                                     r  pixel_gen_inst/DisplayLevel_inst/ROM_inst/U0/inst_blk_mem_gen/gnbram.gnativebmg.native_blk_mem_gen/valid.cstr/ramloop[9].ram.r/prim_init.ram/DEVICE_7SERIES.NO_BMM_INFO.SP.SIMPLE_PRIM36.ram/CLKARDCLK
  -------------------------------------------------------------------    -------------------
    RAMB36_X1Y8          RAMB36E1 (Prop_ramb36e1_CLKARDCLK_DOPADOP[0])
                                                      0.882    -0.017 f  pixel_gen_inst/DisplayLevel_inst/ROM_inst/U0/inst_blk_mem_gen/gnbram.gnativebmg.native_blk_mem_gen/valid.cstr/ramloop[9].ram.r/prim_init.ram/DEVICE_7SERIES.NO_BMM_INFO.SP.SIMPLE_PRIM36.ram/DOPADOP[0]
                         net (fo=1, routed)           2.288     2.271    pixel_gen_inst/DisplayLevel_inst/ROM_inst/U0/inst_blk_mem_gen/gnbram.gnativebmg.native_blk_mem_gen/valid.cstr/has_mux_a.A/ramloop[9].ram.ram_douta[8]
    SLICE_X8Y46          LUT6 (Prop_lut6_I5_O)        0.124     2.395 f  pixel_gen_inst/DisplayLevel_inst/ROM_inst/U0/inst_blk_mem_gen/gnbram.gnativebmg.native_blk_mem_gen/valid.cstr/has_mux_a.A/douta[11]_INST_0_i_7/O
                         net (fo=1, routed)           0.000     2.395    pixel_gen_inst/DisplayLevel_inst/ROM_inst/U0/inst_blk_mem_gen/gnbram.gnativebmg.native_blk_mem_gen/valid.cstr/has_mux_a.A/douta[11]_INST_0_i_7_n_0
    SLICE_X8Y46          MUXF7 (Prop_muxf7_I1_O)      0.214     2.609 f  pixel_gen_inst/DisplayLevel_inst/ROM_inst/U0/inst_blk_mem_gen/gnbram.gnativebmg.native_blk_mem_gen/valid.cstr/has_mux_a.A/douta[11]_INST_0_i_3/O
                         net (fo=1, routed)           2.139     4.748    pixel_gen_inst/DisplayLevel_inst/ROM_inst/U0/inst_blk_mem_gen/gnbram.gnativebmg.native_blk_mem_gen/valid.cstr/has_mux_a.A/douta[11]_INST_0_i_3_n_0
    SLICE_X48Y61         LUT5 (Prop_lut5_I4_O)        0.297     5.045 f  pixel_gen_inst/DisplayLevel_inst/ROM_inst/U0/inst_blk_mem_gen/gnbram.gnativebmg.native_blk_mem_gen/valid.cstr/has_mux_a.A/douta[11]_INST_0/O
                         net (fo=2, routed)           1.185     6.230    pixel_gen_inst/level_color[11]
    SLICE_X44Y63         LUT6 (Prop_lut6_I2_O)        0.124     6.354 r  pixel_gen_inst/PixelAan_i_3/O
                         net (fo=2, routed)           0.453     6.807    pixel_gen_inst/DisplayLevel_inst/rgb_out_reg[0]_0
    SLICE_X44Y60         LUT2 (Prop_lut2_I1_O)        0.124     6.931 r  pixel_gen_inst/DisplayLevel_inst/rgb_out[11]_i_1/O
                         net (fo=12, routed)          0.663     7.594    pixel_gen_inst/DisplayLevel_inst_n_12
    SLICE_X44Y55         FDRE                                         r  pixel_gen_inst/rgb_out_reg[10]/R
  -------------------------------------------------------------------    -------------------

                         (clock clk_25_clkDVIprescaler rise edge)
                                                     40.000    40.000 r  
    W5                                                0.000    40.000 r  clk100 (IN)
                         net (fo=0)                   0.000    40.000    prescaler_instance/inst/clk_100
    W5                   IBUF (Prop_ibuf_I_O)         1.388    41.388 r  prescaler_instance/inst/clkin1_ibufg/O
                         net (fo=1, routed)           1.162    42.550    prescaler_instance/inst/clk_100_clkDVIprescaler
    MMCME2_ADV_X1Y0      MMCME2_ADV (Prop_mmcme2_adv_CLKIN1_CLKOUT0)
                                                     -7.217    35.332 r  prescaler_instance/inst/mmcm_adv_inst/CLKOUT0
                         net (fo=1, routed)           1.581    36.914    prescaler_instance/inst/clk_25_clkDVIprescaler
    BUFGCTRL_X0Y0        BUFG (Prop_bufg_I_O)         0.091    37.005 r  prescaler_instance/inst/clkout1_buf/O
                         net (fo=153, routed)         1.438    38.442    pixel_gen_inst/clk_25
    SLICE_X44Y55         FDRE                                         r  pixel_gen_inst/rgb_out_reg[10]/C
                         clock pessimism              0.484    38.926    
                         clock uncertainty           -0.098    38.828    
    SLICE_X44Y55         FDRE (Setup_fdre_C_R)       -0.429    38.399    pixel_gen_inst/rgb_out_reg[10]
  -------------------------------------------------------------------
                         required time                         38.399    
                         arrival time                          -7.594    
  -------------------------------------------------------------------
                         slack                                 30.805    

Slack (MET) :             30.805ns  (required time - arrival time)
  Source:                 pixel_gen_inst/DisplayLevel_inst/ROM_inst/U0/inst_blk_mem_gen/gnbram.gnativebmg.native_blk_mem_gen/valid.cstr/ramloop[9].ram.r/prim_init.ram/DEVICE_7SERIES.NO_BMM_INFO.SP.SIMPLE_PRIM36.ram/CLKARDCLK
                            (rising edge-triggered cell RAMB36E1 clocked by clk_25_clkDVIprescaler  {rise@0.000ns fall@20.000ns period=40.000ns})
  Destination:            pixel_gen_inst/rgb_out_reg[8]/R
                            (rising edge-triggered cell FDRE clocked by clk_25_clkDVIprescaler  {rise@0.000ns fall@20.000ns period=40.000ns})
  Path Group:             clk_25_clkDVIprescaler
  Path Type:              Setup (Max at Slow Process Corner)
  Requirement:            40.000ns  (clk_25_clkDVIprescaler rise@40.000ns - clk_25_clkDVIprescaler rise@0.000ns)
  Data Path Delay:        8.493ns  (logic 1.765ns (20.782%)  route 6.728ns (79.218%))
  Logic Levels:           5  (LUT2=1 LUT5=1 LUT6=2 MUXF7=1)
  Clock Path Skew:        -0.175ns (DCD - SCD + CPR)
    Destination Clock Delay (DCD):    -1.558ns = ( 38.442 - 40.000 ) 
    Source Clock Delay      (SCD):    -0.899ns
    Clock Pessimism Removal (CPR):    0.484ns
  Clock Uncertainty:      0.098ns  ((TSJ^2 + DJ^2)^1/2) / 2 + PE
    Total System Jitter     (TSJ):    0.071ns
    Discrete Jitter          (DJ):    0.182ns
    Phase Error              (PE):    0.000ns

    Location             Delay type                Incr(ns)  Path(ns)    Netlist Resource(s)
  -------------------------------------------------------------------    -------------------
                         (clock clk_25_clkDVIprescaler rise edge)
                                                      0.000     0.000 r  
    W5                                                0.000     0.000 r  clk100 (IN)
                         net (fo=0)                   0.000     0.000    prescaler_instance/inst/clk_100
    W5                   IBUF (Prop_ibuf_I_O)         1.458     1.458 r  prescaler_instance/inst/clkin1_ibufg/O
                         net (fo=1, routed)           1.233     2.691    prescaler_instance/inst/clk_100_clkDVIprescaler
    MMCME2_ADV_X1Y0      MMCME2_ADV (Prop_mmcme2_adv_CLKIN1_CLKOUT0)
                                                     -6.961    -4.269 r  prescaler_instance/inst/mmcm_adv_inst/CLKOUT0
                         net (fo=1, routed)           1.661    -2.608    prescaler_instance/inst/clk_25_clkDVIprescaler
    BUFGCTRL_X0Y0        BUFG (Prop_bufg_I_O)         0.096    -2.512 r  prescaler_instance/inst/clkout1_buf/O
                         net (fo=153, routed)         1.613    -0.899    pixel_gen_inst/DisplayLevel_inst/ROM_inst/U0/inst_blk_mem_gen/gnbram.gnativebmg.native_blk_mem_gen/valid.cstr/ramloop[9].ram.r/prim_init.ram/clka
    RAMB36_X1Y8          RAMB36E1                                     r  pixel_gen_inst/DisplayLevel_inst/ROM_inst/U0/inst_blk_mem_gen/gnbram.gnativebmg.native_blk_mem_gen/valid.cstr/ramloop[9].ram.r/prim_init.ram/DEVICE_7SERIES.NO_BMM_INFO.SP.SIMPLE_PRIM36.ram/CLKARDCLK
  -------------------------------------------------------------------    -------------------
    RAMB36_X1Y8          RAMB36E1 (Prop_ramb36e1_CLKARDCLK_DOPADOP[0])
                                                      0.882    -0.017 f  pixel_gen_inst/DisplayLevel_inst/ROM_inst/U0/inst_blk_mem_gen/gnbram.gnativebmg.native_blk_mem_gen/valid.cstr/ramloop[9].ram.r/prim_init.ram/DEVICE_7SERIES.NO_BMM_INFO.SP.SIMPLE_PRIM36.ram/DOPADOP[0]
                         net (fo=1, routed)           2.288     2.271    pixel_gen_inst/DisplayLevel_inst/ROM_inst/U0/inst_blk_mem_gen/gnbram.gnativebmg.native_blk_mem_gen/valid.cstr/has_mux_a.A/ramloop[9].ram.ram_douta[8]
    SLICE_X8Y46          LUT6 (Prop_lut6_I5_O)        0.124     2.395 f  pixel_gen_inst/DisplayLevel_inst/ROM_inst/U0/inst_blk_mem_gen/gnbram.gnativebmg.native_blk_mem_gen/valid.cstr/has_mux_a.A/douta[11]_INST_0_i_7/O
                         net (fo=1, routed)           0.000     2.395    pixel_gen_inst/DisplayLevel_inst/ROM_inst/U0/inst_blk_mem_gen/gnbram.gnativebmg.native_blk_mem_gen/valid.cstr/has_mux_a.A/douta[11]_INST_0_i_7_n_0
    SLICE_X8Y46          MUXF7 (Prop_muxf7_I1_O)      0.214     2.609 f  pixel_gen_inst/DisplayLevel_inst/ROM_inst/U0/inst_blk_mem_gen/gnbram.gnativebmg.native_blk_mem_gen/valid.cstr/has_mux_a.A/douta[11]_INST_0_i_3/O
                         net (fo=1, routed)           2.139     4.748    pixel_gen_inst/DisplayLevel_inst/ROM_inst/U0/inst_blk_mem_gen/gnbram.gnativebmg.native_blk_mem_gen/valid.cstr/has_mux_a.A/douta[11]_INST_0_i_3_n_0
    SLICE_X48Y61         LUT5 (Prop_lut5_I4_O)        0.297     5.045 f  pixel_gen_inst/DisplayLevel_inst/ROM_inst/U0/inst_blk_mem_gen/gnbram.gnativebmg.native_blk_mem_gen/valid.cstr/has_mux_a.A/douta[11]_INST_0/O
                         net (fo=2, routed)           1.185     6.230    pixel_gen_inst/level_color[11]
    SLICE_X44Y63         LUT6 (Prop_lut6_I2_O)        0.124     6.354 r  pixel_gen_inst/PixelAan_i_3/O
                         net (fo=2, routed)           0.453     6.807    pixel_gen_inst/DisplayLevel_inst/rgb_out_reg[0]_0
    SLICE_X44Y60         LUT2 (Prop_lut2_I1_O)        0.124     6.931 r  pixel_gen_inst/DisplayLevel_inst/rgb_out[11]_i_1/O
                         net (fo=12, routed)          0.663     7.594    pixel_gen_inst/DisplayLevel_inst_n_12
    SLICE_X44Y55         FDRE                                         r  pixel_gen_inst/rgb_out_reg[8]/R
  -------------------------------------------------------------------    -------------------

                         (clock clk_25_clkDVIprescaler rise edge)
                                                     40.000    40.000 r  
    W5                                                0.000    40.000 r  clk100 (IN)
                         net (fo=0)                   0.000    40.000    prescaler_instance/inst/clk_100
    W5                   IBUF (Prop_ibuf_I_O)         1.388    41.388 r  prescaler_instance/inst/clkin1_ibufg/O
                         net (fo=1, routed)           1.162    42.550    prescaler_instance/inst/clk_100_clkDVIprescaler
    MMCME2_ADV_X1Y0      MMCME2_ADV (Prop_mmcme2_adv_CLKIN1_CLKOUT0)
                                                     -7.217    35.332 r  prescaler_instance/inst/mmcm_adv_inst/CLKOUT0
                         net (fo=1, routed)           1.581    36.914    prescaler_instance/inst/clk_25_clkDVIprescaler
    BUFGCTRL_X0Y0        BUFG (Prop_bufg_I_O)         0.091    37.005 r  prescaler_instance/inst/clkout1_buf/O
                         net (fo=153, routed)         1.438    38.442    pixel_gen_inst/clk_25
    SLICE_X44Y55         FDRE                                         r  pixel_gen_inst/rgb_out_reg[8]/C
                         clock pessimism              0.484    38.926    
                         clock uncertainty           -0.098    38.828    
    SLICE_X44Y55         FDRE (Setup_fdre_C_R)       -0.429    38.399    pixel_gen_inst/rgb_out_reg[8]
  -------------------------------------------------------------------
                         required time                         38.399    
                         arrival time                          -7.594    
  -------------------------------------------------------------------
                         slack                                 30.805    

Slack (MET) :             30.805ns  (required time - arrival time)
  Source:                 pixel_gen_inst/DisplayLevel_inst/ROM_inst/U0/inst_blk_mem_gen/gnbram.gnativebmg.native_blk_mem_gen/valid.cstr/ramloop[9].ram.r/prim_init.ram/DEVICE_7SERIES.NO_BMM_INFO.SP.SIMPLE_PRIM36.ram/CLKARDCLK
                            (rising edge-triggered cell RAMB36E1 clocked by clk_25_clkDVIprescaler  {rise@0.000ns fall@20.000ns period=40.000ns})
  Destination:            pixel_gen_inst/rgb_out_reg[9]/R
                            (rising edge-triggered cell FDRE clocked by clk_25_clkDVIprescaler  {rise@0.000ns fall@20.000ns period=40.000ns})
  Path Group:             clk_25_clkDVIprescaler
  Path Type:              Setup (Max at Slow Process Corner)
  Requirement:            40.000ns  (clk_25_clkDVIprescaler rise@40.000ns - clk_25_clkDVIprescaler rise@0.000ns)
  Data Path Delay:        8.493ns  (logic 1.765ns (20.782%)  route 6.728ns (79.218%))
  Logic Levels:           5  (LUT2=1 LUT5=1 LUT6=2 MUXF7=1)
  Clock Path Skew:        -0.175ns (DCD - SCD + CPR)
    Destination Clock Delay (DCD):    -1.558ns = ( 38.442 - 40.000 ) 
    Source Clock Delay      (SCD):    -0.899ns
    Clock Pessimism Removal (CPR):    0.484ns
  Clock Uncertainty:      0.098ns  ((TSJ^2 + DJ^2)^1/2) / 2 + PE
    Total System Jitter     (TSJ):    0.071ns
    Discrete Jitter          (DJ):    0.182ns
    Phase Error              (PE):    0.000ns

    Location             Delay type                Incr(ns)  Path(ns)    Netlist Resource(s)
  -------------------------------------------------------------------    -------------------
                         (clock clk_25_clkDVIprescaler rise edge)
                                                      0.000     0.000 r  
    W5                                                0.000     0.000 r  clk100 (IN)
                         net (fo=0)                   0.000     0.000    prescaler_instance/inst/clk_100
    W5                   IBUF (Prop_ibuf_I_O)         1.458     1.458 r  prescaler_instance/inst/clkin1_ibufg/O
                         net (fo=1, routed)           1.233     2.691    prescaler_instance/inst/clk_100_clkDVIprescaler
    MMCME2_ADV_X1Y0      MMCME2_ADV (Prop_mmcme2_adv_CLKIN1_CLKOUT0)
                                                     -6.961    -4.269 r  prescaler_instance/inst/mmcm_adv_inst/CLKOUT0
                         net (fo=1, routed)           1.661    -2.608    prescaler_instance/inst/clk_25_clkDVIprescaler
    BUFGCTRL_X0Y0        BUFG (Prop_bufg_I_O)         0.096    -2.512 r  prescaler_instance/inst/clkout1_buf/O
                         net (fo=153, routed)         1.613    -0.899    pixel_gen_inst/DisplayLevel_inst/ROM_inst/U0/inst_blk_mem_gen/gnbram.gnativebmg.native_blk_mem_gen/valid.cstr/ramloop[9].ram.r/prim_init.ram/clka
    RAMB36_X1Y8          RAMB36E1                                     r  pixel_gen_inst/DisplayLevel_inst/ROM_inst/U0/inst_blk_mem_gen/gnbram.gnativebmg.native_blk_mem_gen/valid.cstr/ramloop[9].ram.r/prim_init.ram/DEVICE_7SERIES.NO_BMM_INFO.SP.SIMPLE_PRIM36.ram/CLKARDCLK
  -------------------------------------------------------------------    -------------------
    RAMB36_X1Y8          RAMB36E1 (Prop_ramb36e1_CLKARDCLK_DOPADOP[0])
                                                      0.882    -0.017 f  pixel_gen_inst/DisplayLevel_inst/ROM_inst/U0/inst_blk_mem_gen/gnbram.gnativebmg.native_blk_mem_gen/valid.cstr/ramloop[9].ram.r/prim_init.ram/DEVICE_7SERIES.NO_BMM_INFO.SP.SIMPLE_PRIM36.ram/DOPADOP[0]
                         net (fo=1, routed)           2.288     2.271    pixel_gen_inst/DisplayLevel_inst/ROM_inst/U0/inst_blk_mem_gen/gnbram.gnativebmg.native_blk_mem_gen/valid.cstr/has_mux_a.A/ramloop[9].ram.ram_douta[8]
    SLICE_X8Y46          LUT6 (Prop_lut6_I5_O)        0.124     2.395 f  pixel_gen_inst/DisplayLevel_inst/ROM_inst/U0/inst_blk_mem_gen/gnbram.gnativebmg.native_blk_mem_gen/valid.cstr/has_mux_a.A/douta[11]_INST_0_i_7/O
                         net (fo=1, routed)           0.000     2.395    pixel_gen_inst/DisplayLevel_inst/ROM_inst/U0/inst_blk_mem_gen/gnbram.gnativebmg.native_blk_mem_gen/valid.cstr/has_mux_a.A/douta[11]_INST_0_i_7_n_0
    SLICE_X8Y46          MUXF7 (Prop_muxf7_I1_O)      0.214     2.609 f  pixel_gen_inst/DisplayLevel_inst/ROM_inst/U0/inst_blk_mem_gen/gnbram.gnativebmg.native_blk_mem_gen/valid.cstr/has_mux_a.A/douta[11]_INST_0_i_3/O
                         net (fo=1, routed)           2.139     4.748    pixel_gen_inst/DisplayLevel_inst/ROM_inst/U0/inst_blk_mem_gen/gnbram.gnativebmg.native_blk_mem_gen/valid.cstr/has_mux_a.A/douta[11]_INST_0_i_3_n_0
    SLICE_X48Y61         LUT5 (Prop_lut5_I4_O)        0.297     5.045 f  pixel_gen_inst/DisplayLevel_inst/ROM_inst/U0/inst_blk_mem_gen/gnbram.gnativebmg.native_blk_mem_gen/valid.cstr/has_mux_a.A/douta[11]_INST_0/O
                         net (fo=2, routed)           1.185     6.230    pixel_gen_inst/level_color[11]
    SLICE_X44Y63         LUT6 (Prop_lut6_I2_O)        0.124     6.354 r  pixel_gen_inst/PixelAan_i_3/O
                         net (fo=2, routed)           0.453     6.807    pixel_gen_inst/DisplayLevel_inst/rgb_out_reg[0]_0
    SLICE_X44Y60         LUT2 (Prop_lut2_I1_O)        0.124     6.931 r  pixel_gen_inst/DisplayLevel_inst/rgb_out[11]_i_1/O
                         net (fo=12, routed)          0.663     7.594    pixel_gen_inst/DisplayLevel_inst_n_12
    SLICE_X44Y55         FDRE                                         r  pixel_gen_inst/rgb_out_reg[9]/R
  -------------------------------------------------------------------    -------------------

                         (clock clk_25_clkDVIprescaler rise edge)
                                                     40.000    40.000 r  
    W5                                                0.000    40.000 r  clk100 (IN)
                         net (fo=0)                   0.000    40.000    prescaler_instance/inst/clk_100
    W5                   IBUF (Prop_ibuf_I_O)         1.388    41.388 r  prescaler_instance/inst/clkin1_ibufg/O
                         net (fo=1, routed)           1.162    42.550    prescaler_instance/inst/clk_100_clkDVIprescaler
    MMCME2_ADV_X1Y0      MMCME2_ADV (Prop_mmcme2_adv_CLKIN1_CLKOUT0)
                                                     -7.217    35.332 r  prescaler_instance/inst/mmcm_adv_inst/CLKOUT0
                         net (fo=1, routed)           1.581    36.914    prescaler_instance/inst/clk_25_clkDVIprescaler
    BUFGCTRL_X0Y0        BUFG (Prop_bufg_I_O)         0.091    37.005 r  prescaler_instance/inst/clkout1_buf/O
                         net (fo=153, routed)         1.438    38.442    pixel_gen_inst/clk_25
    SLICE_X44Y55         FDRE                                         r  pixel_gen_inst/rgb_out_reg[9]/C
                         clock pessimism              0.484    38.926    
                         clock uncertainty           -0.098    38.828    
    SLICE_X44Y55         FDRE (Setup_fdre_C_R)       -0.429    38.399    pixel_gen_inst/rgb_out_reg[9]
  -------------------------------------------------------------------
                         required time                         38.399    
                         arrival time                          -7.594    
  -------------------------------------------------------------------
                         slack                                 30.805    

Slack (MET) :             30.812ns  (required time - arrival time)
  Source:                 pixel_gen_inst/DisplayLevel_inst/ROM_inst/U0/inst_blk_mem_gen/gnbram.gnativebmg.native_blk_mem_gen/valid.cstr/ramloop[9].ram.r/prim_init.ram/DEVICE_7SERIES.NO_BMM_INFO.SP.SIMPLE_PRIM36.ram/CLKARDCLK
                            (rising edge-triggered cell RAMB36E1 clocked by clk_25_clkDVIprescaler  {rise@0.000ns fall@20.000ns period=40.000ns})
  Destination:            pixel_gen_inst/rgb_out_reg[2]/R
                            (rising edge-triggered cell FDRE clocked by clk_25_clkDVIprescaler  {rise@0.000ns fall@20.000ns period=40.000ns})
  Path Group:             clk_25_clkDVIprescaler
  Path Type:              Setup (Max at Slow Process Corner)
  Requirement:            40.000ns  (clk_25_clkDVIprescaler rise@40.000ns - clk_25_clkDVIprescaler rise@0.000ns)
  Data Path Delay:        8.481ns  (logic 1.765ns (20.810%)  route 6.716ns (79.190%))
  Logic Levels:           5  (LUT2=1 LUT5=1 LUT6=2 MUXF7=1)
  Clock Path Skew:        -0.180ns (DCD - SCD + CPR)
    Destination Clock Delay (DCD):    -1.563ns = ( 38.437 - 40.000 ) 
    Source Clock Delay      (SCD):    -0.899ns
    Clock Pessimism Removal (CPR):    0.484ns
  Clock Uncertainty:      0.098ns  ((TSJ^2 + DJ^2)^1/2) / 2 + PE
    Total System Jitter     (TSJ):    0.071ns
    Discrete Jitter          (DJ):    0.182ns
    Phase Error              (PE):    0.000ns

    Location             Delay type                Incr(ns)  Path(ns)    Netlist Resource(s)
  -------------------------------------------------------------------    -------------------
                         (clock clk_25_clkDVIprescaler rise edge)
                                                      0.000     0.000 r  
    W5                                                0.000     0.000 r  clk100 (IN)
                         net (fo=0)                   0.000     0.000    prescaler_instance/inst/clk_100
    W5                   IBUF (Prop_ibuf_I_O)         1.458     1.458 r  prescaler_instance/inst/clkin1_ibufg/O
                         net (fo=1, routed)           1.233     2.691    prescaler_instance/inst/clk_100_clkDVIprescaler
    MMCME2_ADV_X1Y0      MMCME2_ADV (Prop_mmcme2_adv_CLKIN1_CLKOUT0)
                                                     -6.961    -4.269 r  prescaler_instance/inst/mmcm_adv_inst/CLKOUT0
                         net (fo=1, routed)           1.661    -2.608    prescaler_instance/inst/clk_25_clkDVIprescaler
    BUFGCTRL_X0Y0        BUFG (Prop_bufg_I_O)         0.096    -2.512 r  prescaler_instance/inst/clkout1_buf/O
                         net (fo=153, routed)         1.613    -0.899    pixel_gen_inst/DisplayLevel_inst/ROM_inst/U0/inst_blk_mem_gen/gnbram.gnativebmg.native_blk_mem_gen/valid.cstr/ramloop[9].ram.r/prim_init.ram/clka
    RAMB36_X1Y8          RAMB36E1                                     r  pixel_gen_inst/DisplayLevel_inst/ROM_inst/U0/inst_blk_mem_gen/gnbram.gnativebmg.native_blk_mem_gen/valid.cstr/ramloop[9].ram.r/prim_init.ram/DEVICE_7SERIES.NO_BMM_INFO.SP.SIMPLE_PRIM36.ram/CLKARDCLK
  -------------------------------------------------------------------    -------------------
    RAMB36_X1Y8          RAMB36E1 (Prop_ramb36e1_CLKARDCLK_DOPADOP[0])
                                                      0.882    -0.017 f  pixel_gen_inst/DisplayLevel_inst/ROM_inst/U0/inst_blk_mem_gen/gnbram.gnativebmg.native_blk_mem_gen/valid.cstr/ramloop[9].ram.r/prim_init.ram/DEVICE_7SERIES.NO_BMM_INFO.SP.SIMPLE_PRIM36.ram/DOPADOP[0]
                         net (fo=1, routed)           2.288     2.271    pixel_gen_inst/DisplayLevel_inst/ROM_inst/U0/inst_blk_mem_gen/gnbram.gnativebmg.native_blk_mem_gen/valid.cstr/has_mux_a.A/ramloop[9].ram.ram_douta[8]
    SLICE_X8Y46          LUT6 (Prop_lut6_I5_O)        0.124     2.395 f  pixel_gen_inst/DisplayLevel_inst/ROM_inst/U0/inst_blk_mem_gen/gnbram.gnativebmg.native_blk_mem_gen/valid.cstr/has_mux_a.A/douta[11]_INST_0_i_7/O
                         net (fo=1, routed)           0.000     2.395    pixel_gen_inst/DisplayLevel_inst/ROM_inst/U0/inst_blk_mem_gen/gnbram.gnativebmg.native_blk_mem_gen/valid.cstr/has_mux_a.A/douta[11]_INST_0_i_7_n_0
    SLICE_X8Y46          MUXF7 (Prop_muxf7_I1_O)      0.214     2.609 f  pixel_gen_inst/DisplayLevel_inst/ROM_inst/U0/inst_blk_mem_gen/gnbram.gnativebmg.native_blk_mem_gen/valid.cstr/has_mux_a.A/douta[11]_INST_0_i_3/O
                         net (fo=1, routed)           2.139     4.748    pixel_gen_inst/DisplayLevel_inst/ROM_inst/U0/inst_blk_mem_gen/gnbram.gnativebmg.native_blk_mem_gen/valid.cstr/has_mux_a.A/douta[11]_INST_0_i_3_n_0
    SLICE_X48Y61         LUT5 (Prop_lut5_I4_O)        0.297     5.045 f  pixel_gen_inst/DisplayLevel_inst/ROM_inst/U0/inst_blk_mem_gen/gnbram.gnativebmg.native_blk_mem_gen/valid.cstr/has_mux_a.A/douta[11]_INST_0/O
                         net (fo=2, routed)           1.185     6.230    pixel_gen_inst/level_color[11]
    SLICE_X44Y63         LUT6 (Prop_lut6_I2_O)        0.124     6.354 r  pixel_gen_inst/PixelAan_i_3/O
                         net (fo=2, routed)           0.453     6.807    pixel_gen_inst/DisplayLevel_inst/rgb_out_reg[0]_0
    SLICE_X44Y60         LUT2 (Prop_lut2_I1_O)        0.124     6.931 r  pixel_gen_inst/DisplayLevel_inst/rgb_out[11]_i_1/O
                         net (fo=12, routed)          0.651     7.582    pixel_gen_inst/DisplayLevel_inst_n_12
    SLICE_X44Y63         FDRE                                         r  pixel_gen_inst/rgb_out_reg[2]/R
  -------------------------------------------------------------------    -------------------

                         (clock clk_25_clkDVIprescaler rise edge)
                                                     40.000    40.000 r  
    W5                                                0.000    40.000 r  clk100 (IN)
                         net (fo=0)                   0.000    40.000    prescaler_instance/inst/clk_100
    W5                   IBUF (Prop_ibuf_I_O)         1.388    41.388 r  prescaler_instance/inst/clkin1_ibufg/O
                         net (fo=1, routed)           1.162    42.550    prescaler_instance/inst/clk_100_clkDVIprescaler
    MMCME2_ADV_X1Y0      MMCME2_ADV (Prop_mmcme2_adv_CLKIN1_CLKOUT0)
                                                     -7.217    35.332 r  prescaler_instance/inst/mmcm_adv_inst/CLKOUT0
                         net (fo=1, routed)           1.581    36.914    prescaler_instance/inst/clk_25_clkDVIprescaler
    BUFGCTRL_X0Y0        BUFG (Prop_bufg_I_O)         0.091    37.005 r  prescaler_instance/inst/clkout1_buf/O
                         net (fo=153, routed)         1.433    38.437    pixel_gen_inst/clk_25
    SLICE_X44Y63         FDRE                                         r  pixel_gen_inst/rgb_out_reg[2]/C
                         clock pessimism              0.484    38.921    
                         clock uncertainty           -0.098    38.823    
    SLICE_X44Y63         FDRE (Setup_fdre_C_R)       -0.429    38.394    pixel_gen_inst/rgb_out_reg[2]
  -------------------------------------------------------------------
                         required time                         38.394    
                         arrival time                          -7.582    
  -------------------------------------------------------------------
                         slack                                 30.812    

Slack (MET) :             30.812ns  (required time - arrival time)
  Source:                 pixel_gen_inst/DisplayLevel_inst/ROM_inst/U0/inst_blk_mem_gen/gnbram.gnativebmg.native_blk_mem_gen/valid.cstr/ramloop[9].ram.r/prim_init.ram/DEVICE_7SERIES.NO_BMM_INFO.SP.SIMPLE_PRIM36.ram/CLKARDCLK
                            (rising edge-triggered cell RAMB36E1 clocked by clk_25_clkDVIprescaler  {rise@0.000ns fall@20.000ns period=40.000ns})
  Destination:            pixel_gen_inst/rgb_out_reg[3]/R
                            (rising edge-triggered cell FDRE clocked by clk_25_clkDVIprescaler  {rise@0.000ns fall@20.000ns period=40.000ns})
  Path Group:             clk_25_clkDVIprescaler
  Path Type:              Setup (Max at Slow Process Corner)
  Requirement:            40.000ns  (clk_25_clkDVIprescaler rise@40.000ns - clk_25_clkDVIprescaler rise@0.000ns)
  Data Path Delay:        8.481ns  (logic 1.765ns (20.810%)  route 6.716ns (79.190%))
  Logic Levels:           5  (LUT2=1 LUT5=1 LUT6=2 MUXF7=1)
  Clock Path Skew:        -0.180ns (DCD - SCD + CPR)
    Destination Clock Delay (DCD):    -1.563ns = ( 38.437 - 40.000 ) 
    Source Clock Delay      (SCD):    -0.899ns
    Clock Pessimism Removal (CPR):    0.484ns
  Clock Uncertainty:      0.098ns  ((TSJ^2 + DJ^2)^1/2) / 2 + PE
    Total System Jitter     (TSJ):    0.071ns
    Discrete Jitter          (DJ):    0.182ns
    Phase Error              (PE):    0.000ns

    Location             Delay type                Incr(ns)  Path(ns)    Netlist Resource(s)
  -------------------------------------------------------------------    -------------------
                         (clock clk_25_clkDVIprescaler rise edge)
                                                      0.000     0.000 r  
    W5                                                0.000     0.000 r  clk100 (IN)
                         net (fo=0)                   0.000     0.000    prescaler_instance/inst/clk_100
    W5                   IBUF (Prop_ibuf_I_O)         1.458     1.458 r  prescaler_instance/inst/clkin1_ibufg/O
                         net (fo=1, routed)           1.233     2.691    prescaler_instance/inst/clk_100_clkDVIprescaler
    MMCME2_ADV_X1Y0      MMCME2_ADV (Prop_mmcme2_adv_CLKIN1_CLKOUT0)
                                                     -6.961    -4.269 r  prescaler_instance/inst/mmcm_adv_inst/CLKOUT0
                         net (fo=1, routed)           1.661    -2.608    prescaler_instance/inst/clk_25_clkDVIprescaler
    BUFGCTRL_X0Y0        BUFG (Prop_bufg_I_O)         0.096    -2.512 r  prescaler_instance/inst/clkout1_buf/O
                         net (fo=153, routed)         1.613    -0.899    pixel_gen_inst/DisplayLevel_inst/ROM_inst/U0/inst_blk_mem_gen/gnbram.gnativebmg.native_blk_mem_gen/valid.cstr/ramloop[9].ram.r/prim_init.ram/clka
    RAMB36_X1Y8          RAMB36E1                                     r  pixel_gen_inst/DisplayLevel_inst/ROM_inst/U0/inst_blk_mem_gen/gnbram.gnativebmg.native_blk_mem_gen/valid.cstr/ramloop[9].ram.r/prim_init.ram/DEVICE_7SERIES.NO_BMM_INFO.SP.SIMPLE_PRIM36.ram/CLKARDCLK
  -------------------------------------------------------------------    -------------------
    RAMB36_X1Y8          RAMB36E1 (Prop_ramb36e1_CLKARDCLK_DOPADOP[0])
                                                      0.882    -0.017 f  pixel_gen_inst/DisplayLevel_inst/ROM_inst/U0/inst_blk_mem_gen/gnbram.gnativebmg.native_blk_mem_gen/valid.cstr/ramloop[9].ram.r/prim_init.ram/DEVICE_7SERIES.NO_BMM_INFO.SP.SIMPLE_PRIM36.ram/DOPADOP[0]
                         net (fo=1, routed)           2.288     2.271    pixel_gen_inst/DisplayLevel_inst/ROM_inst/U0/inst_blk_mem_gen/gnbram.gnativebmg.native_blk_mem_gen/valid.cstr/has_mux_a.A/ramloop[9].ram.ram_douta[8]
    SLICE_X8Y46          LUT6 (Prop_lut6_I5_O)        0.124     2.395 f  pixel_gen_inst/DisplayLevel_inst/ROM_inst/U0/inst_blk_mem_gen/gnbram.gnativebmg.native_blk_mem_gen/valid.cstr/has_mux_a.A/douta[11]_INST_0_i_7/O
                         net (fo=1, routed)           0.000     2.395    pixel_gen_inst/DisplayLevel_inst/ROM_inst/U0/inst_blk_mem_gen/gnbram.gnativebmg.native_blk_mem_gen/valid.cstr/has_mux_a.A/douta[11]_INST_0_i_7_n_0
    SLICE_X8Y46          MUXF7 (Prop_muxf7_I1_O)      0.214     2.609 f  pixel_gen_inst/DisplayLevel_inst/ROM_inst/U0/inst_blk_mem_gen/gnbram.gnativebmg.native_blk_mem_gen/valid.cstr/has_mux_a.A/douta[11]_INST_0_i_3/O
                         net (fo=1, routed)           2.139     4.748    pixel_gen_inst/DisplayLevel_inst/ROM_inst/U0/inst_blk_mem_gen/gnbram.gnativebmg.native_blk_mem_gen/valid.cstr/has_mux_a.A/douta[11]_INST_0_i_3_n_0
    SLICE_X48Y61         LUT5 (Prop_lut5_I4_O)        0.297     5.045 f  pixel_gen_inst/DisplayLevel_inst/ROM_inst/U0/inst_blk_mem_gen/gnbram.gnativebmg.native_blk_mem_gen/valid.cstr/has_mux_a.A/douta[11]_INST_0/O
                         net (fo=2, routed)           1.185     6.230    pixel_gen_inst/level_color[11]
    SLICE_X44Y63         LUT6 (Prop_lut6_I2_O)        0.124     6.354 r  pixel_gen_inst/PixelAan_i_3/O
                         net (fo=2, routed)           0.453     6.807    pixel_gen_inst/DisplayLevel_inst/rgb_out_reg[0]_0
    SLICE_X44Y60         LUT2 (Prop_lut2_I1_O)        0.124     6.931 r  pixel_gen_inst/DisplayLevel_inst/rgb_out[11]_i_1/O
                         net (fo=12, routed)          0.651     7.582    pixel_gen_inst/DisplayLevel_inst_n_12
    SLICE_X44Y63         FDRE                                         r  pixel_gen_inst/rgb_out_reg[3]/R
  -------------------------------------------------------------------    -------------------

                         (clock clk_25_clkDVIprescaler rise edge)
                                                     40.000    40.000 r  
    W5                                                0.000    40.000 r  clk100 (IN)
                         net (fo=0)                   0.000    40.000    prescaler_instance/inst/clk_100
    W5                   IBUF (Prop_ibuf_I_O)         1.388    41.388 r  prescaler_instance/inst/clkin1_ibufg/O
                         net (fo=1, routed)           1.162    42.550    prescaler_instance/inst/clk_100_clkDVIprescaler
    MMCME2_ADV_X1Y0      MMCME2_ADV (Prop_mmcme2_adv_CLKIN1_CLKOUT0)
                                                     -7.217    35.332 r  prescaler_instance/inst/mmcm_adv_inst/CLKOUT0
                         net (fo=1, routed)           1.581    36.914    prescaler_instance/inst/clk_25_clkDVIprescaler
    BUFGCTRL_X0Y0        BUFG (Prop_bufg_I_O)         0.091    37.005 r  prescaler_instance/inst/clkout1_buf/O
                         net (fo=153, routed)         1.433    38.437    pixel_gen_inst/clk_25
    SLICE_X44Y63         FDRE                                         r  pixel_gen_inst/rgb_out_reg[3]/C
                         clock pessimism              0.484    38.921    
                         clock uncertainty           -0.098    38.823    
    SLICE_X44Y63         FDRE (Setup_fdre_C_R)       -0.429    38.394    pixel_gen_inst/rgb_out_reg[3]
  -------------------------------------------------------------------
                         required time                         38.394    
                         arrival time                          -7.582    
  -------------------------------------------------------------------
                         slack                                 30.812    

Slack (MET) :             30.812ns  (required time - arrival time)
  Source:                 pixel_gen_inst/DisplayLevel_inst/ROM_inst/U0/inst_blk_mem_gen/gnbram.gnativebmg.native_blk_mem_gen/valid.cstr/ramloop[9].ram.r/prim_init.ram/DEVICE_7SERIES.NO_BMM_INFO.SP.SIMPLE_PRIM36.ram/CLKARDCLK
                            (rising edge-triggered cell RAMB36E1 clocked by clk_25_clkDVIprescaler  {rise@0.000ns fall@20.000ns period=40.000ns})
  Destination:            pixel_gen_inst/rgb_out_reg[6]/R
                            (rising edge-triggered cell FDRE clocked by clk_25_clkDVIprescaler  {rise@0.000ns fall@20.000ns period=40.000ns})
  Path Group:             clk_25_clkDVIprescaler
  Path Type:              Setup (Max at Slow Process Corner)
  Requirement:            40.000ns  (clk_25_clkDVIprescaler rise@40.000ns - clk_25_clkDVIprescaler rise@0.000ns)
  Data Path Delay:        8.481ns  (logic 1.765ns (20.810%)  route 6.716ns (79.190%))
  Logic Levels:           5  (LUT2=1 LUT5=1 LUT6=2 MUXF7=1)
  Clock Path Skew:        -0.180ns (DCD - SCD + CPR)
    Destination Clock Delay (DCD):    -1.563ns = ( 38.437 - 40.000 ) 
    Source Clock Delay      (SCD):    -0.899ns
    Clock Pessimism Removal (CPR):    0.484ns
  Clock Uncertainty:      0.098ns  ((TSJ^2 + DJ^2)^1/2) / 2 + PE
    Total System Jitter     (TSJ):    0.071ns
    Discrete Jitter          (DJ):    0.182ns
    Phase Error              (PE):    0.000ns

    Location             Delay type                Incr(ns)  Path(ns)    Netlist Resource(s)
  -------------------------------------------------------------------    -------------------
                         (clock clk_25_clkDVIprescaler rise edge)
                                                      0.000     0.000 r  
    W5                                                0.000     0.000 r  clk100 (IN)
                         net (fo=0)                   0.000     0.000    prescaler_instance/inst/clk_100
    W5                   IBUF (Prop_ibuf_I_O)         1.458     1.458 r  prescaler_instance/inst/clkin1_ibufg/O
                         net (fo=1, routed)           1.233     2.691    prescaler_instance/inst/clk_100_clkDVIprescaler
    MMCME2_ADV_X1Y0      MMCME2_ADV (Prop_mmcme2_adv_CLKIN1_CLKOUT0)
                                                     -6.961    -4.269 r  prescaler_instance/inst/mmcm_adv_inst/CLKOUT0
                         net (fo=1, routed)           1.661    -2.608    prescaler_instance/inst/clk_25_clkDVIprescaler
    BUFGCTRL_X0Y0        BUFG (Prop_bufg_I_O)         0.096    -2.512 r  prescaler_instance/inst/clkout1_buf/O
                         net (fo=153, routed)         1.613    -0.899    pixel_gen_inst/DisplayLevel_inst/ROM_inst/U0/inst_blk_mem_gen/gnbram.gnativebmg.native_blk_mem_gen/valid.cstr/ramloop[9].ram.r/prim_init.ram/clka
    RAMB36_X1Y8          RAMB36E1                                     r  pixel_gen_inst/DisplayLevel_inst/ROM_inst/U0/inst_blk_mem_gen/gnbram.gnativebmg.native_blk_mem_gen/valid.cstr/ramloop[9].ram.r/prim_init.ram/DEVICE_7SERIES.NO_BMM_INFO.SP.SIMPLE_PRIM36.ram/CLKARDCLK
  -------------------------------------------------------------------    -------------------
    RAMB36_X1Y8          RAMB36E1 (Prop_ramb36e1_CLKARDCLK_DOPADOP[0])
                                                      0.882    -0.017 f  pixel_gen_inst/DisplayLevel_inst/ROM_inst/U0/inst_blk_mem_gen/gnbram.gnativebmg.native_blk_mem_gen/valid.cstr/ramloop[9].ram.r/prim_init.ram/DEVICE_7SERIES.NO_BMM_INFO.SP.SIMPLE_PRIM36.ram/DOPADOP[0]
                         net (fo=1, routed)           2.288     2.271    pixel_gen_inst/DisplayLevel_inst/ROM_inst/U0/inst_blk_mem_gen/gnbram.gnativebmg.native_blk_mem_gen/valid.cstr/has_mux_a.A/ramloop[9].ram.ram_douta[8]
    SLICE_X8Y46          LUT6 (Prop_lut6_I5_O)        0.124     2.395 f  pixel_gen_inst/DisplayLevel_inst/ROM_inst/U0/inst_blk_mem_gen/gnbram.gnativebmg.native_blk_mem_gen/valid.cstr/has_mux_a.A/douta[11]_INST_0_i_7/O
                         net (fo=1, routed)           0.000     2.395    pixel_gen_inst/DisplayLevel_inst/ROM_inst/U0/inst_blk_mem_gen/gnbram.gnativebmg.native_blk_mem_gen/valid.cstr/has_mux_a.A/douta[11]_INST_0_i_7_n_0
    SLICE_X8Y46          MUXF7 (Prop_muxf7_I1_O)      0.214     2.609 f  pixel_gen_inst/DisplayLevel_inst/ROM_inst/U0/inst_blk_mem_gen/gnbram.gnativebmg.native_blk_mem_gen/valid.cstr/has_mux_a.A/douta[11]_INST_0_i_3/O
                         net (fo=1, routed)           2.139     4.748    pixel_gen_inst/DisplayLevel_inst/ROM_inst/U0/inst_blk_mem_gen/gnbram.gnativebmg.native_blk_mem_gen/valid.cstr/has_mux_a.A/douta[11]_INST_0_i_3_n_0
    SLICE_X48Y61         LUT5 (Prop_lut5_I4_O)        0.297     5.045 f  pixel_gen_inst/DisplayLevel_inst/ROM_inst/U0/inst_blk_mem_gen/gnbram.gnativebmg.native_blk_mem_gen/valid.cstr/has_mux_a.A/douta[11]_INST_0/O
                         net (fo=2, routed)           1.185     6.230    pixel_gen_inst/level_color[11]
    SLICE_X44Y63         LUT6 (Prop_lut6_I2_O)        0.124     6.354 r  pixel_gen_inst/PixelAan_i_3/O
                         net (fo=2, routed)           0.453     6.807    pixel_gen_inst/DisplayLevel_inst/rgb_out_reg[0]_0
    SLICE_X44Y60         LUT2 (Prop_lut2_I1_O)        0.124     6.931 r  pixel_gen_inst/DisplayLevel_inst/rgb_out[11]_i_1/O
                         net (fo=12, routed)          0.651     7.582    pixel_gen_inst/DisplayLevel_inst_n_12
    SLICE_X44Y63         FDRE                                         r  pixel_gen_inst/rgb_out_reg[6]/R
  -------------------------------------------------------------------    -------------------

                         (clock clk_25_clkDVIprescaler rise edge)
                                                     40.000    40.000 r  
    W5                                                0.000    40.000 r  clk100 (IN)
                         net (fo=0)                   0.000    40.000    prescaler_instance/inst/clk_100
    W5                   IBUF (Prop_ibuf_I_O)         1.388    41.388 r  prescaler_instance/inst/clkin1_ibufg/O
                         net (fo=1, routed)           1.162    42.550    prescaler_instance/inst/clk_100_clkDVIprescaler
    MMCME2_ADV_X1Y0      MMCME2_ADV (Prop_mmcme2_adv_CLKIN1_CLKOUT0)
                                                     -7.217    35.332 r  prescaler_instance/inst/mmcm_adv_inst/CLKOUT0
                         net (fo=1, routed)           1.581    36.914    prescaler_instance/inst/clk_25_clkDVIprescaler
    BUFGCTRL_X0Y0        BUFG (Prop_bufg_I_O)         0.091    37.005 r  prescaler_instance/inst/clkout1_buf/O
                         net (fo=153, routed)         1.433    38.437    pixel_gen_inst/clk_25
    SLICE_X44Y63         FDRE                                         r  pixel_gen_inst/rgb_out_reg[6]/C
                         clock pessimism              0.484    38.921    
                         clock uncertainty           -0.098    38.823    
    SLICE_X44Y63         FDRE (Setup_fdre_C_R)       -0.429    38.394    pixel_gen_inst/rgb_out_reg[6]
  -------------------------------------------------------------------
                         required time                         38.394    
                         arrival time                          -7.582    
  -------------------------------------------------------------------
                         slack                                 30.812    

Slack (MET) :             30.812ns  (required time - arrival time)
  Source:                 pixel_gen_inst/DisplayLevel_inst/ROM_inst/U0/inst_blk_mem_gen/gnbram.gnativebmg.native_blk_mem_gen/valid.cstr/ramloop[9].ram.r/prim_init.ram/DEVICE_7SERIES.NO_BMM_INFO.SP.SIMPLE_PRIM36.ram/CLKARDCLK
                            (rising edge-triggered cell RAMB36E1 clocked by clk_25_clkDVIprescaler  {rise@0.000ns fall@20.000ns period=40.000ns})
  Destination:            pixel_gen_inst/rgb_out_reg[7]/R
                            (rising edge-triggered cell FDRE clocked by clk_25_clkDVIprescaler  {rise@0.000ns fall@20.000ns period=40.000ns})
  Path Group:             clk_25_clkDVIprescaler
  Path Type:              Setup (Max at Slow Process Corner)
  Requirement:            40.000ns  (clk_25_clkDVIprescaler rise@40.000ns - clk_25_clkDVIprescaler rise@0.000ns)
  Data Path Delay:        8.481ns  (logic 1.765ns (20.810%)  route 6.716ns (79.190%))
  Logic Levels:           5  (LUT2=1 LUT5=1 LUT6=2 MUXF7=1)
  Clock Path Skew:        -0.180ns (DCD - SCD + CPR)
    Destination Clock Delay (DCD):    -1.563ns = ( 38.437 - 40.000 ) 
    Source Clock Delay      (SCD):    -0.899ns
    Clock Pessimism Removal (CPR):    0.484ns
  Clock Uncertainty:      0.098ns  ((TSJ^2 + DJ^2)^1/2) / 2 + PE
    Total System Jitter     (TSJ):    0.071ns
    Discrete Jitter          (DJ):    0.182ns
    Phase Error              (PE):    0.000ns

    Location             Delay type                Incr(ns)  Path(ns)    Netlist Resource(s)
  -------------------------------------------------------------------    -------------------
                         (clock clk_25_clkDVIprescaler rise edge)
                                                      0.000     0.000 r  
    W5                                                0.000     0.000 r  clk100 (IN)
                         net (fo=0)                   0.000     0.000    prescaler_instance/inst/clk_100
    W5                   IBUF (Prop_ibuf_I_O)         1.458     1.458 r  prescaler_instance/inst/clkin1_ibufg/O
                         net (fo=1, routed)           1.233     2.691    prescaler_instance/inst/clk_100_clkDVIprescaler
    MMCME2_ADV_X1Y0      MMCME2_ADV (Prop_mmcme2_adv_CLKIN1_CLKOUT0)
                                                     -6.961    -4.269 r  prescaler_instance/inst/mmcm_adv_inst/CLKOUT0
                         net (fo=1, routed)           1.661    -2.608    prescaler_instance/inst/clk_25_clkDVIprescaler
    BUFGCTRL_X0Y0        BUFG (Prop_bufg_I_O)         0.096    -2.512 r  prescaler_instance/inst/clkout1_buf/O
                         net (fo=153, routed)         1.613    -0.899    pixel_gen_inst/DisplayLevel_inst/ROM_inst/U0/inst_blk_mem_gen/gnbram.gnativebmg.native_blk_mem_gen/valid.cstr/ramloop[9].ram.r/prim_init.ram/clka
    RAMB36_X1Y8          RAMB36E1                                     r  pixel_gen_inst/DisplayLevel_inst/ROM_inst/U0/inst_blk_mem_gen/gnbram.gnativebmg.native_blk_mem_gen/valid.cstr/ramloop[9].ram.r/prim_init.ram/DEVICE_7SERIES.NO_BMM_INFO.SP.SIMPLE_PRIM36.ram/CLKARDCLK
  -------------------------------------------------------------------    -------------------
    RAMB36_X1Y8          RAMB36E1 (Prop_ramb36e1_CLKARDCLK_DOPADOP[0])
                                                      0.882    -0.017 f  pixel_gen_inst/DisplayLevel_inst/ROM_inst/U0/inst_blk_mem_gen/gnbram.gnativebmg.native_blk_mem_gen/valid.cstr/ramloop[9].ram.r/prim_init.ram/DEVICE_7SERIES.NO_BMM_INFO.SP.SIMPLE_PRIM36.ram/DOPADOP[0]
                         net (fo=1, routed)           2.288     2.271    pixel_gen_inst/DisplayLevel_inst/ROM_inst/U0/inst_blk_mem_gen/gnbram.gnativebmg.native_blk_mem_gen/valid.cstr/has_mux_a.A/ramloop[9].ram.ram_douta[8]
    SLICE_X8Y46          LUT6 (Prop_lut6_I5_O)        0.124     2.395 f  pixel_gen_inst/DisplayLevel_inst/ROM_inst/U0/inst_blk_mem_gen/gnbram.gnativebmg.native_blk_mem_gen/valid.cstr/has_mux_a.A/douta[11]_INST_0_i_7/O
                         net (fo=1, routed)           0.000     2.395    pixel_gen_inst/DisplayLevel_inst/ROM_inst/U0/inst_blk_mem_gen/gnbram.gnativebmg.native_blk_mem_gen/valid.cstr/has_mux_a.A/douta[11]_INST_0_i_7_n_0
    SLICE_X8Y46          MUXF7 (Prop_muxf7_I1_O)      0.214     2.609 f  pixel_gen_inst/DisplayLevel_inst/ROM_inst/U0/inst_blk_mem_gen/gnbram.gnativebmg.native_blk_mem_gen/valid.cstr/has_mux_a.A/douta[11]_INST_0_i_3/O
                         net (fo=1, routed)           2.139     4.748    pixel_gen_inst/DisplayLevel_inst/ROM_inst/U0/inst_blk_mem_gen/gnbram.gnativebmg.native_blk_mem_gen/valid.cstr/has_mux_a.A/douta[11]_INST_0_i_3_n_0
    SLICE_X48Y61         LUT5 (Prop_lut5_I4_O)        0.297     5.045 f  pixel_gen_inst/DisplayLevel_inst/ROM_inst/U0/inst_blk_mem_gen/gnbram.gnativebmg.native_blk_mem_gen/valid.cstr/has_mux_a.A/douta[11]_INST_0/O
                         net (fo=2, routed)           1.185     6.230    pixel_gen_inst/level_color[11]
    SLICE_X44Y63         LUT6 (Prop_lut6_I2_O)        0.124     6.354 r  pixel_gen_inst/PixelAan_i_3/O
                         net (fo=2, routed)           0.453     6.807    pixel_gen_inst/DisplayLevel_inst/rgb_out_reg[0]_0
    SLICE_X44Y60         LUT2 (Prop_lut2_I1_O)        0.124     6.931 r  pixel_gen_inst/DisplayLevel_inst/rgb_out[11]_i_1/O
                         net (fo=12, routed)          0.651     7.582    pixel_gen_inst/DisplayLevel_inst_n_12
    SLICE_X44Y63         FDRE                                         r  pixel_gen_inst/rgb_out_reg[7]/R
  -------------------------------------------------------------------    -------------------

                         (clock clk_25_clkDVIprescaler rise edge)
                                                     40.000    40.000 r  
    W5                                                0.000    40.000 r  clk100 (IN)
                         net (fo=0)                   0.000    40.000    prescaler_instance/inst/clk_100
    W5                   IBUF (Prop_ibuf_I_O)         1.388    41.388 r  prescaler_instance/inst/clkin1_ibufg/O
                         net (fo=1, routed)           1.162    42.550    prescaler_instance/inst/clk_100_clkDVIprescaler
    MMCME2_ADV_X1Y0      MMCME2_ADV (Prop_mmcme2_adv_CLKIN1_CLKOUT0)
                                                     -7.217    35.332 r  prescaler_instance/inst/mmcm_adv_inst/CLKOUT0
                         net (fo=1, routed)           1.581    36.914    prescaler_instance/inst/clk_25_clkDVIprescaler
    BUFGCTRL_X0Y0        BUFG (Prop_bufg_I_O)         0.091    37.005 r  prescaler_instance/inst/clkout1_buf/O
                         net (fo=153, routed)         1.433    38.437    pixel_gen_inst/clk_25
    SLICE_X44Y63         FDRE                                         r  pixel_gen_inst/rgb_out_reg[7]/C
                         clock pessimism              0.484    38.921    
                         clock uncertainty           -0.098    38.823    
    SLICE_X44Y63         FDRE (Setup_fdre_C_R)       -0.429    38.394    pixel_gen_inst/rgb_out_reg[7]
  -------------------------------------------------------------------
                         required time                         38.394    
                         arrival time                          -7.582    
  -------------------------------------------------------------------
                         slack                                 30.812    

Slack (MET) :             30.816ns  (required time - arrival time)
  Source:                 pixel_gen_inst/DisplayLevel_inst/ROM_inst/U0/inst_blk_mem_gen/gnbram.gnativebmg.native_blk_mem_gen/valid.cstr/ramloop[9].ram.r/prim_init.ram/DEVICE_7SERIES.NO_BMM_INFO.SP.SIMPLE_PRIM36.ram/CLKARDCLK
                            (rising edge-triggered cell RAMB36E1 clocked by clk_25_clkDVIprescaler  {rise@0.000ns fall@20.000ns period=40.000ns})
  Destination:            pixel_gen_inst/rgb_out_reg[0]/R
                            (rising edge-triggered cell FDRE clocked by clk_25_clkDVIprescaler  {rise@0.000ns fall@20.000ns period=40.000ns})
  Path Group:             clk_25_clkDVIprescaler
  Path Type:              Setup (Max at Slow Process Corner)
  Requirement:            40.000ns  (clk_25_clkDVIprescaler rise@40.000ns - clk_25_clkDVIprescaler rise@0.000ns)
  Data Path Delay:        8.477ns  (logic 1.765ns (20.821%)  route 6.712ns (79.179%))
  Logic Levels:           5  (LUT2=1 LUT5=1 LUT6=2 MUXF7=1)
  Clock Path Skew:        -0.180ns (DCD - SCD + CPR)
    Destination Clock Delay (DCD):    -1.563ns = ( 38.437 - 40.000 ) 
    Source Clock Delay      (SCD):    -0.899ns
    Clock Pessimism Removal (CPR):    0.484ns
  Clock Uncertainty:      0.098ns  ((TSJ^2 + DJ^2)^1/2) / 2 + PE
    Total System Jitter     (TSJ):    0.071ns
    Discrete Jitter          (DJ):    0.182ns
    Phase Error              (PE):    0.000ns

    Location             Delay type                Incr(ns)  Path(ns)    Netlist Resource(s)
  -------------------------------------------------------------------    -------------------
                         (clock clk_25_clkDVIprescaler rise edge)
                                                      0.000     0.000 r  
    W5                                                0.000     0.000 r  clk100 (IN)
                         net (fo=0)                   0.000     0.000    prescaler_instance/inst/clk_100
    W5                   IBUF (Prop_ibuf_I_O)         1.458     1.458 r  prescaler_instance/inst/clkin1_ibufg/O
                         net (fo=1, routed)           1.233     2.691    prescaler_instance/inst/clk_100_clkDVIprescaler
    MMCME2_ADV_X1Y0      MMCME2_ADV (Prop_mmcme2_adv_CLKIN1_CLKOUT0)
                                                     -6.961    -4.269 r  prescaler_instance/inst/mmcm_adv_inst/CLKOUT0
                         net (fo=1, routed)           1.661    -2.608    prescaler_instance/inst/clk_25_clkDVIprescaler
    BUFGCTRL_X0Y0        BUFG (Prop_bufg_I_O)         0.096    -2.512 r  prescaler_instance/inst/clkout1_buf/O
                         net (fo=153, routed)         1.613    -0.899    pixel_gen_inst/DisplayLevel_inst/ROM_inst/U0/inst_blk_mem_gen/gnbram.gnativebmg.native_blk_mem_gen/valid.cstr/ramloop[9].ram.r/prim_init.ram/clka
    RAMB36_X1Y8          RAMB36E1                                     r  pixel_gen_inst/DisplayLevel_inst/ROM_inst/U0/inst_blk_mem_gen/gnbram.gnativebmg.native_blk_mem_gen/valid.cstr/ramloop[9].ram.r/prim_init.ram/DEVICE_7SERIES.NO_BMM_INFO.SP.SIMPLE_PRIM36.ram/CLKARDCLK
  -------------------------------------------------------------------    -------------------
    RAMB36_X1Y8          RAMB36E1 (Prop_ramb36e1_CLKARDCLK_DOPADOP[0])
                                                      0.882    -0.017 f  pixel_gen_inst/DisplayLevel_inst/ROM_inst/U0/inst_blk_mem_gen/gnbram.gnativebmg.native_blk_mem_gen/valid.cstr/ramloop[9].ram.r/prim_init.ram/DEVICE_7SERIES.NO_BMM_INFO.SP.SIMPLE_PRIM36.ram/DOPADOP[0]
                         net (fo=1, routed)           2.288     2.271    pixel_gen_inst/DisplayLevel_inst/ROM_inst/U0/inst_blk_mem_gen/gnbram.gnativebmg.native_blk_mem_gen/valid.cstr/has_mux_a.A/ramloop[9].ram.ram_douta[8]
    SLICE_X8Y46          LUT6 (Prop_lut6_I5_O)        0.124     2.395 f  pixel_gen_inst/DisplayLevel_inst/ROM_inst/U0/inst_blk_mem_gen/gnbram.gnativebmg.native_blk_mem_gen/valid.cstr/has_mux_a.A/douta[11]_INST_0_i_7/O
                         net (fo=1, routed)           0.000     2.395    pixel_gen_inst/DisplayLevel_inst/ROM_inst/U0/inst_blk_mem_gen/gnbram.gnativebmg.native_blk_mem_gen/valid.cstr/has_mux_a.A/douta[11]_INST_0_i_7_n_0
    SLICE_X8Y46          MUXF7 (Prop_muxf7_I1_O)      0.214     2.609 f  pixel_gen_inst/DisplayLevel_inst/ROM_inst/U0/inst_blk_mem_gen/gnbram.gnativebmg.native_blk_mem_gen/valid.cstr/has_mux_a.A/douta[11]_INST_0_i_3/O
                         net (fo=1, routed)           2.139     4.748    pixel_gen_inst/DisplayLevel_inst/ROM_inst/U0/inst_blk_mem_gen/gnbram.gnativebmg.native_blk_mem_gen/valid.cstr/has_mux_a.A/douta[11]_INST_0_i_3_n_0
    SLICE_X48Y61         LUT5 (Prop_lut5_I4_O)        0.297     5.045 f  pixel_gen_inst/DisplayLevel_inst/ROM_inst/U0/inst_blk_mem_gen/gnbram.gnativebmg.native_blk_mem_gen/valid.cstr/has_mux_a.A/douta[11]_INST_0/O
                         net (fo=2, routed)           1.185     6.230    pixel_gen_inst/level_color[11]
    SLICE_X44Y63         LUT6 (Prop_lut6_I2_O)        0.124     6.354 r  pixel_gen_inst/PixelAan_i_3/O
                         net (fo=2, routed)           0.453     6.807    pixel_gen_inst/DisplayLevel_inst/rgb_out_reg[0]_0
    SLICE_X44Y60         LUT2 (Prop_lut2_I1_O)        0.124     6.931 r  pixel_gen_inst/DisplayLevel_inst/rgb_out[11]_i_1/O
                         net (fo=12, routed)          0.647     7.578    pixel_gen_inst/DisplayLevel_inst_n_12
    SLICE_X45Y63         FDRE                                         r  pixel_gen_inst/rgb_out_reg[0]/R
  -------------------------------------------------------------------    -------------------

                         (clock clk_25_clkDVIprescaler rise edge)
                                                     40.000    40.000 r  
    W5                                                0.000    40.000 r  clk100 (IN)
                         net (fo=0)                   0.000    40.000    prescaler_instance/inst/clk_100
    W5                   IBUF (Prop_ibuf_I_O)         1.388    41.388 r  prescaler_instance/inst/clkin1_ibufg/O
                         net (fo=1, routed)           1.162    42.550    prescaler_instance/inst/clk_100_clkDVIprescaler
    MMCME2_ADV_X1Y0      MMCME2_ADV (Prop_mmcme2_adv_CLKIN1_CLKOUT0)
                                                     -7.217    35.332 r  prescaler_instance/inst/mmcm_adv_inst/CLKOUT0
                         net (fo=1, routed)           1.581    36.914    prescaler_instance/inst/clk_25_clkDVIprescaler
    BUFGCTRL_X0Y0        BUFG (Prop_bufg_I_O)         0.091    37.005 r  prescaler_instance/inst/clkout1_buf/O
                         net (fo=153, routed)         1.433    38.437    pixel_gen_inst/clk_25
    SLICE_X45Y63         FDRE                                         r  pixel_gen_inst/rgb_out_reg[0]/C
                         clock pessimism              0.484    38.921    
                         clock uncertainty           -0.098    38.823    
    SLICE_X45Y63         FDRE (Setup_fdre_C_R)       -0.429    38.394    pixel_gen_inst/rgb_out_reg[0]
  -------------------------------------------------------------------
                         required time                         38.394    
                         arrival time                          -7.578    
  -------------------------------------------------------------------
                         slack                                 30.816    

Slack (MET) :             30.816ns  (required time - arrival time)
  Source:                 pixel_gen_inst/DisplayLevel_inst/ROM_inst/U0/inst_blk_mem_gen/gnbram.gnativebmg.native_blk_mem_gen/valid.cstr/ramloop[9].ram.r/prim_init.ram/DEVICE_7SERIES.NO_BMM_INFO.SP.SIMPLE_PRIM36.ram/CLKARDCLK
                            (rising edge-triggered cell RAMB36E1 clocked by clk_25_clkDVIprescaler  {rise@0.000ns fall@20.000ns period=40.000ns})
  Destination:            pixel_gen_inst/rgb_out_reg[1]/R
                            (rising edge-triggered cell FDRE clocked by clk_25_clkDVIprescaler  {rise@0.000ns fall@20.000ns period=40.000ns})
  Path Group:             clk_25_clkDVIprescaler
  Path Type:              Setup (Max at Slow Process Corner)
  Requirement:            40.000ns  (clk_25_clkDVIprescaler rise@40.000ns - clk_25_clkDVIprescaler rise@0.000ns)
  Data Path Delay:        8.477ns  (logic 1.765ns (20.821%)  route 6.712ns (79.179%))
  Logic Levels:           5  (LUT2=1 LUT5=1 LUT6=2 MUXF7=1)
  Clock Path Skew:        -0.180ns (DCD - SCD + CPR)
    Destination Clock Delay (DCD):    -1.563ns = ( 38.437 - 40.000 ) 
    Source Clock Delay      (SCD):    -0.899ns
    Clock Pessimism Removal (CPR):    0.484ns
  Clock Uncertainty:      0.098ns  ((TSJ^2 + DJ^2)^1/2) / 2 + PE
    Total System Jitter     (TSJ):    0.071ns
    Discrete Jitter          (DJ):    0.182ns
    Phase Error              (PE):    0.000ns

    Location             Delay type                Incr(ns)  Path(ns)    Netlist Resource(s)
  -------------------------------------------------------------------    -------------------
                         (clock clk_25_clkDVIprescaler rise edge)
                                                      0.000     0.000 r  
    W5                                                0.000     0.000 r  clk100 (IN)
                         net (fo=0)                   0.000     0.000    prescaler_instance/inst/clk_100
    W5                   IBUF (Prop_ibuf_I_O)         1.458     1.458 r  prescaler_instance/inst/clkin1_ibufg/O
                         net (fo=1, routed)           1.233     2.691    prescaler_instance/inst/clk_100_clkDVIprescaler
    MMCME2_ADV_X1Y0      MMCME2_ADV (Prop_mmcme2_adv_CLKIN1_CLKOUT0)
                                                     -6.961    -4.269 r  prescaler_instance/inst/mmcm_adv_inst/CLKOUT0
                         net (fo=1, routed)           1.661    -2.608    prescaler_instance/inst/clk_25_clkDVIprescaler
    BUFGCTRL_X0Y0        BUFG (Prop_bufg_I_O)         0.096    -2.512 r  prescaler_instance/inst/clkout1_buf/O
                         net (fo=153, routed)         1.613    -0.899    pixel_gen_inst/DisplayLevel_inst/ROM_inst/U0/inst_blk_mem_gen/gnbram.gnativebmg.native_blk_mem_gen/valid.cstr/ramloop[9].ram.r/prim_init.ram/clka
    RAMB36_X1Y8          RAMB36E1                                     r  pixel_gen_inst/DisplayLevel_inst/ROM_inst/U0/inst_blk_mem_gen/gnbram.gnativebmg.native_blk_mem_gen/valid.cstr/ramloop[9].ram.r/prim_init.ram/DEVICE_7SERIES.NO_BMM_INFO.SP.SIMPLE_PRIM36.ram/CLKARDCLK
  -------------------------------------------------------------------    -------------------
    RAMB36_X1Y8          RAMB36E1 (Prop_ramb36e1_CLKARDCLK_DOPADOP[0])
                                                      0.882    -0.017 f  pixel_gen_inst/DisplayLevel_inst/ROM_inst/U0/inst_blk_mem_gen/gnbram.gnativebmg.native_blk_mem_gen/valid.cstr/ramloop[9].ram.r/prim_init.ram/DEVICE_7SERIES.NO_BMM_INFO.SP.SIMPLE_PRIM36.ram/DOPADOP[0]
                         net (fo=1, routed)           2.288     2.271    pixel_gen_inst/DisplayLevel_inst/ROM_inst/U0/inst_blk_mem_gen/gnbram.gnativebmg.native_blk_mem_gen/valid.cstr/has_mux_a.A/ramloop[9].ram.ram_douta[8]
    SLICE_X8Y46          LUT6 (Prop_lut6_I5_O)        0.124     2.395 f  pixel_gen_inst/DisplayLevel_inst/ROM_inst/U0/inst_blk_mem_gen/gnbram.gnativebmg.native_blk_mem_gen/valid.cstr/has_mux_a.A/douta[11]_INST_0_i_7/O
                         net (fo=1, routed)           0.000     2.395    pixel_gen_inst/DisplayLevel_inst/ROM_inst/U0/inst_blk_mem_gen/gnbram.gnativebmg.native_blk_mem_gen/valid.cstr/has_mux_a.A/douta[11]_INST_0_i_7_n_0
    SLICE_X8Y46          MUXF7 (Prop_muxf7_I1_O)      0.214     2.609 f  pixel_gen_inst/DisplayLevel_inst/ROM_inst/U0/inst_blk_mem_gen/gnbram.gnativebmg.native_blk_mem_gen/valid.cstr/has_mux_a.A/douta[11]_INST_0_i_3/O
                         net (fo=1, routed)           2.139     4.748    pixel_gen_inst/DisplayLevel_inst/ROM_inst/U0/inst_blk_mem_gen/gnbram.gnativebmg.native_blk_mem_gen/valid.cstr/has_mux_a.A/douta[11]_INST_0_i_3_n_0
    SLICE_X48Y61         LUT5 (Prop_lut5_I4_O)        0.297     5.045 f  pixel_gen_inst/DisplayLevel_inst/ROM_inst/U0/inst_blk_mem_gen/gnbram.gnativebmg.native_blk_mem_gen/valid.cstr/has_mux_a.A/douta[11]_INST_0/O
                         net (fo=2, routed)           1.185     6.230    pixel_gen_inst/level_color[11]
    SLICE_X44Y63         LUT6 (Prop_lut6_I2_O)        0.124     6.354 r  pixel_gen_inst/PixelAan_i_3/O
                         net (fo=2, routed)           0.453     6.807    pixel_gen_inst/DisplayLevel_inst/rgb_out_reg[0]_0
    SLICE_X44Y60         LUT2 (Prop_lut2_I1_O)        0.124     6.931 r  pixel_gen_inst/DisplayLevel_inst/rgb_out[11]_i_1/O
                         net (fo=12, routed)          0.647     7.578    pixel_gen_inst/DisplayLevel_inst_n_12
    SLICE_X45Y63         FDRE                                         r  pixel_gen_inst/rgb_out_reg[1]/R
  -------------------------------------------------------------------    -------------------

                         (clock clk_25_clkDVIprescaler rise edge)
                                                     40.000    40.000 r  
    W5                                                0.000    40.000 r  clk100 (IN)
                         net (fo=0)                   0.000    40.000    prescaler_instance/inst/clk_100
    W5                   IBUF (Prop_ibuf_I_O)         1.388    41.388 r  prescaler_instance/inst/clkin1_ibufg/O
                         net (fo=1, routed)           1.162    42.550    prescaler_instance/inst/clk_100_clkDVIprescaler
    MMCME2_ADV_X1Y0      MMCME2_ADV (Prop_mmcme2_adv_CLKIN1_CLKOUT0)
                                                     -7.217    35.332 r  prescaler_instance/inst/mmcm_adv_inst/CLKOUT0
                         net (fo=1, routed)           1.581    36.914    prescaler_instance/inst/clk_25_clkDVIprescaler
    BUFGCTRL_X0Y0        BUFG (Prop_bufg_I_O)         0.091    37.005 r  prescaler_instance/inst/clkout1_buf/O
                         net (fo=153, routed)         1.433    38.437    pixel_gen_inst/clk_25
    SLICE_X45Y63         FDRE                                         r  pixel_gen_inst/rgb_out_reg[1]/C
                         clock pessimism              0.484    38.921    
                         clock uncertainty           -0.098    38.823    
    SLICE_X45Y63         FDRE (Setup_fdre_C_R)       -0.429    38.394    pixel_gen_inst/rgb_out_reg[1]
  -------------------------------------------------------------------
                         required time                         38.394    
                         arrival time                          -7.578    
  -------------------------------------------------------------------
                         slack                                 30.816    

Slack (MET) :             30.948ns  (required time - arrival time)
  Source:                 pixel_gen_inst/DisplayLevel_inst/ROM_inst/U0/inst_blk_mem_gen/gnbram.gnativebmg.native_blk_mem_gen/valid.cstr/ramloop[9].ram.r/prim_init.ram/DEVICE_7SERIES.NO_BMM_INFO.SP.SIMPLE_PRIM36.ram/CLKARDCLK
                            (rising edge-triggered cell RAMB36E1 clocked by clk_25_clkDVIprescaler  {rise@0.000ns fall@20.000ns period=40.000ns})
  Destination:            pixel_gen_inst/rgb_out_reg[11]/R
                            (rising edge-triggered cell FDRE clocked by clk_25_clkDVIprescaler  {rise@0.000ns fall@20.000ns period=40.000ns})
  Path Group:             clk_25_clkDVIprescaler
  Path Type:              Setup (Max at Slow Process Corner)
  Requirement:            40.000ns  (clk_25_clkDVIprescaler rise@40.000ns - clk_25_clkDVIprescaler rise@0.000ns)
  Data Path Delay:        8.349ns  (logic 1.765ns (21.140%)  route 6.584ns (78.860%))
  Logic Levels:           5  (LUT2=1 LUT5=1 LUT6=2 MUXF7=1)
  Clock Path Skew:        -0.176ns (DCD - SCD + CPR)
    Destination Clock Delay (DCD):    -1.559ns = ( 38.441 - 40.000 ) 
    Source Clock Delay      (SCD):    -0.899ns
    Clock Pessimism Removal (CPR):    0.484ns
  Clock Uncertainty:      0.098ns  ((TSJ^2 + DJ^2)^1/2) / 2 + PE
    Total System Jitter     (TSJ):    0.071ns
    Discrete Jitter          (DJ):    0.182ns
    Phase Error              (PE):    0.000ns

    Location             Delay type                Incr(ns)  Path(ns)    Netlist Resource(s)
  -------------------------------------------------------------------    -------------------
                         (clock clk_25_clkDVIprescaler rise edge)
                                                      0.000     0.000 r  
    W5                                                0.000     0.000 r  clk100 (IN)
                         net (fo=0)                   0.000     0.000    prescaler_instance/inst/clk_100
    W5                   IBUF (Prop_ibuf_I_O)         1.458     1.458 r  prescaler_instance/inst/clkin1_ibufg/O
                         net (fo=1, routed)           1.233     2.691    prescaler_instance/inst/clk_100_clkDVIprescaler
    MMCME2_ADV_X1Y0      MMCME2_ADV (Prop_mmcme2_adv_CLKIN1_CLKOUT0)
                                                     -6.961    -4.269 r  prescaler_instance/inst/mmcm_adv_inst/CLKOUT0
                         net (fo=1, routed)           1.661    -2.608    prescaler_instance/inst/clk_25_clkDVIprescaler
    BUFGCTRL_X0Y0        BUFG (Prop_bufg_I_O)         0.096    -2.512 r  prescaler_instance/inst/clkout1_buf/O
                         net (fo=153, routed)         1.613    -0.899    pixel_gen_inst/DisplayLevel_inst/ROM_inst/U0/inst_blk_mem_gen/gnbram.gnativebmg.native_blk_mem_gen/valid.cstr/ramloop[9].ram.r/prim_init.ram/clka
    RAMB36_X1Y8          RAMB36E1                                     r  pixel_gen_inst/DisplayLevel_inst/ROM_inst/U0/inst_blk_mem_gen/gnbram.gnativebmg.native_blk_mem_gen/valid.cstr/ramloop[9].ram.r/prim_init.ram/DEVICE_7SERIES.NO_BMM_INFO.SP.SIMPLE_PRIM36.ram/CLKARDCLK
  -------------------------------------------------------------------    -------------------
    RAMB36_X1Y8          RAMB36E1 (Prop_ramb36e1_CLKARDCLK_DOPADOP[0])
                                                      0.882    -0.017 f  pixel_gen_inst/DisplayLevel_inst/ROM_inst/U0/inst_blk_mem_gen/gnbram.gnativebmg.native_blk_mem_gen/valid.cstr/ramloop[9].ram.r/prim_init.ram/DEVICE_7SERIES.NO_BMM_INFO.SP.SIMPLE_PRIM36.ram/DOPADOP[0]
                         net (fo=1, routed)           2.288     2.271    pixel_gen_inst/DisplayLevel_inst/ROM_inst/U0/inst_blk_mem_gen/gnbram.gnativebmg.native_blk_mem_gen/valid.cstr/has_mux_a.A/ramloop[9].ram.ram_douta[8]
    SLICE_X8Y46          LUT6 (Prop_lut6_I5_O)        0.124     2.395 f  pixel_gen_inst/DisplayLevel_inst/ROM_inst/U0/inst_blk_mem_gen/gnbram.gnativebmg.native_blk_mem_gen/valid.cstr/has_mux_a.A/douta[11]_INST_0_i_7/O
                         net (fo=1, routed)           0.000     2.395    pixel_gen_inst/DisplayLevel_inst/ROM_inst/U0/inst_blk_mem_gen/gnbram.gnativebmg.native_blk_mem_gen/valid.cstr/has_mux_a.A/douta[11]_INST_0_i_7_n_0
    SLICE_X8Y46          MUXF7 (Prop_muxf7_I1_O)      0.214     2.609 f  pixel_gen_inst/DisplayLevel_inst/ROM_inst/U0/inst_blk_mem_gen/gnbram.gnativebmg.native_blk_mem_gen/valid.cstr/has_mux_a.A/douta[11]_INST_0_i_3/O
                         net (fo=1, routed)           2.139     4.748    pixel_gen_inst/DisplayLevel_inst/ROM_inst/U0/inst_blk_mem_gen/gnbram.gnativebmg.native_blk_mem_gen/valid.cstr/has_mux_a.A/douta[11]_INST_0_i_3_n_0
    SLICE_X48Y61         LUT5 (Prop_lut5_I4_O)        0.297     5.045 f  pixel_gen_inst/DisplayLevel_inst/ROM_inst/U0/inst_blk_mem_gen/gnbram.gnativebmg.native_blk_mem_gen/valid.cstr/has_mux_a.A/douta[11]_INST_0/O
                         net (fo=2, routed)           1.185     6.230    pixel_gen_inst/level_color[11]
    SLICE_X44Y63         LUT6 (Prop_lut6_I2_O)        0.124     6.354 r  pixel_gen_inst/PixelAan_i_3/O
                         net (fo=2, routed)           0.453     6.807    pixel_gen_inst/DisplayLevel_inst/rgb_out_reg[0]_0
    SLICE_X44Y60         LUT2 (Prop_lut2_I1_O)        0.124     6.931 r  pixel_gen_inst/DisplayLevel_inst/rgb_out[11]_i_1/O
                         net (fo=12, routed)          0.519     7.450    pixel_gen_inst/DisplayLevel_inst_n_12
    SLICE_X44Y57         FDRE                                         r  pixel_gen_inst/rgb_out_reg[11]/R
  -------------------------------------------------------------------    -------------------

                         (clock clk_25_clkDVIprescaler rise edge)
                                                     40.000    40.000 r  
    W5                                                0.000    40.000 r  clk100 (IN)
                         net (fo=0)                   0.000    40.000    prescaler_instance/inst/clk_100
    W5                   IBUF (Prop_ibuf_I_O)         1.388    41.388 r  prescaler_instance/inst/clkin1_ibufg/O
                         net (fo=1, routed)           1.162    42.550    prescaler_instance/inst/clk_100_clkDVIprescaler
    MMCME2_ADV_X1Y0      MMCME2_ADV (Prop_mmcme2_adv_CLKIN1_CLKOUT0)
                                                     -7.217    35.332 r  prescaler_instance/inst/mmcm_adv_inst/CLKOUT0
                         net (fo=1, routed)           1.581    36.914    prescaler_instance/inst/clk_25_clkDVIprescaler
    BUFGCTRL_X0Y0        BUFG (Prop_bufg_I_O)         0.091    37.005 r  prescaler_instance/inst/clkout1_buf/O
                         net (fo=153, routed)         1.437    38.441    pixel_gen_inst/clk_25
    SLICE_X44Y57         FDRE                                         r  pixel_gen_inst/rgb_out_reg[11]/C
                         clock pessimism              0.484    38.925    
                         clock uncertainty           -0.098    38.827    
    SLICE_X44Y57         FDRE (Setup_fdre_C_R)       -0.429    38.398    pixel_gen_inst/rgb_out_reg[11]
  -------------------------------------------------------------------
                         required time                         38.398    
                         arrival time                          -7.450    
  -------------------------------------------------------------------
                         slack                                 30.948    





Min Delay Paths
--------------------------------------------------------------------------------------
Slack (MET) :             0.107ns  (arrival time - required time)
  Source:                 pixel_gen_inst/DisplayLevel_inst/rom_addr_reg[15]/C
                            (rising edge-triggered cell FDRE clocked by clk_25_clkDVIprescaler  {rise@0.000ns fall@20.000ns period=40.000ns})
  Destination:            pixel_gen_inst/DisplayLevel_inst/ROM_inst/U0/inst_blk_mem_gen/gnbram.gnativebmg.native_blk_mem_gen/valid.cstr/has_mux_a.A/no_softecc_sel_reg.ce_pri.sel_pipe_reg[3]/D
                            (rising edge-triggered cell FDRE clocked by clk_25_clkDVIprescaler  {rise@0.000ns fall@20.000ns period=40.000ns})
  Path Group:             clk_25_clkDVIprescaler
  Path Type:              Hold (Min at Fast Process Corner)
  Requirement:            0.000ns  (clk_25_clkDVIprescaler rise@0.000ns - clk_25_clkDVIprescaler rise@0.000ns)
  Data Path Delay:        0.443ns  (logic 0.164ns (36.981%)  route 0.279ns (63.019%))
  Logic Levels:           0  
  Clock Path Skew:        0.265ns (DCD - SCD - CPR)
    Destination Clock Delay (DCD):    -0.866ns
    Source Clock Delay      (SCD):    -0.627ns
    Clock Pessimism Removal (CPR):    -0.503ns

    Location             Delay type                Incr(ns)  Path(ns)    Netlist Resource(s)
  -------------------------------------------------------------------    -------------------
                         (clock clk_25_clkDVIprescaler rise edge)
                                                      0.000     0.000 r  
    W5                                                0.000     0.000 r  clk100 (IN)
                         net (fo=0)                   0.000     0.000    prescaler_instance/inst/clk_100
    W5                   IBUF (Prop_ibuf_I_O)         0.226     0.226 r  prescaler_instance/inst/clkin1_ibufg/O
                         net (fo=1, routed)           0.440     0.667    prescaler_instance/inst/clk_100_clkDVIprescaler
    MMCME2_ADV_X1Y0      MMCME2_ADV (Prop_mmcme2_adv_CLKIN1_CLKOUT0)
                                                     -2.360    -1.693 r  prescaler_instance/inst/mmcm_adv_inst/CLKOUT0
                         net (fo=1, routed)           0.486    -1.207    prescaler_instance/inst/clk_25_clkDVIprescaler
    BUFGCTRL_X0Y0        BUFG (Prop_bufg_I_O)         0.026    -1.181 r  prescaler_instance/inst/clkout1_buf/O
                         net (fo=153, routed)         0.554    -0.627    pixel_gen_inst/DisplayLevel_inst/clk_25
    SLICE_X30Y68         FDRE                                         r  pixel_gen_inst/DisplayLevel_inst/rom_addr_reg[15]/C
  -------------------------------------------------------------------    -------------------
    SLICE_X30Y68         FDRE (Prop_fdre_C_Q)         0.164    -0.463 r  pixel_gen_inst/DisplayLevel_inst/rom_addr_reg[15]/Q
                         net (fo=30, routed)          0.279    -0.184    pixel_gen_inst/DisplayLevel_inst/ROM_inst/U0/inst_blk_mem_gen/gnbram.gnativebmg.native_blk_mem_gen/valid.cstr/has_mux_a.A/addra[3]
    SLICE_X40Y66         FDRE                                         r  pixel_gen_inst/DisplayLevel_inst/ROM_inst/U0/inst_blk_mem_gen/gnbram.gnativebmg.native_blk_mem_gen/valid.cstr/has_mux_a.A/no_softecc_sel_reg.ce_pri.sel_pipe_reg[3]/D
  -------------------------------------------------------------------    -------------------

                         (clock clk_25_clkDVIprescaler rise edge)
                                                      0.000     0.000 r  
    W5                                                0.000     0.000 r  clk100 (IN)
                         net (fo=0)                   0.000     0.000    prescaler_instance/inst/clk_100
    W5                   IBUF (Prop_ibuf_I_O)         0.414     0.414 r  prescaler_instance/inst/clkin1_ibufg/O
                         net (fo=1, routed)           0.480     0.894    prescaler_instance/inst/clk_100_clkDVIprescaler
    MMCME2_ADV_X1Y0      MMCME2_ADV (Prop_mmcme2_adv_CLKIN1_CLKOUT0)
                                                     -3.142    -2.248 r  prescaler_instance/inst/mmcm_adv_inst/CLKOUT0
                         net (fo=1, routed)           0.530    -1.718    prescaler_instance/inst/clk_25_clkDVIprescaler
    BUFGCTRL_X0Y0        BUFG (Prop_bufg_I_O)         0.029    -1.689 r  prescaler_instance/inst/clkout1_buf/O
                         net (fo=153, routed)         0.824    -0.866    pixel_gen_inst/DisplayLevel_inst/ROM_inst/U0/inst_blk_mem_gen/gnbram.gnativebmg.native_blk_mem_gen/valid.cstr/has_mux_a.A/clka
    SLICE_X40Y66         FDRE                                         r  pixel_gen_inst/DisplayLevel_inst/ROM_inst/U0/inst_blk_mem_gen/gnbram.gnativebmg.native_blk_mem_gen/valid.cstr/has_mux_a.A/no_softecc_sel_reg.ce_pri.sel_pipe_reg[3]/C
                         clock pessimism              0.503    -0.362    
    SLICE_X40Y66         FDRE (Hold_fdre_C_D)         0.072    -0.290    pixel_gen_inst/DisplayLevel_inst/ROM_inst/U0/inst_blk_mem_gen/gnbram.gnativebmg.native_blk_mem_gen/valid.cstr/has_mux_a.A/no_softecc_sel_reg.ce_pri.sel_pipe_reg[3]
  -------------------------------------------------------------------
                         required time                          0.290    
                         arrival time                          -0.184    
  -------------------------------------------------------------------
                         slack                                  0.107    

Slack (MET) :             0.114ns  (arrival time - required time)
  Source:                 pixel_gen_inst/DisplayLevel_inst/rom_addr_reg[14]/C
                            (rising edge-triggered cell FDRE clocked by clk_25_clkDVIprescaler  {rise@0.000ns fall@20.000ns period=40.000ns})
  Destination:            pixel_gen_inst/DisplayLevel_inst/ROM_inst/U0/inst_blk_mem_gen/gnbram.gnativebmg.native_blk_mem_gen/valid.cstr/has_mux_a.A/no_softecc_sel_reg.ce_pri.sel_pipe_reg[2]/D
                            (rising edge-triggered cell FDRE clocked by clk_25_clkDVIprescaler  {rise@0.000ns fall@20.000ns period=40.000ns})
  Path Group:             clk_25_clkDVIprescaler
  Path Type:              Hold (Min at Fast Process Corner)
  Requirement:            0.000ns  (clk_25_clkDVIprescaler rise@0.000ns - clk_25_clkDVIprescaler rise@0.000ns)
  Data Path Delay:        0.447ns  (logic 0.164ns (36.683%)  route 0.283ns (63.317%))
  Logic Levels:           0  
  Clock Path Skew:        0.263ns (DCD - SCD - CPR)
    Destination Clock Delay (DCD):    -0.868ns
    Source Clock Delay      (SCD):    -0.627ns
    Clock Pessimism Removal (CPR):    -0.503ns

    Location             Delay type                Incr(ns)  Path(ns)    Netlist Resource(s)
  -------------------------------------------------------------------    -------------------
                         (clock clk_25_clkDVIprescaler rise edge)
                                                      0.000     0.000 r  
    W5                                                0.000     0.000 r  clk100 (IN)
                         net (fo=0)                   0.000     0.000    prescaler_instance/inst/clk_100
    W5                   IBUF (Prop_ibuf_I_O)         0.226     0.226 r  prescaler_instance/inst/clkin1_ibufg/O
                         net (fo=1, routed)           0.440     0.667    prescaler_instance/inst/clk_100_clkDVIprescaler
    MMCME2_ADV_X1Y0      MMCME2_ADV (Prop_mmcme2_adv_CLKIN1_CLKOUT0)
                                                     -2.360    -1.693 r  prescaler_instance/inst/mmcm_adv_inst/CLKOUT0
                         net (fo=1, routed)           0.486    -1.207    prescaler_instance/inst/clk_25_clkDVIprescaler
    BUFGCTRL_X0Y0        BUFG (Prop_bufg_I_O)         0.026    -1.181 r  prescaler_instance/inst/clkout1_buf/O
                         net (fo=153, routed)         0.554    -0.627    pixel_gen_inst/DisplayLevel_inst/clk_25
    SLICE_X30Y68         FDRE                                         r  pixel_gen_inst/DisplayLevel_inst/rom_addr_reg[14]/C
  -------------------------------------------------------------------    -------------------
    SLICE_X30Y68         FDRE (Prop_fdre_C_Q)         0.164    -0.463 r  pixel_gen_inst/DisplayLevel_inst/rom_addr_reg[14]/Q
                         net (fo=27, routed)          0.283    -0.180    pixel_gen_inst/DisplayLevel_inst/ROM_inst/U0/inst_blk_mem_gen/gnbram.gnativebmg.native_blk_mem_gen/valid.cstr/has_mux_a.A/addra[2]
    SLICE_X40Y68         FDRE                                         r  pixel_gen_inst/DisplayLevel_inst/ROM_inst/U0/inst_blk_mem_gen/gnbram.gnativebmg.native_blk_mem_gen/valid.cstr/has_mux_a.A/no_softecc_sel_reg.ce_pri.sel_pipe_reg[2]/D
  -------------------------------------------------------------------    -------------------

                         (clock clk_25_clkDVIprescaler rise edge)
                                                      0.000     0.000 r  
    W5                                                0.000     0.000 r  clk100 (IN)
                         net (fo=0)                   0.000     0.000    prescaler_instance/inst/clk_100
    W5                   IBUF (Prop_ibuf_I_O)         0.414     0.414 r  prescaler_instance/inst/clkin1_ibufg/O
                         net (fo=1, routed)           0.480     0.894    prescaler_instance/inst/clk_100_clkDVIprescaler
    MMCME2_ADV_X1Y0      MMCME2_ADV (Prop_mmcme2_adv_CLKIN1_CLKOUT0)
                                                     -3.142    -2.248 r  prescaler_instance/inst/mmcm_adv_inst/CLKOUT0
                         net (fo=1, routed)           0.530    -1.718    prescaler_instance/inst/clk_25_clkDVIprescaler
    BUFGCTRL_X0Y0        BUFG (Prop_bufg_I_O)         0.029    -1.689 r  prescaler_instance/inst/clkout1_buf/O
                         net (fo=153, routed)         0.822    -0.868    pixel_gen_inst/DisplayLevel_inst/ROM_inst/U0/inst_blk_mem_gen/gnbram.gnativebmg.native_blk_mem_gen/valid.cstr/has_mux_a.A/clka
    SLICE_X40Y68         FDRE                                         r  pixel_gen_inst/DisplayLevel_inst/ROM_inst/U0/inst_blk_mem_gen/gnbram.gnativebmg.native_blk_mem_gen/valid.cstr/has_mux_a.A/no_softecc_sel_reg.ce_pri.sel_pipe_reg[2]/C
                         clock pessimism              0.503    -0.364    
    SLICE_X40Y68         FDRE (Hold_fdre_C_D)         0.070    -0.294    pixel_gen_inst/DisplayLevel_inst/ROM_inst/U0/inst_blk_mem_gen/gnbram.gnativebmg.native_blk_mem_gen/valid.cstr/has_mux_a.A/no_softecc_sel_reg.ce_pri.sel_pipe_reg[2]
  -------------------------------------------------------------------
                         required time                          0.294    
                         arrival time                          -0.180    
  -------------------------------------------------------------------
                         slack                                  0.114    

Slack (MET) :             0.121ns  (arrival time - required time)
  Source:                 pixel_gen_inst/DisplayLevel_inst/rom_addr_reg[13]/C
                            (rising edge-triggered cell FDRE clocked by clk_25_clkDVIprescaler  {rise@0.000ns fall@20.000ns period=40.000ns})
  Destination:            pixel_gen_inst/DisplayLevel_inst/ROM_inst/U0/inst_blk_mem_gen/gnbram.gnativebmg.native_blk_mem_gen/valid.cstr/has_mux_a.A/no_softecc_sel_reg.ce_pri.sel_pipe_reg[1]/D
                            (rising edge-triggered cell FDRE clocked by clk_25_clkDVIprescaler  {rise@0.000ns fall@20.000ns period=40.000ns})
  Path Group:             clk_25_clkDVIprescaler
  Path Type:              Hold (Min at Fast Process Corner)
  Requirement:            0.000ns  (clk_25_clkDVIprescaler rise@0.000ns - clk_25_clkDVIprescaler rise@0.000ns)
  Data Path Delay:        0.453ns  (logic 0.164ns (36.178%)  route 0.289ns (63.822%))
  Logic Levels:           0  
  Clock Path Skew:        0.267ns (DCD - SCD - CPR)
    Destination Clock Delay (DCD):    -0.864ns
    Source Clock Delay      (SCD):    -0.627ns
    Clock Pessimism Removal (CPR):    -0.503ns

    Location             Delay type                Incr(ns)  Path(ns)    Netlist Resource(s)
  -------------------------------------------------------------------    -------------------
                         (clock clk_25_clkDVIprescaler rise edge)
                                                      0.000     0.000 r  
    W5                                                0.000     0.000 r  clk100 (IN)
                         net (fo=0)                   0.000     0.000    prescaler_instance/inst/clk_100
    W5                   IBUF (Prop_ibuf_I_O)         0.226     0.226 r  prescaler_instance/inst/clkin1_ibufg/O
                         net (fo=1, routed)           0.440     0.667    prescaler_instance/inst/clk_100_clkDVIprescaler
    MMCME2_ADV_X1Y0      MMCME2_ADV (Prop_mmcme2_adv_CLKIN1_CLKOUT0)
                                                     -2.360    -1.693 r  prescaler_instance/inst/mmcm_adv_inst/CLKOUT0
                         net (fo=1, routed)           0.486    -1.207    prescaler_instance/inst/clk_25_clkDVIprescaler
    BUFGCTRL_X0Y0        BUFG (Prop_bufg_I_O)         0.026    -1.181 r  prescaler_instance/inst/clkout1_buf/O
                         net (fo=153, routed)         0.554    -0.627    pixel_gen_inst/DisplayLevel_inst/clk_25
    SLICE_X30Y68         FDRE                                         r  pixel_gen_inst/DisplayLevel_inst/rom_addr_reg[13]/C
  -------------------------------------------------------------------    -------------------
    SLICE_X30Y68         FDRE (Prop_fdre_C_Q)         0.164    -0.463 r  pixel_gen_inst/DisplayLevel_inst/rom_addr_reg[13]/Q
                         net (fo=28, routed)          0.289    -0.174    pixel_gen_inst/DisplayLevel_inst/ROM_inst/U0/inst_blk_mem_gen/gnbram.gnativebmg.native_blk_mem_gen/valid.cstr/has_mux_a.A/addra[1]
    SLICE_X36Y62         FDRE                                         r  pixel_gen_inst/DisplayLevel_inst/ROM_inst/U0/inst_blk_mem_gen/gnbram.gnativebmg.native_blk_mem_gen/valid.cstr/has_mux_a.A/no_softecc_sel_reg.ce_pri.sel_pipe_reg[1]/D
  -------------------------------------------------------------------    -------------------

                         (clock clk_25_clkDVIprescaler rise edge)
                                                      0.000     0.000 r  
    W5                                                0.000     0.000 r  clk100 (IN)
                         net (fo=0)                   0.000     0.000    prescaler_instance/inst/clk_100
    W5                   IBUF (Prop_ibuf_I_O)         0.414     0.414 r  prescaler_instance/inst/clkin1_ibufg/O
                         net (fo=1, routed)           0.480     0.894    prescaler_instance/inst/clk_100_clkDVIprescaler
    MMCME2_ADV_X1Y0      MMCME2_ADV (Prop_mmcme2_adv_CLKIN1_CLKOUT0)
                                                     -3.142    -2.248 r  prescaler_instance/inst/mmcm_adv_inst/CLKOUT0
                         net (fo=1, routed)           0.530    -1.718    prescaler_instance/inst/clk_25_clkDVIprescaler
    BUFGCTRL_X0Y0        BUFG (Prop_bufg_I_O)         0.029    -1.689 r  prescaler_instance/inst/clkout1_buf/O
                         net (fo=153, routed)         0.825    -0.864    pixel_gen_inst/DisplayLevel_inst/ROM_inst/U0/inst_blk_mem_gen/gnbram.gnativebmg.native_blk_mem_gen/valid.cstr/has_mux_a.A/clka
    SLICE_X36Y62         FDRE                                         r  pixel_gen_inst/DisplayLevel_inst/ROM_inst/U0/inst_blk_mem_gen/gnbram.gnativebmg.native_blk_mem_gen/valid.cstr/has_mux_a.A/no_softecc_sel_reg.ce_pri.sel_pipe_reg[1]/C
                         clock pessimism              0.503    -0.360    
    SLICE_X36Y62         FDRE (Hold_fdre_C_D)         0.066    -0.294    pixel_gen_inst/DisplayLevel_inst/ROM_inst/U0/inst_blk_mem_gen/gnbram.gnativebmg.native_blk_mem_gen/valid.cstr/has_mux_a.A/no_softecc_sel_reg.ce_pri.sel_pipe_reg[1]
  -------------------------------------------------------------------
                         required time                          0.294    
                         arrival time                          -0.174    
  -------------------------------------------------------------------
                         slack                                  0.121    

Slack (MET) :             0.123ns  (arrival time - required time)
  Source:                 pixel_gen_inst/DisplayLevel_inst/rom_addr_reg[8]/C
                            (rising edge-triggered cell FDRE clocked by clk_25_clkDVIprescaler  {rise@0.000ns fall@20.000ns period=40.000ns})
  Destination:            pixel_gen_inst/DisplayLevel_inst/ROM_inst/U0/inst_blk_mem_gen/gnbram.gnativebmg.native_blk_mem_gen/valid.cstr/ramloop[18].ram.r/prim_init.ram/DEVICE_7SERIES.NO_BMM_INFO.SP.SIMPLE_PRIM36.ram/ADDRARDADDR[11]
                            (rising edge-triggered cell RAMB36E1 clocked by clk_25_clkDVIprescaler  {rise@0.000ns fall@20.000ns period=40.000ns})
  Path Group:             clk_25_clkDVIprescaler
  Path Type:              Hold (Min at Fast Process Corner)
  Requirement:            0.000ns  (clk_25_clkDVIprescaler rise@0.000ns - clk_25_clkDVIprescaler rise@0.000ns)
  Data Path Delay:        0.611ns  (logic 0.141ns (23.083%)  route 0.470ns (76.917%))
  Logic Levels:           0  
  Clock Path Skew:        0.305ns (DCD - SCD - CPR)
    Destination Clock Delay (DCD):    -0.822ns
    Source Clock Delay      (SCD):    -0.624ns
    Clock Pessimism Removal (CPR):    -0.503ns

    Location             Delay type                Incr(ns)  Path(ns)    Netlist Resource(s)
  -------------------------------------------------------------------    -------------------
                         (clock clk_25_clkDVIprescaler rise edge)
                                                      0.000     0.000 r  
    W5                                                0.000     0.000 r  clk100 (IN)
                         net (fo=0)                   0.000     0.000    prescaler_instance/inst/clk_100
    W5                   IBUF (Prop_ibuf_I_O)         0.226     0.226 r  prescaler_instance/inst/clkin1_ibufg/O
                         net (fo=1, routed)           0.440     0.667    prescaler_instance/inst/clk_100_clkDVIprescaler
    MMCME2_ADV_X1Y0      MMCME2_ADV (Prop_mmcme2_adv_CLKIN1_CLKOUT0)
                                                     -2.360    -1.693 r  prescaler_instance/inst/mmcm_adv_inst/CLKOUT0
                         net (fo=1, routed)           0.486    -1.207    prescaler_instance/inst/clk_25_clkDVIprescaler
    BUFGCTRL_X0Y0        BUFG (Prop_bufg_I_O)         0.026    -1.181 r  prescaler_instance/inst/clkout1_buf/O
                         net (fo=153, routed)         0.557    -0.624    pixel_gen_inst/DisplayLevel_inst/clk_25
    SLICE_X31Y65         FDRE                                         r  pixel_gen_inst/DisplayLevel_inst/rom_addr_reg[8]/C
  -------------------------------------------------------------------    -------------------
    SLICE_X31Y65         FDRE (Prop_fdre_C_Q)         0.141    -0.483 r  pixel_gen_inst/DisplayLevel_inst/rom_addr_reg[8]/Q
                         net (fo=27, routed)          0.470    -0.013    pixel_gen_inst/DisplayLevel_inst/ROM_inst/U0/inst_blk_mem_gen/gnbram.gnativebmg.native_blk_mem_gen/valid.cstr/ramloop[18].ram.r/prim_init.ram/addra[8]
    RAMB36_X1Y13         RAMB36E1                                     r  pixel_gen_inst/DisplayLevel_inst/ROM_inst/U0/inst_blk_mem_gen/gnbram.gnativebmg.native_blk_mem_gen/valid.cstr/ramloop[18].ram.r/prim_init.ram/DEVICE_7SERIES.NO_BMM_INFO.SP.SIMPLE_PRIM36.ram/ADDRARDADDR[11]
  -------------------------------------------------------------------    -------------------

                         (clock clk_25_clkDVIprescaler rise edge)
                                                      0.000     0.000 r  
    W5                                                0.000     0.000 r  clk100 (IN)
                         net (fo=0)                   0.000     0.000    prescaler_instance/inst/clk_100
    W5                   IBUF (Prop_ibuf_I_O)         0.414     0.414 r  prescaler_instance/inst/clkin1_ibufg/O
                         net (fo=1, routed)           0.480     0.894    prescaler_instance/inst/clk_100_clkDVIprescaler
    MMCME2_ADV_X1Y0      MMCME2_ADV (Prop_mmcme2_adv_CLKIN1_CLKOUT0)
                                                     -3.142    -2.248 r  prescaler_instance/inst/mmcm_adv_inst/CLKOUT0
                         net (fo=1, routed)           0.530    -1.718    prescaler_instance/inst/clk_25_clkDVIprescaler
    BUFGCTRL_X0Y0        BUFG (Prop_bufg_I_O)         0.029    -1.689 r  prescaler_instance/inst/clkout1_buf/O
                         net (fo=153, routed)         0.867    -0.822    pixel_gen_inst/DisplayLevel_inst/ROM_inst/U0/inst_blk_mem_gen/gnbram.gnativebmg.native_blk_mem_gen/valid.cstr/ramloop[18].ram.r/prim_init.ram/clka
    RAMB36_X1Y13         RAMB36E1                                     r  pixel_gen_inst/DisplayLevel_inst/ROM_inst/U0/inst_blk_mem_gen/gnbram.gnativebmg.native_blk_mem_gen/valid.cstr/ramloop[18].ram.r/prim_init.ram/DEVICE_7SERIES.NO_BMM_INFO.SP.SIMPLE_PRIM36.ram/CLKARDCLK
                         clock pessimism              0.503    -0.319    
    RAMB36_X1Y13         RAMB36E1 (Hold_ramb36e1_CLKARDCLK_ADDRARDADDR[11])
                                                      0.183    -0.136    pixel_gen_inst/DisplayLevel_inst/ROM_inst/U0/inst_blk_mem_gen/gnbram.gnativebmg.native_blk_mem_gen/valid.cstr/ramloop[18].ram.r/prim_init.ram/DEVICE_7SERIES.NO_BMM_INFO.SP.SIMPLE_PRIM36.ram
  -------------------------------------------------------------------
                         required time                          0.136    
                         arrival time                          -0.013    
  -------------------------------------------------------------------
                         slack                                  0.123    

Slack (MET) :             0.135ns  (arrival time - required time)
  Source:                 pixel_gen_inst/DisplayLevel_inst/rom_addr_reg[0]/C
                            (rising edge-triggered cell FDRE clocked by clk_25_clkDVIprescaler  {rise@0.000ns fall@20.000ns period=40.000ns})
  Destination:            pixel_gen_inst/DisplayLevel_inst/ROM_inst/U0/inst_blk_mem_gen/gnbram.gnativebmg.native_blk_mem_gen/valid.cstr/ramloop[16].ram.r/prim_init.ram/DEVICE_7SERIES.NO_BMM_INFO.SP.SIMPLE_PRIM36.ram/ADDRARDADDR[3]
                            (rising edge-triggered cell RAMB36E1 clocked by clk_25_clkDVIprescaler  {rise@0.000ns fall@20.000ns period=40.000ns})
  Path Group:             clk_25_clkDVIprescaler
  Path Type:              Hold (Min at Fast Process Corner)
  Requirement:            0.000ns  (clk_25_clkDVIprescaler rise@0.000ns - clk_25_clkDVIprescaler rise@0.000ns)
  Data Path Delay:        0.627ns  (logic 0.141ns (22.498%)  route 0.486ns (77.502%))
  Logic Levels:           0  
  Clock Path Skew:        0.308ns (DCD - SCD - CPR)
    Destination Clock Delay (DCD):    -0.818ns
    Source Clock Delay      (SCD):    -0.623ns
    Clock Pessimism Removal (CPR):    -0.503ns

    Location             Delay type                Incr(ns)  Path(ns)    Netlist Resource(s)
  -------------------------------------------------------------------    -------------------
                         (clock clk_25_clkDVIprescaler rise edge)
                                                      0.000     0.000 r  
    W5                                                0.000     0.000 r  clk100 (IN)
                         net (fo=0)                   0.000     0.000    prescaler_instance/inst/clk_100
    W5                   IBUF (Prop_ibuf_I_O)         0.226     0.226 r  prescaler_instance/inst/clkin1_ibufg/O
                         net (fo=1, routed)           0.440     0.667    prescaler_instance/inst/clk_100_clkDVIprescaler
    MMCME2_ADV_X1Y0      MMCME2_ADV (Prop_mmcme2_adv_CLKIN1_CLKOUT0)
                                                     -2.360    -1.693 r  prescaler_instance/inst/mmcm_adv_inst/CLKOUT0
                         net (fo=1, routed)           0.486    -1.207    prescaler_instance/inst/clk_25_clkDVIprescaler
    BUFGCTRL_X0Y0        BUFG (Prop_bufg_I_O)         0.026    -1.181 r  prescaler_instance/inst/clkout1_buf/O
                         net (fo=153, routed)         0.558    -0.623    pixel_gen_inst/DisplayLevel_inst/clk_25
    SLICE_X35Y60         FDRE                                         r  pixel_gen_inst/DisplayLevel_inst/rom_addr_reg[0]/C
  -------------------------------------------------------------------    -------------------
    SLICE_X35Y60         FDRE (Prop_fdre_C_Q)         0.141    -0.482 r  pixel_gen_inst/DisplayLevel_inst/rom_addr_reg[0]/Q
                         net (fo=27, routed)          0.486     0.003    pixel_gen_inst/DisplayLevel_inst/ROM_inst/U0/inst_blk_mem_gen/gnbram.gnativebmg.native_blk_mem_gen/valid.cstr/ramloop[16].ram.r/prim_init.ram/addra[0]
    RAMB36_X1Y12         RAMB36E1                                     r  pixel_gen_inst/DisplayLevel_inst/ROM_inst/U0/inst_blk_mem_gen/gnbram.gnativebmg.native_blk_mem_gen/valid.cstr/ramloop[16].ram.r/prim_init.ram/DEVICE_7SERIES.NO_BMM_INFO.SP.SIMPLE_PRIM36.ram/ADDRARDADDR[3]
  -------------------------------------------------------------------    -------------------

                         (clock clk_25_clkDVIprescaler rise edge)
                                                      0.000     0.000 r  
    W5                                                0.000     0.000 r  clk100 (IN)
                         net (fo=0)                   0.000     0.000    prescaler_instance/inst/clk_100
    W5                   IBUF (Prop_ibuf_I_O)         0.414     0.414 r  prescaler_instance/inst/clkin1_ibufg/O
                         net (fo=1, routed)           0.480     0.894    prescaler_instance/inst/clk_100_clkDVIprescaler
    MMCME2_ADV_X1Y0      MMCME2_ADV (Prop_mmcme2_adv_CLKIN1_CLKOUT0)
                                                     -3.142    -2.248 r  prescaler_instance/inst/mmcm_adv_inst/CLKOUT0
                         net (fo=1, routed)           0.530    -1.718    prescaler_instance/inst/clk_25_clkDVIprescaler
    BUFGCTRL_X0Y0        BUFG (Prop_bufg_I_O)         0.029    -1.689 r  prescaler_instance/inst/clkout1_buf/O
                         net (fo=153, routed)         0.871    -0.818    pixel_gen_inst/DisplayLevel_inst/ROM_inst/U0/inst_blk_mem_gen/gnbram.gnativebmg.native_blk_mem_gen/valid.cstr/ramloop[16].ram.r/prim_init.ram/clka
    RAMB36_X1Y12         RAMB36E1                                     r  pixel_gen_inst/DisplayLevel_inst/ROM_inst/U0/inst_blk_mem_gen/gnbram.gnativebmg.native_blk_mem_gen/valid.cstr/ramloop[16].ram.r/prim_init.ram/DEVICE_7SERIES.NO_BMM_INFO.SP.SIMPLE_PRIM36.ram/CLKARDCLK
                         clock pessimism              0.503    -0.315    
    RAMB36_X1Y12         RAMB36E1 (Hold_ramb36e1_CLKARDCLK_ADDRARDADDR[3])
                                                      0.183    -0.132    pixel_gen_inst/DisplayLevel_inst/ROM_inst/U0/inst_blk_mem_gen/gnbram.gnativebmg.native_blk_mem_gen/valid.cstr/ramloop[16].ram.r/prim_init.ram/DEVICE_7SERIES.NO_BMM_INFO.SP.SIMPLE_PRIM36.ram
  -------------------------------------------------------------------
                         required time                          0.132    
                         arrival time                           0.003    
  -------------------------------------------------------------------
                         slack                                  0.135    

Slack (MET) :             0.136ns  (arrival time - required time)
  Source:                 pixel_gen_inst/DisplayLevel_inst/rom_addr_reg[2]/C
                            (rising edge-triggered cell FDRE clocked by clk_25_clkDVIprescaler  {rise@0.000ns fall@20.000ns period=40.000ns})
  Destination:            pixel_gen_inst/DisplayLevel_inst/ROM_inst/U0/inst_blk_mem_gen/gnbram.gnativebmg.native_blk_mem_gen/valid.cstr/ramloop[16].ram.r/prim_init.ram/DEVICE_7SERIES.NO_BMM_INFO.SP.SIMPLE_PRIM36.ram/ADDRARDADDR[5]
                            (rising edge-triggered cell RAMB36E1 clocked by clk_25_clkDVIprescaler  {rise@0.000ns fall@20.000ns period=40.000ns})
  Path Group:             clk_25_clkDVIprescaler
  Path Type:              Hold (Min at Fast Process Corner)
  Requirement:            0.000ns  (clk_25_clkDVIprescaler rise@0.000ns - clk_25_clkDVIprescaler rise@0.000ns)
  Data Path Delay:        0.628ns  (logic 0.141ns (22.462%)  route 0.487ns (77.538%))
  Logic Levels:           0  
  Clock Path Skew:        0.308ns (DCD - SCD - CPR)
    Destination Clock Delay (DCD):    -0.818ns
    Source Clock Delay      (SCD):    -0.623ns
    Clock Pessimism Removal (CPR):    -0.503ns

    Location             Delay type                Incr(ns)  Path(ns)    Netlist Resource(s)
  -------------------------------------------------------------------    -------------------
                         (clock clk_25_clkDVIprescaler rise edge)
                                                      0.000     0.000 r  
    W5                                                0.000     0.000 r  clk100 (IN)
                         net (fo=0)                   0.000     0.000    prescaler_instance/inst/clk_100
    W5                   IBUF (Prop_ibuf_I_O)         0.226     0.226 r  prescaler_instance/inst/clkin1_ibufg/O
                         net (fo=1, routed)           0.440     0.667    prescaler_instance/inst/clk_100_clkDVIprescaler
    MMCME2_ADV_X1Y0      MMCME2_ADV (Prop_mmcme2_adv_CLKIN1_CLKOUT0)
                                                     -2.360    -1.693 r  prescaler_instance/inst/mmcm_adv_inst/CLKOUT0
                         net (fo=1, routed)           0.486    -1.207    prescaler_instance/inst/clk_25_clkDVIprescaler
    BUFGCTRL_X0Y0        BUFG (Prop_bufg_I_O)         0.026    -1.181 r  prescaler_instance/inst/clkout1_buf/O
                         net (fo=153, routed)         0.558    -0.623    pixel_gen_inst/DisplayLevel_inst/clk_25
    SLICE_X35Y60         FDRE                                         r  pixel_gen_inst/DisplayLevel_inst/rom_addr_reg[2]/C
  -------------------------------------------------------------------    -------------------
    SLICE_X35Y60         FDRE (Prop_fdre_C_Q)         0.141    -0.482 r  pixel_gen_inst/DisplayLevel_inst/rom_addr_reg[2]/Q
                         net (fo=27, routed)          0.487     0.004    pixel_gen_inst/DisplayLevel_inst/ROM_inst/U0/inst_blk_mem_gen/gnbram.gnativebmg.native_blk_mem_gen/valid.cstr/ramloop[16].ram.r/prim_init.ram/addra[2]
    RAMB36_X1Y12         RAMB36E1                                     r  pixel_gen_inst/DisplayLevel_inst/ROM_inst/U0/inst_blk_mem_gen/gnbram.gnativebmg.native_blk_mem_gen/valid.cstr/ramloop[16].ram.r/prim_init.ram/DEVICE_7SERIES.NO_BMM_INFO.SP.SIMPLE_PRIM36.ram/ADDRARDADDR[5]
  -------------------------------------------------------------------    -------------------

                         (clock clk_25_clkDVIprescaler rise edge)
                                                      0.000     0.000 r  
    W5                                                0.000     0.000 r  clk100 (IN)
                         net (fo=0)                   0.000     0.000    prescaler_instance/inst/clk_100
    W5                   IBUF (Prop_ibuf_I_O)         0.414     0.414 r  prescaler_instance/inst/clkin1_ibufg/O
                         net (fo=1, routed)           0.480     0.894    prescaler_instance/inst/clk_100_clkDVIprescaler
    MMCME2_ADV_X1Y0      MMCME2_ADV (Prop_mmcme2_adv_CLKIN1_CLKOUT0)
                                                     -3.142    -2.248 r  prescaler_instance/inst/mmcm_adv_inst/CLKOUT0
                         net (fo=1, routed)           0.530    -1.718    prescaler_instance/inst/clk_25_clkDVIprescaler
    BUFGCTRL_X0Y0        BUFG (Prop_bufg_I_O)         0.029    -1.689 r  prescaler_instance/inst/clkout1_buf/O
                         net (fo=153, routed)         0.871    -0.818    pixel_gen_inst/DisplayLevel_inst/ROM_inst/U0/inst_blk_mem_gen/gnbram.gnativebmg.native_blk_mem_gen/valid.cstr/ramloop[16].ram.r/prim_init.ram/clka
    RAMB36_X1Y12         RAMB36E1                                     r  pixel_gen_inst/DisplayLevel_inst/ROM_inst/U0/inst_blk_mem_gen/gnbram.gnativebmg.native_blk_mem_gen/valid.cstr/ramloop[16].ram.r/prim_init.ram/DEVICE_7SERIES.NO_BMM_INFO.SP.SIMPLE_PRIM36.ram/CLKARDCLK
                         clock pessimism              0.503    -0.315    
    RAMB36_X1Y12         RAMB36E1 (Hold_ramb36e1_CLKARDCLK_ADDRARDADDR[5])
                                                      0.183    -0.132    pixel_gen_inst/DisplayLevel_inst/ROM_inst/U0/inst_blk_mem_gen/gnbram.gnativebmg.native_blk_mem_gen/valid.cstr/ramloop[16].ram.r/prim_init.ram/DEVICE_7SERIES.NO_BMM_INFO.SP.SIMPLE_PRIM36.ram
  -------------------------------------------------------------------
                         required time                          0.132    
                         arrival time                           0.004    
  -------------------------------------------------------------------
                         slack                                  0.136    

Slack (MET) :             0.144ns  (arrival time - required time)
  Source:                 pixel_gen_inst/DisplayLevel_inst/rom_addr_reg[5]/C
                            (rising edge-triggered cell FDRE clocked by clk_25_clkDVIprescaler  {rise@0.000ns fall@20.000ns period=40.000ns})
  Destination:            pixel_gen_inst/DisplayLevel_inst/ROM_inst/U0/inst_blk_mem_gen/gnbram.gnativebmg.native_blk_mem_gen/valid.cstr/ramloop[16].ram.r/prim_init.ram/DEVICE_7SERIES.NO_BMM_INFO.SP.SIMPLE_PRIM36.ram/ADDRARDADDR[8]
                            (rising edge-triggered cell RAMB36E1 clocked by clk_25_clkDVIprescaler  {rise@0.000ns fall@20.000ns period=40.000ns})
  Path Group:             clk_25_clkDVIprescaler
  Path Type:              Hold (Min at Fast Process Corner)
  Requirement:            0.000ns  (clk_25_clkDVIprescaler rise@0.000ns - clk_25_clkDVIprescaler rise@0.000ns)
  Data Path Delay:        0.635ns  (logic 0.141ns (22.216%)  route 0.494ns (77.784%))
  Logic Levels:           0  
  Clock Path Skew:        0.307ns (DCD - SCD - CPR)
    Destination Clock Delay (DCD):    -0.818ns
    Source Clock Delay      (SCD):    -0.622ns
    Clock Pessimism Removal (CPR):    -0.503ns

    Location             Delay type                Incr(ns)  Path(ns)    Netlist Resource(s)
  -------------------------------------------------------------------    -------------------
                         (clock clk_25_clkDVIprescaler rise edge)
                                                      0.000     0.000 r  
    W5                                                0.000     0.000 r  clk100 (IN)
                         net (fo=0)                   0.000     0.000    prescaler_instance/inst/clk_100
    W5                   IBUF (Prop_ibuf_I_O)         0.226     0.226 r  prescaler_instance/inst/clkin1_ibufg/O
                         net (fo=1, routed)           0.440     0.667    prescaler_instance/inst/clk_100_clkDVIprescaler
    MMCME2_ADV_X1Y0      MMCME2_ADV (Prop_mmcme2_adv_CLKIN1_CLKOUT0)
                                                     -2.360    -1.693 r  prescaler_instance/inst/mmcm_adv_inst/CLKOUT0
                         net (fo=1, routed)           0.486    -1.207    prescaler_instance/inst/clk_25_clkDVIprescaler
    BUFGCTRL_X0Y0        BUFG (Prop_bufg_I_O)         0.026    -1.181 r  prescaler_instance/inst/clkout1_buf/O
                         net (fo=153, routed)         0.559    -0.622    pixel_gen_inst/DisplayLevel_inst/clk_25
    SLICE_X35Y59         FDRE                                         r  pixel_gen_inst/DisplayLevel_inst/rom_addr_reg[5]/C
  -------------------------------------------------------------------    -------------------
    SLICE_X35Y59         FDRE (Prop_fdre_C_Q)         0.141    -0.481 r  pixel_gen_inst/DisplayLevel_inst/rom_addr_reg[5]/Q
                         net (fo=27, routed)          0.494     0.012    pixel_gen_inst/DisplayLevel_inst/ROM_inst/U0/inst_blk_mem_gen/gnbram.gnativebmg.native_blk_mem_gen/valid.cstr/ramloop[16].ram.r/prim_init.ram/addra[5]
    RAMB36_X1Y12         RAMB36E1                                     r  pixel_gen_inst/DisplayLevel_inst/ROM_inst/U0/inst_blk_mem_gen/gnbram.gnativebmg.native_blk_mem_gen/valid.cstr/ramloop[16].ram.r/prim_init.ram/DEVICE_7SERIES.NO_BMM_INFO.SP.SIMPLE_PRIM36.ram/ADDRARDADDR[8]
  -------------------------------------------------------------------    -------------------

                         (clock clk_25_clkDVIprescaler rise edge)
                                                      0.000     0.000 r  
    W5                                                0.000     0.000 r  clk100 (IN)
                         net (fo=0)                   0.000     0.000    prescaler_instance/inst/clk_100
    W5                   IBUF (Prop_ibuf_I_O)         0.414     0.414 r  prescaler_instance/inst/clkin1_ibufg/O
                         net (fo=1, routed)           0.480     0.894    prescaler_instance/inst/clk_100_clkDVIprescaler
    MMCME2_ADV_X1Y0      MMCME2_ADV (Prop_mmcme2_adv_CLKIN1_CLKOUT0)
                                                     -3.142    -2.248 r  prescaler_instance/inst/mmcm_adv_inst/CLKOUT0
                         net (fo=1, routed)           0.530    -1.718    prescaler_instance/inst/clk_25_clkDVIprescaler
    BUFGCTRL_X0Y0        BUFG (Prop_bufg_I_O)         0.029    -1.689 r  prescaler_instance/inst/clkout1_buf/O
                         net (fo=153, routed)         0.871    -0.818    pixel_gen_inst/DisplayLevel_inst/ROM_inst/U0/inst_blk_mem_gen/gnbram.gnativebmg.native_blk_mem_gen/valid.cstr/ramloop[16].ram.r/prim_init.ram/clka
    RAMB36_X1Y12         RAMB36E1                                     r  pixel_gen_inst/DisplayLevel_inst/ROM_inst/U0/inst_blk_mem_gen/gnbram.gnativebmg.native_blk_mem_gen/valid.cstr/ramloop[16].ram.r/prim_init.ram/DEVICE_7SERIES.NO_BMM_INFO.SP.SIMPLE_PRIM36.ram/CLKARDCLK
                         clock pessimism              0.503    -0.315    
    RAMB36_X1Y12         RAMB36E1 (Hold_ramb36e1_CLKARDCLK_ADDRARDADDR[8])
                                                      0.183    -0.132    pixel_gen_inst/DisplayLevel_inst/ROM_inst/U0/inst_blk_mem_gen/gnbram.gnativebmg.native_blk_mem_gen/valid.cstr/ramloop[16].ram.r/prim_init.ram/DEVICE_7SERIES.NO_BMM_INFO.SP.SIMPLE_PRIM36.ram
  -------------------------------------------------------------------
                         required time                          0.132    
                         arrival time                           0.012    
  -------------------------------------------------------------------
                         slack                                  0.144    

Slack (MET) :             0.152ns  (arrival time - required time)
  Source:                 pixel_gen_inst/DisplayLevel_inst/orig_h_reg[0]/C
                            (rising edge-triggered cell FDRE clocked by clk_25_clkDVIprescaler  {rise@0.000ns fall@20.000ns period=40.000ns})
  Destination:            pixel_gen_inst/DisplayLevel_inst/rom_addr_int_reg[0]/D
                            (rising edge-triggered cell FDRE clocked by clk_25_clkDVIprescaler  {rise@0.000ns fall@20.000ns period=40.000ns})
  Path Group:             clk_25_clkDVIprescaler
  Path Type:              Hold (Min at Fast Process Corner)
  Requirement:            0.000ns  (clk_25_clkDVIprescaler rise@0.000ns - clk_25_clkDVIprescaler rise@0.000ns)
  Data Path Delay:        0.254ns  (logic 0.141ns (55.537%)  route 0.113ns (44.463%))
  Logic Levels:           0  
  Clock Path Skew:        0.032ns (DCD - SCD - CPR)
    Destination Clock Delay (DCD):    -0.867ns
    Source Clock Delay      (SCD):    -0.624ns
    Clock Pessimism Removal (CPR):    -0.275ns

    Location             Delay type                Incr(ns)  Path(ns)    Netlist Resource(s)
  -------------------------------------------------------------------    -------------------
                         (clock clk_25_clkDVIprescaler rise edge)
                                                      0.000     0.000 r  
    W5                                                0.000     0.000 r  clk100 (IN)
                         net (fo=0)                   0.000     0.000    prescaler_instance/inst/clk_100
    W5                   IBUF (Prop_ibuf_I_O)         0.226     0.226 r  prescaler_instance/inst/clkin1_ibufg/O
                         net (fo=1, routed)           0.440     0.667    prescaler_instance/inst/clk_100_clkDVIprescaler
    MMCME2_ADV_X1Y0      MMCME2_ADV (Prop_mmcme2_adv_CLKIN1_CLKOUT0)
                                                     -2.360    -1.693 r  prescaler_instance/inst/mmcm_adv_inst/CLKOUT0
                         net (fo=1, routed)           0.486    -1.207    prescaler_instance/inst/clk_25_clkDVIprescaler
    BUFGCTRL_X0Y0        BUFG (Prop_bufg_I_O)         0.026    -1.181 r  prescaler_instance/inst/clkout1_buf/O
                         net (fo=153, routed)         0.557    -0.624    pixel_gen_inst/DisplayLevel_inst/clk_25
    SLICE_X33Y65         FDRE                                         r  pixel_gen_inst/DisplayLevel_inst/orig_h_reg[0]/C
  -------------------------------------------------------------------    -------------------
    SLICE_X33Y65         FDRE (Prop_fdre_C_Q)         0.141    -0.483 r  pixel_gen_inst/DisplayLevel_inst/orig_h_reg[0]/Q
                         net (fo=1, routed)           0.113    -0.370    pixel_gen_inst/DisplayLevel_inst/orig_h_reg_n_0_[0]
    SLICE_X35Y65         FDRE                                         r  pixel_gen_inst/DisplayLevel_inst/rom_addr_int_reg[0]/D
  -------------------------------------------------------------------    -------------------

                         (clock clk_25_clkDVIprescaler rise edge)
                                                      0.000     0.000 r  
    W5                                                0.000     0.000 r  clk100 (IN)
                         net (fo=0)                   0.000     0.000    prescaler_instance/inst/clk_100
    W5                   IBUF (Prop_ibuf_I_O)         0.414     0.414 r  prescaler_instance/inst/clkin1_ibufg/O
                         net (fo=1, routed)           0.480     0.894    prescaler_instance/inst/clk_100_clkDVIprescaler
    MMCME2_ADV_X1Y0      MMCME2_ADV (Prop_mmcme2_adv_CLKIN1_CLKOUT0)
                                                     -3.142    -2.248 r  prescaler_instance/inst/mmcm_adv_inst/CLKOUT0
                         net (fo=1, routed)           0.530    -1.718    prescaler_instance/inst/clk_25_clkDVIprescaler
    BUFGCTRL_X0Y0        BUFG (Prop_bufg_I_O)         0.029    -1.689 r  prescaler_instance/inst/clkout1_buf/O
                         net (fo=153, routed)         0.822    -0.867    pixel_gen_inst/DisplayLevel_inst/clk_25
    SLICE_X35Y65         FDRE                                         r  pixel_gen_inst/DisplayLevel_inst/rom_addr_int_reg[0]/C
                         clock pessimism              0.275    -0.592    
    SLICE_X35Y65         FDRE (Hold_fdre_C_D)         0.070    -0.522    pixel_gen_inst/DisplayLevel_inst/rom_addr_int_reg[0]
  -------------------------------------------------------------------
                         required time                          0.522    
                         arrival time                          -0.370    
  -------------------------------------------------------------------
                         slack                                  0.152    

Slack (MET) :             0.152ns  (arrival time - required time)
  Source:                 pixel_gen_inst/DisplayLevel_inst/rom_addr_reg[7]/C
                            (rising edge-triggered cell FDRE clocked by clk_25_clkDVIprescaler  {rise@0.000ns fall@20.000ns period=40.000ns})
  Destination:            pixel_gen_inst/DisplayLevel_inst/ROM_inst/U0/inst_blk_mem_gen/gnbram.gnativebmg.native_blk_mem_gen/valid.cstr/ramloop[18].ram.r/prim_init.ram/DEVICE_7SERIES.NO_BMM_INFO.SP.SIMPLE_PRIM36.ram/ADDRARDADDR[10]
                            (rising edge-triggered cell RAMB36E1 clocked by clk_25_clkDVIprescaler  {rise@0.000ns fall@20.000ns period=40.000ns})
  Path Group:             clk_25_clkDVIprescaler
  Path Type:              Hold (Min at Fast Process Corner)
  Requirement:            0.000ns  (clk_25_clkDVIprescaler rise@0.000ns - clk_25_clkDVIprescaler rise@0.000ns)
  Data Path Delay:        0.640ns  (logic 0.141ns (22.022%)  route 0.499ns (77.978%))
  Logic Levels:           0  
  Clock Path Skew:        0.305ns (DCD - SCD - CPR)
    Destination Clock Delay (DCD):    -0.822ns
    Source Clock Delay      (SCD):    -0.624ns
    Clock Pessimism Removal (CPR):    -0.503ns

    Location             Delay type                Incr(ns)  Path(ns)    Netlist Resource(s)
  -------------------------------------------------------------------    -------------------
                         (clock clk_25_clkDVIprescaler rise edge)
                                                      0.000     0.000 r  
    W5                                                0.000     0.000 r  clk100 (IN)
                         net (fo=0)                   0.000     0.000    prescaler_instance/inst/clk_100
    W5                   IBUF (Prop_ibuf_I_O)         0.226     0.226 r  prescaler_instance/inst/clkin1_ibufg/O
                         net (fo=1, routed)           0.440     0.667    prescaler_instance/inst/clk_100_clkDVIprescaler
    MMCME2_ADV_X1Y0      MMCME2_ADV (Prop_mmcme2_adv_CLKIN1_CLKOUT0)
                                                     -2.360    -1.693 r  prescaler_instance/inst/mmcm_adv_inst/CLKOUT0
                         net (fo=1, routed)           0.486    -1.207    prescaler_instance/inst/clk_25_clkDVIprescaler
    BUFGCTRL_X0Y0        BUFG (Prop_bufg_I_O)         0.026    -1.181 r  prescaler_instance/inst/clkout1_buf/O
                         net (fo=153, routed)         0.557    -0.624    pixel_gen_inst/DisplayLevel_inst/clk_25
    SLICE_X31Y65         FDRE                                         r  pixel_gen_inst/DisplayLevel_inst/rom_addr_reg[7]/C
  -------------------------------------------------------------------    -------------------
    SLICE_X31Y65         FDRE (Prop_fdre_C_Q)         0.141    -0.483 r  pixel_gen_inst/DisplayLevel_inst/rom_addr_reg[7]/Q
                         net (fo=27, routed)          0.499     0.016    pixel_gen_inst/DisplayLevel_inst/ROM_inst/U0/inst_blk_mem_gen/gnbram.gnativebmg.native_blk_mem_gen/valid.cstr/ramloop[18].ram.r/prim_init.ram/addra[7]
    RAMB36_X1Y13         RAMB36E1                                     r  pixel_gen_inst/DisplayLevel_inst/ROM_inst/U0/inst_blk_mem_gen/gnbram.gnativebmg.native_blk_mem_gen/valid.cstr/ramloop[18].ram.r/prim_init.ram/DEVICE_7SERIES.NO_BMM_INFO.SP.SIMPLE_PRIM36.ram/ADDRARDADDR[10]
  -------------------------------------------------------------------    -------------------

                         (clock clk_25_clkDVIprescaler rise edge)
                                                      0.000     0.000 r  
    W5                                                0.000     0.000 r  clk100 (IN)
                         net (fo=0)                   0.000     0.000    prescaler_instance/inst/clk_100
    W5                   IBUF (Prop_ibuf_I_O)         0.414     0.414 r  prescaler_instance/inst/clkin1_ibufg/O
                         net (fo=1, routed)           0.480     0.894    prescaler_instance/inst/clk_100_clkDVIprescaler
    MMCME2_ADV_X1Y0      MMCME2_ADV (Prop_mmcme2_adv_CLKIN1_CLKOUT0)
                                                     -3.142    -2.248 r  prescaler_instance/inst/mmcm_adv_inst/CLKOUT0
                         net (fo=1, routed)           0.530    -1.718    prescaler_instance/inst/clk_25_clkDVIprescaler
    BUFGCTRL_X0Y0        BUFG (Prop_bufg_I_O)         0.029    -1.689 r  prescaler_instance/inst/clkout1_buf/O
                         net (fo=153, routed)         0.867    -0.822    pixel_gen_inst/DisplayLevel_inst/ROM_inst/U0/inst_blk_mem_gen/gnbram.gnativebmg.native_blk_mem_gen/valid.cstr/ramloop[18].ram.r/prim_init.ram/clka
    RAMB36_X1Y13         RAMB36E1                                     r  pixel_gen_inst/DisplayLevel_inst/ROM_inst/U0/inst_blk_mem_gen/gnbram.gnativebmg.native_blk_mem_gen/valid.cstr/ramloop[18].ram.r/prim_init.ram/DEVICE_7SERIES.NO_BMM_INFO.SP.SIMPLE_PRIM36.ram/CLKARDCLK
                         clock pessimism              0.503    -0.319    
    RAMB36_X1Y13         RAMB36E1 (Hold_ramb36e1_CLKARDCLK_ADDRARDADDR[10])
                                                      0.183    -0.136    pixel_gen_inst/DisplayLevel_inst/ROM_inst/U0/inst_blk_mem_gen/gnbram.gnativebmg.native_blk_mem_gen/valid.cstr/ramloop[18].ram.r/prim_init.ram/DEVICE_7SERIES.NO_BMM_INFO.SP.SIMPLE_PRIM36.ram
  -------------------------------------------------------------------
                         required time                          0.136    
                         arrival time                           0.016    
  -------------------------------------------------------------------
                         slack                                  0.152    

Slack (MET) :             0.154ns  (arrival time - required time)
  Source:                 pixel_gen_inst/DisplayLevel_inst/rom_addr_reg[12]/C
                            (rising edge-triggered cell FDRE clocked by clk_25_clkDVIprescaler  {rise@0.000ns fall@20.000ns period=40.000ns})
  Destination:            pixel_gen_inst/DisplayLevel_inst/ROM_inst/U0/inst_blk_mem_gen/gnbram.gnativebmg.native_blk_mem_gen/valid.cstr/has_mux_a.A/no_softecc_sel_reg.ce_pri.sel_pipe_reg[0]/D
                            (rising edge-triggered cell FDRE clocked by clk_25_clkDVIprescaler  {rise@0.000ns fall@20.000ns period=40.000ns})
  Path Group:             clk_25_clkDVIprescaler
  Path Type:              Hold (Min at Fast Process Corner)
  Requirement:            0.000ns  (clk_25_clkDVIprescaler rise@0.000ns - clk_25_clkDVIprescaler rise@0.000ns)
  Data Path Delay:        0.434ns  (logic 0.128ns (29.472%)  route 0.306ns (70.528%))
  Logic Levels:           0  
  Clock Path Skew:        0.264ns (DCD - SCD - CPR)
    Destination Clock Delay (DCD):    -0.866ns
    Source Clock Delay      (SCD):    -0.626ns
    Clock Pessimism Removal (CPR):    -0.503ns

    Location             Delay type                Incr(ns)  Path(ns)    Netlist Resource(s)
  -------------------------------------------------------------------    -------------------
                         (clock clk_25_clkDVIprescaler rise edge)
                                                      0.000     0.000 r  
    W5                                                0.000     0.000 r  clk100 (IN)
                         net (fo=0)                   0.000     0.000    prescaler_instance/inst/clk_100
    W5                   IBUF (Prop_ibuf_I_O)         0.226     0.226 r  prescaler_instance/inst/clkin1_ibufg/O
                         net (fo=1, routed)           0.440     0.667    prescaler_instance/inst/clk_100_clkDVIprescaler
    MMCME2_ADV_X1Y0      MMCME2_ADV (Prop_mmcme2_adv_CLKIN1_CLKOUT0)
                                                     -2.360    -1.693 r  prescaler_instance/inst/mmcm_adv_inst/CLKOUT0
                         net (fo=1, routed)           0.486    -1.207    prescaler_instance/inst/clk_25_clkDVIprescaler
    BUFGCTRL_X0Y0        BUFG (Prop_bufg_I_O)         0.026    -1.181 r  prescaler_instance/inst/clkout1_buf/O
                         net (fo=153, routed)         0.555    -0.626    pixel_gen_inst/DisplayLevel_inst/clk_25
    SLICE_X31Y67         FDRE                                         r  pixel_gen_inst/DisplayLevel_inst/rom_addr_reg[12]/C
  -------------------------------------------------------------------    -------------------
    SLICE_X31Y67         FDRE (Prop_fdre_C_Q)         0.128    -0.498 r  pixel_gen_inst/DisplayLevel_inst/rom_addr_reg[12]/Q
                         net (fo=28, routed)          0.306    -0.192    pixel_gen_inst/DisplayLevel_inst/ROM_inst/U0/inst_blk_mem_gen/gnbram.gnativebmg.native_blk_mem_gen/valid.cstr/has_mux_a.A/addra[0]
    SLICE_X40Y66         FDRE                                         r  pixel_gen_inst/DisplayLevel_inst/ROM_inst/U0/inst_blk_mem_gen/gnbram.gnativebmg.native_blk_mem_gen/valid.cstr/has_mux_a.A/no_softecc_sel_reg.ce_pri.sel_pipe_reg[0]/D
  -------------------------------------------------------------------    -------------------

                         (clock clk_25_clkDVIprescaler rise edge)
                                                      0.000     0.000 r  
    W5                                                0.000     0.000 r  clk100 (IN)
                         net (fo=0)                   0.000     0.000    prescaler_instance/inst/clk_100
    W5                   IBUF (Prop_ibuf_I_O)         0.414     0.414 r  prescaler_instance/inst/clkin1_ibufg/O
                         net (fo=1, routed)           0.480     0.894    prescaler_instance/inst/clk_100_clkDVIprescaler
    MMCME2_ADV_X1Y0      MMCME2_ADV (Prop_mmcme2_adv_CLKIN1_CLKOUT0)
                                                     -3.142    -2.248 r  prescaler_instance/inst/mmcm_adv_inst/CLKOUT0
                         net (fo=1, routed)           0.530    -1.718    prescaler_instance/inst/clk_25_clkDVIprescaler
    BUFGCTRL_X0Y0        BUFG (Prop_bufg_I_O)         0.029    -1.689 r  prescaler_instance/inst/clkout1_buf/O
                         net (fo=153, routed)         0.824    -0.866    pixel_gen_inst/DisplayLevel_inst/ROM_inst/U0/inst_blk_mem_gen/gnbram.gnativebmg.native_blk_mem_gen/valid.cstr/has_mux_a.A/clka
    SLICE_X40Y66         FDRE                                         r  pixel_gen_inst/DisplayLevel_inst/ROM_inst/U0/inst_blk_mem_gen/gnbram.gnativebmg.native_blk_mem_gen/valid.cstr/has_mux_a.A/no_softecc_sel_reg.ce_pri.sel_pipe_reg[0]/C
                         clock pessimism              0.503    -0.362    
    SLICE_X40Y66         FDRE (Hold_fdre_C_D)         0.017    -0.345    pixel_gen_inst/DisplayLevel_inst/ROM_inst/U0/inst_blk_mem_gen/gnbram.gnativebmg.native_blk_mem_gen/valid.cstr/has_mux_a.A/no_softecc_sel_reg.ce_pri.sel_pipe_reg[0]
  -------------------------------------------------------------------
                         required time                          0.345    
                         arrival time                          -0.192    
  -------------------------------------------------------------------
                         slack                                  0.154    





Pulse Width Checks
--------------------------------------------------------------------------------------
Clock Name:         clk_25_clkDVIprescaler
Waveform(ns):       { 0.000 20.000 }
Period(ns):         40.000
Sources:            { prescaler_instance/inst/mmcm_adv_inst/CLKOUT0 }

Check Type        Corner  Lib Pin             Reference Pin  Required(ns)  Actual(ns)  Slack(ns)  Location         Pin
Min Period        n/a     RAMB36E1/CLKARDCLK  n/a            2.892         40.000      37.108     RAMB36_X2Y7      pixel_gen_inst/DisplayLevel_inst/ROM_inst/U0/inst_blk_mem_gen/gnbram.gnativebmg.native_blk_mem_gen/valid.cstr/ramloop[0].ram.r/prim_init.ram/DEVICE_7SERIES.NO_BMM_INFO.SP.CASCADED_PRIM36.ram_B/CLKARDCLK
Min Period        n/a     RAMB36E1/CLKARDCLK  n/a            2.892         40.000      37.108     RAMB36_X2Y8      pixel_gen_inst/DisplayLevel_inst/ROM_inst/U0/inst_blk_mem_gen/gnbram.gnativebmg.native_blk_mem_gen/valid.cstr/ramloop[0].ram.r/prim_init.ram/DEVICE_7SERIES.NO_BMM_INFO.SP.CASCADED_PRIM36.ram_T/CLKARDCLK
Min Period        n/a     RAMB36E1/CLKARDCLK  n/a            2.892         40.000      37.108     RAMB36_X1Y6      pixel_gen_inst/DisplayLevel_inst/ROM_inst/U0/inst_blk_mem_gen/gnbram.gnativebmg.native_blk_mem_gen/valid.cstr/ramloop[2].ram.r/prim_init.ram/DEVICE_7SERIES.NO_BMM_INFO.SP.CASCADED_PRIM36.ram_B/CLKARDCLK
Min Period        n/a     RAMB36E1/CLKARDCLK  n/a            2.892         40.000      37.108     RAMB36_X1Y7      pixel_gen_inst/DisplayLevel_inst/ROM_inst/U0/inst_blk_mem_gen/gnbram.gnativebmg.native_blk_mem_gen/valid.cstr/ramloop[2].ram.r/prim_init.ram/DEVICE_7SERIES.NO_BMM_INFO.SP.CASCADED_PRIM36.ram_T/CLKARDCLK
Min Period        n/a     RAMB36E1/CLKARDCLK  n/a            2.892         40.000      37.108     RAMB36_X1Y10     pixel_gen_inst/DisplayLevel_inst/ROM_inst/U0/inst_blk_mem_gen/gnbram.gnativebmg.native_blk_mem_gen/valid.cstr/ramloop[4].ram.r/prim_init.ram/DEVICE_7SERIES.NO_BMM_INFO.SP.CASCADED_PRIM36.ram_B/CLKARDCLK
Min Period        n/a     RAMB36E1/CLKARDCLK  n/a            2.892         40.000      37.108     RAMB36_X1Y11     pixel_gen_inst/DisplayLevel_inst/ROM_inst/U0/inst_blk_mem_gen/gnbram.gnativebmg.native_blk_mem_gen/valid.cstr/ramloop[4].ram.r/prim_init.ram/DEVICE_7SERIES.NO_BMM_INFO.SP.CASCADED_PRIM36.ram_T/CLKARDCLK
Min Period        n/a     RAMB36E1/CLKBWRCLK  n/a            2.576         40.000      37.424     RAMB36_X2Y7      pixel_gen_inst/DisplayLevel_inst/ROM_inst/U0/inst_blk_mem_gen/gnbram.gnativebmg.native_blk_mem_gen/valid.cstr/ramloop[0].ram.r/prim_init.ram/DEVICE_7SERIES.NO_BMM_INFO.SP.CASCADED_PRIM36.ram_B/CLKBWRCLK
Min Period        n/a     RAMB36E1/CLKBWRCLK  n/a            2.576         40.000      37.424     RAMB36_X2Y8      pixel_gen_inst/DisplayLevel_inst/ROM_inst/U0/inst_blk_mem_gen/gnbram.gnativebmg.native_blk_mem_gen/valid.cstr/ramloop[0].ram.r/prim_init.ram/DEVICE_7SERIES.NO_BMM_INFO.SP.CASCADED_PRIM36.ram_T/CLKBWRCLK
Min Period        n/a     RAMB36E1/CLKARDCLK  n/a            2.576         40.000      37.424     RAMB36_X0Y8      pixel_gen_inst/DisplayLevel_inst/ROM_inst/U0/inst_blk_mem_gen/gnbram.gnativebmg.native_blk_mem_gen/valid.cstr/ramloop[10].ram.r/prim_init.ram/DEVICE_7SERIES.NO_BMM_INFO.SP.SIMPLE_PRIM36.ram/CLKARDCLK
Min Period        n/a     RAMB36E1/CLKBWRCLK  n/a            2.576         40.000      37.424     RAMB36_X0Y8      pixel_gen_inst/DisplayLevel_inst/ROM_inst/U0/inst_blk_mem_gen/gnbram.gnativebmg.native_blk_mem_gen/valid.cstr/ramloop[10].ram.r/prim_init.ram/DEVICE_7SERIES.NO_BMM_INFO.SP.SIMPLE_PRIM36.ram/CLKBWRCLK
Max Period        n/a     MMCME2_ADV/CLKOUT0  n/a            213.360       40.000      173.360    MMCME2_ADV_X1Y0  prescaler_instance/inst/mmcm_adv_inst/CLKOUT0
Low Pulse Width   Slow    FDRE/C              n/a            0.500         20.000      19.500     SLICE_X32Y64     dvi_driver_inst/DE_internal_reg/C
Low Pulse Width   Fast    FDRE/C              n/a            0.500         20.000      19.500     SLICE_X32Y64     dvi_driver_inst/DE_internal_reg/C
Low Pulse Width   Slow    FDRE/C              n/a            0.500         20.000      19.500     SLICE_X32Y65     dvi_driver_inst/hcount_int_reg[0]/C
Low Pulse Width   Fast    FDRE/C              n/a            0.500         20.000      19.500     SLICE_X32Y65     dvi_driver_inst/hcount_int_reg[0]/C
Low Pulse Width   Slow    FDRE/C              n/a            0.500         20.000      19.500     SLICE_X32Y65     dvi_driver_inst/hcount_int_reg[1]/C
Low Pulse Width   Fast    FDRE/C              n/a            0.500         20.000      19.500     SLICE_X32Y65     dvi_driver_inst/hcount_int_reg[1]/C
Low Pulse Width   Slow    FDRE/C              n/a            0.500         20.000      19.500     SLICE_X32Y68     dvi_driver_inst/hcount_int_reg[2]/C
Low Pulse Width   Fast    FDRE/C              n/a            0.500         20.000      19.500     SLICE_X32Y68     dvi_driver_inst/hcount_int_reg[2]/C
Low Pulse Width   Slow    FDRE/C              n/a            0.500         20.000      19.500     SLICE_X32Y68     dvi_driver_inst/hcount_int_reg[3]/C
Low Pulse Width   Fast    FDRE/C              n/a            0.500         20.000      19.500     SLICE_X32Y68     dvi_driver_inst/hcount_int_reg[3]/C
High Pulse Width  Slow    FDRE/C              n/a            0.500         20.000      19.500     SLICE_X32Y64     dvi_driver_inst/DE_internal_reg/C
High Pulse Width  Fast    FDRE/C              n/a            0.500         20.000      19.500     SLICE_X32Y64     dvi_driver_inst/DE_internal_reg/C
High Pulse Width  Slow    FDRE/C              n/a            0.500         20.000      19.500     SLICE_X32Y65     dvi_driver_inst/hcount_int_reg[0]/C
High Pulse Width  Fast    FDRE/C              n/a            0.500         20.000      19.500     SLICE_X32Y65     dvi_driver_inst/hcount_int_reg[0]/C
High Pulse Width  Slow    FDRE/C              n/a            0.500         20.000      19.500     SLICE_X32Y65     dvi_driver_inst/hcount_int_reg[1]/C
High Pulse Width  Fast    FDRE/C              n/a            0.500         20.000      19.500     SLICE_X32Y65     dvi_driver_inst/hcount_int_reg[1]/C
High Pulse Width  Slow    FDRE/C              n/a            0.500         20.000      19.500     SLICE_X32Y68     dvi_driver_inst/hcount_int_reg[2]/C
High Pulse Width  Fast    FDRE/C              n/a            0.500         20.000      19.500     SLICE_X32Y68     dvi_driver_inst/hcount_int_reg[2]/C
High Pulse Width  Slow    FDRE/C              n/a            0.500         20.000      19.500     SLICE_X32Y68     dvi_driver_inst/hcount_int_reg[3]/C
High Pulse Width  Fast    FDRE/C              n/a            0.500         20.000      19.500     SLICE_X32Y68     dvi_driver_inst/hcount_int_reg[3]/C



---------------------------------------------------------------------------------------------------
From Clock:  clkfbout_clkDVIprescaler
  To Clock:  clkfbout_clkDVIprescaler

Setup :           NA  Failing Endpoints,  Worst Slack           NA  ,  Total Violation           NA
Hold  :           NA  Failing Endpoints,  Worst Slack           NA  ,  Total Violation           NA
PW    :            0  Failing Endpoints,  Worst Slack        7.845ns,  Total Violation        0.000ns
---------------------------------------------------------------------------------------------------


Pulse Width Checks
--------------------------------------------------------------------------------------
Clock Name:         clkfbout_clkDVIprescaler
Waveform(ns):       { 0.000 5.000 }
Period(ns):         10.000
Sources:            { prescaler_instance/inst/mmcm_adv_inst/CLKFBOUT }

Check Type  Corner  Lib Pin              Reference Pin  Required(ns)  Actual(ns)  Slack(ns)  Location         Pin
Min Period  n/a     BUFG/I               n/a            2.155         10.000      7.845      BUFGCTRL_X0Y1    prescaler_instance/inst/clkf_buf/I
Min Period  n/a     MMCME2_ADV/CLKFBOUT  n/a            1.249         10.000      8.751      MMCME2_ADV_X1Y0  prescaler_instance/inst/mmcm_adv_inst/CLKFBOUT
Min Period  n/a     MMCME2_ADV/CLKFBIN   n/a            1.249         10.000      8.751      MMCME2_ADV_X1Y0  prescaler_instance/inst/mmcm_adv_inst/CLKFBIN
Max Period  n/a     MMCME2_ADV/CLKFBIN   n/a            100.000       10.000      90.000     MMCME2_ADV_X1Y0  prescaler_instance/inst/mmcm_adv_inst/CLKFBIN
Max Period  n/a     MMCME2_ADV/CLKFBOUT  n/a            213.360       10.000      203.360    MMCME2_ADV_X1Y0  prescaler_instance/inst/mmcm_adv_inst/CLKFBOUT



--------------------------------------------------------------------------------------
Path Group:  (none)
From Clock:  clk_25_clkDVIprescaler
  To Clock:  

Max Delay            16 Endpoints
Min Delay            16 Endpoints
--------------------------------------------------------------------------------------


Max Delay Paths
--------------------------------------------------------------------------------------
Slack:                    inf
  Source:                 prescaler_instance/inst/mmcm_adv_inst/CLKOUT0
                            (clock source 'clk_25_clkDVIprescaler'  {rise@0.000ns fall@20.000ns period=40.000ns})
  Destination:            clk_out
                            (output port)
  Path Group:             (none)
  Path Type:              Max at Slow Process Corner
  Data Path Delay:        8.192ns  (logic 3.604ns (43.990%)  route 4.589ns (56.010%))
  Logic Levels:           2  (BUFG=1 OBUF=1)
  Clock Uncertainty:      0.199ns  ((TSJ^2 + DJ^2)^1/2) / 2 + PE
    Total System Jitter     (TSJ):    0.050ns
    Discrete Jitter          (DJ):    0.182ns
    Phase Error              (PE):    0.104ns

    Location             Delay type                Incr(ns)  Path(ns)    Netlist Resource(s)
  -------------------------------------------------------------------    -------------------
                         (clock clk_25_clkDVIprescaler fall edge)
                                                     20.000    20.000 f  
    W5                                                0.000    20.000 f  clk100 (IN)
                         net (fo=0)                   0.000    20.000    prescaler_instance/inst/clk_100
    W5                   IBUF (Prop_ibuf_I_O)         1.458    21.458 f  prescaler_instance/inst/clkin1_ibufg/O
                         net (fo=1, routed)           1.233    22.691    prescaler_instance/inst/clk_100_clkDVIprescaler
  -------------------------------------------------------------------    -------------------
    MMCME2_ADV_X1Y0      MMCME2_ADV (Prop_mmcme2_adv_CLKIN1_CLKOUT0)
                                                     -6.961    15.731 f  prescaler_instance/inst/mmcm_adv_inst/CLKOUT0
                         net (fo=1, routed)           1.661    17.392    prescaler_instance/inst/clk_25_clkDVIprescaler
    BUFGCTRL_X0Y0        BUFG (Prop_bufg_I_O)         0.096    17.488 f  prescaler_instance/inst/clkout1_buf/O
                         net (fo=153, routed)         2.927    20.415    clk_out_OBUF
    M18                  OBUF (Prop_obuf_I_O)         3.508    23.923 f  clk_out_OBUF_inst/O
                         net (fo=0)                   0.000    23.923    clk_out
    M18                                                               f  clk_out (OUT)
  -------------------------------------------------------------------    -------------------

Slack:                    inf
  Source:                 pixel_gen_inst/PixelAan_reg/C
                            (rising edge-triggered cell FDRE clocked by clk_25_clkDVIprescaler  {rise@0.000ns fall@20.000ns period=40.000ns})
  Destination:            rgb[3]
                            (output port)
  Path Group:             (none)
  Path Type:              Max at Slow Process Corner
  Data Path Delay:        10.173ns  (logic 4.328ns (42.541%)  route 5.846ns (57.459%))
  Logic Levels:           2  (LUT2=1 OBUF=1)
  Clock Uncertainty:      0.199ns  ((TSJ^2 + DJ^2)^1/2) / 2 + PE
    Total System Jitter     (TSJ):    0.050ns
    Discrete Jitter          (DJ):    0.182ns
    Phase Error              (PE):    0.104ns

    Location             Delay type                Incr(ns)  Path(ns)    Netlist Resource(s)
  -------------------------------------------------------------------    -------------------
                         (clock clk_25_clkDVIprescaler rise edge)
                                                      0.000     0.000 r  
    W5                                                0.000     0.000 r  clk100 (IN)
                         net (fo=0)                   0.000     0.000    prescaler_instance/inst/clk_100
    W5                   IBUF (Prop_ibuf_I_O)         1.458     1.458 r  prescaler_instance/inst/clkin1_ibufg/O
                         net (fo=1, routed)           1.233     2.691    prescaler_instance/inst/clk_100_clkDVIprescaler
    MMCME2_ADV_X1Y0      MMCME2_ADV (Prop_mmcme2_adv_CLKIN1_CLKOUT0)
                                                     -6.961    -4.269 r  prescaler_instance/inst/mmcm_adv_inst/CLKOUT0
                         net (fo=1, routed)           1.661    -2.608    prescaler_instance/inst/clk_25_clkDVIprescaler
    BUFGCTRL_X0Y0        BUFG (Prop_bufg_I_O)         0.096    -2.512 r  prescaler_instance/inst/clkout1_buf/O
                         net (fo=153, routed)         1.553    -0.959    pixel_gen_inst/clk_25
    SLICE_X44Y60         FDRE                                         r  pixel_gen_inst/PixelAan_reg/C
  -------------------------------------------------------------------    -------------------
    SLICE_X44Y60         FDRE (Prop_fdre_C_Q)         0.456    -0.503 r  pixel_gen_inst/PixelAan_reg/Q
                         net (fo=12, routed)          0.837     0.334    pixel_gen_inst/PixelAan
    SLICE_X44Y64         LUT2 (Prop_lut2_I0_O)        0.150     0.484 r  pixel_gen_inst/rgb_OBUF[3]_inst_i_1/O
                         net (fo=1, routed)           5.009     5.493    rgb_OBUF[3]
    A14                  OBUF (Prop_obuf_I_O)         3.722     9.215 r  rgb_OBUF[3]_inst/O
                         net (fo=0)                   0.000     9.215    rgb[3]
    A14                                                               r  rgb[3] (OUT)
  -------------------------------------------------------------------    -------------------

Slack:                    inf
  Source:                 pixel_gen_inst/PixelAan_reg/C
                            (rising edge-triggered cell FDRE clocked by clk_25_clkDVIprescaler  {rise@0.000ns fall@20.000ns period=40.000ns})
  Destination:            rgb[2]
                            (output port)
  Path Group:             (none)
  Path Type:              Max at Slow Process Corner
  Data Path Delay:        9.829ns  (logic 4.083ns (41.541%)  route 5.746ns (58.459%))
  Logic Levels:           2  (LUT2=1 OBUF=1)
  Clock Uncertainty:      0.199ns  ((TSJ^2 + DJ^2)^1/2) / 2 + PE
    Total System Jitter     (TSJ):    0.050ns
    Discrete Jitter          (DJ):    0.182ns
    Phase Error              (PE):    0.104ns

    Location             Delay type                Incr(ns)  Path(ns)    Netlist Resource(s)
  -------------------------------------------------------------------    -------------------
                         (clock clk_25_clkDVIprescaler rise edge)
                                                      0.000     0.000 r  
    W5                                                0.000     0.000 r  clk100 (IN)
                         net (fo=0)                   0.000     0.000    prescaler_instance/inst/clk_100
    W5                   IBUF (Prop_ibuf_I_O)         1.458     1.458 r  prescaler_instance/inst/clkin1_ibufg/O
                         net (fo=1, routed)           1.233     2.691    prescaler_instance/inst/clk_100_clkDVIprescaler
    MMCME2_ADV_X1Y0      MMCME2_ADV (Prop_mmcme2_adv_CLKIN1_CLKOUT0)
                                                     -6.961    -4.269 r  prescaler_instance/inst/mmcm_adv_inst/CLKOUT0
                         net (fo=1, routed)           1.661    -2.608    prescaler_instance/inst/clk_25_clkDVIprescaler
    BUFGCTRL_X0Y0        BUFG (Prop_bufg_I_O)         0.096    -2.512 r  prescaler_instance/inst/clkout1_buf/O
                         net (fo=153, routed)         1.553    -0.959    pixel_gen_inst/clk_25
    SLICE_X44Y60         FDRE                                         r  pixel_gen_inst/PixelAan_reg/C
  -------------------------------------------------------------------    -------------------
    SLICE_X44Y60         FDRE (Prop_fdre_C_Q)         0.456    -0.503 r  pixel_gen_inst/PixelAan_reg/Q
                         net (fo=12, routed)          0.837     0.334    pixel_gen_inst/PixelAan
    SLICE_X44Y64         LUT2 (Prop_lut2_I0_O)        0.124     0.458 r  pixel_gen_inst/rgb_OBUF[2]_inst_i_1/O
                         net (fo=1, routed)           4.909     5.367    rgb_OBUF[2]
    A15                  OBUF (Prop_obuf_I_O)         3.503     8.870 r  rgb_OBUF[2]_inst/O
                         net (fo=0)                   0.000     8.870    rgb[2]
    A15                                                               r  rgb[2] (OUT)
  -------------------------------------------------------------------    -------------------

Slack:                    inf
  Source:                 pixel_gen_inst/PixelAan_reg/C
                            (rising edge-triggered cell FDRE clocked by clk_25_clkDVIprescaler  {rise@0.000ns fall@20.000ns period=40.000ns})
  Destination:            rgb[7]
                            (output port)
  Path Group:             (none)
  Path Type:              Max at Slow Process Corner
  Data Path Delay:        9.781ns  (logic 4.341ns (44.378%)  route 5.441ns (55.622%))
  Logic Levels:           2  (LUT2=1 OBUF=1)
  Clock Uncertainty:      0.199ns  ((TSJ^2 + DJ^2)^1/2) / 2 + PE
    Total System Jitter     (TSJ):    0.050ns
    Discrete Jitter          (DJ):    0.182ns
    Phase Error              (PE):    0.104ns

    Location             Delay type                Incr(ns)  Path(ns)    Netlist Resource(s)
  -------------------------------------------------------------------    -------------------
                         (clock clk_25_clkDVIprescaler rise edge)
                                                      0.000     0.000 r  
    W5                                                0.000     0.000 r  clk100 (IN)
                         net (fo=0)                   0.000     0.000    prescaler_instance/inst/clk_100
    W5                   IBUF (Prop_ibuf_I_O)         1.458     1.458 r  prescaler_instance/inst/clkin1_ibufg/O
                         net (fo=1, routed)           1.233     2.691    prescaler_instance/inst/clk_100_clkDVIprescaler
    MMCME2_ADV_X1Y0      MMCME2_ADV (Prop_mmcme2_adv_CLKIN1_CLKOUT0)
                                                     -6.961    -4.269 r  prescaler_instance/inst/mmcm_adv_inst/CLKOUT0
                         net (fo=1, routed)           1.661    -2.608    prescaler_instance/inst/clk_25_clkDVIprescaler
    BUFGCTRL_X0Y0        BUFG (Prop_bufg_I_O)         0.096    -2.512 r  prescaler_instance/inst/clkout1_buf/O
                         net (fo=153, routed)         1.553    -0.959    pixel_gen_inst/clk_25
    SLICE_X44Y60         FDRE                                         r  pixel_gen_inst/PixelAan_reg/C
  -------------------------------------------------------------------    -------------------
    SLICE_X44Y60         FDRE (Prop_fdre_C_Q)         0.456    -0.503 r  pixel_gen_inst/PixelAan_reg/Q
                         net (fo=12, routed)          0.829     0.326    pixel_gen_inst/PixelAan
    SLICE_X44Y64         LUT2 (Prop_lut2_I0_O)        0.152     0.478 r  pixel_gen_inst/rgb_OBUF[7]_inst_i_1/O
                         net (fo=1, routed)           4.612     5.090    rgb_OBUF[7]
    B15                  OBUF (Prop_obuf_I_O)         3.733     8.822 r  rgb_OBUF[7]_inst/O
                         net (fo=0)                   0.000     8.822    rgb[7]
    B15                                                               r  rgb[7] (OUT)
  -------------------------------------------------------------------    -------------------

Slack:                    inf
  Source:                 pixel_gen_inst/PixelAan_reg/C
                            (rising edge-triggered cell FDRE clocked by clk_25_clkDVIprescaler  {rise@0.000ns fall@20.000ns period=40.000ns})
  Destination:            rgb[1]
                            (output port)
  Path Group:             (none)
  Path Type:              Max at Slow Process Corner
  Data Path Delay:        9.614ns  (logic 4.320ns (44.934%)  route 5.294ns (55.066%))
  Logic Levels:           2  (LUT2=1 OBUF=1)
  Clock Uncertainty:      0.199ns  ((TSJ^2 + DJ^2)^1/2) / 2 + PE
    Total System Jitter     (TSJ):    0.050ns
    Discrete Jitter          (DJ):    0.182ns
    Phase Error              (PE):    0.104ns

    Location             Delay type                Incr(ns)  Path(ns)    Netlist Resource(s)
  -------------------------------------------------------------------    -------------------
                         (clock clk_25_clkDVIprescaler rise edge)
                                                      0.000     0.000 r  
    W5                                                0.000     0.000 r  clk100 (IN)
                         net (fo=0)                   0.000     0.000    prescaler_instance/inst/clk_100
    W5                   IBUF (Prop_ibuf_I_O)         1.458     1.458 r  prescaler_instance/inst/clkin1_ibufg/O
                         net (fo=1, routed)           1.233     2.691    prescaler_instance/inst/clk_100_clkDVIprescaler
    MMCME2_ADV_X1Y0      MMCME2_ADV (Prop_mmcme2_adv_CLKIN1_CLKOUT0)
                                                     -6.961    -4.269 r  prescaler_instance/inst/mmcm_adv_inst/CLKOUT0
                         net (fo=1, routed)           1.661    -2.608    prescaler_instance/inst/clk_25_clkDVIprescaler
    BUFGCTRL_X0Y0        BUFG (Prop_bufg_I_O)         0.096    -2.512 r  prescaler_instance/inst/clkout1_buf/O
                         net (fo=153, routed)         1.553    -0.959    pixel_gen_inst/clk_25
    SLICE_X44Y60         FDRE                                         r  pixel_gen_inst/PixelAan_reg/C
  -------------------------------------------------------------------    -------------------
    SLICE_X44Y60         FDRE (Prop_fdre_C_Q)         0.456    -0.503 r  pixel_gen_inst/PixelAan_reg/Q
                         net (fo=12, routed)          0.828     0.325    pixel_gen_inst/PixelAan
    SLICE_X44Y63         LUT2 (Prop_lut2_I0_O)        0.150     0.475 r  pixel_gen_inst/rgb_OBUF[1]_inst_i_1/O
                         net (fo=1, routed)           4.466     4.941    rgb_OBUF[1]
    A16                  OBUF (Prop_obuf_I_O)         3.714     8.655 r  rgb_OBUF[1]_inst/O
                         net (fo=0)                   0.000     8.655    rgb[1]
    A16                                                               r  rgb[1] (OUT)
  -------------------------------------------------------------------    -------------------

Slack:                    inf
  Source:                 pixel_gen_inst/rgb_out_reg[5]/C
                            (rising edge-triggered cell FDRE clocked by clk_25_clkDVIprescaler  {rise@0.000ns fall@20.000ns period=40.000ns})
  Destination:            rgb[5]
                            (output port)
  Path Group:             (none)
  Path Type:              Max at Slow Process Corner
  Data Path Delay:        9.521ns  (logic 4.313ns (45.300%)  route 5.208ns (54.700%))
  Logic Levels:           2  (LUT2=1 OBUF=1)
  Clock Uncertainty:      0.199ns  ((TSJ^2 + DJ^2)^1/2) / 2 + PE
    Total System Jitter     (TSJ):    0.050ns
    Discrete Jitter          (DJ):    0.182ns
    Phase Error              (PE):    0.104ns

    Location             Delay type                Incr(ns)  Path(ns)    Netlist Resource(s)
  -------------------------------------------------------------------    -------------------
                         (clock clk_25_clkDVIprescaler rise edge)
                                                      0.000     0.000 r  
    W5                                                0.000     0.000 r  clk100 (IN)
                         net (fo=0)                   0.000     0.000    prescaler_instance/inst/clk_100
    W5                   IBUF (Prop_ibuf_I_O)         1.458     1.458 r  prescaler_instance/inst/clkin1_ibufg/O
                         net (fo=1, routed)           1.233     2.691    prescaler_instance/inst/clk_100_clkDVIprescaler
    MMCME2_ADV_X1Y0      MMCME2_ADV (Prop_mmcme2_adv_CLKIN1_CLKOUT0)
                                                     -6.961    -4.269 r  prescaler_instance/inst/mmcm_adv_inst/CLKOUT0
                         net (fo=1, routed)           1.661    -2.608    prescaler_instance/inst/clk_25_clkDVIprescaler
    BUFGCTRL_X0Y0        BUFG (Prop_bufg_I_O)         0.096    -2.512 r  prescaler_instance/inst/clkout1_buf/O
                         net (fo=153, routed)         1.552    -0.960    pixel_gen_inst/clk_25
    SLICE_X44Y61         FDRE                                         r  pixel_gen_inst/rgb_out_reg[5]/C
  -------------------------------------------------------------------    -------------------
    SLICE_X44Y61         FDRE (Prop_fdre_C_Q)         0.456    -0.504 r  pixel_gen_inst/rgb_out_reg[5]/Q
                         net (fo=1, routed)           0.800     0.296    pixel_gen_inst/rgb_out[5]
    SLICE_X44Y62         LUT2 (Prop_lut2_I1_O)        0.152     0.448 r  pixel_gen_inst/rgb_OBUF[5]_inst_i_1/O
                         net (fo=1, routed)           4.408     4.856    rgb_OBUF[5]
    B16                  OBUF (Prop_obuf_I_O)         3.705     8.561 r  rgb_OBUF[5]_inst/O
                         net (fo=0)                   0.000     8.561    rgb[5]
    B16                                                               r  rgb[5] (OUT)
  -------------------------------------------------------------------    -------------------

Slack:                    inf
  Source:                 pixel_gen_inst/PixelAan_reg/C
                            (rising edge-triggered cell FDRE clocked by clk_25_clkDVIprescaler  {rise@0.000ns fall@20.000ns period=40.000ns})
  Destination:            rgb[6]
                            (output port)
  Path Group:             (none)
  Path Type:              Max at Slow Process Corner
  Data Path Delay:        9.334ns  (logic 4.085ns (43.763%)  route 5.249ns (56.237%))
  Logic Levels:           2  (LUT2=1 OBUF=1)
  Clock Uncertainty:      0.199ns  ((TSJ^2 + DJ^2)^1/2) / 2 + PE
    Total System Jitter     (TSJ):    0.050ns
    Discrete Jitter          (DJ):    0.182ns
    Phase Error              (PE):    0.104ns

    Location             Delay type                Incr(ns)  Path(ns)    Netlist Resource(s)
  -------------------------------------------------------------------    -------------------
                         (clock clk_25_clkDVIprescaler rise edge)
                                                      0.000     0.000 r  
    W5                                                0.000     0.000 r  clk100 (IN)
                         net (fo=0)                   0.000     0.000    prescaler_instance/inst/clk_100
    W5                   IBUF (Prop_ibuf_I_O)         1.458     1.458 r  prescaler_instance/inst/clkin1_ibufg/O
                         net (fo=1, routed)           1.233     2.691    prescaler_instance/inst/clk_100_clkDVIprescaler
    MMCME2_ADV_X1Y0      MMCME2_ADV (Prop_mmcme2_adv_CLKIN1_CLKOUT0)
                                                     -6.961    -4.269 r  prescaler_instance/inst/mmcm_adv_inst/CLKOUT0
                         net (fo=1, routed)           1.661    -2.608    prescaler_instance/inst/clk_25_clkDVIprescaler
    BUFGCTRL_X0Y0        BUFG (Prop_bufg_I_O)         0.096    -2.512 r  prescaler_instance/inst/clkout1_buf/O
                         net (fo=153, routed)         1.553    -0.959    pixel_gen_inst/clk_25
    SLICE_X44Y60         FDRE                                         r  pixel_gen_inst/PixelAan_reg/C
  -------------------------------------------------------------------    -------------------
    SLICE_X44Y60         FDRE (Prop_fdre_C_Q)         0.456    -0.503 r  pixel_gen_inst/PixelAan_reg/Q
                         net (fo=12, routed)          0.829     0.326    pixel_gen_inst/PixelAan
    SLICE_X44Y64         LUT2 (Prop_lut2_I0_O)        0.124     0.450 r  pixel_gen_inst/rgb_OBUF[6]_inst_i_1/O
                         net (fo=1, routed)           4.420     4.870    rgb_OBUF[6]
    C15                  OBUF (Prop_obuf_I_O)         3.505     8.375 r  rgb_OBUF[6]_inst/O
                         net (fo=0)                   0.000     8.375    rgb[6]
    C15                                                               r  rgb[6] (OUT)
  -------------------------------------------------------------------    -------------------

Slack:                    inf
  Source:                 pixel_gen_inst/PixelAan_reg/C
                            (rising edge-triggered cell FDRE clocked by clk_25_clkDVIprescaler  {rise@0.000ns fall@20.000ns period=40.000ns})
  Destination:            rgb[0]
                            (output port)
  Path Group:             (none)
  Path Type:              Max at Slow Process Corner
  Data Path Delay:        9.252ns  (logic 4.088ns (44.184%)  route 5.164ns (55.816%))
  Logic Levels:           2  (LUT2=1 OBUF=1)
  Clock Uncertainty:      0.199ns  ((TSJ^2 + DJ^2)^1/2) / 2 + PE
    Total System Jitter     (TSJ):    0.050ns
    Discrete Jitter          (DJ):    0.182ns
    Phase Error              (PE):    0.104ns

    Location             Delay type                Incr(ns)  Path(ns)    Netlist Resource(s)
  -------------------------------------------------------------------    -------------------
                         (clock clk_25_clkDVIprescaler rise edge)
                                                      0.000     0.000 r  
    W5                                                0.000     0.000 r  clk100 (IN)
                         net (fo=0)                   0.000     0.000    prescaler_instance/inst/clk_100
    W5                   IBUF (Prop_ibuf_I_O)         1.458     1.458 r  prescaler_instance/inst/clkin1_ibufg/O
                         net (fo=1, routed)           1.233     2.691    prescaler_instance/inst/clk_100_clkDVIprescaler
    MMCME2_ADV_X1Y0      MMCME2_ADV (Prop_mmcme2_adv_CLKIN1_CLKOUT0)
                                                     -6.961    -4.269 r  prescaler_instance/inst/mmcm_adv_inst/CLKOUT0
                         net (fo=1, routed)           1.661    -2.608    prescaler_instance/inst/clk_25_clkDVIprescaler
    BUFGCTRL_X0Y0        BUFG (Prop_bufg_I_O)         0.096    -2.512 r  prescaler_instance/inst/clkout1_buf/O
                         net (fo=153, routed)         1.553    -0.959    pixel_gen_inst/clk_25
    SLICE_X44Y60         FDRE                                         r  pixel_gen_inst/PixelAan_reg/C
  -------------------------------------------------------------------    -------------------
    SLICE_X44Y60         FDRE (Prop_fdre_C_Q)         0.456    -0.503 r  pixel_gen_inst/PixelAan_reg/Q
                         net (fo=12, routed)          0.828     0.325    pixel_gen_inst/PixelAan
    SLICE_X44Y63         LUT2 (Prop_lut2_I0_O)        0.124     0.449 r  pixel_gen_inst/rgb_OBUF[0]_inst_i_1/O
                         net (fo=1, routed)           4.337     4.785    rgb_OBUF[0]
    A17                  OBUF (Prop_obuf_I_O)         3.508     8.293 r  rgb_OBUF[0]_inst/O
                         net (fo=0)                   0.000     8.293    rgb[0]
    A17                                                               r  rgb[0] (OUT)
  -------------------------------------------------------------------    -------------------

Slack:                    inf
  Source:                 pixel_gen_inst/PixelAan_reg/C
                            (rising edge-triggered cell FDRE clocked by clk_25_clkDVIprescaler  {rise@0.000ns fall@20.000ns period=40.000ns})
  Destination:            rgb[4]
                            (output port)
  Path Group:             (none)
  Path Type:              Max at Slow Process Corner
  Data Path Delay:        9.067ns  (logic 4.072ns (44.914%)  route 4.995ns (55.086%))
  Logic Levels:           2  (LUT2=1 OBUF=1)
  Clock Uncertainty:      0.199ns  ((TSJ^2 + DJ^2)^1/2) / 2 + PE
    Total System Jitter     (TSJ):    0.050ns
    Discrete Jitter          (DJ):    0.182ns
    Phase Error              (PE):    0.104ns

    Location             Delay type                Incr(ns)  Path(ns)    Netlist Resource(s)
  -------------------------------------------------------------------    -------------------
                         (clock clk_25_clkDVIprescaler rise edge)
                                                      0.000     0.000 r  
    W5                                                0.000     0.000 r  clk100 (IN)
                         net (fo=0)                   0.000     0.000    prescaler_instance/inst/clk_100
    W5                   IBUF (Prop_ibuf_I_O)         1.458     1.458 r  prescaler_instance/inst/clkin1_ibufg/O
                         net (fo=1, routed)           1.233     2.691    prescaler_instance/inst/clk_100_clkDVIprescaler
    MMCME2_ADV_X1Y0      MMCME2_ADV (Prop_mmcme2_adv_CLKIN1_CLKOUT0)
                                                     -6.961    -4.269 r  prescaler_instance/inst/mmcm_adv_inst/CLKOUT0
                         net (fo=1, routed)           1.661    -2.608    prescaler_instance/inst/clk_25_clkDVIprescaler
    BUFGCTRL_X0Y0        BUFG (Prop_bufg_I_O)         0.096    -2.512 r  prescaler_instance/inst/clkout1_buf/O
                         net (fo=153, routed)         1.553    -0.959    pixel_gen_inst/clk_25
    SLICE_X44Y60         FDRE                                         r  pixel_gen_inst/PixelAan_reg/C
  -------------------------------------------------------------------    -------------------
    SLICE_X44Y60         FDRE (Prop_fdre_C_Q)         0.456    -0.503 r  pixel_gen_inst/PixelAan_reg/Q
                         net (fo=12, routed)          0.686     0.184    pixel_gen_inst/PixelAan
    SLICE_X44Y62         LUT2 (Prop_lut2_I0_O)        0.124     0.308 r  pixel_gen_inst/rgb_OBUF[4]_inst_i_1/O
                         net (fo=1, routed)           4.308     4.616    rgb_OBUF[4]
    C16                  OBUF (Prop_obuf_I_O)         3.492     8.108 r  rgb_OBUF[4]_inst/O
                         net (fo=0)                   0.000     8.108    rgb[4]
    C16                                                               r  rgb[4] (OUT)
  -------------------------------------------------------------------    -------------------

Slack:                    inf
  Source:                 pixel_gen_inst/rgb_out_reg[11]/C
                            (rising edge-triggered cell FDRE clocked by clk_25_clkDVIprescaler  {rise@0.000ns fall@20.000ns period=40.000ns})
  Destination:            rgb[11]
                            (output port)
  Path Group:             (none)
  Path Type:              Max at Slow Process Corner
  Data Path Delay:        8.784ns  (logic 4.347ns (49.484%)  route 4.438ns (50.516%))
  Logic Levels:           2  (LUT2=1 OBUF=1)
  Clock Uncertainty:      0.199ns  ((TSJ^2 + DJ^2)^1/2) / 2 + PE
    Total System Jitter     (TSJ):    0.050ns
    Discrete Jitter          (DJ):    0.182ns
    Phase Error              (PE):    0.104ns

    Location             Delay type                Incr(ns)  Path(ns)    Netlist Resource(s)
  -------------------------------------------------------------------    -------------------
                         (clock clk_25_clkDVIprescaler rise edge)
                                                      0.000     0.000 r  
    W5                                                0.000     0.000 r  clk100 (IN)
                         net (fo=0)                   0.000     0.000    prescaler_instance/inst/clk_100
    W5                   IBUF (Prop_ibuf_I_O)         1.458     1.458 r  prescaler_instance/inst/clkin1_ibufg/O
                         net (fo=1, routed)           1.233     2.691    prescaler_instance/inst/clk_100_clkDVIprescaler
    MMCME2_ADV_X1Y0      MMCME2_ADV (Prop_mmcme2_adv_CLKIN1_CLKOUT0)
                                                     -6.961    -4.269 r  prescaler_instance/inst/mmcm_adv_inst/CLKOUT0
                         net (fo=1, routed)           1.661    -2.608    prescaler_instance/inst/clk_25_clkDVIprescaler
    BUFGCTRL_X0Y0        BUFG (Prop_bufg_I_O)         0.096    -2.512 r  prescaler_instance/inst/clkout1_buf/O
                         net (fo=153, routed)         1.554    -0.958    pixel_gen_inst/clk_25
    SLICE_X44Y57         FDRE                                         r  pixel_gen_inst/rgb_out_reg[11]/C
  -------------------------------------------------------------------    -------------------
    SLICE_X44Y57         FDRE (Prop_fdre_C_Q)         0.456    -0.502 r  pixel_gen_inst/rgb_out_reg[11]/Q
                         net (fo=1, routed)           0.804     0.302    pixel_gen_inst/rgb_out[11]
    SLICE_X44Y55         LUT2 (Prop_lut2_I1_O)        0.152     0.454 r  pixel_gen_inst/rgb_OBUF[11]_inst_i_1/O
                         net (fo=1, routed)           3.634     4.088    rgb_OBUF[11]
    K17                  OBUF (Prop_obuf_I_O)         3.739     7.826 r  rgb_OBUF[11]_inst/O
                         net (fo=0)                   0.000     7.826    rgb[11]
    K17                                                               r  rgb[11] (OUT)
  -------------------------------------------------------------------    -------------------





Min Delay Paths
--------------------------------------------------------------------------------------
Slack:                    inf
  Source:                 prescaler_instance/inst/mmcm_adv_inst/CLKOUT0
                            (clock source 'clk_25_clkDVIprescaler'  {rise@0.000ns fall@20.000ns period=40.000ns})
  Destination:            clk_out
                            (output port)
  Path Group:             (none)
  Path Type:              Min at Fast Process Corner
  Data Path Delay:        2.460ns  (logic 1.235ns (50.196%)  route 1.225ns (49.804%))
  Logic Levels:           2  (BUFG=1 OBUF=1)
  Clock Uncertainty:      0.199ns  ((TSJ^2 + DJ^2)^1/2) / 2 + PE
    Total System Jitter     (TSJ):    0.050ns
    Discrete Jitter          (DJ):    0.182ns
    Phase Error              (PE):    0.104ns

    Location             Delay type                Incr(ns)  Path(ns)    Netlist Resource(s)
  -------------------------------------------------------------------    -------------------
                         (clock clk_25_clkDVIprescaler rise edge)
                                                      0.000     0.000 r  
    W5                                                0.000     0.000 r  clk100 (IN)
                         net (fo=0)                   0.000     0.000    prescaler_instance/inst/clk_100
    W5                   IBUF (Prop_ibuf_I_O)         0.226     0.226 r  prescaler_instance/inst/clkin1_ibufg/O
                         net (fo=1, routed)           0.440     0.667    prescaler_instance/inst/clk_100_clkDVIprescaler
  -------------------------------------------------------------------    -------------------
    MMCME2_ADV_X1Y0      MMCME2_ADV (Prop_mmcme2_adv_CLKIN1_CLKOUT0)
                                                     -2.360    -1.693 r  prescaler_instance/inst/mmcm_adv_inst/CLKOUT0
                         net (fo=1, routed)           0.486    -1.207    prescaler_instance/inst/clk_25_clkDVIprescaler
    BUFGCTRL_X0Y0        BUFG (Prop_bufg_I_O)         0.026    -1.181 r  prescaler_instance/inst/clkout1_buf/O
                         net (fo=153, routed)         0.739    -0.442    clk_out_OBUF
    M18                  OBUF (Prop_obuf_I_O)         1.209     0.767 r  clk_out_OBUF_inst/O
                         net (fo=0)                   0.000     0.767    clk_out
    M18                                                               r  clk_out (OUT)
  -------------------------------------------------------------------    -------------------

Slack:                    inf
  Source:                 dvi_driver_inst/vsync_internal_reg/C
                            (rising edge-triggered cell FDRE clocked by clk_25_clkDVIprescaler  {rise@0.000ns fall@20.000ns period=40.000ns})
  Destination:            vsync
                            (output port)
  Path Group:             (none)
  Path Type:              Min at Fast Process Corner
  Data Path Delay:        2.390ns  (logic 1.343ns (56.171%)  route 1.048ns (43.829%))
  Logic Levels:           1  (OBUF=1)
  Clock Uncertainty:      0.199ns  ((TSJ^2 + DJ^2)^1/2) / 2 + PE
    Total System Jitter     (TSJ):    0.050ns
    Discrete Jitter          (DJ):    0.182ns
    Phase Error              (PE):    0.104ns

    Location             Delay type                Incr(ns)  Path(ns)    Netlist Resource(s)
  -------------------------------------------------------------------    -------------------
                         (clock clk_25_clkDVIprescaler rise edge)
                                                      0.000     0.000 r  
    W5                                                0.000     0.000 r  clk100 (IN)
                         net (fo=0)                   0.000     0.000    prescaler_instance/inst/clk_100
    W5                   IBUF (Prop_ibuf_I_O)         0.226     0.226 r  prescaler_instance/inst/clkin1_ibufg/O
                         net (fo=1, routed)           0.440     0.667    prescaler_instance/inst/clk_100_clkDVIprescaler
    MMCME2_ADV_X1Y0      MMCME2_ADV (Prop_mmcme2_adv_CLKIN1_CLKOUT0)
                                                     -2.360    -1.693 r  prescaler_instance/inst/mmcm_adv_inst/CLKOUT0
                         net (fo=1, routed)           0.486    -1.207    prescaler_instance/inst/clk_25_clkDVIprescaler
    BUFGCTRL_X0Y0        BUFG (Prop_bufg_I_O)         0.026    -1.181 r  prescaler_instance/inst/clkout1_buf/O
                         net (fo=153, routed)         0.558    -0.623    dvi_driver_inst/clk_25
    SLICE_X29Y62         FDRE                                         r  dvi_driver_inst/vsync_internal_reg/C
  -------------------------------------------------------------------    -------------------
    SLICE_X29Y62         FDRE (Prop_fdre_C_Q)         0.141    -0.482 r  dvi_driver_inst/vsync_internal_reg/Q
                         net (fo=1, routed)           1.048     0.565    vsync_OBUF
    R18                  OBUF (Prop_obuf_I_O)         1.202     1.767 r  vsync_OBUF_inst/O
                         net (fo=0)                   0.000     1.767    vsync
    R18                                                               r  vsync (OUT)
  -------------------------------------------------------------------    -------------------

Slack:                    inf
  Source:                 dvi_driver_inst/DE_internal_reg/C
                            (rising edge-triggered cell FDRE clocked by clk_25_clkDVIprescaler  {rise@0.000ns fall@20.000ns period=40.000ns})
  Destination:            DE
                            (output port)
  Path Group:             (none)
  Path Type:              Min at Fast Process Corner
  Data Path Delay:        2.567ns  (logic 1.339ns (52.167%)  route 1.228ns (47.833%))
  Logic Levels:           1  (OBUF=1)
  Clock Uncertainty:      0.199ns  ((TSJ^2 + DJ^2)^1/2) / 2 + PE
    Total System Jitter     (TSJ):    0.050ns
    Discrete Jitter          (DJ):    0.182ns
    Phase Error              (PE):    0.104ns

    Location             Delay type                Incr(ns)  Path(ns)    Netlist Resource(s)
  -------------------------------------------------------------------    -------------------
                         (clock clk_25_clkDVIprescaler rise edge)
                                                      0.000     0.000 r  
    W5                                                0.000     0.000 r  clk100 (IN)
                         net (fo=0)                   0.000     0.000    prescaler_instance/inst/clk_100
    W5                   IBUF (Prop_ibuf_I_O)         0.226     0.226 r  prescaler_instance/inst/clkin1_ibufg/O
                         net (fo=1, routed)           0.440     0.667    prescaler_instance/inst/clk_100_clkDVIprescaler
    MMCME2_ADV_X1Y0      MMCME2_ADV (Prop_mmcme2_adv_CLKIN1_CLKOUT0)
                                                     -2.360    -1.693 r  prescaler_instance/inst/mmcm_adv_inst/CLKOUT0
                         net (fo=1, routed)           0.486    -1.207    prescaler_instance/inst/clk_25_clkDVIprescaler
    BUFGCTRL_X0Y0        BUFG (Prop_bufg_I_O)         0.026    -1.181 r  prescaler_instance/inst/clkout1_buf/O
                         net (fo=153, routed)         0.557    -0.624    dvi_driver_inst/clk_25
    SLICE_X32Y64         FDRE                                         r  dvi_driver_inst/DE_internal_reg/C
  -------------------------------------------------------------------    -------------------
    SLICE_X32Y64         FDRE (Prop_fdre_C_Q)         0.141    -0.483 r  dvi_driver_inst/DE_internal_reg/Q
                         net (fo=1, routed)           1.228     0.744    DE_OBUF
    P17                  OBUF (Prop_obuf_I_O)         1.198     1.942 r  DE_OBUF_inst/O
                         net (fo=0)                   0.000     1.942    DE
    P17                                                               r  DE (OUT)
  -------------------------------------------------------------------    -------------------

Slack:                    inf
  Source:                 dvi_driver_inst/hsync_internal_reg/C
                            (rising edge-triggered cell FDRE clocked by clk_25_clkDVIprescaler  {rise@0.000ns fall@20.000ns period=40.000ns})
  Destination:            hsync
                            (output port)
  Path Group:             (none)
  Path Type:              Min at Fast Process Corner
  Data Path Delay:        2.711ns  (logic 1.356ns (50.025%)  route 1.355ns (49.975%))
  Logic Levels:           1  (OBUF=1)
  Clock Uncertainty:      0.199ns  ((TSJ^2 + DJ^2)^1/2) / 2 + PE
    Total System Jitter     (TSJ):    0.050ns
    Discrete Jitter          (DJ):    0.182ns
    Phase Error              (PE):    0.104ns

    Location             Delay type                Incr(ns)  Path(ns)    Netlist Resource(s)
  -------------------------------------------------------------------    -------------------
                         (clock clk_25_clkDVIprescaler rise edge)
                                                      0.000     0.000 r  
    W5                                                0.000     0.000 r  clk100 (IN)
                         net (fo=0)                   0.000     0.000    prescaler_instance/inst/clk_100
    W5                   IBUF (Prop_ibuf_I_O)         0.226     0.226 r  prescaler_instance/inst/clkin1_ibufg/O
                         net (fo=1, routed)           0.440     0.667    prescaler_instance/inst/clk_100_clkDVIprescaler
    MMCME2_ADV_X1Y0      MMCME2_ADV (Prop_mmcme2_adv_CLKIN1_CLKOUT0)
                                                     -2.360    -1.693 r  prescaler_instance/inst/mmcm_adv_inst/CLKOUT0
                         net (fo=1, routed)           0.486    -1.207    prescaler_instance/inst/clk_25_clkDVIprescaler
    BUFGCTRL_X0Y0        BUFG (Prop_bufg_I_O)         0.026    -1.181 r  prescaler_instance/inst/clkout1_buf/O
                         net (fo=153, routed)         0.558    -0.623    dvi_driver_inst/clk_25
    SLICE_X28Y62         FDRE                                         r  dvi_driver_inst/hsync_internal_reg/C
  -------------------------------------------------------------------    -------------------
    SLICE_X28Y62         FDRE (Prop_fdre_C_Q)         0.141    -0.482 r  dvi_driver_inst/hsync_internal_reg/Q
                         net (fo=1, routed)           1.355     0.872    hsync_OBUF
    P18                  OBUF (Prop_obuf_I_O)         1.215     2.087 r  hsync_OBUF_inst/O
                         net (fo=0)                   0.000     2.087    hsync
    P18                                                               r  hsync (OUT)
  -------------------------------------------------------------------    -------------------

Slack:                    inf
  Source:                 pixel_gen_inst/rgb_out_reg[9]/C
                            (rising edge-triggered cell FDRE clocked by clk_25_clkDVIprescaler  {rise@0.000ns fall@20.000ns period=40.000ns})
  Destination:            rgb[9]
                            (output port)
  Path Group:             (none)
  Path Type:              Min at Fast Process Corner
  Data Path Delay:        2.718ns  (logic 1.471ns (54.126%)  route 1.247ns (45.874%))
  Logic Levels:           2  (LUT2=1 OBUF=1)
  Clock Uncertainty:      0.199ns  ((TSJ^2 + DJ^2)^1/2) / 2 + PE
    Total System Jitter     (TSJ):    0.050ns
    Discrete Jitter          (DJ):    0.182ns
    Phase Error              (PE):    0.104ns

    Location             Delay type                Incr(ns)  Path(ns)    Netlist Resource(s)
  -------------------------------------------------------------------    -------------------
                         (clock clk_25_clkDVIprescaler rise edge)
                                                      0.000     0.000 r  
    W5                                                0.000     0.000 r  clk100 (IN)
                         net (fo=0)                   0.000     0.000    prescaler_instance/inst/clk_100
    W5                   IBUF (Prop_ibuf_I_O)         0.226     0.226 r  prescaler_instance/inst/clkin1_ibufg/O
                         net (fo=1, routed)           0.440     0.667    prescaler_instance/inst/clk_100_clkDVIprescaler
    MMCME2_ADV_X1Y0      MMCME2_ADV (Prop_mmcme2_adv_CLKIN1_CLKOUT0)
                                                     -2.360    -1.693 r  prescaler_instance/inst/mmcm_adv_inst/CLKOUT0
                         net (fo=1, routed)           0.486    -1.207    prescaler_instance/inst/clk_25_clkDVIprescaler
    BUFGCTRL_X0Y0        BUFG (Prop_bufg_I_O)         0.026    -1.181 r  prescaler_instance/inst/clkout1_buf/O
                         net (fo=153, routed)         0.562    -0.619    pixel_gen_inst/clk_25
    SLICE_X44Y55         FDRE                                         r  pixel_gen_inst/rgb_out_reg[9]/C
  -------------------------------------------------------------------    -------------------
    SLICE_X44Y55         FDRE (Prop_fdre_C_Q)         0.141    -0.478 r  pixel_gen_inst/rgb_out_reg[9]/Q
                         net (fo=1, routed)           0.221    -0.257    pixel_gen_inst/rgb_out[9]
    SLICE_X44Y55         LUT2 (Prop_lut2_I1_O)        0.043    -0.214 r  pixel_gen_inst/rgb_OBUF[9]_inst_i_1/O
                         net (fo=1, routed)           1.025     0.811    rgb_OBUF[9]
    M19                  OBUF (Prop_obuf_I_O)         1.287     2.098 r  rgb_OBUF[9]_inst/O
                         net (fo=0)                   0.000     2.098    rgb[9]
    M19                                                               r  rgb[9] (OUT)
  -------------------------------------------------------------------    -------------------

Slack:                    inf
  Source:                 pixel_gen_inst/rgb_out_reg[10]/C
                            (rising edge-triggered cell FDRE clocked by clk_25_clkDVIprescaler  {rise@0.000ns fall@20.000ns period=40.000ns})
  Destination:            rgb[10]
                            (output port)
  Path Group:             (none)
  Path Type:              Min at Fast Process Corner
  Data Path Delay:        2.858ns  (logic 1.418ns (49.603%)  route 1.440ns (50.397%))
  Logic Levels:           2  (LUT2=1 OBUF=1)
  Clock Uncertainty:      0.199ns  ((TSJ^2 + DJ^2)^1/2) / 2 + PE
    Total System Jitter     (TSJ):    0.050ns
    Discrete Jitter          (DJ):    0.182ns
    Phase Error              (PE):    0.104ns

    Location             Delay type                Incr(ns)  Path(ns)    Netlist Resource(s)
  -------------------------------------------------------------------    -------------------
                         (clock clk_25_clkDVIprescaler rise edge)
                                                      0.000     0.000 r  
    W5                                                0.000     0.000 r  clk100 (IN)
                         net (fo=0)                   0.000     0.000    prescaler_instance/inst/clk_100
    W5                   IBUF (Prop_ibuf_I_O)         0.226     0.226 r  prescaler_instance/inst/clkin1_ibufg/O
                         net (fo=1, routed)           0.440     0.667    prescaler_instance/inst/clk_100_clkDVIprescaler
    MMCME2_ADV_X1Y0      MMCME2_ADV (Prop_mmcme2_adv_CLKIN1_CLKOUT0)
                                                     -2.360    -1.693 r  prescaler_instance/inst/mmcm_adv_inst/CLKOUT0
                         net (fo=1, routed)           0.486    -1.207    prescaler_instance/inst/clk_25_clkDVIprescaler
    BUFGCTRL_X0Y0        BUFG (Prop_bufg_I_O)         0.026    -1.181 r  prescaler_instance/inst/clkout1_buf/O
                         net (fo=153, routed)         0.562    -0.619    pixel_gen_inst/clk_25
    SLICE_X44Y55         FDRE                                         r  pixel_gen_inst/rgb_out_reg[10]/C
  -------------------------------------------------------------------    -------------------
    SLICE_X44Y55         FDRE (Prop_fdre_C_Q)         0.141    -0.478 r  pixel_gen_inst/rgb_out_reg[10]/Q
                         net (fo=1, routed)           0.173    -0.306    pixel_gen_inst/rgb_out[10]
    SLICE_X44Y55         LUT2 (Prop_lut2_I1_O)        0.045    -0.261 r  pixel_gen_inst/rgb_OBUF[10]_inst_i_1/O
                         net (fo=1, routed)           1.268     1.007    rgb_OBUF[10]
    L17                  OBUF (Prop_obuf_I_O)         1.232     2.239 r  rgb_OBUF[10]_inst/O
                         net (fo=0)                   0.000     2.239    rgb[10]
    L17                                                               r  rgb[10] (OUT)
  -------------------------------------------------------------------    -------------------

Slack:                    inf
  Source:                 pixel_gen_inst/rgb_out_reg[8]/C
                            (rising edge-triggered cell FDRE clocked by clk_25_clkDVIprescaler  {rise@0.000ns fall@20.000ns period=40.000ns})
  Destination:            rgb[8]
                            (output port)
  Path Group:             (none)
  Path Type:              Min at Fast Process Corner
  Data Path Delay:        2.923ns  (logic 1.380ns (47.201%)  route 1.543ns (52.799%))
  Logic Levels:           2  (LUT2=1 OBUF=1)
  Clock Uncertainty:      0.199ns  ((TSJ^2 + DJ^2)^1/2) / 2 + PE
    Total System Jitter     (TSJ):    0.050ns
    Discrete Jitter          (DJ):    0.182ns
    Phase Error              (PE):    0.104ns

    Location             Delay type                Incr(ns)  Path(ns)    Netlist Resource(s)
  -------------------------------------------------------------------    -------------------
                         (clock clk_25_clkDVIprescaler rise edge)
                                                      0.000     0.000 r  
    W5                                                0.000     0.000 r  clk100 (IN)
                         net (fo=0)                   0.000     0.000    prescaler_instance/inst/clk_100
    W5                   IBUF (Prop_ibuf_I_O)         0.226     0.226 r  prescaler_instance/inst/clkin1_ibufg/O
                         net (fo=1, routed)           0.440     0.667    prescaler_instance/inst/clk_100_clkDVIprescaler
    MMCME2_ADV_X1Y0      MMCME2_ADV (Prop_mmcme2_adv_CLKIN1_CLKOUT0)
                                                     -2.360    -1.693 r  prescaler_instance/inst/mmcm_adv_inst/CLKOUT0
                         net (fo=1, routed)           0.486    -1.207    prescaler_instance/inst/clk_25_clkDVIprescaler
    BUFGCTRL_X0Y0        BUFG (Prop_bufg_I_O)         0.026    -1.181 r  prescaler_instance/inst/clkout1_buf/O
                         net (fo=153, routed)         0.562    -0.619    pixel_gen_inst/clk_25
    SLICE_X44Y55         FDRE                                         r  pixel_gen_inst/rgb_out_reg[8]/C
  -------------------------------------------------------------------    -------------------
    SLICE_X44Y55         FDRE (Prop_fdre_C_Q)         0.141    -0.478 r  pixel_gen_inst/rgb_out_reg[8]/Q
                         net (fo=1, routed)           0.225    -0.254    pixel_gen_inst/rgb_out[8]
    SLICE_X44Y55         LUT2 (Prop_lut2_I1_O)        0.045    -0.209 r  pixel_gen_inst/rgb_OBUF[8]_inst_i_1/O
                         net (fo=1, routed)           1.319     1.110    rgb_OBUF[8]
    N17                  OBUF (Prop_obuf_I_O)         1.194     2.304 r  rgb_OBUF[8]_inst/O
                         net (fo=0)                   0.000     2.304    rgb[8]
    N17                                                               r  rgb[8] (OUT)
  -------------------------------------------------------------------    -------------------

Slack:                    inf
  Source:                 pixel_gen_inst/rgb_out_reg[0]/C
                            (rising edge-triggered cell FDRE clocked by clk_25_clkDVIprescaler  {rise@0.000ns fall@20.000ns period=40.000ns})
  Destination:            rgb[0]
                            (output port)
  Path Group:             (none)
  Path Type:              Min at Fast Process Corner
  Data Path Delay:        3.009ns  (logic 1.395ns (46.369%)  route 1.614ns (53.631%))
  Logic Levels:           2  (LUT2=1 OBUF=1)
  Clock Uncertainty:      0.199ns  ((TSJ^2 + DJ^2)^1/2) / 2 + PE
    Total System Jitter     (TSJ):    0.050ns
    Discrete Jitter          (DJ):    0.182ns
    Phase Error              (PE):    0.104ns

    Location             Delay type                Incr(ns)  Path(ns)    Netlist Resource(s)
  -------------------------------------------------------------------    -------------------
                         (clock clk_25_clkDVIprescaler rise edge)
                                                      0.000     0.000 r  
    W5                                                0.000     0.000 r  clk100 (IN)
                         net (fo=0)                   0.000     0.000    prescaler_instance/inst/clk_100
    W5                   IBUF (Prop_ibuf_I_O)         0.226     0.226 r  prescaler_instance/inst/clkin1_ibufg/O
                         net (fo=1, routed)           0.440     0.667    prescaler_instance/inst/clk_100_clkDVIprescaler
    MMCME2_ADV_X1Y0      MMCME2_ADV (Prop_mmcme2_adv_CLKIN1_CLKOUT0)
                                                     -2.360    -1.693 r  prescaler_instance/inst/mmcm_adv_inst/CLKOUT0
                         net (fo=1, routed)           0.486    -1.207    prescaler_instance/inst/clk_25_clkDVIprescaler
    BUFGCTRL_X0Y0        BUFG (Prop_bufg_I_O)         0.026    -1.181 r  prescaler_instance/inst/clkout1_buf/O
                         net (fo=153, routed)         0.558    -0.623    pixel_gen_inst/clk_25
    SLICE_X45Y63         FDRE                                         r  pixel_gen_inst/rgb_out_reg[0]/C
  -------------------------------------------------------------------    -------------------
    SLICE_X45Y63         FDRE (Prop_fdre_C_Q)         0.141    -0.482 r  pixel_gen_inst/rgb_out_reg[0]/Q
                         net (fo=1, routed)           0.097    -0.385    pixel_gen_inst/rgb_out[0]
    SLICE_X44Y63         LUT2 (Prop_lut2_I1_O)        0.045    -0.340 r  pixel_gen_inst/rgb_OBUF[0]_inst_i_1/O
                         net (fo=1, routed)           1.517     1.176    rgb_OBUF[0]
    A17                  OBUF (Prop_obuf_I_O)         1.209     2.385 r  rgb_OBUF[0]_inst/O
                         net (fo=0)                   0.000     2.385    rgb[0]
    A17                                                               r  rgb[0] (OUT)
  -------------------------------------------------------------------    -------------------

Slack:                    inf
  Source:                 pixel_gen_inst/rgb_out_reg[4]/C
                            (rising edge-triggered cell FDRE clocked by clk_25_clkDVIprescaler  {rise@0.000ns fall@20.000ns period=40.000ns})
  Destination:            rgb[4]
                            (output port)
  Path Group:             (none)
  Path Type:              Min at Fast Process Corner
  Data Path Delay:        3.024ns  (logic 1.379ns (45.616%)  route 1.645ns (54.383%))
  Logic Levels:           2  (LUT2=1 OBUF=1)
  Clock Uncertainty:      0.199ns  ((TSJ^2 + DJ^2)^1/2) / 2 + PE
    Total System Jitter     (TSJ):    0.050ns
    Discrete Jitter          (DJ):    0.182ns
    Phase Error              (PE):    0.104ns

    Location             Delay type                Incr(ns)  Path(ns)    Netlist Resource(s)
  -------------------------------------------------------------------    -------------------
                         (clock clk_25_clkDVIprescaler rise edge)
                                                      0.000     0.000 r  
    W5                                                0.000     0.000 r  clk100 (IN)
                         net (fo=0)                   0.000     0.000    prescaler_instance/inst/clk_100
    W5                   IBUF (Prop_ibuf_I_O)         0.226     0.226 r  prescaler_instance/inst/clkin1_ibufg/O
                         net (fo=1, routed)           0.440     0.667    prescaler_instance/inst/clk_100_clkDVIprescaler
    MMCME2_ADV_X1Y0      MMCME2_ADV (Prop_mmcme2_adv_CLKIN1_CLKOUT0)
                                                     -2.360    -1.693 r  prescaler_instance/inst/mmcm_adv_inst/CLKOUT0
                         net (fo=1, routed)           0.486    -1.207    prescaler_instance/inst/clk_25_clkDVIprescaler
    BUFGCTRL_X0Y0        BUFG (Prop_bufg_I_O)         0.026    -1.181 r  prescaler_instance/inst/clkout1_buf/O
                         net (fo=153, routed)         0.560    -0.621    pixel_gen_inst/clk_25
    SLICE_X44Y61         FDRE                                         r  pixel_gen_inst/rgb_out_reg[4]/C
  -------------------------------------------------------------------    -------------------
    SLICE_X44Y61         FDRE (Prop_fdre_C_Q)         0.141    -0.480 r  pixel_gen_inst/rgb_out_reg[4]/Q
                         net (fo=1, routed)           0.157    -0.324    pixel_gen_inst/rgb_out[4]
    SLICE_X44Y62         LUT2 (Prop_lut2_I1_O)        0.045    -0.279 r  pixel_gen_inst/rgb_OBUF[4]_inst_i_1/O
                         net (fo=1, routed)           1.488     1.209    rgb_OBUF[4]
    C16                  OBUF (Prop_obuf_I_O)         1.193     2.403 r  rgb_OBUF[4]_inst/O
                         net (fo=0)                   0.000     2.403    rgb[4]
    C16                                                               r  rgb[4] (OUT)
  -------------------------------------------------------------------    -------------------

Slack:                    inf
  Source:                 pixel_gen_inst/PixelAan_reg/C
                            (rising edge-triggered cell FDRE clocked by clk_25_clkDVIprescaler  {rise@0.000ns fall@20.000ns period=40.000ns})
  Destination:            rgb[11]
                            (output port)
  Path Group:             (none)
  Path Type:              Min at Fast Process Corner
  Data Path Delay:        3.027ns  (logic 1.489ns (49.186%)  route 1.538ns (50.814%))
  Logic Levels:           2  (LUT2=1 OBUF=1)
  Clock Uncertainty:      0.199ns  ((TSJ^2 + DJ^2)^1/2) / 2 + PE
    Total System Jitter     (TSJ):    0.050ns
    Discrete Jitter          (DJ):    0.182ns
    Phase Error              (PE):    0.104ns

    Location             Delay type                Incr(ns)  Path(ns)    Netlist Resource(s)
  -------------------------------------------------------------------    -------------------
                         (clock clk_25_clkDVIprescaler rise edge)
                                                      0.000     0.000 r  
    W5                                                0.000     0.000 r  clk100 (IN)
                         net (fo=0)                   0.000     0.000    prescaler_instance/inst/clk_100
    W5                   IBUF (Prop_ibuf_I_O)         0.226     0.226 r  prescaler_instance/inst/clkin1_ibufg/O
                         net (fo=1, routed)           0.440     0.667    prescaler_instance/inst/clk_100_clkDVIprescaler
    MMCME2_ADV_X1Y0      MMCME2_ADV (Prop_mmcme2_adv_CLKIN1_CLKOUT0)
                                                     -2.360    -1.693 r  prescaler_instance/inst/mmcm_adv_inst/CLKOUT0
                         net (fo=1, routed)           0.486    -1.207    prescaler_instance/inst/clk_25_clkDVIprescaler
    BUFGCTRL_X0Y0        BUFG (Prop_bufg_I_O)         0.026    -1.181 r  prescaler_instance/inst/clkout1_buf/O
                         net (fo=153, routed)         0.560    -0.621    pixel_gen_inst/clk_25
    SLICE_X44Y60         FDRE                                         r  pixel_gen_inst/PixelAan_reg/C
  -------------------------------------------------------------------    -------------------
    SLICE_X44Y60         FDRE (Prop_fdre_C_Q)         0.141    -0.480 r  pixel_gen_inst/PixelAan_reg/Q
                         net (fo=12, routed)          0.263    -0.217    pixel_gen_inst/PixelAan
    SLICE_X44Y55         LUT2 (Prop_lut2_I0_O)        0.048    -0.169 r  pixel_gen_inst/rgb_OBUF[11]_inst_i_1/O
                         net (fo=1, routed)           1.275     1.106    rgb_OBUF[11]
    K17                  OBUF (Prop_obuf_I_O)         1.300     2.405 r  rgb_OBUF[11]_inst/O
                         net (fo=0)                   0.000     2.405    rgb[11]
    K17                                                               r  rgb[11] (OUT)
  -------------------------------------------------------------------    -------------------





--------------------------------------------------------------------------------------
Path Group:  (none)
From Clock:  clkfbout_clkDVIprescaler
  To Clock:  

Max Delay             1 Endpoint
Min Delay             1 Endpoint
--------------------------------------------------------------------------------------


Max Delay Paths
--------------------------------------------------------------------------------------
Slack:                    inf
  Source:                 prescaler_instance/inst/mmcm_adv_inst/CLKFBOUT
                            (clock source 'clkfbout_clkDVIprescaler'  {rise@0.000ns fall@5.000ns period=10.000ns})
  Destination:            prescaler_instance/inst/mmcm_adv_inst/CLKFBIN
  Path Group:             (none)
  Path Type:              Max at Fast Process Corner
  Data Path Delay:        1.375ns  (logic 0.029ns (2.109%)  route 1.346ns (97.891%))
  Logic Levels:           1  (BUFG=1)
  Clock Uncertainty:      0.156ns  ((TSJ^2 + DJ^2)^1/2) / 2 + PE
    Total System Jitter     (TSJ):    0.050ns
    Discrete Jitter          (DJ):    0.090ns
    Phase Error              (PE):    0.104ns

    Location             Delay type                Incr(ns)  Path(ns)    Netlist Resource(s)
  -------------------------------------------------------------------    -------------------
                         (clock clkfbout_clkDVIprescaler fall edge)
                                                      5.000     5.000 f  
    W5                                                0.000     5.000 f  clk100 (IN)
                         net (fo=0)                   0.000     5.000    prescaler_instance/inst/clk_100
    W5                   IBUF (Prop_ibuf_I_O)         0.414     5.414 f  prescaler_instance/inst/clkin1_ibufg/O
                         net (fo=1, routed)           0.480     5.894    prescaler_instance/inst/clk_100_clkDVIprescaler
  -------------------------------------------------------------------    -------------------
    MMCME2_ADV_X1Y0      MMCME2_ADV (Prop_mmcme2_adv_CLKIN1_CLKFBOUT)
                                                     -3.142     2.752 f  prescaler_instance/inst/mmcm_adv_inst/CLKFBOUT
                         net (fo=1, routed)           0.530     3.282    prescaler_instance/inst/clkfbout_clkDVIprescaler
    BUFGCTRL_X0Y1        BUFG (Prop_bufg_I_O)         0.029     3.311 f  prescaler_instance/inst/clkf_buf/O
                         net (fo=1, routed)           0.817     4.127    prescaler_instance/inst/clkfbout_buf_clkDVIprescaler
    MMCME2_ADV_X1Y0      MMCME2_ADV                                   f  prescaler_instance/inst/mmcm_adv_inst/CLKFBIN
  -------------------------------------------------------------------    -------------------





Min Delay Paths
--------------------------------------------------------------------------------------
Slack:                    inf
  Source:                 prescaler_instance/inst/mmcm_adv_inst/CLKFBOUT
                            (clock source 'clkfbout_clkDVIprescaler'  {rise@0.000ns fall@5.000ns period=10.000ns})
  Destination:            prescaler_instance/inst/mmcm_adv_inst/CLKFBIN
  Path Group:             (none)
  Path Type:              Min at Slow Process Corner
  Data Path Delay:        3.129ns  (logic 0.091ns (2.908%)  route 3.038ns (97.092%))
  Logic Levels:           1  (BUFG=1)
  Clock Uncertainty:      0.156ns  ((TSJ^2 + DJ^2)^1/2) / 2 + PE
    Total System Jitter     (TSJ):    0.050ns
    Discrete Jitter          (DJ):    0.090ns
    Phase Error              (PE):    0.104ns

    Location             Delay type                Incr(ns)  Path(ns)    Netlist Resource(s)
  -------------------------------------------------------------------    -------------------
                         (clock clkfbout_clkDVIprescaler rise edge)
                                                      0.000     0.000 r  
    W5                                                0.000     0.000 r  clk100 (IN)
                         net (fo=0)                   0.000     0.000    prescaler_instance/inst/clk_100
    W5                   IBUF (Prop_ibuf_I_O)         1.388     1.388 r  prescaler_instance/inst/clkin1_ibufg/O
                         net (fo=1, routed)           1.162     2.550    prescaler_instance/inst/clk_100_clkDVIprescaler
  -------------------------------------------------------------------    -------------------
    MMCME2_ADV_X1Y0      MMCME2_ADV (Prop_mmcme2_adv_CLKIN1_CLKFBOUT)
                                                     -7.217    -4.668 r  prescaler_instance/inst/mmcm_adv_inst/CLKFBOUT
                         net (fo=1, routed)           1.581    -3.086    prescaler_instance/inst/clkfbout_clkDVIprescaler
    BUFGCTRL_X0Y1        BUFG (Prop_bufg_I_O)         0.091    -2.995 r  prescaler_instance/inst/clkf_buf/O
                         net (fo=1, routed)           1.457    -1.538    prescaler_instance/inst/clkfbout_buf_clkDVIprescaler
    MMCME2_ADV_X1Y0      MMCME2_ADV                                   r  prescaler_instance/inst/mmcm_adv_inst/CLKFBIN
  -------------------------------------------------------------------    -------------------





