Copyright 1986-2022 Xilinx, Inc. All Rights Reserved. Copyright 2022-2024 Advanced Micro Devices, Inc. All Rights Reserved.
------------------------------------------------------------------------------------------------------------------------------------------------------------------------------------------------------------------
| Tool Version : Vivado v.2024.1 (win64) Build 5076996 Wed May 22 18:37:14 MDT 2024
| Date         : Fri Mar 14 13:40:49 2025
| Host         : DESKTOP-H0VVJ00 running 64-bit major release  (build 9200)
| Command      : report_timing_summary -max_paths 10 -report_unconstrained -file DVI_Top_timing_summary_routed.rpt -pb DVI_Top_timing_summary_routed.pb -rpx DVI_Top_timing_summary_routed.rpx -warn_on_violation
| Design       : DVI_Top
| Device       : 7a35t-cpg236
| Speed File   : -1  PRODUCTION 1.23 2018-06-13
| Design State : Routed
------------------------------------------------------------------------------------------------------------------------------------------------------------------------------------------------------------------

Timing Summary Report

------------------------------------------------------------------------------------------------
| Timer Settings
| --------------
------------------------------------------------------------------------------------------------

  Enable Multi Corner Analysis               :  Yes
  Enable Pessimism Removal                   :  Yes
  Pessimism Removal Resolution               :  Nearest Common Node
  Enable Input Delay Default Clock           :  No
  Enable Preset / Clear Arcs                 :  No
  Disable Flight Delays                      :  No
  Ignore I/O Paths                           :  No
  Timing Early Launch at Borrowing Latches   :  No
  Borrow Time for Max Delay Exceptions       :  Yes
  Merge Timing Exceptions                    :  Yes
  Inter-SLR Compensation                     :  Conservative

  Corner  Analyze    Analyze    
  Name    Max Paths  Min Paths  
  ------  ---------  ---------  
  Slow    Yes        Yes        
  Fast    Yes        Yes        


------------------------------------------------------------------------------------------------
| Report Methodology
| ------------------
------------------------------------------------------------------------------------------------

No report available as report_methodology has not been run prior. Run report_methodology on the current design for the summary of methodology violations.



check_timing report

Table of Contents
-----------------
1. checking no_clock (0)
2. checking constant_clock (0)
3. checking pulse_width_clock (0)
4. checking unconstrained_internal_endpoints (0)
5. checking no_input_delay (0)
6. checking no_output_delay (15)
7. checking multiple_clock (0)
8. checking generated_clocks (0)
9. checking loops (0)
10. checking partial_input_delay (0)
11. checking partial_output_delay (0)
12. checking latch_loops (0)

1. checking no_clock (0)
------------------------
 There are 0 register/latch pins with no clock.


2. checking constant_clock (0)
------------------------------
 There are 0 register/latch pins with constant_clock.


3. checking pulse_width_clock (0)
---------------------------------
 There are 0 register/latch pins which need pulse_width check


4. checking unconstrained_internal_endpoints (0)
------------------------------------------------
 There are 0 pins that are not constrained for maximum delay.

 There are 0 pins that are not constrained for maximum delay due to constant clock.


5. checking no_input_delay (0)
------------------------------
 There are 0 input ports with no input delay specified.

 There are 0 input ports with no input delay but user has a false path constraint.


6. checking no_output_delay (15)
--------------------------------
 There are 15 ports with no output delay specified. (HIGH)

 There are 0 ports with no output delay but user has a false path constraint

 There are 0 ports with no output delay but with a timing clock defined on it or propagating through it


7. checking multiple_clock (0)
------------------------------
 There are 0 register/latch pins with multiple clocks.


8. checking generated_clocks (0)
--------------------------------
 There are 0 generated clocks that are not connected to a clock source.


9. checking loops (0)
---------------------
 There are 0 combinational loops in the design.


10. checking partial_input_delay (0)
------------------------------------
 There are 0 input ports with partial input delay specified.


11. checking partial_output_delay (0)
-------------------------------------
 There are 0 ports with partial output delay specified.


12. checking latch_loops (0)
----------------------------
 There are 0 combinational latch loops in the design through latch input



------------------------------------------------------------------------------------------------
| Design Timing Summary
| ---------------------
------------------------------------------------------------------------------------------------

    WNS(ns)      TNS(ns)  TNS Failing Endpoints  TNS Total Endpoints      WHS(ns)      THS(ns)  THS Failing Endpoints  THS Total Endpoints     WPWS(ns)     TPWS(ns)  TPWS Failing Endpoints  TPWS Total Endpoints  
    -------      -------  ---------------------  -------------------      -------      -------  ---------------------  -------------------     --------     --------  ----------------------  --------------------  
     33.061        0.000                      0                   55        0.204        0.000                      0                   55        3.000        0.000                       0                    41  


All user specified timing constraints are met.


------------------------------------------------------------------------------------------------
| Clock Summary
| -------------
------------------------------------------------------------------------------------------------

Clock                       Waveform(ns)       Period(ns)      Frequency(MHz)
-----                       ------------       ----------      --------------
clk100                      {0.000 5.000}      10.000          100.000         
  clk_25_clkDVIprescaler    {0.000 20.000}     40.000          25.000          
  clkfbout_clkDVIprescaler  {0.000 5.000}      10.000          100.000         


------------------------------------------------------------------------------------------------
| Intra Clock Table
| -----------------
------------------------------------------------------------------------------------------------

Clock                           WNS(ns)      TNS(ns)  TNS Failing Endpoints  TNS Total Endpoints      WHS(ns)      THS(ns)  THS Failing Endpoints  THS Total Endpoints     WPWS(ns)     TPWS(ns)  TPWS Failing Endpoints  TPWS Total Endpoints  
-----                           -------      -------  ---------------------  -------------------      -------      -------  ---------------------  -------------------     --------     --------  ----------------------  --------------------  
clk100                                                                                                                                                                        3.000        0.000                       0                     1  
  clk_25_clkDVIprescaler         33.061        0.000                      0                   55        0.204        0.000                      0                   55       19.500        0.000                       0                    37  
  clkfbout_clkDVIprescaler                                                                                                                                                    7.845        0.000                       0                     3  


------------------------------------------------------------------------------------------------
| Inter Clock Table
| -----------------
------------------------------------------------------------------------------------------------

From Clock    To Clock          WNS(ns)      TNS(ns)  TNS Failing Endpoints  TNS Total Endpoints      WHS(ns)      THS(ns)  THS Failing Endpoints  THS Total Endpoints  
----------    --------          -------      -------  ---------------------  -------------------      -------      -------  ---------------------  -------------------  


------------------------------------------------------------------------------------------------
| Other Path Groups Table
| -----------------------
------------------------------------------------------------------------------------------------

Path Group    From Clock    To Clock          WNS(ns)      TNS(ns)  TNS Failing Endpoints  TNS Total Endpoints      WHS(ns)      THS(ns)  THS Failing Endpoints  THS Total Endpoints  
----------    ----------    --------          -------      -------  ---------------------  -------------------      -------      -------  ---------------------  -------------------  


------------------------------------------------------------------------------------------------
| User Ignored Path Table
| -----------------------
------------------------------------------------------------------------------------------------

Path Group    From Clock    To Clock    
----------    ----------    --------    


------------------------------------------------------------------------------------------------
| Unconstrained Path Table
| ------------------------
------------------------------------------------------------------------------------------------

Path Group                From Clock                To Clock                
----------                ----------                --------                
(none)                    clk_25_clkDVIprescaler                              
(none)                    clkfbout_clkDVIprescaler                            


------------------------------------------------------------------------------------------------
| Timing Details
| --------------
------------------------------------------------------------------------------------------------


---------------------------------------------------------------------------------------------------
From Clock:  clk100
  To Clock:  clk100

Setup :           NA  Failing Endpoints,  Worst Slack           NA  ,  Total Violation           NA
Hold  :           NA  Failing Endpoints,  Worst Slack           NA  ,  Total Violation           NA
PW    :            0  Failing Endpoints,  Worst Slack        3.000ns,  Total Violation        0.000ns
---------------------------------------------------------------------------------------------------


Pulse Width Checks
--------------------------------------------------------------------------------------
Clock Name:         clk100
Waveform(ns):       { 0.000 5.000 }
Period(ns):         10.000
Sources:            { clk100 }

Check Type        Corner  Lib Pin            Reference Pin  Required(ns)  Actual(ns)  Slack(ns)  Location         Pin
Min Period        n/a     MMCME2_ADV/CLKIN1  n/a            1.249         10.000      8.751      MMCME2_ADV_X1Y0  prescaler_instance/inst/mmcm_adv_inst/CLKIN1
Max Period        n/a     MMCME2_ADV/CLKIN1  n/a            100.000       10.000      90.000     MMCME2_ADV_X1Y0  prescaler_instance/inst/mmcm_adv_inst/CLKIN1
Low Pulse Width   Slow    MMCME2_ADV/CLKIN1  n/a            2.000         5.000       3.000      MMCME2_ADV_X1Y0  prescaler_instance/inst/mmcm_adv_inst/CLKIN1
Low Pulse Width   Fast    MMCME2_ADV/CLKIN1  n/a            2.000         5.000       3.000      MMCME2_ADV_X1Y0  prescaler_instance/inst/mmcm_adv_inst/CLKIN1
High Pulse Width  Slow    MMCME2_ADV/CLKIN1  n/a            2.000         5.000       3.000      MMCME2_ADV_X1Y0  prescaler_instance/inst/mmcm_adv_inst/CLKIN1
High Pulse Width  Fast    MMCME2_ADV/CLKIN1  n/a            2.000         5.000       3.000      MMCME2_ADV_X1Y0  prescaler_instance/inst/mmcm_adv_inst/CLKIN1



---------------------------------------------------------------------------------------------------
From Clock:  clk_25_clkDVIprescaler
  To Clock:  clk_25_clkDVIprescaler

Setup :            0  Failing Endpoints,  Worst Slack       33.061ns,  Total Violation        0.000ns
Hold  :            0  Failing Endpoints,  Worst Slack        0.204ns,  Total Violation        0.000ns
PW    :            0  Failing Endpoints,  Worst Slack       19.500ns,  Total Violation        0.000ns
---------------------------------------------------------------------------------------------------


Max Delay Paths
--------------------------------------------------------------------------------------
Slack (MET) :             33.061ns  (required time - arrival time)
  Source:                 dvi_driver_inst/vcount_int_reg[3]/C
                            (rising edge-triggered cell FDRE clocked by clk_25_clkDVIprescaler  {rise@0.000ns fall@20.000ns period=40.000ns})
  Destination:            pixel_gen_inst/PixelAan_reg_lopt_replica_3/D
                            (rising edge-triggered cell FDRE clocked by clk_25_clkDVIprescaler  {rise@0.000ns fall@20.000ns period=40.000ns})
  Path Group:             clk_25_clkDVIprescaler
  Path Type:              Setup (Max at Slow Process Corner)
  Requirement:            40.000ns  (clk_25_clkDVIprescaler rise@40.000ns - clk_25_clkDVIprescaler rise@0.000ns)
  Data Path Delay:        6.757ns  (logic 1.178ns (17.434%)  route 5.579ns (82.566%))
  Logic Levels:           4  (LUT4=1 LUT6=3)
  Clock Path Skew:        -0.027ns (DCD - SCD + CPR)
    Destination Clock Delay (DCD):    -1.489ns = ( 38.511 - 40.000 ) 
    Source Clock Delay      (SCD):    -0.886ns
    Clock Pessimism Removal (CPR):    0.576ns
  Clock Uncertainty:      0.098ns  ((TSJ^2 + DJ^2)^1/2) / 2 + PE
    Total System Jitter     (TSJ):    0.071ns
    Discrete Jitter          (DJ):    0.182ns
    Phase Error              (PE):    0.000ns

    Location             Delay type                Incr(ns)  Path(ns)    Netlist Resource(s)
  -------------------------------------------------------------------    -------------------
                         (clock clk_25_clkDVIprescaler rise edge)
                                                      0.000     0.000 r  
    W5                                                0.000     0.000 r  clk100 (IN)
                         net (fo=0)                   0.000     0.000    prescaler_instance/inst/clk_100
    W5                   IBUF (Prop_ibuf_I_O)         1.458     1.458 r  prescaler_instance/inst/clkin1_ibufg/O
                         net (fo=1, routed)           1.233     2.691    prescaler_instance/inst/clk_100_clkDVIprescaler
    MMCME2_ADV_X1Y0      MMCME2_ADV (Prop_mmcme2_adv_CLKIN1_CLKOUT0)
                                                     -6.961    -4.269 r  prescaler_instance/inst/mmcm_adv_inst/CLKOUT0
                         net (fo=1, routed)           1.661    -2.608    prescaler_instance/inst/clk_25_clkDVIprescaler
    BUFGCTRL_X0Y0        BUFG (Prop_bufg_I_O)         0.096    -2.512 r  prescaler_instance/inst/clkout1_buf/O
                         net (fo=36, routed)          1.626    -0.886    dvi_driver_inst/clk_25
    SLICE_X3Y96          FDRE                                         r  dvi_driver_inst/vcount_int_reg[3]/C
  -------------------------------------------------------------------    -------------------
    SLICE_X3Y96          FDRE (Prop_fdre_C_Q)         0.456    -0.430 f  dvi_driver_inst/vcount_int_reg[3]/Q
                         net (fo=15, routed)          1.730     1.300    dvi_driver_inst/vcount_driver[3]
    SLICE_X2Y96          LUT6 (Prop_lut6_I3_O)        0.124     1.424 r  dvi_driver_inst/DE_internal_i_4/O
                         net (fo=6, routed)           0.823     2.247    dvi_driver_inst/DE_internal_i_4_n_0
    SLICE_X2Y95          LUT4 (Prop_lut4_I3_O)        0.146     2.393 r  dvi_driver_inst/PixelAan_i_11/O
                         net (fo=1, routed)           0.808     3.201    dvi_driver_inst/PixelAan_i_11_n_0
    SLICE_X4Y95          LUT6 (Prop_lut6_I3_O)        0.328     3.529 f  dvi_driver_inst/PixelAan_i_2/O
                         net (fo=1, routed)           0.801     4.330    dvi_driver_inst/PixelAan_i_2_n_0
    SLICE_X2Y95          LUT6 (Prop_lut6_I0_O)        0.124     4.454 r  dvi_driver_inst/PixelAan_i_1/O
                         net (fo=12, routed)          1.416     5.871    pixel_gen_inst/PixelAan_reg_0
    SLICE_X0Y90          FDRE                                         r  pixel_gen_inst/PixelAan_reg_lopt_replica_3/D
  -------------------------------------------------------------------    -------------------

                         (clock clk_25_clkDVIprescaler rise edge)
                                                     40.000    40.000 r  
    W5                                                0.000    40.000 r  clk100 (IN)
                         net (fo=0)                   0.000    40.000    prescaler_instance/inst/clk_100
    W5                   IBUF (Prop_ibuf_I_O)         1.388    41.388 r  prescaler_instance/inst/clkin1_ibufg/O
                         net (fo=1, routed)           1.162    42.550    prescaler_instance/inst/clk_100_clkDVIprescaler
    MMCME2_ADV_X1Y0      MMCME2_ADV (Prop_mmcme2_adv_CLKIN1_CLKOUT0)
                                                     -7.217    35.332 r  prescaler_instance/inst/mmcm_adv_inst/CLKOUT0
                         net (fo=1, routed)           1.581    36.914    prescaler_instance/inst/clk_25_clkDVIprescaler
    BUFGCTRL_X0Y0        BUFG (Prop_bufg_I_O)         0.091    37.005 r  prescaler_instance/inst/clkout1_buf/O
                         net (fo=36, routed)          1.507    38.511    pixel_gen_inst/clk_25
    SLICE_X0Y90          FDRE                                         r  pixel_gen_inst/PixelAan_reg_lopt_replica_3/C
                         clock pessimism              0.576    39.087    
                         clock uncertainty           -0.098    38.990    
    SLICE_X0Y90          FDRE (Setup_fdre_C_D)       -0.058    38.932    pixel_gen_inst/PixelAan_reg_lopt_replica_3
  -------------------------------------------------------------------
                         required time                         38.932    
                         arrival time                          -5.871    
  -------------------------------------------------------------------
                         slack                                 33.061    

Slack (MET) :             33.250ns  (required time - arrival time)
  Source:                 dvi_driver_inst/vcount_int_reg[3]/C
                            (rising edge-triggered cell FDRE clocked by clk_25_clkDVIprescaler  {rise@0.000ns fall@20.000ns period=40.000ns})
  Destination:            pixel_gen_inst/PixelAan_reg_lopt_replica_2/D
                            (rising edge-triggered cell FDRE clocked by clk_25_clkDVIprescaler  {rise@0.000ns fall@20.000ns period=40.000ns})
  Path Group:             clk_25_clkDVIprescaler
  Path Type:              Setup (Max at Slow Process Corner)
  Requirement:            40.000ns  (clk_25_clkDVIprescaler rise@40.000ns - clk_25_clkDVIprescaler rise@0.000ns)
  Data Path Delay:        6.565ns  (logic 1.178ns (17.944%)  route 5.387ns (82.056%))
  Logic Levels:           4  (LUT4=1 LUT6=3)
  Clock Path Skew:        -0.027ns (DCD - SCD + CPR)
    Destination Clock Delay (DCD):    -1.489ns = ( 38.511 - 40.000 ) 
    Source Clock Delay      (SCD):    -0.886ns
    Clock Pessimism Removal (CPR):    0.576ns
  Clock Uncertainty:      0.098ns  ((TSJ^2 + DJ^2)^1/2) / 2 + PE
    Total System Jitter     (TSJ):    0.071ns
    Discrete Jitter          (DJ):    0.182ns
    Phase Error              (PE):    0.000ns

    Location             Delay type                Incr(ns)  Path(ns)    Netlist Resource(s)
  -------------------------------------------------------------------    -------------------
                         (clock clk_25_clkDVIprescaler rise edge)
                                                      0.000     0.000 r  
    W5                                                0.000     0.000 r  clk100 (IN)
                         net (fo=0)                   0.000     0.000    prescaler_instance/inst/clk_100
    W5                   IBUF (Prop_ibuf_I_O)         1.458     1.458 r  prescaler_instance/inst/clkin1_ibufg/O
                         net (fo=1, routed)           1.233     2.691    prescaler_instance/inst/clk_100_clkDVIprescaler
    MMCME2_ADV_X1Y0      MMCME2_ADV (Prop_mmcme2_adv_CLKIN1_CLKOUT0)
                                                     -6.961    -4.269 r  prescaler_instance/inst/mmcm_adv_inst/CLKOUT0
                         net (fo=1, routed)           1.661    -2.608    prescaler_instance/inst/clk_25_clkDVIprescaler
    BUFGCTRL_X0Y0        BUFG (Prop_bufg_I_O)         0.096    -2.512 r  prescaler_instance/inst/clkout1_buf/O
                         net (fo=36, routed)          1.626    -0.886    dvi_driver_inst/clk_25
    SLICE_X3Y96          FDRE                                         r  dvi_driver_inst/vcount_int_reg[3]/C
  -------------------------------------------------------------------    -------------------
    SLICE_X3Y96          FDRE (Prop_fdre_C_Q)         0.456    -0.430 f  dvi_driver_inst/vcount_int_reg[3]/Q
                         net (fo=15, routed)          1.730     1.300    dvi_driver_inst/vcount_driver[3]
    SLICE_X2Y96          LUT6 (Prop_lut6_I3_O)        0.124     1.424 r  dvi_driver_inst/DE_internal_i_4/O
                         net (fo=6, routed)           0.823     2.247    dvi_driver_inst/DE_internal_i_4_n_0
    SLICE_X2Y95          LUT4 (Prop_lut4_I3_O)        0.146     2.393 r  dvi_driver_inst/PixelAan_i_11/O
                         net (fo=1, routed)           0.808     3.201    dvi_driver_inst/PixelAan_i_11_n_0
    SLICE_X4Y95          LUT6 (Prop_lut6_I3_O)        0.328     3.529 f  dvi_driver_inst/PixelAan_i_2/O
                         net (fo=1, routed)           0.801     4.330    dvi_driver_inst/PixelAan_i_2_n_0
    SLICE_X2Y95          LUT6 (Prop_lut6_I0_O)        0.124     4.454 r  dvi_driver_inst/PixelAan_i_1/O
                         net (fo=12, routed)          1.224     5.679    pixel_gen_inst/PixelAan_reg_0
    SLICE_X0Y90          FDRE                                         r  pixel_gen_inst/PixelAan_reg_lopt_replica_2/D
  -------------------------------------------------------------------    -------------------

                         (clock clk_25_clkDVIprescaler rise edge)
                                                     40.000    40.000 r  
    W5                                                0.000    40.000 r  clk100 (IN)
                         net (fo=0)                   0.000    40.000    prescaler_instance/inst/clk_100
    W5                   IBUF (Prop_ibuf_I_O)         1.388    41.388 r  prescaler_instance/inst/clkin1_ibufg/O
                         net (fo=1, routed)           1.162    42.550    prescaler_instance/inst/clk_100_clkDVIprescaler
    MMCME2_ADV_X1Y0      MMCME2_ADV (Prop_mmcme2_adv_CLKIN1_CLKOUT0)
                                                     -7.217    35.332 r  prescaler_instance/inst/mmcm_adv_inst/CLKOUT0
                         net (fo=1, routed)           1.581    36.914    prescaler_instance/inst/clk_25_clkDVIprescaler
    BUFGCTRL_X0Y0        BUFG (Prop_bufg_I_O)         0.091    37.005 r  prescaler_instance/inst/clkout1_buf/O
                         net (fo=36, routed)          1.507    38.511    pixel_gen_inst/clk_25
    SLICE_X0Y90          FDRE                                         r  pixel_gen_inst/PixelAan_reg_lopt_replica_2/C
                         clock pessimism              0.576    39.087    
                         clock uncertainty           -0.098    38.990    
    SLICE_X0Y90          FDRE (Setup_fdre_C_D)       -0.061    38.929    pixel_gen_inst/PixelAan_reg_lopt_replica_2
  -------------------------------------------------------------------
                         required time                         38.929    
                         arrival time                          -5.679    
  -------------------------------------------------------------------
                         slack                                 33.250    

Slack (MET) :             33.419ns  (required time - arrival time)
  Source:                 dvi_driver_inst/vcount_int_reg[3]/C
                            (rising edge-triggered cell FDRE clocked by clk_25_clkDVIprescaler  {rise@0.000ns fall@20.000ns period=40.000ns})
  Destination:            pixel_gen_inst/PixelAan_reg_lopt_replica_11/D
                            (rising edge-triggered cell FDRE clocked by clk_25_clkDVIprescaler  {rise@0.000ns fall@20.000ns period=40.000ns})
  Path Group:             clk_25_clkDVIprescaler
  Path Type:              Setup (Max at Slow Process Corner)
  Requirement:            40.000ns  (clk_25_clkDVIprescaler rise@40.000ns - clk_25_clkDVIprescaler rise@0.000ns)
  Data Path Delay:        6.375ns  (logic 1.178ns (18.477%)  route 5.197ns (81.523%))
  Logic Levels:           4  (LUT4=1 LUT6=3)
  Clock Path Skew:        -0.027ns (DCD - SCD + CPR)
    Destination Clock Delay (DCD):    -1.489ns = ( 38.511 - 40.000 ) 
    Source Clock Delay      (SCD):    -0.886ns
    Clock Pessimism Removal (CPR):    0.576ns
  Clock Uncertainty:      0.098ns  ((TSJ^2 + DJ^2)^1/2) / 2 + PE
    Total System Jitter     (TSJ):    0.071ns
    Discrete Jitter          (DJ):    0.182ns
    Phase Error              (PE):    0.000ns

    Location             Delay type                Incr(ns)  Path(ns)    Netlist Resource(s)
  -------------------------------------------------------------------    -------------------
                         (clock clk_25_clkDVIprescaler rise edge)
                                                      0.000     0.000 r  
    W5                                                0.000     0.000 r  clk100 (IN)
                         net (fo=0)                   0.000     0.000    prescaler_instance/inst/clk_100
    W5                   IBUF (Prop_ibuf_I_O)         1.458     1.458 r  prescaler_instance/inst/clkin1_ibufg/O
                         net (fo=1, routed)           1.233     2.691    prescaler_instance/inst/clk_100_clkDVIprescaler
    MMCME2_ADV_X1Y0      MMCME2_ADV (Prop_mmcme2_adv_CLKIN1_CLKOUT0)
                                                     -6.961    -4.269 r  prescaler_instance/inst/mmcm_adv_inst/CLKOUT0
                         net (fo=1, routed)           1.661    -2.608    prescaler_instance/inst/clk_25_clkDVIprescaler
    BUFGCTRL_X0Y0        BUFG (Prop_bufg_I_O)         0.096    -2.512 r  prescaler_instance/inst/clkout1_buf/O
                         net (fo=36, routed)          1.626    -0.886    dvi_driver_inst/clk_25
    SLICE_X3Y96          FDRE                                         r  dvi_driver_inst/vcount_int_reg[3]/C
  -------------------------------------------------------------------    -------------------
    SLICE_X3Y96          FDRE (Prop_fdre_C_Q)         0.456    -0.430 f  dvi_driver_inst/vcount_int_reg[3]/Q
                         net (fo=15, routed)          1.730     1.300    dvi_driver_inst/vcount_driver[3]
    SLICE_X2Y96          LUT6 (Prop_lut6_I3_O)        0.124     1.424 r  dvi_driver_inst/DE_internal_i_4/O
                         net (fo=6, routed)           0.823     2.247    dvi_driver_inst/DE_internal_i_4_n_0
    SLICE_X2Y95          LUT4 (Prop_lut4_I3_O)        0.146     2.393 r  dvi_driver_inst/PixelAan_i_11/O
                         net (fo=1, routed)           0.808     3.201    dvi_driver_inst/PixelAan_i_11_n_0
    SLICE_X4Y95          LUT6 (Prop_lut6_I3_O)        0.328     3.529 f  dvi_driver_inst/PixelAan_i_2/O
                         net (fo=1, routed)           0.801     4.330    dvi_driver_inst/PixelAan_i_2_n_0
    SLICE_X2Y95          LUT6 (Prop_lut6_I0_O)        0.124     4.454 r  dvi_driver_inst/PixelAan_i_1/O
                         net (fo=12, routed)          1.035     5.489    pixel_gen_inst/PixelAan_reg_0
    SLICE_X0Y90          FDRE                                         r  pixel_gen_inst/PixelAan_reg_lopt_replica_11/D
  -------------------------------------------------------------------    -------------------

                         (clock clk_25_clkDVIprescaler rise edge)
                                                     40.000    40.000 r  
    W5                                                0.000    40.000 r  clk100 (IN)
                         net (fo=0)                   0.000    40.000    prescaler_instance/inst/clk_100
    W5                   IBUF (Prop_ibuf_I_O)         1.388    41.388 r  prescaler_instance/inst/clkin1_ibufg/O
                         net (fo=1, routed)           1.162    42.550    prescaler_instance/inst/clk_100_clkDVIprescaler
    MMCME2_ADV_X1Y0      MMCME2_ADV (Prop_mmcme2_adv_CLKIN1_CLKOUT0)
                                                     -7.217    35.332 r  prescaler_instance/inst/mmcm_adv_inst/CLKOUT0
                         net (fo=1, routed)           1.581    36.914    prescaler_instance/inst/clk_25_clkDVIprescaler
    BUFGCTRL_X0Y0        BUFG (Prop_bufg_I_O)         0.091    37.005 r  prescaler_instance/inst/clkout1_buf/O
                         net (fo=36, routed)          1.507    38.511    pixel_gen_inst/clk_25
    SLICE_X0Y90          FDRE                                         r  pixel_gen_inst/PixelAan_reg_lopt_replica_11/C
                         clock pessimism              0.576    39.087    
                         clock uncertainty           -0.098    38.990    
    SLICE_X0Y90          FDRE (Setup_fdre_C_D)       -0.081    38.909    pixel_gen_inst/PixelAan_reg_lopt_replica_11
  -------------------------------------------------------------------
                         required time                         38.909    
                         arrival time                          -5.489    
  -------------------------------------------------------------------
                         slack                                 33.419    

Slack (MET) :             33.577ns  (required time - arrival time)
  Source:                 dvi_driver_inst/vcount_int_reg[3]/C
                            (rising edge-triggered cell FDRE clocked by clk_25_clkDVIprescaler  {rise@0.000ns fall@20.000ns period=40.000ns})
  Destination:            pixel_gen_inst/PixelAan_reg_lopt_replica/D
                            (rising edge-triggered cell FDRE clocked by clk_25_clkDVIprescaler  {rise@0.000ns fall@20.000ns period=40.000ns})
  Path Group:             clk_25_clkDVIprescaler
  Path Type:              Setup (Max at Slow Process Corner)
  Requirement:            40.000ns  (clk_25_clkDVIprescaler rise@40.000ns - clk_25_clkDVIprescaler rise@0.000ns)
  Data Path Delay:        6.235ns  (logic 1.178ns (18.894%)  route 5.057ns (81.106%))
  Logic Levels:           4  (LUT4=1 LUT6=3)
  Clock Path Skew:        -0.024ns (DCD - SCD + CPR)
    Destination Clock Delay (DCD):    -1.486ns = ( 38.514 - 40.000 ) 
    Source Clock Delay      (SCD):    -0.886ns
    Clock Pessimism Removal (CPR):    0.576ns
  Clock Uncertainty:      0.098ns  ((TSJ^2 + DJ^2)^1/2) / 2 + PE
    Total System Jitter     (TSJ):    0.071ns
    Discrete Jitter          (DJ):    0.182ns
    Phase Error              (PE):    0.000ns

    Location             Delay type                Incr(ns)  Path(ns)    Netlist Resource(s)
  -------------------------------------------------------------------    -------------------
                         (clock clk_25_clkDVIprescaler rise edge)
                                                      0.000     0.000 r  
    W5                                                0.000     0.000 r  clk100 (IN)
                         net (fo=0)                   0.000     0.000    prescaler_instance/inst/clk_100
    W5                   IBUF (Prop_ibuf_I_O)         1.458     1.458 r  prescaler_instance/inst/clkin1_ibufg/O
                         net (fo=1, routed)           1.233     2.691    prescaler_instance/inst/clk_100_clkDVIprescaler
    MMCME2_ADV_X1Y0      MMCME2_ADV (Prop_mmcme2_adv_CLKIN1_CLKOUT0)
                                                     -6.961    -4.269 r  prescaler_instance/inst/mmcm_adv_inst/CLKOUT0
                         net (fo=1, routed)           1.661    -2.608    prescaler_instance/inst/clk_25_clkDVIprescaler
    BUFGCTRL_X0Y0        BUFG (Prop_bufg_I_O)         0.096    -2.512 r  prescaler_instance/inst/clkout1_buf/O
                         net (fo=36, routed)          1.626    -0.886    dvi_driver_inst/clk_25
    SLICE_X3Y96          FDRE                                         r  dvi_driver_inst/vcount_int_reg[3]/C
  -------------------------------------------------------------------    -------------------
    SLICE_X3Y96          FDRE (Prop_fdre_C_Q)         0.456    -0.430 f  dvi_driver_inst/vcount_int_reg[3]/Q
                         net (fo=15, routed)          1.730     1.300    dvi_driver_inst/vcount_driver[3]
    SLICE_X2Y96          LUT6 (Prop_lut6_I3_O)        0.124     1.424 r  dvi_driver_inst/DE_internal_i_4/O
                         net (fo=6, routed)           0.823     2.247    dvi_driver_inst/DE_internal_i_4_n_0
    SLICE_X2Y95          LUT4 (Prop_lut4_I3_O)        0.146     2.393 r  dvi_driver_inst/PixelAan_i_11/O
                         net (fo=1, routed)           0.808     3.201    dvi_driver_inst/PixelAan_i_11_n_0
    SLICE_X4Y95          LUT6 (Prop_lut6_I3_O)        0.328     3.529 f  dvi_driver_inst/PixelAan_i_2/O
                         net (fo=1, routed)           0.801     4.330    dvi_driver_inst/PixelAan_i_2_n_0
    SLICE_X2Y95          LUT6 (Prop_lut6_I0_O)        0.124     4.454 r  dvi_driver_inst/PixelAan_i_1/O
                         net (fo=12, routed)          0.894     5.349    pixel_gen_inst/PixelAan_reg_0
    SLICE_X1Y98          FDRE                                         r  pixel_gen_inst/PixelAan_reg_lopt_replica/D
  -------------------------------------------------------------------    -------------------

                         (clock clk_25_clkDVIprescaler rise edge)
                                                     40.000    40.000 r  
    W5                                                0.000    40.000 r  clk100 (IN)
                         net (fo=0)                   0.000    40.000    prescaler_instance/inst/clk_100
    W5                   IBUF (Prop_ibuf_I_O)         1.388    41.388 r  prescaler_instance/inst/clkin1_ibufg/O
                         net (fo=1, routed)           1.162    42.550    prescaler_instance/inst/clk_100_clkDVIprescaler
    MMCME2_ADV_X1Y0      MMCME2_ADV (Prop_mmcme2_adv_CLKIN1_CLKOUT0)
                                                     -7.217    35.332 r  prescaler_instance/inst/mmcm_adv_inst/CLKOUT0
                         net (fo=1, routed)           1.581    36.914    prescaler_instance/inst/clk_25_clkDVIprescaler
    BUFGCTRL_X0Y0        BUFG (Prop_bufg_I_O)         0.091    37.005 r  prescaler_instance/inst/clkout1_buf/O
                         net (fo=36, routed)          1.510    38.514    pixel_gen_inst/clk_25
    SLICE_X1Y98          FDRE                                         r  pixel_gen_inst/PixelAan_reg_lopt_replica/C
                         clock pessimism              0.576    39.090    
                         clock uncertainty           -0.098    38.993    
    SLICE_X1Y98          FDRE (Setup_fdre_C_D)       -0.067    38.926    pixel_gen_inst/PixelAan_reg_lopt_replica
  -------------------------------------------------------------------
                         required time                         38.926    
                         arrival time                          -5.349    
  -------------------------------------------------------------------
                         slack                                 33.577    

Slack (MET) :             33.586ns  (required time - arrival time)
  Source:                 dvi_driver_inst/vcount_int_reg[3]/C
                            (rising edge-triggered cell FDRE clocked by clk_25_clkDVIprescaler  {rise@0.000ns fall@20.000ns period=40.000ns})
  Destination:            pixel_gen_inst/PixelAan_reg_lopt_replica_5/D
                            (rising edge-triggered cell FDRE clocked by clk_25_clkDVIprescaler  {rise@0.000ns fall@20.000ns period=40.000ns})
  Path Group:             clk_25_clkDVIprescaler
  Path Type:              Setup (Max at Slow Process Corner)
  Requirement:            40.000ns  (clk_25_clkDVIprescaler rise@40.000ns - clk_25_clkDVIprescaler rise@0.000ns)
  Data Path Delay:        6.235ns  (logic 1.178ns (18.894%)  route 5.057ns (81.106%))
  Logic Levels:           4  (LUT4=1 LUT6=3)
  Clock Path Skew:        -0.024ns (DCD - SCD + CPR)
    Destination Clock Delay (DCD):    -1.486ns = ( 38.514 - 40.000 ) 
    Source Clock Delay      (SCD):    -0.886ns
    Clock Pessimism Removal (CPR):    0.576ns
  Clock Uncertainty:      0.098ns  ((TSJ^2 + DJ^2)^1/2) / 2 + PE
    Total System Jitter     (TSJ):    0.071ns
    Discrete Jitter          (DJ):    0.182ns
    Phase Error              (PE):    0.000ns

    Location             Delay type                Incr(ns)  Path(ns)    Netlist Resource(s)
  -------------------------------------------------------------------    -------------------
                         (clock clk_25_clkDVIprescaler rise edge)
                                                      0.000     0.000 r  
    W5                                                0.000     0.000 r  clk100 (IN)
                         net (fo=0)                   0.000     0.000    prescaler_instance/inst/clk_100
    W5                   IBUF (Prop_ibuf_I_O)         1.458     1.458 r  prescaler_instance/inst/clkin1_ibufg/O
                         net (fo=1, routed)           1.233     2.691    prescaler_instance/inst/clk_100_clkDVIprescaler
    MMCME2_ADV_X1Y0      MMCME2_ADV (Prop_mmcme2_adv_CLKIN1_CLKOUT0)
                                                     -6.961    -4.269 r  prescaler_instance/inst/mmcm_adv_inst/CLKOUT0
                         net (fo=1, routed)           1.661    -2.608    prescaler_instance/inst/clk_25_clkDVIprescaler
    BUFGCTRL_X0Y0        BUFG (Prop_bufg_I_O)         0.096    -2.512 r  prescaler_instance/inst/clkout1_buf/O
                         net (fo=36, routed)          1.626    -0.886    dvi_driver_inst/clk_25
    SLICE_X3Y96          FDRE                                         r  dvi_driver_inst/vcount_int_reg[3]/C
  -------------------------------------------------------------------    -------------------
    SLICE_X3Y96          FDRE (Prop_fdre_C_Q)         0.456    -0.430 f  dvi_driver_inst/vcount_int_reg[3]/Q
                         net (fo=15, routed)          1.730     1.300    dvi_driver_inst/vcount_driver[3]
    SLICE_X2Y96          LUT6 (Prop_lut6_I3_O)        0.124     1.424 r  dvi_driver_inst/DE_internal_i_4/O
                         net (fo=6, routed)           0.823     2.247    dvi_driver_inst/DE_internal_i_4_n_0
    SLICE_X2Y95          LUT4 (Prop_lut4_I3_O)        0.146     2.393 r  dvi_driver_inst/PixelAan_i_11/O
                         net (fo=1, routed)           0.808     3.201    dvi_driver_inst/PixelAan_i_11_n_0
    SLICE_X4Y95          LUT6 (Prop_lut6_I3_O)        0.328     3.529 f  dvi_driver_inst/PixelAan_i_2/O
                         net (fo=1, routed)           0.801     4.330    dvi_driver_inst/PixelAan_i_2_n_0
    SLICE_X2Y95          LUT6 (Prop_lut6_I0_O)        0.124     4.454 r  dvi_driver_inst/PixelAan_i_1/O
                         net (fo=12, routed)          0.894     5.349    pixel_gen_inst/PixelAan_reg_0
    SLICE_X1Y98          FDRE                                         r  pixel_gen_inst/PixelAan_reg_lopt_replica_5/D
  -------------------------------------------------------------------    -------------------

                         (clock clk_25_clkDVIprescaler rise edge)
                                                     40.000    40.000 r  
    W5                                                0.000    40.000 r  clk100 (IN)
                         net (fo=0)                   0.000    40.000    prescaler_instance/inst/clk_100
    W5                   IBUF (Prop_ibuf_I_O)         1.388    41.388 r  prescaler_instance/inst/clkin1_ibufg/O
                         net (fo=1, routed)           1.162    42.550    prescaler_instance/inst/clk_100_clkDVIprescaler
    MMCME2_ADV_X1Y0      MMCME2_ADV (Prop_mmcme2_adv_CLKIN1_CLKOUT0)
                                                     -7.217    35.332 r  prescaler_instance/inst/mmcm_adv_inst/CLKOUT0
                         net (fo=1, routed)           1.581    36.914    prescaler_instance/inst/clk_25_clkDVIprescaler
    BUFGCTRL_X0Y0        BUFG (Prop_bufg_I_O)         0.091    37.005 r  prescaler_instance/inst/clkout1_buf/O
                         net (fo=36, routed)          1.510    38.514    pixel_gen_inst/clk_25
    SLICE_X1Y98          FDRE                                         r  pixel_gen_inst/PixelAan_reg_lopt_replica_5/C
                         clock pessimism              0.576    39.090    
                         clock uncertainty           -0.098    38.993    
    SLICE_X1Y98          FDRE (Setup_fdre_C_D)       -0.058    38.935    pixel_gen_inst/PixelAan_reg_lopt_replica_5
  -------------------------------------------------------------------
                         required time                         38.935    
                         arrival time                          -5.349    
  -------------------------------------------------------------------
                         slack                                 33.586    

Slack (MET) :             33.587ns  (required time - arrival time)
  Source:                 dvi_driver_inst/vcount_int_reg[3]/C
                            (rising edge-triggered cell FDRE clocked by clk_25_clkDVIprescaler  {rise@0.000ns fall@20.000ns period=40.000ns})
  Destination:            pixel_gen_inst/PixelAan_reg_lopt_replica_9/D
                            (rising edge-triggered cell FDRE clocked by clk_25_clkDVIprescaler  {rise@0.000ns fall@20.000ns period=40.000ns})
  Path Group:             clk_25_clkDVIprescaler
  Path Type:              Setup (Max at Slow Process Corner)
  Requirement:            40.000ns  (clk_25_clkDVIprescaler rise@40.000ns - clk_25_clkDVIprescaler rise@0.000ns)
  Data Path Delay:        6.233ns  (logic 1.178ns (18.898%)  route 5.055ns (81.102%))
  Logic Levels:           4  (LUT4=1 LUT6=3)
  Clock Path Skew:        -0.024ns (DCD - SCD + CPR)
    Destination Clock Delay (DCD):    -1.486ns = ( 38.514 - 40.000 ) 
    Source Clock Delay      (SCD):    -0.886ns
    Clock Pessimism Removal (CPR):    0.576ns
  Clock Uncertainty:      0.098ns  ((TSJ^2 + DJ^2)^1/2) / 2 + PE
    Total System Jitter     (TSJ):    0.071ns
    Discrete Jitter          (DJ):    0.182ns
    Phase Error              (PE):    0.000ns

    Location             Delay type                Incr(ns)  Path(ns)    Netlist Resource(s)
  -------------------------------------------------------------------    -------------------
                         (clock clk_25_clkDVIprescaler rise edge)
                                                      0.000     0.000 r  
    W5                                                0.000     0.000 r  clk100 (IN)
                         net (fo=0)                   0.000     0.000    prescaler_instance/inst/clk_100
    W5                   IBUF (Prop_ibuf_I_O)         1.458     1.458 r  prescaler_instance/inst/clkin1_ibufg/O
                         net (fo=1, routed)           1.233     2.691    prescaler_instance/inst/clk_100_clkDVIprescaler
    MMCME2_ADV_X1Y0      MMCME2_ADV (Prop_mmcme2_adv_CLKIN1_CLKOUT0)
                                                     -6.961    -4.269 r  prescaler_instance/inst/mmcm_adv_inst/CLKOUT0
                         net (fo=1, routed)           1.661    -2.608    prescaler_instance/inst/clk_25_clkDVIprescaler
    BUFGCTRL_X0Y0        BUFG (Prop_bufg_I_O)         0.096    -2.512 r  prescaler_instance/inst/clkout1_buf/O
                         net (fo=36, routed)          1.626    -0.886    dvi_driver_inst/clk_25
    SLICE_X3Y96          FDRE                                         r  dvi_driver_inst/vcount_int_reg[3]/C
  -------------------------------------------------------------------    -------------------
    SLICE_X3Y96          FDRE (Prop_fdre_C_Q)         0.456    -0.430 f  dvi_driver_inst/vcount_int_reg[3]/Q
                         net (fo=15, routed)          1.730     1.300    dvi_driver_inst/vcount_driver[3]
    SLICE_X2Y96          LUT6 (Prop_lut6_I3_O)        0.124     1.424 r  dvi_driver_inst/DE_internal_i_4/O
                         net (fo=6, routed)           0.823     2.247    dvi_driver_inst/DE_internal_i_4_n_0
    SLICE_X2Y95          LUT4 (Prop_lut4_I3_O)        0.146     2.393 r  dvi_driver_inst/PixelAan_i_11/O
                         net (fo=1, routed)           0.808     3.201    dvi_driver_inst/PixelAan_i_11_n_0
    SLICE_X4Y95          LUT6 (Prop_lut6_I3_O)        0.328     3.529 f  dvi_driver_inst/PixelAan_i_2/O
                         net (fo=1, routed)           0.801     4.330    dvi_driver_inst/PixelAan_i_2_n_0
    SLICE_X2Y95          LUT6 (Prop_lut6_I0_O)        0.124     4.454 r  dvi_driver_inst/PixelAan_i_1/O
                         net (fo=12, routed)          0.893     5.347    pixel_gen_inst/PixelAan_reg_0
    SLICE_X0Y98          FDRE                                         r  pixel_gen_inst/PixelAan_reg_lopt_replica_9/D
  -------------------------------------------------------------------    -------------------

                         (clock clk_25_clkDVIprescaler rise edge)
                                                     40.000    40.000 r  
    W5                                                0.000    40.000 r  clk100 (IN)
                         net (fo=0)                   0.000    40.000    prescaler_instance/inst/clk_100
    W5                   IBUF (Prop_ibuf_I_O)         1.388    41.388 r  prescaler_instance/inst/clkin1_ibufg/O
                         net (fo=1, routed)           1.162    42.550    prescaler_instance/inst/clk_100_clkDVIprescaler
    MMCME2_ADV_X1Y0      MMCME2_ADV (Prop_mmcme2_adv_CLKIN1_CLKOUT0)
                                                     -7.217    35.332 r  prescaler_instance/inst/mmcm_adv_inst/CLKOUT0
                         net (fo=1, routed)           1.581    36.914    prescaler_instance/inst/clk_25_clkDVIprescaler
    BUFGCTRL_X0Y0        BUFG (Prop_bufg_I_O)         0.091    37.005 r  prescaler_instance/inst/clkout1_buf/O
                         net (fo=36, routed)          1.510    38.514    pixel_gen_inst/clk_25
    SLICE_X0Y98          FDRE                                         r  pixel_gen_inst/PixelAan_reg_lopt_replica_9/C
                         clock pessimism              0.576    39.090    
                         clock uncertainty           -0.098    38.993    
    SLICE_X0Y98          FDRE (Setup_fdre_C_D)       -0.058    38.935    pixel_gen_inst/PixelAan_reg_lopt_replica_9
  -------------------------------------------------------------------
                         required time                         38.935    
                         arrival time                          -5.347    
  -------------------------------------------------------------------
                         slack                                 33.587    

Slack (MET) :             33.616ns  (required time - arrival time)
  Source:                 dvi_driver_inst/vcount_int_reg[3]/C
                            (rising edge-triggered cell FDRE clocked by clk_25_clkDVIprescaler  {rise@0.000ns fall@20.000ns period=40.000ns})
  Destination:            pixel_gen_inst/PixelAan_reg/D
                            (rising edge-triggered cell FDRE clocked by clk_25_clkDVIprescaler  {rise@0.000ns fall@20.000ns period=40.000ns})
  Path Group:             clk_25_clkDVIprescaler
  Path Type:              Setup (Max at Slow Process Corner)
  Requirement:            40.000ns  (clk_25_clkDVIprescaler rise@40.000ns - clk_25_clkDVIprescaler rise@0.000ns)
  Data Path Delay:        6.192ns  (logic 1.178ns (19.025%)  route 5.014ns (80.975%))
  Logic Levels:           4  (LUT4=1 LUT6=3)
  Clock Path Skew:        -0.027ns (DCD - SCD + CPR)
    Destination Clock Delay (DCD):    -1.489ns = ( 38.511 - 40.000 ) 
    Source Clock Delay      (SCD):    -0.886ns
    Clock Pessimism Removal (CPR):    0.576ns
  Clock Uncertainty:      0.098ns  ((TSJ^2 + DJ^2)^1/2) / 2 + PE
    Total System Jitter     (TSJ):    0.071ns
    Discrete Jitter          (DJ):    0.182ns
    Phase Error              (PE):    0.000ns

    Location             Delay type                Incr(ns)  Path(ns)    Netlist Resource(s)
  -------------------------------------------------------------------    -------------------
                         (clock clk_25_clkDVIprescaler rise edge)
                                                      0.000     0.000 r  
    W5                                                0.000     0.000 r  clk100 (IN)
                         net (fo=0)                   0.000     0.000    prescaler_instance/inst/clk_100
    W5                   IBUF (Prop_ibuf_I_O)         1.458     1.458 r  prescaler_instance/inst/clkin1_ibufg/O
                         net (fo=1, routed)           1.233     2.691    prescaler_instance/inst/clk_100_clkDVIprescaler
    MMCME2_ADV_X1Y0      MMCME2_ADV (Prop_mmcme2_adv_CLKIN1_CLKOUT0)
                                                     -6.961    -4.269 r  prescaler_instance/inst/mmcm_adv_inst/CLKOUT0
                         net (fo=1, routed)           1.661    -2.608    prescaler_instance/inst/clk_25_clkDVIprescaler
    BUFGCTRL_X0Y0        BUFG (Prop_bufg_I_O)         0.096    -2.512 r  prescaler_instance/inst/clkout1_buf/O
                         net (fo=36, routed)          1.626    -0.886    dvi_driver_inst/clk_25
    SLICE_X3Y96          FDRE                                         r  dvi_driver_inst/vcount_int_reg[3]/C
  -------------------------------------------------------------------    -------------------
    SLICE_X3Y96          FDRE (Prop_fdre_C_Q)         0.456    -0.430 f  dvi_driver_inst/vcount_int_reg[3]/Q
                         net (fo=15, routed)          1.730     1.300    dvi_driver_inst/vcount_driver[3]
    SLICE_X2Y96          LUT6 (Prop_lut6_I3_O)        0.124     1.424 r  dvi_driver_inst/DE_internal_i_4/O
                         net (fo=6, routed)           0.823     2.247    dvi_driver_inst/DE_internal_i_4_n_0
    SLICE_X2Y95          LUT4 (Prop_lut4_I3_O)        0.146     2.393 r  dvi_driver_inst/PixelAan_i_11/O
                         net (fo=1, routed)           0.808     3.201    dvi_driver_inst/PixelAan_i_11_n_0
    SLICE_X4Y95          LUT6 (Prop_lut6_I3_O)        0.328     3.529 f  dvi_driver_inst/PixelAan_i_2/O
                         net (fo=1, routed)           0.801     4.330    dvi_driver_inst/PixelAan_i_2_n_0
    SLICE_X2Y95          LUT6 (Prop_lut6_I0_O)        0.124     4.454 r  dvi_driver_inst/PixelAan_i_1/O
                         net (fo=12, routed)          0.852     5.306    pixel_gen_inst/PixelAan_reg_0
    SLICE_X0Y90          FDRE                                         r  pixel_gen_inst/PixelAan_reg/D
  -------------------------------------------------------------------    -------------------

                         (clock clk_25_clkDVIprescaler rise edge)
                                                     40.000    40.000 r  
    W5                                                0.000    40.000 r  clk100 (IN)
                         net (fo=0)                   0.000    40.000    prescaler_instance/inst/clk_100
    W5                   IBUF (Prop_ibuf_I_O)         1.388    41.388 r  prescaler_instance/inst/clkin1_ibufg/O
                         net (fo=1, routed)           1.162    42.550    prescaler_instance/inst/clk_100_clkDVIprescaler
    MMCME2_ADV_X1Y0      MMCME2_ADV (Prop_mmcme2_adv_CLKIN1_CLKOUT0)
                                                     -7.217    35.332 r  prescaler_instance/inst/mmcm_adv_inst/CLKOUT0
                         net (fo=1, routed)           1.581    36.914    prescaler_instance/inst/clk_25_clkDVIprescaler
    BUFGCTRL_X0Y0        BUFG (Prop_bufg_I_O)         0.091    37.005 r  prescaler_instance/inst/clkout1_buf/O
                         net (fo=36, routed)          1.507    38.511    pixel_gen_inst/clk_25
    SLICE_X0Y90          FDRE                                         r  pixel_gen_inst/PixelAan_reg/C
                         clock pessimism              0.576    39.087    
                         clock uncertainty           -0.098    38.990    
    SLICE_X0Y90          FDRE (Setup_fdre_C_D)       -0.067    38.923    pixel_gen_inst/PixelAan_reg
  -------------------------------------------------------------------
                         required time                         38.923    
                         arrival time                          -5.306    
  -------------------------------------------------------------------
                         slack                                 33.616    

Slack (MET) :             33.756ns  (required time - arrival time)
  Source:                 dvi_driver_inst/vcount_int_reg[3]/C
                            (rising edge-triggered cell FDRE clocked by clk_25_clkDVIprescaler  {rise@0.000ns fall@20.000ns period=40.000ns})
  Destination:            pixel_gen_inst/PixelAan_reg_lopt_replica_10/D
                            (rising edge-triggered cell FDRE clocked by clk_25_clkDVIprescaler  {rise@0.000ns fall@20.000ns period=40.000ns})
  Path Group:             clk_25_clkDVIprescaler
  Path Type:              Setup (Max at Slow Process Corner)
  Requirement:            40.000ns  (clk_25_clkDVIprescaler rise@40.000ns - clk_25_clkDVIprescaler rise@0.000ns)
  Data Path Delay:        6.041ns  (logic 1.178ns (19.500%)  route 4.863ns (80.500%))
  Logic Levels:           4  (LUT4=1 LUT6=3)
  Clock Path Skew:        -0.024ns (DCD - SCD + CPR)
    Destination Clock Delay (DCD):    -1.486ns = ( 38.514 - 40.000 ) 
    Source Clock Delay      (SCD):    -0.886ns
    Clock Pessimism Removal (CPR):    0.576ns
  Clock Uncertainty:      0.098ns  ((TSJ^2 + DJ^2)^1/2) / 2 + PE
    Total System Jitter     (TSJ):    0.071ns
    Discrete Jitter          (DJ):    0.182ns
    Phase Error              (PE):    0.000ns

    Location             Delay type                Incr(ns)  Path(ns)    Netlist Resource(s)
  -------------------------------------------------------------------    -------------------
                         (clock clk_25_clkDVIprescaler rise edge)
                                                      0.000     0.000 r  
    W5                                                0.000     0.000 r  clk100 (IN)
                         net (fo=0)                   0.000     0.000    prescaler_instance/inst/clk_100
    W5                   IBUF (Prop_ibuf_I_O)         1.458     1.458 r  prescaler_instance/inst/clkin1_ibufg/O
                         net (fo=1, routed)           1.233     2.691    prescaler_instance/inst/clk_100_clkDVIprescaler
    MMCME2_ADV_X1Y0      MMCME2_ADV (Prop_mmcme2_adv_CLKIN1_CLKOUT0)
                                                     -6.961    -4.269 r  prescaler_instance/inst/mmcm_adv_inst/CLKOUT0
                         net (fo=1, routed)           1.661    -2.608    prescaler_instance/inst/clk_25_clkDVIprescaler
    BUFGCTRL_X0Y0        BUFG (Prop_bufg_I_O)         0.096    -2.512 r  prescaler_instance/inst/clkout1_buf/O
                         net (fo=36, routed)          1.626    -0.886    dvi_driver_inst/clk_25
    SLICE_X3Y96          FDRE                                         r  dvi_driver_inst/vcount_int_reg[3]/C
  -------------------------------------------------------------------    -------------------
    SLICE_X3Y96          FDRE (Prop_fdre_C_Q)         0.456    -0.430 f  dvi_driver_inst/vcount_int_reg[3]/Q
                         net (fo=15, routed)          1.730     1.300    dvi_driver_inst/vcount_driver[3]
    SLICE_X2Y96          LUT6 (Prop_lut6_I3_O)        0.124     1.424 r  dvi_driver_inst/DE_internal_i_4/O
                         net (fo=6, routed)           0.823     2.247    dvi_driver_inst/DE_internal_i_4_n_0
    SLICE_X2Y95          LUT4 (Prop_lut4_I3_O)        0.146     2.393 r  dvi_driver_inst/PixelAan_i_11/O
                         net (fo=1, routed)           0.808     3.201    dvi_driver_inst/PixelAan_i_11_n_0
    SLICE_X4Y95          LUT6 (Prop_lut6_I3_O)        0.328     3.529 f  dvi_driver_inst/PixelAan_i_2/O
                         net (fo=1, routed)           0.801     4.330    dvi_driver_inst/PixelAan_i_2_n_0
    SLICE_X2Y95          LUT6 (Prop_lut6_I0_O)        0.124     4.454 r  dvi_driver_inst/PixelAan_i_1/O
                         net (fo=12, routed)          0.701     5.155    pixel_gen_inst/PixelAan_reg_0
    SLICE_X1Y98          FDRE                                         r  pixel_gen_inst/PixelAan_reg_lopt_replica_10/D
  -------------------------------------------------------------------    -------------------

                         (clock clk_25_clkDVIprescaler rise edge)
                                                     40.000    40.000 r  
    W5                                                0.000    40.000 r  clk100 (IN)
                         net (fo=0)                   0.000    40.000    prescaler_instance/inst/clk_100
    W5                   IBUF (Prop_ibuf_I_O)         1.388    41.388 r  prescaler_instance/inst/clkin1_ibufg/O
                         net (fo=1, routed)           1.162    42.550    prescaler_instance/inst/clk_100_clkDVIprescaler
    MMCME2_ADV_X1Y0      MMCME2_ADV (Prop_mmcme2_adv_CLKIN1_CLKOUT0)
                                                     -7.217    35.332 r  prescaler_instance/inst/mmcm_adv_inst/CLKOUT0
                         net (fo=1, routed)           1.581    36.914    prescaler_instance/inst/clk_25_clkDVIprescaler
    BUFGCTRL_X0Y0        BUFG (Prop_bufg_I_O)         0.091    37.005 r  prescaler_instance/inst/clkout1_buf/O
                         net (fo=36, routed)          1.510    38.514    pixel_gen_inst/clk_25
    SLICE_X1Y98          FDRE                                         r  pixel_gen_inst/PixelAan_reg_lopt_replica_10/C
                         clock pessimism              0.576    39.090    
                         clock uncertainty           -0.098    38.993    
    SLICE_X1Y98          FDRE (Setup_fdre_C_D)       -0.081    38.912    pixel_gen_inst/PixelAan_reg_lopt_replica_10
  -------------------------------------------------------------------
                         required time                         38.912    
                         arrival time                          -5.155    
  -------------------------------------------------------------------
                         slack                                 33.756    

Slack (MET) :             33.765ns  (required time - arrival time)
  Source:                 dvi_driver_inst/vcount_int_reg[3]/C
                            (rising edge-triggered cell FDRE clocked by clk_25_clkDVIprescaler  {rise@0.000ns fall@20.000ns period=40.000ns})
  Destination:            pixel_gen_inst/PixelAan_reg_lopt_replica_4/D
                            (rising edge-triggered cell FDRE clocked by clk_25_clkDVIprescaler  {rise@0.000ns fall@20.000ns period=40.000ns})
  Path Group:             clk_25_clkDVIprescaler
  Path Type:              Setup (Max at Slow Process Corner)
  Requirement:            40.000ns  (clk_25_clkDVIprescaler rise@40.000ns - clk_25_clkDVIprescaler rise@0.000ns)
  Data Path Delay:        6.052ns  (logic 1.178ns (19.464%)  route 4.874ns (80.536%))
  Logic Levels:           4  (LUT4=1 LUT6=3)
  Clock Path Skew:        -0.024ns (DCD - SCD + CPR)
    Destination Clock Delay (DCD):    -1.486ns = ( 38.514 - 40.000 ) 
    Source Clock Delay      (SCD):    -0.886ns
    Clock Pessimism Removal (CPR):    0.576ns
  Clock Uncertainty:      0.098ns  ((TSJ^2 + DJ^2)^1/2) / 2 + PE
    Total System Jitter     (TSJ):    0.071ns
    Discrete Jitter          (DJ):    0.182ns
    Phase Error              (PE):    0.000ns

    Location             Delay type                Incr(ns)  Path(ns)    Netlist Resource(s)
  -------------------------------------------------------------------    -------------------
                         (clock clk_25_clkDVIprescaler rise edge)
                                                      0.000     0.000 r  
    W5                                                0.000     0.000 r  clk100 (IN)
                         net (fo=0)                   0.000     0.000    prescaler_instance/inst/clk_100
    W5                   IBUF (Prop_ibuf_I_O)         1.458     1.458 r  prescaler_instance/inst/clkin1_ibufg/O
                         net (fo=1, routed)           1.233     2.691    prescaler_instance/inst/clk_100_clkDVIprescaler
    MMCME2_ADV_X1Y0      MMCME2_ADV (Prop_mmcme2_adv_CLKIN1_CLKOUT0)
                                                     -6.961    -4.269 r  prescaler_instance/inst/mmcm_adv_inst/CLKOUT0
                         net (fo=1, routed)           1.661    -2.608    prescaler_instance/inst/clk_25_clkDVIprescaler
    BUFGCTRL_X0Y0        BUFG (Prop_bufg_I_O)         0.096    -2.512 r  prescaler_instance/inst/clkout1_buf/O
                         net (fo=36, routed)          1.626    -0.886    dvi_driver_inst/clk_25
    SLICE_X3Y96          FDRE                                         r  dvi_driver_inst/vcount_int_reg[3]/C
  -------------------------------------------------------------------    -------------------
    SLICE_X3Y96          FDRE (Prop_fdre_C_Q)         0.456    -0.430 f  dvi_driver_inst/vcount_int_reg[3]/Q
                         net (fo=15, routed)          1.730     1.300    dvi_driver_inst/vcount_driver[3]
    SLICE_X2Y96          LUT6 (Prop_lut6_I3_O)        0.124     1.424 r  dvi_driver_inst/DE_internal_i_4/O
                         net (fo=6, routed)           0.823     2.247    dvi_driver_inst/DE_internal_i_4_n_0
    SLICE_X2Y95          LUT4 (Prop_lut4_I3_O)        0.146     2.393 r  dvi_driver_inst/PixelAan_i_11/O
                         net (fo=1, routed)           0.808     3.201    dvi_driver_inst/PixelAan_i_11_n_0
    SLICE_X4Y95          LUT6 (Prop_lut6_I3_O)        0.328     3.529 f  dvi_driver_inst/PixelAan_i_2/O
                         net (fo=1, routed)           0.801     4.330    dvi_driver_inst/PixelAan_i_2_n_0
    SLICE_X2Y95          LUT6 (Prop_lut6_I0_O)        0.124     4.454 r  dvi_driver_inst/PixelAan_i_1/O
                         net (fo=12, routed)          0.712     5.166    pixel_gen_inst/PixelAan_reg_0
    SLICE_X1Y98          FDRE                                         r  pixel_gen_inst/PixelAan_reg_lopt_replica_4/D
  -------------------------------------------------------------------    -------------------

                         (clock clk_25_clkDVIprescaler rise edge)
                                                     40.000    40.000 r  
    W5                                                0.000    40.000 r  clk100 (IN)
                         net (fo=0)                   0.000    40.000    prescaler_instance/inst/clk_100
    W5                   IBUF (Prop_ibuf_I_O)         1.388    41.388 r  prescaler_instance/inst/clkin1_ibufg/O
                         net (fo=1, routed)           1.162    42.550    prescaler_instance/inst/clk_100_clkDVIprescaler
    MMCME2_ADV_X1Y0      MMCME2_ADV (Prop_mmcme2_adv_CLKIN1_CLKOUT0)
                                                     -7.217    35.332 r  prescaler_instance/inst/mmcm_adv_inst/CLKOUT0
                         net (fo=1, routed)           1.581    36.914    prescaler_instance/inst/clk_25_clkDVIprescaler
    BUFGCTRL_X0Y0        BUFG (Prop_bufg_I_O)         0.091    37.005 r  prescaler_instance/inst/clkout1_buf/O
                         net (fo=36, routed)          1.510    38.514    pixel_gen_inst/clk_25
    SLICE_X1Y98          FDRE                                         r  pixel_gen_inst/PixelAan_reg_lopt_replica_4/C
                         clock pessimism              0.576    39.090    
                         clock uncertainty           -0.098    38.993    
    SLICE_X1Y98          FDRE (Setup_fdre_C_D)       -0.061    38.932    pixel_gen_inst/PixelAan_reg_lopt_replica_4
  -------------------------------------------------------------------
                         required time                         38.932    
                         arrival time                          -5.166    
  -------------------------------------------------------------------
                         slack                                 33.765    

Slack (MET) :             33.776ns  (required time - arrival time)
  Source:                 dvi_driver_inst/vcount_int_reg[3]/C
                            (rising edge-triggered cell FDRE clocked by clk_25_clkDVIprescaler  {rise@0.000ns fall@20.000ns period=40.000ns})
  Destination:            pixel_gen_inst/PixelAan_reg_lopt_replica_8/D
                            (rising edge-triggered cell FDRE clocked by clk_25_clkDVIprescaler  {rise@0.000ns fall@20.000ns period=40.000ns})
  Path Group:             clk_25_clkDVIprescaler
  Path Type:              Setup (Max at Slow Process Corner)
  Requirement:            40.000ns  (clk_25_clkDVIprescaler rise@40.000ns - clk_25_clkDVIprescaler rise@0.000ns)
  Data Path Delay:        6.041ns  (logic 1.178ns (19.500%)  route 4.863ns (80.500%))
  Logic Levels:           4  (LUT4=1 LUT6=3)
  Clock Path Skew:        -0.024ns (DCD - SCD + CPR)
    Destination Clock Delay (DCD):    -1.486ns = ( 38.514 - 40.000 ) 
    Source Clock Delay      (SCD):    -0.886ns
    Clock Pessimism Removal (CPR):    0.576ns
  Clock Uncertainty:      0.098ns  ((TSJ^2 + DJ^2)^1/2) / 2 + PE
    Total System Jitter     (TSJ):    0.071ns
    Discrete Jitter          (DJ):    0.182ns
    Phase Error              (PE):    0.000ns

    Location             Delay type                Incr(ns)  Path(ns)    Netlist Resource(s)
  -------------------------------------------------------------------    -------------------
                         (clock clk_25_clkDVIprescaler rise edge)
                                                      0.000     0.000 r  
    W5                                                0.000     0.000 r  clk100 (IN)
                         net (fo=0)                   0.000     0.000    prescaler_instance/inst/clk_100
    W5                   IBUF (Prop_ibuf_I_O)         1.458     1.458 r  prescaler_instance/inst/clkin1_ibufg/O
                         net (fo=1, routed)           1.233     2.691    prescaler_instance/inst/clk_100_clkDVIprescaler
    MMCME2_ADV_X1Y0      MMCME2_ADV (Prop_mmcme2_adv_CLKIN1_CLKOUT0)
                                                     -6.961    -4.269 r  prescaler_instance/inst/mmcm_adv_inst/CLKOUT0
                         net (fo=1, routed)           1.661    -2.608    prescaler_instance/inst/clk_25_clkDVIprescaler
    BUFGCTRL_X0Y0        BUFG (Prop_bufg_I_O)         0.096    -2.512 r  prescaler_instance/inst/clkout1_buf/O
                         net (fo=36, routed)          1.626    -0.886    dvi_driver_inst/clk_25
    SLICE_X3Y96          FDRE                                         r  dvi_driver_inst/vcount_int_reg[3]/C
  -------------------------------------------------------------------    -------------------
    SLICE_X3Y96          FDRE (Prop_fdre_C_Q)         0.456    -0.430 f  dvi_driver_inst/vcount_int_reg[3]/Q
                         net (fo=15, routed)          1.730     1.300    dvi_driver_inst/vcount_driver[3]
    SLICE_X2Y96          LUT6 (Prop_lut6_I3_O)        0.124     1.424 r  dvi_driver_inst/DE_internal_i_4/O
                         net (fo=6, routed)           0.823     2.247    dvi_driver_inst/DE_internal_i_4_n_0
    SLICE_X2Y95          LUT4 (Prop_lut4_I3_O)        0.146     2.393 r  dvi_driver_inst/PixelAan_i_11/O
                         net (fo=1, routed)           0.808     3.201    dvi_driver_inst/PixelAan_i_11_n_0
    SLICE_X4Y95          LUT6 (Prop_lut6_I3_O)        0.328     3.529 f  dvi_driver_inst/PixelAan_i_2/O
                         net (fo=1, routed)           0.801     4.330    dvi_driver_inst/PixelAan_i_2_n_0
    SLICE_X2Y95          LUT6 (Prop_lut6_I0_O)        0.124     4.454 r  dvi_driver_inst/PixelAan_i_1/O
                         net (fo=12, routed)          0.701     5.155    pixel_gen_inst/PixelAan_reg_0
    SLICE_X0Y98          FDRE                                         r  pixel_gen_inst/PixelAan_reg_lopt_replica_8/D
  -------------------------------------------------------------------    -------------------

                         (clock clk_25_clkDVIprescaler rise edge)
                                                     40.000    40.000 r  
    W5                                                0.000    40.000 r  clk100 (IN)
                         net (fo=0)                   0.000    40.000    prescaler_instance/inst/clk_100
    W5                   IBUF (Prop_ibuf_I_O)         1.388    41.388 r  prescaler_instance/inst/clkin1_ibufg/O
                         net (fo=1, routed)           1.162    42.550    prescaler_instance/inst/clk_100_clkDVIprescaler
    MMCME2_ADV_X1Y0      MMCME2_ADV (Prop_mmcme2_adv_CLKIN1_CLKOUT0)
                                                     -7.217    35.332 r  prescaler_instance/inst/mmcm_adv_inst/CLKOUT0
                         net (fo=1, routed)           1.581    36.914    prescaler_instance/inst/clk_25_clkDVIprescaler
    BUFGCTRL_X0Y0        BUFG (Prop_bufg_I_O)         0.091    37.005 r  prescaler_instance/inst/clkout1_buf/O
                         net (fo=36, routed)          1.510    38.514    pixel_gen_inst/clk_25
    SLICE_X0Y98          FDRE                                         r  pixel_gen_inst/PixelAan_reg_lopt_replica_8/C
                         clock pessimism              0.576    39.090    
                         clock uncertainty           -0.098    38.993    
    SLICE_X0Y98          FDRE (Setup_fdre_C_D)       -0.061    38.932    pixel_gen_inst/PixelAan_reg_lopt_replica_8
  -------------------------------------------------------------------
                         required time                         38.932    
                         arrival time                          -5.155    
  -------------------------------------------------------------------
                         slack                                 33.776    





Min Delay Paths
--------------------------------------------------------------------------------------
Slack (MET) :             0.204ns  (arrival time - required time)
  Source:                 dvi_driver_inst/vcount_int_reg[4]/C
                            (rising edge-triggered cell FDRE clocked by clk_25_clkDVIprescaler  {rise@0.000ns fall@20.000ns period=40.000ns})
  Destination:            dvi_driver_inst/vcount_int_reg[5]/D
                            (rising edge-triggered cell FDRE clocked by clk_25_clkDVIprescaler  {rise@0.000ns fall@20.000ns period=40.000ns})
  Path Group:             clk_25_clkDVIprescaler
  Path Type:              Hold (Min at Fast Process Corner)
  Requirement:            0.000ns  (clk_25_clkDVIprescaler rise@0.000ns - clk_25_clkDVIprescaler rise@0.000ns)
  Data Path Delay:        0.312ns  (logic 0.186ns (59.530%)  route 0.126ns (40.470%))
  Logic Levels:           1  (LUT6=1)
  Clock Path Skew:        0.016ns (DCD - SCD - CPR)
    Destination Clock Delay (DCD):    -0.826ns
    Source Clock Delay      (SCD):    -0.588ns
    Clock Pessimism Removal (CPR):    -0.254ns

    Location             Delay type                Incr(ns)  Path(ns)    Netlist Resource(s)
  -------------------------------------------------------------------    -------------------
                         (clock clk_25_clkDVIprescaler rise edge)
                                                      0.000     0.000 r  
    W5                                                0.000     0.000 r  clk100 (IN)
                         net (fo=0)                   0.000     0.000    prescaler_instance/inst/clk_100
    W5                   IBUF (Prop_ibuf_I_O)         0.226     0.226 r  prescaler_instance/inst/clkin1_ibufg/O
                         net (fo=1, routed)           0.440     0.667    prescaler_instance/inst/clk_100_clkDVIprescaler
    MMCME2_ADV_X1Y0      MMCME2_ADV (Prop_mmcme2_adv_CLKIN1_CLKOUT0)
                                                     -2.360    -1.693 r  prescaler_instance/inst/mmcm_adv_inst/CLKOUT0
                         net (fo=1, routed)           0.486    -1.207    prescaler_instance/inst/clk_25_clkDVIprescaler
    BUFGCTRL_X0Y0        BUFG (Prop_bufg_I_O)         0.026    -1.181 r  prescaler_instance/inst/clkout1_buf/O
                         net (fo=36, routed)          0.593    -0.588    dvi_driver_inst/clk_25
    SLICE_X3Y95          FDRE                                         r  dvi_driver_inst/vcount_int_reg[4]/C
  -------------------------------------------------------------------    -------------------
    SLICE_X3Y95          FDRE (Prop_fdre_C_Q)         0.141    -0.447 r  dvi_driver_inst/vcount_int_reg[4]/Q
                         net (fo=12, routed)          0.126    -0.321    dvi_driver_inst/vcount_driver[4]
    SLICE_X1Y95          LUT6 (Prop_lut6_I5_O)        0.045    -0.276 r  dvi_driver_inst/vcount_int[5]_i_1/O
                         net (fo=1, routed)           0.000    -0.276    dvi_driver_inst/vcount_int[5]_i_1_n_0
    SLICE_X1Y95          FDRE                                         r  dvi_driver_inst/vcount_int_reg[5]/D
  -------------------------------------------------------------------    -------------------

                         (clock clk_25_clkDVIprescaler rise edge)
                                                      0.000     0.000 r  
    W5                                                0.000     0.000 r  clk100 (IN)
                         net (fo=0)                   0.000     0.000    prescaler_instance/inst/clk_100
    W5                   IBUF (Prop_ibuf_I_O)         0.414     0.414 r  prescaler_instance/inst/clkin1_ibufg/O
                         net (fo=1, routed)           0.480     0.894    prescaler_instance/inst/clk_100_clkDVIprescaler
    MMCME2_ADV_X1Y0      MMCME2_ADV (Prop_mmcme2_adv_CLKIN1_CLKOUT0)
                                                     -3.142    -2.248 r  prescaler_instance/inst/mmcm_adv_inst/CLKOUT0
                         net (fo=1, routed)           0.530    -1.718    prescaler_instance/inst/clk_25_clkDVIprescaler
    BUFGCTRL_X0Y0        BUFG (Prop_bufg_I_O)         0.029    -1.689 r  prescaler_instance/inst/clkout1_buf/O
                         net (fo=36, routed)          0.863    -0.826    dvi_driver_inst/clk_25
    SLICE_X1Y95          FDRE                                         r  dvi_driver_inst/vcount_int_reg[5]/C
                         clock pessimism              0.254    -0.572    
    SLICE_X1Y95          FDRE (Hold_fdre_C_D)         0.092    -0.480    dvi_driver_inst/vcount_int_reg[5]
  -------------------------------------------------------------------
                         required time                          0.480    
                         arrival time                          -0.276    
  -------------------------------------------------------------------
                         slack                                  0.204    

Slack (MET) :             0.240ns  (arrival time - required time)
  Source:                 dvi_driver_inst/vcount_int_reg[9]/C
                            (rising edge-triggered cell FDRE clocked by clk_25_clkDVIprescaler  {rise@0.000ns fall@20.000ns period=40.000ns})
  Destination:            dvi_driver_inst/vcount_int_reg[9]/D
                            (rising edge-triggered cell FDRE clocked by clk_25_clkDVIprescaler  {rise@0.000ns fall@20.000ns period=40.000ns})
  Path Group:             clk_25_clkDVIprescaler
  Path Type:              Hold (Min at Fast Process Corner)
  Requirement:            0.000ns  (clk_25_clkDVIprescaler rise@0.000ns - clk_25_clkDVIprescaler rise@0.000ns)
  Data Path Delay:        0.332ns  (logic 0.186ns (56.050%)  route 0.146ns (43.950%))
  Logic Levels:           1  (LUT6=1)
  Clock Path Skew:        0.000ns (DCD - SCD - CPR)
    Destination Clock Delay (DCD):    -0.826ns
    Source Clock Delay      (SCD):    -0.588ns
    Clock Pessimism Removal (CPR):    -0.238ns

    Location             Delay type                Incr(ns)  Path(ns)    Netlist Resource(s)
  -------------------------------------------------------------------    -------------------
                         (clock clk_25_clkDVIprescaler rise edge)
                                                      0.000     0.000 r  
    W5                                                0.000     0.000 r  clk100 (IN)
                         net (fo=0)                   0.000     0.000    prescaler_instance/inst/clk_100
    W5                   IBUF (Prop_ibuf_I_O)         0.226     0.226 r  prescaler_instance/inst/clkin1_ibufg/O
                         net (fo=1, routed)           0.440     0.667    prescaler_instance/inst/clk_100_clkDVIprescaler
    MMCME2_ADV_X1Y0      MMCME2_ADV (Prop_mmcme2_adv_CLKIN1_CLKOUT0)
                                                     -2.360    -1.693 r  prescaler_instance/inst/mmcm_adv_inst/CLKOUT0
                         net (fo=1, routed)           0.486    -1.207    prescaler_instance/inst/clk_25_clkDVIprescaler
    BUFGCTRL_X0Y0        BUFG (Prop_bufg_I_O)         0.026    -1.181 r  prescaler_instance/inst/clkout1_buf/O
                         net (fo=36, routed)          0.593    -0.588    dvi_driver_inst/clk_25
    SLICE_X3Y95          FDRE                                         r  dvi_driver_inst/vcount_int_reg[9]/C
  -------------------------------------------------------------------    -------------------
    SLICE_X3Y95          FDRE (Prop_fdre_C_Q)         0.141    -0.447 r  dvi_driver_inst/vcount_int_reg[9]/Q
                         net (fo=10, routed)          0.146    -0.301    dvi_driver_inst/vcount_driver[9]
    SLICE_X3Y95          LUT6 (Prop_lut6_I1_O)        0.045    -0.256 r  dvi_driver_inst/vcount_int[9]_i_2/O
                         net (fo=1, routed)           0.000    -0.256    dvi_driver_inst/vcount_int[9]_i_2_n_0
    SLICE_X3Y95          FDRE                                         r  dvi_driver_inst/vcount_int_reg[9]/D
  -------------------------------------------------------------------    -------------------

                         (clock clk_25_clkDVIprescaler rise edge)
                                                      0.000     0.000 r  
    W5                                                0.000     0.000 r  clk100 (IN)
                         net (fo=0)                   0.000     0.000    prescaler_instance/inst/clk_100
    W5                   IBUF (Prop_ibuf_I_O)         0.414     0.414 r  prescaler_instance/inst/clkin1_ibufg/O
                         net (fo=1, routed)           0.480     0.894    prescaler_instance/inst/clk_100_clkDVIprescaler
    MMCME2_ADV_X1Y0      MMCME2_ADV (Prop_mmcme2_adv_CLKIN1_CLKOUT0)
                                                     -3.142    -2.248 r  prescaler_instance/inst/mmcm_adv_inst/CLKOUT0
                         net (fo=1, routed)           0.530    -1.718    prescaler_instance/inst/clk_25_clkDVIprescaler
    BUFGCTRL_X0Y0        BUFG (Prop_bufg_I_O)         0.029    -1.689 r  prescaler_instance/inst/clkout1_buf/O
                         net (fo=36, routed)          0.863    -0.826    dvi_driver_inst/clk_25
    SLICE_X3Y95          FDRE                                         r  dvi_driver_inst/vcount_int_reg[9]/C
                         clock pessimism              0.238    -0.588    
    SLICE_X3Y95          FDRE (Hold_fdre_C_D)         0.092    -0.496    dvi_driver_inst/vcount_int_reg[9]
  -------------------------------------------------------------------
                         required time                          0.496    
                         arrival time                          -0.256    
  -------------------------------------------------------------------
                         slack                                  0.240    

Slack (MET) :             0.249ns  (arrival time - required time)
  Source:                 dvi_driver_inst/hcount_int_reg[3]/C
                            (rising edge-triggered cell FDRE clocked by clk_25_clkDVIprescaler  {rise@0.000ns fall@20.000ns period=40.000ns})
  Destination:            dvi_driver_inst/hcount_int_reg[4]/D
                            (rising edge-triggered cell FDRE clocked by clk_25_clkDVIprescaler  {rise@0.000ns fall@20.000ns period=40.000ns})
  Path Group:             clk_25_clkDVIprescaler
  Path Type:              Hold (Min at Fast Process Corner)
  Requirement:            0.000ns  (clk_25_clkDVIprescaler rise@0.000ns - clk_25_clkDVIprescaler rise@0.000ns)
  Data Path Delay:        0.357ns  (logic 0.186ns (52.087%)  route 0.171ns (47.913%))
  Logic Levels:           1  (LUT5=1)
  Clock Path Skew:        0.017ns (DCD - SCD - CPR)
    Destination Clock Delay (DCD):    -0.828ns
    Source Clock Delay      (SCD):    -0.591ns
    Clock Pessimism Removal (CPR):    -0.254ns

    Location             Delay type                Incr(ns)  Path(ns)    Netlist Resource(s)
  -------------------------------------------------------------------    -------------------
                         (clock clk_25_clkDVIprescaler rise edge)
                                                      0.000     0.000 r  
    W5                                                0.000     0.000 r  clk100 (IN)
                         net (fo=0)                   0.000     0.000    prescaler_instance/inst/clk_100
    W5                   IBUF (Prop_ibuf_I_O)         0.226     0.226 r  prescaler_instance/inst/clkin1_ibufg/O
                         net (fo=1, routed)           0.440     0.667    prescaler_instance/inst/clk_100_clkDVIprescaler
    MMCME2_ADV_X1Y0      MMCME2_ADV (Prop_mmcme2_adv_CLKIN1_CLKOUT0)
                                                     -2.360    -1.693 r  prescaler_instance/inst/mmcm_adv_inst/CLKOUT0
                         net (fo=1, routed)           0.486    -1.207    prescaler_instance/inst/clk_25_clkDVIprescaler
    BUFGCTRL_X0Y0        BUFG (Prop_bufg_I_O)         0.026    -1.181 r  prescaler_instance/inst/clkout1_buf/O
                         net (fo=36, routed)          0.590    -0.591    dvi_driver_inst/clk_25
    SLICE_X4Y92          FDRE                                         r  dvi_driver_inst/hcount_int_reg[3]/C
  -------------------------------------------------------------------    -------------------
    SLICE_X4Y92          FDRE (Prop_fdre_C_Q)         0.141    -0.450 r  dvi_driver_inst/hcount_int_reg[3]/Q
                         net (fo=12, routed)          0.171    -0.279    dvi_driver_inst/hcount_driver[3]
    SLICE_X5Y93          LUT5 (Prop_lut5_I3_O)        0.045    -0.234 r  dvi_driver_inst/hcount_int[4]_i_1/O
                         net (fo=1, routed)           0.000    -0.234    dvi_driver_inst/plusOp[4]
    SLICE_X5Y93          FDRE                                         r  dvi_driver_inst/hcount_int_reg[4]/D
  -------------------------------------------------------------------    -------------------

                         (clock clk_25_clkDVIprescaler rise edge)
                                                      0.000     0.000 r  
    W5                                                0.000     0.000 r  clk100 (IN)
                         net (fo=0)                   0.000     0.000    prescaler_instance/inst/clk_100
    W5                   IBUF (Prop_ibuf_I_O)         0.414     0.414 r  prescaler_instance/inst/clkin1_ibufg/O
                         net (fo=1, routed)           0.480     0.894    prescaler_instance/inst/clk_100_clkDVIprescaler
    MMCME2_ADV_X1Y0      MMCME2_ADV (Prop_mmcme2_adv_CLKIN1_CLKOUT0)
                                                     -3.142    -2.248 r  prescaler_instance/inst/mmcm_adv_inst/CLKOUT0
                         net (fo=1, routed)           0.530    -1.718    prescaler_instance/inst/clk_25_clkDVIprescaler
    BUFGCTRL_X0Y0        BUFG (Prop_bufg_I_O)         0.029    -1.689 r  prescaler_instance/inst/clkout1_buf/O
                         net (fo=36, routed)          0.861    -0.828    dvi_driver_inst/clk_25
    SLICE_X5Y93          FDRE                                         r  dvi_driver_inst/hcount_int_reg[4]/C
                         clock pessimism              0.254    -0.574    
    SLICE_X5Y93          FDRE (Hold_fdre_C_D)         0.091    -0.483    dvi_driver_inst/hcount_int_reg[4]
  -------------------------------------------------------------------
                         required time                          0.483    
                         arrival time                          -0.234    
  -------------------------------------------------------------------
                         slack                                  0.249    

Slack (MET) :             0.249ns  (arrival time - required time)
  Source:                 dvi_driver_inst/vcount_int_reg[0]/C
                            (rising edge-triggered cell FDRE clocked by clk_25_clkDVIprescaler  {rise@0.000ns fall@20.000ns period=40.000ns})
  Destination:            dvi_driver_inst/vcount_int_reg[2]/D
                            (rising edge-triggered cell FDRE clocked by clk_25_clkDVIprescaler  {rise@0.000ns fall@20.000ns period=40.000ns})
  Path Group:             clk_25_clkDVIprescaler
  Path Type:              Hold (Min at Fast Process Corner)
  Requirement:            0.000ns  (clk_25_clkDVIprescaler rise@0.000ns - clk_25_clkDVIprescaler rise@0.000ns)
  Data Path Delay:        0.382ns  (logic 0.186ns (48.634%)  route 0.196ns (51.366%))
  Logic Levels:           1  (LUT3=1)
  Clock Path Skew:        0.013ns (DCD - SCD - CPR)
    Destination Clock Delay (DCD):    -0.826ns
    Source Clock Delay      (SCD):    -0.588ns
    Clock Pessimism Removal (CPR):    -0.251ns

    Location             Delay type                Incr(ns)  Path(ns)    Netlist Resource(s)
  -------------------------------------------------------------------    -------------------
                         (clock clk_25_clkDVIprescaler rise edge)
                                                      0.000     0.000 r  
    W5                                                0.000     0.000 r  clk100 (IN)
                         net (fo=0)                   0.000     0.000    prescaler_instance/inst/clk_100
    W5                   IBUF (Prop_ibuf_I_O)         0.226     0.226 r  prescaler_instance/inst/clkin1_ibufg/O
                         net (fo=1, routed)           0.440     0.667    prescaler_instance/inst/clk_100_clkDVIprescaler
    MMCME2_ADV_X1Y0      MMCME2_ADV (Prop_mmcme2_adv_CLKIN1_CLKOUT0)
                                                     -2.360    -1.693 r  prescaler_instance/inst/mmcm_adv_inst/CLKOUT0
                         net (fo=1, routed)           0.486    -1.207    prescaler_instance/inst/clk_25_clkDVIprescaler
    BUFGCTRL_X0Y0        BUFG (Prop_bufg_I_O)         0.026    -1.181 r  prescaler_instance/inst/clkout1_buf/O
                         net (fo=36, routed)          0.593    -0.588    dvi_driver_inst/clk_25
    SLICE_X3Y96          FDRE                                         r  dvi_driver_inst/vcount_int_reg[0]/C
  -------------------------------------------------------------------    -------------------
    SLICE_X3Y96          FDRE (Prop_fdre_C_Q)         0.141    -0.447 r  dvi_driver_inst/vcount_int_reg[0]/Q
                         net (fo=16, routed)          0.196    -0.251    dvi_driver_inst/vcount_driver[0]
    SLICE_X2Y96          LUT3 (Prop_lut3_I2_O)        0.045    -0.206 r  dvi_driver_inst/vcount_int[2]_i_1/O
                         net (fo=1, routed)           0.000    -0.206    dvi_driver_inst/vcount_int[2]_i_1_n_0
    SLICE_X2Y96          FDRE                                         r  dvi_driver_inst/vcount_int_reg[2]/D
  -------------------------------------------------------------------    -------------------

                         (clock clk_25_clkDVIprescaler rise edge)
                                                      0.000     0.000 r  
    W5                                                0.000     0.000 r  clk100 (IN)
                         net (fo=0)                   0.000     0.000    prescaler_instance/inst/clk_100
    W5                   IBUF (Prop_ibuf_I_O)         0.414     0.414 r  prescaler_instance/inst/clkin1_ibufg/O
                         net (fo=1, routed)           0.480     0.894    prescaler_instance/inst/clk_100_clkDVIprescaler
    MMCME2_ADV_X1Y0      MMCME2_ADV (Prop_mmcme2_adv_CLKIN1_CLKOUT0)
                                                     -3.142    -2.248 r  prescaler_instance/inst/mmcm_adv_inst/CLKOUT0
                         net (fo=1, routed)           0.530    -1.718    prescaler_instance/inst/clk_25_clkDVIprescaler
    BUFGCTRL_X0Y0        BUFG (Prop_bufg_I_O)         0.029    -1.689 r  prescaler_instance/inst/clkout1_buf/O
                         net (fo=36, routed)          0.863    -0.826    dvi_driver_inst/clk_25
    SLICE_X2Y96          FDRE                                         r  dvi_driver_inst/vcount_int_reg[2]/C
                         clock pessimism              0.251    -0.575    
    SLICE_X2Y96          FDRE (Hold_fdre_C_D)         0.120    -0.455    dvi_driver_inst/vcount_int_reg[2]
  -------------------------------------------------------------------
                         required time                          0.455    
                         arrival time                          -0.206    
  -------------------------------------------------------------------
                         slack                                  0.249    

Slack (MET) :             0.278ns  (arrival time - required time)
  Source:                 dvi_driver_inst/vcount_int_reg[6]/C
                            (rising edge-triggered cell FDRE clocked by clk_25_clkDVIprescaler  {rise@0.000ns fall@20.000ns period=40.000ns})
  Destination:            dvi_driver_inst/vcount_int_reg[7]/D
                            (rising edge-triggered cell FDRE clocked by clk_25_clkDVIprescaler  {rise@0.000ns fall@20.000ns period=40.000ns})
  Path Group:             clk_25_clkDVIprescaler
  Path Type:              Hold (Min at Fast Process Corner)
  Requirement:            0.000ns  (clk_25_clkDVIprescaler rise@0.000ns - clk_25_clkDVIprescaler rise@0.000ns)
  Data Path Delay:        0.385ns  (logic 0.183ns (47.478%)  route 0.202ns (52.522%))
  Logic Levels:           1  (LUT4=1)
  Clock Path Skew:        0.000ns (DCD - SCD - CPR)
    Destination Clock Delay (DCD):    -0.826ns
    Source Clock Delay      (SCD):    -0.588ns
    Clock Pessimism Removal (CPR):    -0.238ns

    Location             Delay type                Incr(ns)  Path(ns)    Netlist Resource(s)
  -------------------------------------------------------------------    -------------------
                         (clock clk_25_clkDVIprescaler rise edge)
                                                      0.000     0.000 r  
    W5                                                0.000     0.000 r  clk100 (IN)
                         net (fo=0)                   0.000     0.000    prescaler_instance/inst/clk_100
    W5                   IBUF (Prop_ibuf_I_O)         0.226     0.226 r  prescaler_instance/inst/clkin1_ibufg/O
                         net (fo=1, routed)           0.440     0.667    prescaler_instance/inst/clk_100_clkDVIprescaler
    MMCME2_ADV_X1Y0      MMCME2_ADV (Prop_mmcme2_adv_CLKIN1_CLKOUT0)
                                                     -2.360    -1.693 r  prescaler_instance/inst/mmcm_adv_inst/CLKOUT0
                         net (fo=1, routed)           0.486    -1.207    prescaler_instance/inst/clk_25_clkDVIprescaler
    BUFGCTRL_X0Y0        BUFG (Prop_bufg_I_O)         0.026    -1.181 r  prescaler_instance/inst/clkout1_buf/O
                         net (fo=36, routed)          0.593    -0.588    dvi_driver_inst/clk_25
    SLICE_X1Y95          FDRE                                         r  dvi_driver_inst/vcount_int_reg[6]/C
  -------------------------------------------------------------------    -------------------
    SLICE_X1Y95          FDRE (Prop_fdre_C_Q)         0.141    -0.447 r  dvi_driver_inst/vcount_int_reg[6]/Q
                         net (fo=14, routed)          0.202    -0.245    dvi_driver_inst/vcount_driver[6]
    SLICE_X1Y95          LUT4 (Prop_lut4_I1_O)        0.042    -0.203 r  dvi_driver_inst/vcount_int[7]_i_1/O
                         net (fo=1, routed)           0.000    -0.203    dvi_driver_inst/vcount_int[7]_i_1_n_0
    SLICE_X1Y95          FDRE                                         r  dvi_driver_inst/vcount_int_reg[7]/D
  -------------------------------------------------------------------    -------------------

                         (clock clk_25_clkDVIprescaler rise edge)
                                                      0.000     0.000 r  
    W5                                                0.000     0.000 r  clk100 (IN)
                         net (fo=0)                   0.000     0.000    prescaler_instance/inst/clk_100
    W5                   IBUF (Prop_ibuf_I_O)         0.414     0.414 r  prescaler_instance/inst/clkin1_ibufg/O
                         net (fo=1, routed)           0.480     0.894    prescaler_instance/inst/clk_100_clkDVIprescaler
    MMCME2_ADV_X1Y0      MMCME2_ADV (Prop_mmcme2_adv_CLKIN1_CLKOUT0)
                                                     -3.142    -2.248 r  prescaler_instance/inst/mmcm_adv_inst/CLKOUT0
                         net (fo=1, routed)           0.530    -1.718    prescaler_instance/inst/clk_25_clkDVIprescaler
    BUFGCTRL_X0Y0        BUFG (Prop_bufg_I_O)         0.029    -1.689 r  prescaler_instance/inst/clkout1_buf/O
                         net (fo=36, routed)          0.863    -0.826    dvi_driver_inst/clk_25
    SLICE_X1Y95          FDRE                                         r  dvi_driver_inst/vcount_int_reg[7]/C
                         clock pessimism              0.238    -0.588    
    SLICE_X1Y95          FDRE (Hold_fdre_C_D)         0.107    -0.481    dvi_driver_inst/vcount_int_reg[7]
  -------------------------------------------------------------------
                         required time                          0.481    
                         arrival time                          -0.203    
  -------------------------------------------------------------------
                         slack                                  0.278    

Slack (MET) :             0.280ns  (arrival time - required time)
  Source:                 dvi_driver_inst/hcount_int_reg[6]/C
                            (rising edge-triggered cell FDRE clocked by clk_25_clkDVIprescaler  {rise@0.000ns fall@20.000ns period=40.000ns})
  Destination:            dvi_driver_inst/hcount_int_reg[7]/D
                            (rising edge-triggered cell FDRE clocked by clk_25_clkDVIprescaler  {rise@0.000ns fall@20.000ns period=40.000ns})
  Path Group:             clk_25_clkDVIprescaler
  Path Type:              Hold (Min at Fast Process Corner)
  Requirement:            0.000ns  (clk_25_clkDVIprescaler rise@0.000ns - clk_25_clkDVIprescaler rise@0.000ns)
  Data Path Delay:        0.387ns  (logic 0.183ns (47.319%)  route 0.204ns (52.681%))
  Logic Levels:           1  (LUT3=1)
  Clock Path Skew:        0.000ns (DCD - SCD - CPR)
    Destination Clock Delay (DCD):    -0.828ns
    Source Clock Delay      (SCD):    -0.590ns
    Clock Pessimism Removal (CPR):    -0.238ns

    Location             Delay type                Incr(ns)  Path(ns)    Netlist Resource(s)
  -------------------------------------------------------------------    -------------------
                         (clock clk_25_clkDVIprescaler rise edge)
                                                      0.000     0.000 r  
    W5                                                0.000     0.000 r  clk100 (IN)
                         net (fo=0)                   0.000     0.000    prescaler_instance/inst/clk_100
    W5                   IBUF (Prop_ibuf_I_O)         0.226     0.226 r  prescaler_instance/inst/clkin1_ibufg/O
                         net (fo=1, routed)           0.440     0.667    prescaler_instance/inst/clk_100_clkDVIprescaler
    MMCME2_ADV_X1Y0      MMCME2_ADV (Prop_mmcme2_adv_CLKIN1_CLKOUT0)
                                                     -2.360    -1.693 r  prescaler_instance/inst/mmcm_adv_inst/CLKOUT0
                         net (fo=1, routed)           0.486    -1.207    prescaler_instance/inst/clk_25_clkDVIprescaler
    BUFGCTRL_X0Y0        BUFG (Prop_bufg_I_O)         0.026    -1.181 r  prescaler_instance/inst/clkout1_buf/O
                         net (fo=36, routed)          0.591    -0.590    dvi_driver_inst/clk_25
    SLICE_X5Y94          FDRE                                         r  dvi_driver_inst/hcount_int_reg[6]/C
  -------------------------------------------------------------------    -------------------
    SLICE_X5Y94          FDRE (Prop_fdre_C_Q)         0.141    -0.449 r  dvi_driver_inst/hcount_int_reg[6]/Q
                         net (fo=16, routed)          0.204    -0.246    dvi_driver_inst/hcount_driver[6]
    SLICE_X5Y94          LUT3 (Prop_lut3_I1_O)        0.042    -0.204 r  dvi_driver_inst/hcount_int[7]_i_1/O
                         net (fo=1, routed)           0.000    -0.204    dvi_driver_inst/plusOp[7]
    SLICE_X5Y94          FDRE                                         r  dvi_driver_inst/hcount_int_reg[7]/D
  -------------------------------------------------------------------    -------------------

                         (clock clk_25_clkDVIprescaler rise edge)
                                                      0.000     0.000 r  
    W5                                                0.000     0.000 r  clk100 (IN)
                         net (fo=0)                   0.000     0.000    prescaler_instance/inst/clk_100
    W5                   IBUF (Prop_ibuf_I_O)         0.414     0.414 r  prescaler_instance/inst/clkin1_ibufg/O
                         net (fo=1, routed)           0.480     0.894    prescaler_instance/inst/clk_100_clkDVIprescaler
    MMCME2_ADV_X1Y0      MMCME2_ADV (Prop_mmcme2_adv_CLKIN1_CLKOUT0)
                                                     -3.142    -2.248 r  prescaler_instance/inst/mmcm_adv_inst/CLKOUT0
                         net (fo=1, routed)           0.530    -1.718    prescaler_instance/inst/clk_25_clkDVIprescaler
    BUFGCTRL_X0Y0        BUFG (Prop_bufg_I_O)         0.029    -1.689 r  prescaler_instance/inst/clkout1_buf/O
                         net (fo=36, routed)          0.861    -0.828    dvi_driver_inst/clk_25
    SLICE_X5Y94          FDRE                                         r  dvi_driver_inst/hcount_int_reg[7]/C
                         clock pessimism              0.238    -0.590    
    SLICE_X5Y94          FDRE (Hold_fdre_C_D)         0.107    -0.483    dvi_driver_inst/hcount_int_reg[7]
  -------------------------------------------------------------------
                         required time                          0.483    
                         arrival time                          -0.204    
  -------------------------------------------------------------------
                         slack                                  0.280    

Slack (MET) :             0.283ns  (arrival time - required time)
  Source:                 dvi_driver_inst/hcount_int_reg[6]/C
                            (rising edge-triggered cell FDRE clocked by clk_25_clkDVIprescaler  {rise@0.000ns fall@20.000ns period=40.000ns})
  Destination:            dvi_driver_inst/hcount_int_reg[9]/D
                            (rising edge-triggered cell FDRE clocked by clk_25_clkDVIprescaler  {rise@0.000ns fall@20.000ns period=40.000ns})
  Path Group:             clk_25_clkDVIprescaler
  Path Type:              Hold (Min at Fast Process Corner)
  Requirement:            0.000ns  (clk_25_clkDVIprescaler rise@0.000ns - clk_25_clkDVIprescaler rise@0.000ns)
  Data Path Delay:        0.390ns  (logic 0.184ns (47.211%)  route 0.206ns (52.789%))
  Logic Levels:           1  (LUT5=1)
  Clock Path Skew:        0.000ns (DCD - SCD - CPR)
    Destination Clock Delay (DCD):    -0.828ns
    Source Clock Delay      (SCD):    -0.590ns
    Clock Pessimism Removal (CPR):    -0.238ns

    Location             Delay type                Incr(ns)  Path(ns)    Netlist Resource(s)
  -------------------------------------------------------------------    -------------------
                         (clock clk_25_clkDVIprescaler rise edge)
                                                      0.000     0.000 r  
    W5                                                0.000     0.000 r  clk100 (IN)
                         net (fo=0)                   0.000     0.000    prescaler_instance/inst/clk_100
    W5                   IBUF (Prop_ibuf_I_O)         0.226     0.226 r  prescaler_instance/inst/clkin1_ibufg/O
                         net (fo=1, routed)           0.440     0.667    prescaler_instance/inst/clk_100_clkDVIprescaler
    MMCME2_ADV_X1Y0      MMCME2_ADV (Prop_mmcme2_adv_CLKIN1_CLKOUT0)
                                                     -2.360    -1.693 r  prescaler_instance/inst/mmcm_adv_inst/CLKOUT0
                         net (fo=1, routed)           0.486    -1.207    prescaler_instance/inst/clk_25_clkDVIprescaler
    BUFGCTRL_X0Y0        BUFG (Prop_bufg_I_O)         0.026    -1.181 r  prescaler_instance/inst/clkout1_buf/O
                         net (fo=36, routed)          0.591    -0.590    dvi_driver_inst/clk_25
    SLICE_X5Y94          FDRE                                         r  dvi_driver_inst/hcount_int_reg[6]/C
  -------------------------------------------------------------------    -------------------
    SLICE_X5Y94          FDRE (Prop_fdre_C_Q)         0.141    -0.449 r  dvi_driver_inst/hcount_int_reg[6]/Q
                         net (fo=16, routed)          0.206    -0.244    dvi_driver_inst/hcount_driver[6]
    SLICE_X5Y94          LUT5 (Prop_lut5_I2_O)        0.043    -0.201 r  dvi_driver_inst/hcount_int[9]_i_2/O
                         net (fo=1, routed)           0.000    -0.201    dvi_driver_inst/plusOp[9]
    SLICE_X5Y94          FDRE                                         r  dvi_driver_inst/hcount_int_reg[9]/D
  -------------------------------------------------------------------    -------------------

                         (clock clk_25_clkDVIprescaler rise edge)
                                                      0.000     0.000 r  
    W5                                                0.000     0.000 r  clk100 (IN)
                         net (fo=0)                   0.000     0.000    prescaler_instance/inst/clk_100
    W5                   IBUF (Prop_ibuf_I_O)         0.414     0.414 r  prescaler_instance/inst/clkin1_ibufg/O
                         net (fo=1, routed)           0.480     0.894    prescaler_instance/inst/clk_100_clkDVIprescaler
    MMCME2_ADV_X1Y0      MMCME2_ADV (Prop_mmcme2_adv_CLKIN1_CLKOUT0)
                                                     -3.142    -2.248 r  prescaler_instance/inst/mmcm_adv_inst/CLKOUT0
                         net (fo=1, routed)           0.530    -1.718    prescaler_instance/inst/clk_25_clkDVIprescaler
    BUFGCTRL_X0Y0        BUFG (Prop_bufg_I_O)         0.029    -1.689 r  prescaler_instance/inst/clkout1_buf/O
                         net (fo=36, routed)          0.861    -0.828    dvi_driver_inst/clk_25
    SLICE_X5Y94          FDRE                                         r  dvi_driver_inst/hcount_int_reg[9]/C
                         clock pessimism              0.238    -0.590    
    SLICE_X5Y94          FDRE (Hold_fdre_C_D)         0.107    -0.483    dvi_driver_inst/hcount_int_reg[9]
  -------------------------------------------------------------------
                         required time                          0.483    
                         arrival time                          -0.201    
  -------------------------------------------------------------------
                         slack                                  0.283    

Slack (MET) :             0.297ns  (arrival time - required time)
  Source:                 dvi_driver_inst/vcount_int_reg[6]/C
                            (rising edge-triggered cell FDRE clocked by clk_25_clkDVIprescaler  {rise@0.000ns fall@20.000ns period=40.000ns})
  Destination:            dvi_driver_inst/vcount_int_reg[6]/D
                            (rising edge-triggered cell FDRE clocked by clk_25_clkDVIprescaler  {rise@0.000ns fall@20.000ns period=40.000ns})
  Path Group:             clk_25_clkDVIprescaler
  Path Type:              Hold (Min at Fast Process Corner)
  Requirement:            0.000ns  (clk_25_clkDVIprescaler rise@0.000ns - clk_25_clkDVIprescaler rise@0.000ns)
  Data Path Delay:        0.388ns  (logic 0.186ns (47.884%)  route 0.202ns (52.116%))
  Logic Levels:           1  (LUT3=1)
  Clock Path Skew:        0.000ns (DCD - SCD - CPR)
    Destination Clock Delay (DCD):    -0.826ns
    Source Clock Delay      (SCD):    -0.588ns
    Clock Pessimism Removal (CPR):    -0.238ns

    Location             Delay type                Incr(ns)  Path(ns)    Netlist Resource(s)
  -------------------------------------------------------------------    -------------------
                         (clock clk_25_clkDVIprescaler rise edge)
                                                      0.000     0.000 r  
    W5                                                0.000     0.000 r  clk100 (IN)
                         net (fo=0)                   0.000     0.000    prescaler_instance/inst/clk_100
    W5                   IBUF (Prop_ibuf_I_O)         0.226     0.226 r  prescaler_instance/inst/clkin1_ibufg/O
                         net (fo=1, routed)           0.440     0.667    prescaler_instance/inst/clk_100_clkDVIprescaler
    MMCME2_ADV_X1Y0      MMCME2_ADV (Prop_mmcme2_adv_CLKIN1_CLKOUT0)
                                                     -2.360    -1.693 r  prescaler_instance/inst/mmcm_adv_inst/CLKOUT0
                         net (fo=1, routed)           0.486    -1.207    prescaler_instance/inst/clk_25_clkDVIprescaler
    BUFGCTRL_X0Y0        BUFG (Prop_bufg_I_O)         0.026    -1.181 r  prescaler_instance/inst/clkout1_buf/O
                         net (fo=36, routed)          0.593    -0.588    dvi_driver_inst/clk_25
    SLICE_X1Y95          FDRE                                         r  dvi_driver_inst/vcount_int_reg[6]/C
  -------------------------------------------------------------------    -------------------
    SLICE_X1Y95          FDRE (Prop_fdre_C_Q)         0.141    -0.447 r  dvi_driver_inst/vcount_int_reg[6]/Q
                         net (fo=14, routed)          0.202    -0.245    dvi_driver_inst/vcount_driver[6]
    SLICE_X1Y95          LUT3 (Prop_lut3_I0_O)        0.045    -0.200 r  dvi_driver_inst/vcount_int[6]_i_1/O
                         net (fo=1, routed)           0.000    -0.200    dvi_driver_inst/vcount_int[6]_i_1_n_0
    SLICE_X1Y95          FDRE                                         r  dvi_driver_inst/vcount_int_reg[6]/D
  -------------------------------------------------------------------    -------------------

                         (clock clk_25_clkDVIprescaler rise edge)
                                                      0.000     0.000 r  
    W5                                                0.000     0.000 r  clk100 (IN)
                         net (fo=0)                   0.000     0.000    prescaler_instance/inst/clk_100
    W5                   IBUF (Prop_ibuf_I_O)         0.414     0.414 r  prescaler_instance/inst/clkin1_ibufg/O
                         net (fo=1, routed)           0.480     0.894    prescaler_instance/inst/clk_100_clkDVIprescaler
    MMCME2_ADV_X1Y0      MMCME2_ADV (Prop_mmcme2_adv_CLKIN1_CLKOUT0)
                                                     -3.142    -2.248 r  prescaler_instance/inst/mmcm_adv_inst/CLKOUT0
                         net (fo=1, routed)           0.530    -1.718    prescaler_instance/inst/clk_25_clkDVIprescaler
    BUFGCTRL_X0Y0        BUFG (Prop_bufg_I_O)         0.029    -1.689 r  prescaler_instance/inst/clkout1_buf/O
                         net (fo=36, routed)          0.863    -0.826    dvi_driver_inst/clk_25
    SLICE_X1Y95          FDRE                                         r  dvi_driver_inst/vcount_int_reg[6]/C
                         clock pessimism              0.238    -0.588    
    SLICE_X1Y95          FDRE (Hold_fdre_C_D)         0.091    -0.497    dvi_driver_inst/vcount_int_reg[6]
  -------------------------------------------------------------------
                         required time                          0.497    
                         arrival time                          -0.200    
  -------------------------------------------------------------------
                         slack                                  0.297    

Slack (MET) :             0.298ns  (arrival time - required time)
  Source:                 dvi_driver_inst/vcount_int_reg[6]/C
                            (rising edge-triggered cell FDRE clocked by clk_25_clkDVIprescaler  {rise@0.000ns fall@20.000ns period=40.000ns})
  Destination:            dvi_driver_inst/vcount_int_reg[8]/D
                            (rising edge-triggered cell FDRE clocked by clk_25_clkDVIprescaler  {rise@0.000ns fall@20.000ns period=40.000ns})
  Path Group:             clk_25_clkDVIprescaler
  Path Type:              Hold (Min at Fast Process Corner)
  Requirement:            0.000ns  (clk_25_clkDVIprescaler rise@0.000ns - clk_25_clkDVIprescaler rise@0.000ns)
  Data Path Delay:        0.390ns  (logic 0.186ns (47.639%)  route 0.204ns (52.361%))
  Logic Levels:           1  (LUT5=1)
  Clock Path Skew:        0.000ns (DCD - SCD - CPR)
    Destination Clock Delay (DCD):    -0.826ns
    Source Clock Delay      (SCD):    -0.588ns
    Clock Pessimism Removal (CPR):    -0.238ns

    Location             Delay type                Incr(ns)  Path(ns)    Netlist Resource(s)
  -------------------------------------------------------------------    -------------------
                         (clock clk_25_clkDVIprescaler rise edge)
                                                      0.000     0.000 r  
    W5                                                0.000     0.000 r  clk100 (IN)
                         net (fo=0)                   0.000     0.000    prescaler_instance/inst/clk_100
    W5                   IBUF (Prop_ibuf_I_O)         0.226     0.226 r  prescaler_instance/inst/clkin1_ibufg/O
                         net (fo=1, routed)           0.440     0.667    prescaler_instance/inst/clk_100_clkDVIprescaler
    MMCME2_ADV_X1Y0      MMCME2_ADV (Prop_mmcme2_adv_CLKIN1_CLKOUT0)
                                                     -2.360    -1.693 r  prescaler_instance/inst/mmcm_adv_inst/CLKOUT0
                         net (fo=1, routed)           0.486    -1.207    prescaler_instance/inst/clk_25_clkDVIprescaler
    BUFGCTRL_X0Y0        BUFG (Prop_bufg_I_O)         0.026    -1.181 r  prescaler_instance/inst/clkout1_buf/O
                         net (fo=36, routed)          0.593    -0.588    dvi_driver_inst/clk_25
    SLICE_X1Y95          FDRE                                         r  dvi_driver_inst/vcount_int_reg[6]/C
  -------------------------------------------------------------------    -------------------
    SLICE_X1Y95          FDRE (Prop_fdre_C_Q)         0.141    -0.447 r  dvi_driver_inst/vcount_int_reg[6]/Q
                         net (fo=14, routed)          0.204    -0.243    dvi_driver_inst/vcount_driver[6]
    SLICE_X1Y95          LUT5 (Prop_lut5_I4_O)        0.045    -0.198 r  dvi_driver_inst/vcount_int[8]_i_1/O
                         net (fo=1, routed)           0.000    -0.198    dvi_driver_inst/vcount_int[8]_i_1_n_0
    SLICE_X1Y95          FDRE                                         r  dvi_driver_inst/vcount_int_reg[8]/D
  -------------------------------------------------------------------    -------------------

                         (clock clk_25_clkDVIprescaler rise edge)
                                                      0.000     0.000 r  
    W5                                                0.000     0.000 r  clk100 (IN)
                         net (fo=0)                   0.000     0.000    prescaler_instance/inst/clk_100
    W5                   IBUF (Prop_ibuf_I_O)         0.414     0.414 r  prescaler_instance/inst/clkin1_ibufg/O
                         net (fo=1, routed)           0.480     0.894    prescaler_instance/inst/clk_100_clkDVIprescaler
    MMCME2_ADV_X1Y0      MMCME2_ADV (Prop_mmcme2_adv_CLKIN1_CLKOUT0)
                                                     -3.142    -2.248 r  prescaler_instance/inst/mmcm_adv_inst/CLKOUT0
                         net (fo=1, routed)           0.530    -1.718    prescaler_instance/inst/clk_25_clkDVIprescaler
    BUFGCTRL_X0Y0        BUFG (Prop_bufg_I_O)         0.029    -1.689 r  prescaler_instance/inst/clkout1_buf/O
                         net (fo=36, routed)          0.863    -0.826    dvi_driver_inst/clk_25
    SLICE_X1Y95          FDRE                                         r  dvi_driver_inst/vcount_int_reg[8]/C
                         clock pessimism              0.238    -0.588    
    SLICE_X1Y95          FDRE (Hold_fdre_C_D)         0.092    -0.496    dvi_driver_inst/vcount_int_reg[8]
  -------------------------------------------------------------------
                         required time                          0.496    
                         arrival time                          -0.198    
  -------------------------------------------------------------------
                         slack                                  0.298    

Slack (MET) :             0.299ns  (arrival time - required time)
  Source:                 dvi_driver_inst/hcount_int_reg[6]/C
                            (rising edge-triggered cell FDRE clocked by clk_25_clkDVIprescaler  {rise@0.000ns fall@20.000ns period=40.000ns})
  Destination:            dvi_driver_inst/hcount_int_reg[6]/D
                            (rising edge-triggered cell FDRE clocked by clk_25_clkDVIprescaler  {rise@0.000ns fall@20.000ns period=40.000ns})
  Path Group:             clk_25_clkDVIprescaler
  Path Type:              Hold (Min at Fast Process Corner)
  Requirement:            0.000ns  (clk_25_clkDVIprescaler rise@0.000ns - clk_25_clkDVIprescaler rise@0.000ns)
  Data Path Delay:        0.390ns  (logic 0.186ns (47.724%)  route 0.204ns (52.276%))
  Logic Levels:           1  (LUT2=1)
  Clock Path Skew:        0.000ns (DCD - SCD - CPR)
    Destination Clock Delay (DCD):    -0.828ns
    Source Clock Delay      (SCD):    -0.590ns
    Clock Pessimism Removal (CPR):    -0.238ns

    Location             Delay type                Incr(ns)  Path(ns)    Netlist Resource(s)
  -------------------------------------------------------------------    -------------------
                         (clock clk_25_clkDVIprescaler rise edge)
                                                      0.000     0.000 r  
    W5                                                0.000     0.000 r  clk100 (IN)
                         net (fo=0)                   0.000     0.000    prescaler_instance/inst/clk_100
    W5                   IBUF (Prop_ibuf_I_O)         0.226     0.226 r  prescaler_instance/inst/clkin1_ibufg/O
                         net (fo=1, routed)           0.440     0.667    prescaler_instance/inst/clk_100_clkDVIprescaler
    MMCME2_ADV_X1Y0      MMCME2_ADV (Prop_mmcme2_adv_CLKIN1_CLKOUT0)
                                                     -2.360    -1.693 r  prescaler_instance/inst/mmcm_adv_inst/CLKOUT0
                         net (fo=1, routed)           0.486    -1.207    prescaler_instance/inst/clk_25_clkDVIprescaler
    BUFGCTRL_X0Y0        BUFG (Prop_bufg_I_O)         0.026    -1.181 r  prescaler_instance/inst/clkout1_buf/O
                         net (fo=36, routed)          0.591    -0.590    dvi_driver_inst/clk_25
    SLICE_X5Y94          FDRE                                         r  dvi_driver_inst/hcount_int_reg[6]/C
  -------------------------------------------------------------------    -------------------
    SLICE_X5Y94          FDRE (Prop_fdre_C_Q)         0.141    -0.449 r  dvi_driver_inst/hcount_int_reg[6]/Q
                         net (fo=16, routed)          0.204    -0.246    dvi_driver_inst/hcount_driver[6]
    SLICE_X5Y94          LUT2 (Prop_lut2_I0_O)        0.045    -0.201 r  dvi_driver_inst/hcount_int[6]_i_1/O
                         net (fo=1, routed)           0.000    -0.201    dvi_driver_inst/plusOp[6]
    SLICE_X5Y94          FDRE                                         r  dvi_driver_inst/hcount_int_reg[6]/D
  -------------------------------------------------------------------    -------------------

                         (clock clk_25_clkDVIprescaler rise edge)
                                                      0.000     0.000 r  
    W5                                                0.000     0.000 r  clk100 (IN)
                         net (fo=0)                   0.000     0.000    prescaler_instance/inst/clk_100
    W5                   IBUF (Prop_ibuf_I_O)         0.414     0.414 r  prescaler_instance/inst/clkin1_ibufg/O
                         net (fo=1, routed)           0.480     0.894    prescaler_instance/inst/clk_100_clkDVIprescaler
    MMCME2_ADV_X1Y0      MMCME2_ADV (Prop_mmcme2_adv_CLKIN1_CLKOUT0)
                                                     -3.142    -2.248 r  prescaler_instance/inst/mmcm_adv_inst/CLKOUT0
                         net (fo=1, routed)           0.530    -1.718    prescaler_instance/inst/clk_25_clkDVIprescaler
    BUFGCTRL_X0Y0        BUFG (Prop_bufg_I_O)         0.029    -1.689 r  prescaler_instance/inst/clkout1_buf/O
                         net (fo=36, routed)          0.861    -0.828    dvi_driver_inst/clk_25
    SLICE_X5Y94          FDRE                                         r  dvi_driver_inst/hcount_int_reg[6]/C
                         clock pessimism              0.238    -0.590    
    SLICE_X5Y94          FDRE (Hold_fdre_C_D)         0.091    -0.499    dvi_driver_inst/hcount_int_reg[6]
  -------------------------------------------------------------------
                         required time                          0.499    
                         arrival time                          -0.201    
  -------------------------------------------------------------------
                         slack                                  0.299    





Pulse Width Checks
--------------------------------------------------------------------------------------
Clock Name:         clk_25_clkDVIprescaler
Waveform(ns):       { 0.000 20.000 }
Period(ns):         40.000
Sources:            { prescaler_instance/inst/mmcm_adv_inst/CLKOUT0 }

Check Type        Corner  Lib Pin             Reference Pin  Required(ns)  Actual(ns)  Slack(ns)  Location         Pin
Min Period        n/a     BUFG/I              n/a            2.155         40.000      37.845     BUFGCTRL_X0Y0    prescaler_instance/inst/clkout1_buf/I
Min Period        n/a     MMCME2_ADV/CLKOUT0  n/a            1.249         40.000      38.751     MMCME2_ADV_X1Y0  prescaler_instance/inst/mmcm_adv_inst/CLKOUT0
Min Period        n/a     FDRE/C              n/a            1.000         40.000      39.000     SLICE_X2Y94      dvi_driver_inst/DE_internal_reg/C
Min Period        n/a     FDRE/C              n/a            1.000         40.000      39.000     SLICE_X4Y92      dvi_driver_inst/hcount_int_reg[0]/C
Min Period        n/a     FDRE/C              n/a            1.000         40.000      39.000     SLICE_X4Y92      dvi_driver_inst/hcount_int_reg[1]/C
Min Period        n/a     FDRE/C              n/a            1.000         40.000      39.000     SLICE_X4Y92      dvi_driver_inst/hcount_int_reg[2]/C
Min Period        n/a     FDRE/C              n/a            1.000         40.000      39.000     SLICE_X4Y92      dvi_driver_inst/hcount_int_reg[3]/C
Min Period        n/a     FDRE/C              n/a            1.000         40.000      39.000     SLICE_X5Y93      dvi_driver_inst/hcount_int_reg[4]/C
Min Period        n/a     FDRE/C              n/a            1.000         40.000      39.000     SLICE_X5Y94      dvi_driver_inst/hcount_int_reg[5]/C
Min Period        n/a     FDRE/C              n/a            1.000         40.000      39.000     SLICE_X5Y94      dvi_driver_inst/hcount_int_reg[6]/C
Max Period        n/a     MMCME2_ADV/CLKOUT0  n/a            213.360       40.000      173.360    MMCME2_ADV_X1Y0  prescaler_instance/inst/mmcm_adv_inst/CLKOUT0
Low Pulse Width   Slow    FDRE/C              n/a            0.500         20.000      19.500     SLICE_X2Y94      dvi_driver_inst/DE_internal_reg/C
Low Pulse Width   Fast    FDRE/C              n/a            0.500         20.000      19.500     SLICE_X2Y94      dvi_driver_inst/DE_internal_reg/C
Low Pulse Width   Slow    FDRE/C              n/a            0.500         20.000      19.500     SLICE_X4Y92      dvi_driver_inst/hcount_int_reg[0]/C
Low Pulse Width   Fast    FDRE/C              n/a            0.500         20.000      19.500     SLICE_X4Y92      dvi_driver_inst/hcount_int_reg[0]/C
Low Pulse Width   Slow    FDRE/C              n/a            0.500         20.000      19.500     SLICE_X4Y92      dvi_driver_inst/hcount_int_reg[1]/C
Low Pulse Width   Fast    FDRE/C              n/a            0.500         20.000      19.500     SLICE_X4Y92      dvi_driver_inst/hcount_int_reg[1]/C
Low Pulse Width   Slow    FDRE/C              n/a            0.500         20.000      19.500     SLICE_X4Y92      dvi_driver_inst/hcount_int_reg[2]/C
Low Pulse Width   Fast    FDRE/C              n/a            0.500         20.000      19.500     SLICE_X4Y92      dvi_driver_inst/hcount_int_reg[2]/C
Low Pulse Width   Slow    FDRE/C              n/a            0.500         20.000      19.500     SLICE_X4Y92      dvi_driver_inst/hcount_int_reg[3]/C
Low Pulse Width   Fast    FDRE/C              n/a            0.500         20.000      19.500     SLICE_X4Y92      dvi_driver_inst/hcount_int_reg[3]/C
High Pulse Width  Slow    FDRE/C              n/a            0.500         20.000      19.500     SLICE_X2Y94      dvi_driver_inst/DE_internal_reg/C
High Pulse Width  Fast    FDRE/C              n/a            0.500         20.000      19.500     SLICE_X2Y94      dvi_driver_inst/DE_internal_reg/C
High Pulse Width  Slow    FDRE/C              n/a            0.500         20.000      19.500     SLICE_X4Y92      dvi_driver_inst/hcount_int_reg[0]/C
High Pulse Width  Fast    FDRE/C              n/a            0.500         20.000      19.500     SLICE_X4Y92      dvi_driver_inst/hcount_int_reg[0]/C
High Pulse Width  Slow    FDRE/C              n/a            0.500         20.000      19.500     SLICE_X4Y92      dvi_driver_inst/hcount_int_reg[1]/C
High Pulse Width  Fast    FDRE/C              n/a            0.500         20.000      19.500     SLICE_X4Y92      dvi_driver_inst/hcount_int_reg[1]/C
High Pulse Width  Slow    FDRE/C              n/a            0.500         20.000      19.500     SLICE_X4Y92      dvi_driver_inst/hcount_int_reg[2]/C
High Pulse Width  Fast    FDRE/C              n/a            0.500         20.000      19.500     SLICE_X4Y92      dvi_driver_inst/hcount_int_reg[2]/C
High Pulse Width  Slow    FDRE/C              n/a            0.500         20.000      19.500     SLICE_X4Y92      dvi_driver_inst/hcount_int_reg[3]/C
High Pulse Width  Fast    FDRE/C              n/a            0.500         20.000      19.500     SLICE_X4Y92      dvi_driver_inst/hcount_int_reg[3]/C



---------------------------------------------------------------------------------------------------
From Clock:  clkfbout_clkDVIprescaler
  To Clock:  clkfbout_clkDVIprescaler

Setup :           NA  Failing Endpoints,  Worst Slack           NA  ,  Total Violation           NA
Hold  :           NA  Failing Endpoints,  Worst Slack           NA  ,  Total Violation           NA
PW    :            0  Failing Endpoints,  Worst Slack        7.845ns,  Total Violation        0.000ns
---------------------------------------------------------------------------------------------------


Pulse Width Checks
--------------------------------------------------------------------------------------
Clock Name:         clkfbout_clkDVIprescaler
Waveform(ns):       { 0.000 5.000 }
Period(ns):         10.000
Sources:            { prescaler_instance/inst/mmcm_adv_inst/CLKFBOUT }

Check Type  Corner  Lib Pin              Reference Pin  Required(ns)  Actual(ns)  Slack(ns)  Location         Pin
Min Period  n/a     BUFG/I               n/a            2.155         10.000      7.845      BUFGCTRL_X0Y1    prescaler_instance/inst/clkf_buf/I
Min Period  n/a     MMCME2_ADV/CLKFBOUT  n/a            1.249         10.000      8.751      MMCME2_ADV_X1Y0  prescaler_instance/inst/mmcm_adv_inst/CLKFBOUT
Min Period  n/a     MMCME2_ADV/CLKFBIN   n/a            1.249         10.000      8.751      MMCME2_ADV_X1Y0  prescaler_instance/inst/mmcm_adv_inst/CLKFBIN
Max Period  n/a     MMCME2_ADV/CLKFBIN   n/a            100.000       10.000      90.000     MMCME2_ADV_X1Y0  prescaler_instance/inst/mmcm_adv_inst/CLKFBIN
Max Period  n/a     MMCME2_ADV/CLKFBOUT  n/a            213.360       10.000      203.360    MMCME2_ADV_X1Y0  prescaler_instance/inst/mmcm_adv_inst/CLKFBOUT



--------------------------------------------------------------------------------------
Path Group:  (none)
From Clock:  clk_25_clkDVIprescaler
  To Clock:  

Max Delay            16 Endpoints
Min Delay            16 Endpoints
--------------------------------------------------------------------------------------


Max Delay Paths
--------------------------------------------------------------------------------------
Slack:                    inf
  Source:                 prescaler_instance/inst/mmcm_adv_inst/CLKOUT0
                            (clock source 'clk_25_clkDVIprescaler'  {rise@0.000ns fall@20.000ns period=40.000ns})
  Destination:            clk_out
                            (output port)
  Path Group:             (none)
  Path Type:              Max at Slow Process Corner
  Data Path Delay:        8.192ns  (logic 3.604ns (43.990%)  route 4.589ns (56.010%))
  Logic Levels:           2  (BUFG=1 OBUF=1)
  Clock Uncertainty:      0.199ns  ((TSJ^2 + DJ^2)^1/2) / 2 + PE
    Total System Jitter     (TSJ):    0.050ns
    Discrete Jitter          (DJ):    0.182ns
    Phase Error              (PE):    0.104ns

    Location             Delay type                Incr(ns)  Path(ns)    Netlist Resource(s)
  -------------------------------------------------------------------    -------------------
                         (clock clk_25_clkDVIprescaler fall edge)
                                                     20.000    20.000 f  
    W5                                                0.000    20.000 f  clk100 (IN)
                         net (fo=0)                   0.000    20.000    prescaler_instance/inst/clk_100
    W5                   IBUF (Prop_ibuf_I_O)         1.458    21.458 f  prescaler_instance/inst/clkin1_ibufg/O
                         net (fo=1, routed)           1.233    22.691    prescaler_instance/inst/clk_100_clkDVIprescaler
  -------------------------------------------------------------------    -------------------
    MMCME2_ADV_X1Y0      MMCME2_ADV (Prop_mmcme2_adv_CLKIN1_CLKOUT0)
                                                     -6.961    15.731 f  prescaler_instance/inst/mmcm_adv_inst/CLKOUT0
                         net (fo=1, routed)           1.661    17.392    prescaler_instance/inst/clk_25_clkDVIprescaler
    BUFGCTRL_X0Y0        BUFG (Prop_bufg_I_O)         0.096    17.488 f  prescaler_instance/inst/clkout1_buf/O
                         net (fo=36, routed)          2.927    20.415    clk_out_OBUF
    M18                  OBUF (Prop_obuf_I_O)         3.508    23.923 f  clk_out_OBUF_inst/O
                         net (fo=0)                   0.000    23.923    clk_out
    M18                                                               f  clk_out (OUT)
  -------------------------------------------------------------------    -------------------

Slack:                    inf
  Source:                 dvi_driver_inst/vsync_internal_reg/C
                            (rising edge-triggered cell FDRE clocked by clk_25_clkDVIprescaler  {rise@0.000ns fall@20.000ns period=40.000ns})
  Destination:            vsync
                            (output port)
  Path Group:             (none)
  Path Type:              Max at Slow Process Corner
  Data Path Delay:        8.147ns  (logic 3.956ns (48.563%)  route 4.191ns (51.437%))
  Logic Levels:           1  (OBUF=1)
  Clock Uncertainty:      0.199ns  ((TSJ^2 + DJ^2)^1/2) / 2 + PE
    Total System Jitter     (TSJ):    0.050ns
    Discrete Jitter          (DJ):    0.182ns
    Phase Error              (PE):    0.104ns

    Location             Delay type                Incr(ns)  Path(ns)    Netlist Resource(s)
  -------------------------------------------------------------------    -------------------
                         (clock clk_25_clkDVIprescaler rise edge)
                                                      0.000     0.000 r  
    W5                                                0.000     0.000 r  clk100 (IN)
                         net (fo=0)                   0.000     0.000    prescaler_instance/inst/clk_100
    W5                   IBUF (Prop_ibuf_I_O)         1.458     1.458 r  prescaler_instance/inst/clkin1_ibufg/O
                         net (fo=1, routed)           1.233     2.691    prescaler_instance/inst/clk_100_clkDVIprescaler
    MMCME2_ADV_X1Y0      MMCME2_ADV (Prop_mmcme2_adv_CLKIN1_CLKOUT0)
                                                     -6.961    -4.269 r  prescaler_instance/inst/mmcm_adv_inst/CLKOUT0
                         net (fo=1, routed)           1.661    -2.608    prescaler_instance/inst/clk_25_clkDVIprescaler
    BUFGCTRL_X0Y0        BUFG (Prop_bufg_I_O)         0.096    -2.512 r  prescaler_instance/inst/clkout1_buf/O
                         net (fo=36, routed)          1.625    -0.887    dvi_driver_inst/clk_25
    SLICE_X0Y91          FDRE                                         r  dvi_driver_inst/vsync_internal_reg/C
  -------------------------------------------------------------------    -------------------
    SLICE_X0Y91          FDRE (Prop_fdre_C_Q)         0.456    -0.431 r  dvi_driver_inst/vsync_internal_reg/Q
                         net (fo=1, routed)           4.191     3.760    vsync_OBUF
    R18                  OBUF (Prop_obuf_I_O)         3.500     7.260 r  vsync_OBUF_inst/O
                         net (fo=0)                   0.000     7.260    vsync
    R18                                                               r  vsync (OUT)
  -------------------------------------------------------------------    -------------------

Slack:                    inf
  Source:                 pixel_gen_inst/PixelAan_reg_lopt_replica_3/C
                            (rising edge-triggered cell FDRE clocked by clk_25_clkDVIprescaler  {rise@0.000ns fall@20.000ns period=40.000ns})
  Destination:            rgb[11]
                            (output port)
  Path Group:             (none)
  Path Type:              Max at Slow Process Corner
  Data Path Delay:        7.934ns  (logic 3.993ns (50.326%)  route 3.941ns (49.674%))
  Logic Levels:           1  (OBUF=1)
  Clock Uncertainty:      0.199ns  ((TSJ^2 + DJ^2)^1/2) / 2 + PE
    Total System Jitter     (TSJ):    0.050ns
    Discrete Jitter          (DJ):    0.182ns
    Phase Error              (PE):    0.104ns

    Location             Delay type                Incr(ns)  Path(ns)    Netlist Resource(s)
  -------------------------------------------------------------------    -------------------
                         (clock clk_25_clkDVIprescaler rise edge)
                                                      0.000     0.000 r  
    W5                                                0.000     0.000 r  clk100 (IN)
                         net (fo=0)                   0.000     0.000    prescaler_instance/inst/clk_100
    W5                   IBUF (Prop_ibuf_I_O)         1.458     1.458 r  prescaler_instance/inst/clkin1_ibufg/O
                         net (fo=1, routed)           1.233     2.691    prescaler_instance/inst/clk_100_clkDVIprescaler
    MMCME2_ADV_X1Y0      MMCME2_ADV (Prop_mmcme2_adv_CLKIN1_CLKOUT0)
                                                     -6.961    -4.269 r  prescaler_instance/inst/mmcm_adv_inst/CLKOUT0
                         net (fo=1, routed)           1.661    -2.608    prescaler_instance/inst/clk_25_clkDVIprescaler
    BUFGCTRL_X0Y0        BUFG (Prop_bufg_I_O)         0.096    -2.512 r  prescaler_instance/inst/clkout1_buf/O
                         net (fo=36, routed)          1.624    -0.888    pixel_gen_inst/clk_25
    SLICE_X0Y90          FDRE                                         r  pixel_gen_inst/PixelAan_reg_lopt_replica_3/C
  -------------------------------------------------------------------    -------------------
    SLICE_X0Y90          FDRE (Prop_fdre_C_Q)         0.456    -0.432 r  pixel_gen_inst/PixelAan_reg_lopt_replica_3/Q
                         net (fo=1, routed)           3.941     3.509    lopt_2
    K17                  OBUF (Prop_obuf_I_O)         3.537     7.046 r  rgb_OBUF[11]_inst/O
                         net (fo=0)                   0.000     7.046    rgb[11]
    K17                                                               r  rgb[11] (OUT)
  -------------------------------------------------------------------    -------------------

Slack:                    inf
  Source:                 pixel_gen_inst/PixelAan_reg/C
                            (rising edge-triggered cell FDRE clocked by clk_25_clkDVIprescaler  {rise@0.000ns fall@20.000ns period=40.000ns})
  Destination:            rgb[9]
                            (output port)
  Path Group:             (none)
  Path Type:              Max at Slow Process Corner
  Data Path Delay:        7.784ns  (logic 3.975ns (51.066%)  route 3.809ns (48.934%))
  Logic Levels:           1  (OBUF=1)
  Clock Uncertainty:      0.199ns  ((TSJ^2 + DJ^2)^1/2) / 2 + PE
    Total System Jitter     (TSJ):    0.050ns
    Discrete Jitter          (DJ):    0.182ns
    Phase Error              (PE):    0.104ns

    Location             Delay type                Incr(ns)  Path(ns)    Netlist Resource(s)
  -------------------------------------------------------------------    -------------------
                         (clock clk_25_clkDVIprescaler rise edge)
                                                      0.000     0.000 r  
    W5                                                0.000     0.000 r  clk100 (IN)
                         net (fo=0)                   0.000     0.000    prescaler_instance/inst/clk_100
    W5                   IBUF (Prop_ibuf_I_O)         1.458     1.458 r  prescaler_instance/inst/clkin1_ibufg/O
                         net (fo=1, routed)           1.233     2.691    prescaler_instance/inst/clk_100_clkDVIprescaler
    MMCME2_ADV_X1Y0      MMCME2_ADV (Prop_mmcme2_adv_CLKIN1_CLKOUT0)
                                                     -6.961    -4.269 r  prescaler_instance/inst/mmcm_adv_inst/CLKOUT0
                         net (fo=1, routed)           1.661    -2.608    prescaler_instance/inst/clk_25_clkDVIprescaler
    BUFGCTRL_X0Y0        BUFG (Prop_bufg_I_O)         0.096    -2.512 r  prescaler_instance/inst/clkout1_buf/O
                         net (fo=36, routed)          1.624    -0.888    pixel_gen_inst/clk_25
    SLICE_X0Y90          FDRE                                         r  pixel_gen_inst/PixelAan_reg/C
  -------------------------------------------------------------------    -------------------
    SLICE_X0Y90          FDRE (Prop_fdre_C_Q)         0.456    -0.432 r  pixel_gen_inst/PixelAan_reg/Q
                         net (fo=1, routed)           3.809     3.377    rgb_OBUF[0]
    M19                  OBUF (Prop_obuf_I_O)         3.519     6.896 r  rgb_OBUF[9]_inst/O
                         net (fo=0)                   0.000     6.896    rgb[9]
    M19                                                               r  rgb[9] (OUT)
  -------------------------------------------------------------------    -------------------

Slack:                    inf
  Source:                 pixel_gen_inst/PixelAan_reg_lopt_replica_2/C
                            (rising edge-triggered cell FDRE clocked by clk_25_clkDVIprescaler  {rise@0.000ns fall@20.000ns period=40.000ns})
  Destination:            rgb[10]
                            (output port)
  Path Group:             (none)
  Path Type:              Max at Slow Process Corner
  Data Path Delay:        7.784ns  (logic 3.987ns (51.221%)  route 3.797ns (48.779%))
  Logic Levels:           1  (OBUF=1)
  Clock Uncertainty:      0.199ns  ((TSJ^2 + DJ^2)^1/2) / 2 + PE
    Total System Jitter     (TSJ):    0.050ns
    Discrete Jitter          (DJ):    0.182ns
    Phase Error              (PE):    0.104ns

    Location             Delay type                Incr(ns)  Path(ns)    Netlist Resource(s)
  -------------------------------------------------------------------    -------------------
                         (clock clk_25_clkDVIprescaler rise edge)
                                                      0.000     0.000 r  
    W5                                                0.000     0.000 r  clk100 (IN)
                         net (fo=0)                   0.000     0.000    prescaler_instance/inst/clk_100
    W5                   IBUF (Prop_ibuf_I_O)         1.458     1.458 r  prescaler_instance/inst/clkin1_ibufg/O
                         net (fo=1, routed)           1.233     2.691    prescaler_instance/inst/clk_100_clkDVIprescaler
    MMCME2_ADV_X1Y0      MMCME2_ADV (Prop_mmcme2_adv_CLKIN1_CLKOUT0)
                                                     -6.961    -4.269 r  prescaler_instance/inst/mmcm_adv_inst/CLKOUT0
                         net (fo=1, routed)           1.661    -2.608    prescaler_instance/inst/clk_25_clkDVIprescaler
    BUFGCTRL_X0Y0        BUFG (Prop_bufg_I_O)         0.096    -2.512 r  prescaler_instance/inst/clkout1_buf/O
                         net (fo=36, routed)          1.624    -0.888    pixel_gen_inst/clk_25
    SLICE_X0Y90          FDRE                                         r  pixel_gen_inst/PixelAan_reg_lopt_replica_2/C
  -------------------------------------------------------------------    -------------------
    SLICE_X0Y90          FDRE (Prop_fdre_C_Q)         0.456    -0.432 r  pixel_gen_inst/PixelAan_reg_lopt_replica_2/Q
                         net (fo=1, routed)           3.797     3.365    lopt_1
    L17                  OBUF (Prop_obuf_I_O)         3.531     6.896 r  rgb_OBUF[10]_inst/O
                         net (fo=0)                   0.000     6.896    rgb[10]
    L17                                                               r  rgb[10] (OUT)
  -------------------------------------------------------------------    -------------------

Slack:                    inf
  Source:                 pixel_gen_inst/PixelAan_reg_lopt_replica_11/C
                            (rising edge-triggered cell FDRE clocked by clk_25_clkDVIprescaler  {rise@0.000ns fall@20.000ns period=40.000ns})
  Destination:            rgb[8]
                            (output port)
  Path Group:             (none)
  Path Type:              Max at Slow Process Corner
  Data Path Delay:        7.777ns  (logic 3.948ns (50.772%)  route 3.828ns (49.228%))
  Logic Levels:           1  (OBUF=1)
  Clock Uncertainty:      0.199ns  ((TSJ^2 + DJ^2)^1/2) / 2 + PE
    Total System Jitter     (TSJ):    0.050ns
    Discrete Jitter          (DJ):    0.182ns
    Phase Error              (PE):    0.104ns

    Location             Delay type                Incr(ns)  Path(ns)    Netlist Resource(s)
  -------------------------------------------------------------------    -------------------
                         (clock clk_25_clkDVIprescaler rise edge)
                                                      0.000     0.000 r  
    W5                                                0.000     0.000 r  clk100 (IN)
                         net (fo=0)                   0.000     0.000    prescaler_instance/inst/clk_100
    W5                   IBUF (Prop_ibuf_I_O)         1.458     1.458 r  prescaler_instance/inst/clkin1_ibufg/O
                         net (fo=1, routed)           1.233     2.691    prescaler_instance/inst/clk_100_clkDVIprescaler
    MMCME2_ADV_X1Y0      MMCME2_ADV (Prop_mmcme2_adv_CLKIN1_CLKOUT0)
                                                     -6.961    -4.269 r  prescaler_instance/inst/mmcm_adv_inst/CLKOUT0
                         net (fo=1, routed)           1.661    -2.608    prescaler_instance/inst/clk_25_clkDVIprescaler
    BUFGCTRL_X0Y0        BUFG (Prop_bufg_I_O)         0.096    -2.512 r  prescaler_instance/inst/clkout1_buf/O
                         net (fo=36, routed)          1.624    -0.888    pixel_gen_inst/clk_25
    SLICE_X0Y90          FDRE                                         r  pixel_gen_inst/PixelAan_reg_lopt_replica_11/C
  -------------------------------------------------------------------    -------------------
    SLICE_X0Y90          FDRE (Prop_fdre_C_Q)         0.456    -0.432 r  pixel_gen_inst/PixelAan_reg_lopt_replica_11/Q
                         net (fo=1, routed)           3.828     3.396    lopt_10
    N17                  OBUF (Prop_obuf_I_O)         3.492     6.889 r  rgb_OBUF[8]_inst/O
                         net (fo=0)                   0.000     6.889    rgb[8]
    N17                                                               r  rgb[8] (OUT)
  -------------------------------------------------------------------    -------------------

Slack:                    inf
  Source:                 dvi_driver_inst/hsync_internal_reg/C
                            (rising edge-triggered cell FDRE clocked by clk_25_clkDVIprescaler  {rise@0.000ns fall@20.000ns period=40.000ns})
  Destination:            hsync
                            (output port)
  Path Group:             (none)
  Path Type:              Max at Slow Process Corner
  Data Path Delay:        7.395ns  (logic 3.970ns (53.687%)  route 3.425ns (46.313%))
  Logic Levels:           1  (OBUF=1)
  Clock Uncertainty:      0.199ns  ((TSJ^2 + DJ^2)^1/2) / 2 + PE
    Total System Jitter     (TSJ):    0.050ns
    Discrete Jitter          (DJ):    0.182ns
    Phase Error              (PE):    0.104ns

    Location             Delay type                Incr(ns)  Path(ns)    Netlist Resource(s)
  -------------------------------------------------------------------    -------------------
                         (clock clk_25_clkDVIprescaler rise edge)
                                                      0.000     0.000 r  
    W5                                                0.000     0.000 r  clk100 (IN)
                         net (fo=0)                   0.000     0.000    prescaler_instance/inst/clk_100
    W5                   IBUF (Prop_ibuf_I_O)         1.458     1.458 r  prescaler_instance/inst/clkin1_ibufg/O
                         net (fo=1, routed)           1.233     2.691    prescaler_instance/inst/clk_100_clkDVIprescaler
    MMCME2_ADV_X1Y0      MMCME2_ADV (Prop_mmcme2_adv_CLKIN1_CLKOUT0)
                                                     -6.961    -4.269 r  prescaler_instance/inst/mmcm_adv_inst/CLKOUT0
                         net (fo=1, routed)           1.661    -2.608    prescaler_instance/inst/clk_25_clkDVIprescaler
    BUFGCTRL_X0Y0        BUFG (Prop_bufg_I_O)         0.096    -2.512 r  prescaler_instance/inst/clkout1_buf/O
                         net (fo=36, routed)          1.622    -0.890    dvi_driver_inst/clk_25
    SLICE_X4Y91          FDRE                                         r  dvi_driver_inst/hsync_internal_reg/C
  -------------------------------------------------------------------    -------------------
    SLICE_X4Y91          FDRE (Prop_fdre_C_Q)         0.456    -0.434 r  dvi_driver_inst/hsync_internal_reg/Q
                         net (fo=1, routed)           3.425     2.991    hsync_OBUF
    P18                  OBUF (Prop_obuf_I_O)         3.514     6.505 r  hsync_OBUF_inst/O
                         net (fo=0)                   0.000     6.505    hsync
    P18                                                               r  hsync (OUT)
  -------------------------------------------------------------------    -------------------

Slack:                    inf
  Source:                 dvi_driver_inst/DE_internal_reg/C
                            (rising edge-triggered cell FDRE clocked by clk_25_clkDVIprescaler  {rise@0.000ns fall@20.000ns period=40.000ns})
  Destination:            DE
                            (output port)
  Path Group:             (none)
  Path Type:              Max at Slow Process Corner
  Data Path Delay:        7.387ns  (logic 4.015ns (54.344%)  route 3.373ns (45.656%))
  Logic Levels:           1  (OBUF=1)
  Clock Uncertainty:      0.199ns  ((TSJ^2 + DJ^2)^1/2) / 2 + PE
    Total System Jitter     (TSJ):    0.050ns
    Discrete Jitter          (DJ):    0.182ns
    Phase Error              (PE):    0.104ns

    Location             Delay type                Incr(ns)  Path(ns)    Netlist Resource(s)
  -------------------------------------------------------------------    -------------------
                         (clock clk_25_clkDVIprescaler rise edge)
                                                      0.000     0.000 r  
    W5                                                0.000     0.000 r  clk100 (IN)
                         net (fo=0)                   0.000     0.000    prescaler_instance/inst/clk_100
    W5                   IBUF (Prop_ibuf_I_O)         1.458     1.458 r  prescaler_instance/inst/clkin1_ibufg/O
                         net (fo=1, routed)           1.233     2.691    prescaler_instance/inst/clk_100_clkDVIprescaler
    MMCME2_ADV_X1Y0      MMCME2_ADV (Prop_mmcme2_adv_CLKIN1_CLKOUT0)
                                                     -6.961    -4.269 r  prescaler_instance/inst/mmcm_adv_inst/CLKOUT0
                         net (fo=1, routed)           1.661    -2.608    prescaler_instance/inst/clk_25_clkDVIprescaler
    BUFGCTRL_X0Y0        BUFG (Prop_bufg_I_O)         0.096    -2.512 r  prescaler_instance/inst/clkout1_buf/O
                         net (fo=36, routed)          1.626    -0.886    dvi_driver_inst/clk_25
    SLICE_X2Y94          FDRE                                         r  dvi_driver_inst/DE_internal_reg/C
  -------------------------------------------------------------------    -------------------
    SLICE_X2Y94          FDRE (Prop_fdre_C_Q)         0.518    -0.368 r  dvi_driver_inst/DE_internal_reg/Q
                         net (fo=1, routed)           3.373     3.005    DE_OBUF
    P17                  OBUF (Prop_obuf_I_O)         3.497     6.502 r  DE_OBUF_inst/O
                         net (fo=0)                   0.000     6.502    DE
    P17                                                               r  DE (OUT)
  -------------------------------------------------------------------    -------------------

Slack:                    inf
  Source:                 pixel_gen_inst/PixelAan_reg_lopt_replica_5/C
                            (rising edge-triggered cell FDRE clocked by clk_25_clkDVIprescaler  {rise@0.000ns fall@20.000ns period=40.000ns})
  Destination:            rgb[2]
                            (output port)
  Path Group:             (none)
  Path Type:              Max at Slow Process Corner
  Data Path Delay:        7.061ns  (logic 3.959ns (56.072%)  route 3.102ns (43.928%))
  Logic Levels:           1  (OBUF=1)
  Clock Uncertainty:      0.199ns  ((TSJ^2 + DJ^2)^1/2) / 2 + PE
    Total System Jitter     (TSJ):    0.050ns
    Discrete Jitter          (DJ):    0.182ns
    Phase Error              (PE):    0.104ns

    Location             Delay type                Incr(ns)  Path(ns)    Netlist Resource(s)
  -------------------------------------------------------------------    -------------------
                         (clock clk_25_clkDVIprescaler rise edge)
                                                      0.000     0.000 r  
    W5                                                0.000     0.000 r  clk100 (IN)
                         net (fo=0)                   0.000     0.000    prescaler_instance/inst/clk_100
    W5                   IBUF (Prop_ibuf_I_O)         1.458     1.458 r  prescaler_instance/inst/clkin1_ibufg/O
                         net (fo=1, routed)           1.233     2.691    prescaler_instance/inst/clk_100_clkDVIprescaler
    MMCME2_ADV_X1Y0      MMCME2_ADV (Prop_mmcme2_adv_CLKIN1_CLKOUT0)
                                                     -6.961    -4.269 r  prescaler_instance/inst/mmcm_adv_inst/CLKOUT0
                         net (fo=1, routed)           1.661    -2.608    prescaler_instance/inst/clk_25_clkDVIprescaler
    BUFGCTRL_X0Y0        BUFG (Prop_bufg_I_O)         0.096    -2.512 r  prescaler_instance/inst/clkout1_buf/O
                         net (fo=36, routed)          1.627    -0.885    pixel_gen_inst/clk_25
    SLICE_X1Y98          FDRE                                         r  pixel_gen_inst/PixelAan_reg_lopt_replica_5/C
  -------------------------------------------------------------------    -------------------
    SLICE_X1Y98          FDRE (Prop_fdre_C_Q)         0.456    -0.429 r  pixel_gen_inst/PixelAan_reg_lopt_replica_5/Q
                         net (fo=1, routed)           3.102     2.673    lopt_4
    A15                  OBUF (Prop_obuf_I_O)         3.503     6.176 r  rgb_OBUF[2]_inst/O
                         net (fo=0)                   0.000     6.176    rgb[2]
    A15                                                               r  rgb[2] (OUT)
  -------------------------------------------------------------------    -------------------

Slack:                    inf
  Source:                 pixel_gen_inst/PixelAan_reg_lopt_replica_6/C
                            (rising edge-triggered cell FDRE clocked by clk_25_clkDVIprescaler  {rise@0.000ns fall@20.000ns period=40.000ns})
  Destination:            rgb[3]
                            (output port)
  Path Group:             (none)
  Path Type:              Max at Slow Process Corner
  Data Path Delay:        6.897ns  (logic 3.976ns (57.648%)  route 2.921ns (42.352%))
  Logic Levels:           1  (OBUF=1)
  Clock Uncertainty:      0.199ns  ((TSJ^2 + DJ^2)^1/2) / 2 + PE
    Total System Jitter     (TSJ):    0.050ns
    Discrete Jitter          (DJ):    0.182ns
    Phase Error              (PE):    0.104ns

    Location             Delay type                Incr(ns)  Path(ns)    Netlist Resource(s)
  -------------------------------------------------------------------    -------------------
                         (clock clk_25_clkDVIprescaler rise edge)
                                                      0.000     0.000 r  
    W5                                                0.000     0.000 r  clk100 (IN)
                         net (fo=0)                   0.000     0.000    prescaler_instance/inst/clk_100
    W5                   IBUF (Prop_ibuf_I_O)         1.458     1.458 r  prescaler_instance/inst/clkin1_ibufg/O
                         net (fo=1, routed)           1.233     2.691    prescaler_instance/inst/clk_100_clkDVIprescaler
    MMCME2_ADV_X1Y0      MMCME2_ADV (Prop_mmcme2_adv_CLKIN1_CLKOUT0)
                                                     -6.961    -4.269 r  prescaler_instance/inst/mmcm_adv_inst/CLKOUT0
                         net (fo=1, routed)           1.661    -2.608    prescaler_instance/inst/clk_25_clkDVIprescaler
    BUFGCTRL_X0Y0        BUFG (Prop_bufg_I_O)         0.096    -2.512 r  prescaler_instance/inst/clkout1_buf/O
                         net (fo=36, routed)          1.627    -0.885    pixel_gen_inst/clk_25
    SLICE_X0Y98          FDRE                                         r  pixel_gen_inst/PixelAan_reg_lopt_replica_6/C
  -------------------------------------------------------------------    -------------------
    SLICE_X0Y98          FDRE (Prop_fdre_C_Q)         0.456    -0.429 r  pixel_gen_inst/PixelAan_reg_lopt_replica_6/Q
                         net (fo=1, routed)           2.921     2.492    lopt_5
    A14                  OBUF (Prop_obuf_I_O)         3.520     6.012 r  rgb_OBUF[3]_inst/O
                         net (fo=0)                   0.000     6.012    rgb[3]
    A14                                                               r  rgb[3] (OUT)
  -------------------------------------------------------------------    -------------------





Min Delay Paths
--------------------------------------------------------------------------------------
Slack:                    inf
  Source:                 prescaler_instance/inst/mmcm_adv_inst/CLKOUT0
                            (clock source 'clk_25_clkDVIprescaler'  {rise@0.000ns fall@20.000ns period=40.000ns})
  Destination:            clk_out
                            (output port)
  Path Group:             (none)
  Path Type:              Min at Fast Process Corner
  Data Path Delay:        2.460ns  (logic 1.235ns (50.196%)  route 1.225ns (49.804%))
  Logic Levels:           2  (BUFG=1 OBUF=1)
  Clock Uncertainty:      0.199ns  ((TSJ^2 + DJ^2)^1/2) / 2 + PE
    Total System Jitter     (TSJ):    0.050ns
    Discrete Jitter          (DJ):    0.182ns
    Phase Error              (PE):    0.104ns

    Location             Delay type                Incr(ns)  Path(ns)    Netlist Resource(s)
  -------------------------------------------------------------------    -------------------
                         (clock clk_25_clkDVIprescaler rise edge)
                                                      0.000     0.000 r  
    W5                                                0.000     0.000 r  clk100 (IN)
                         net (fo=0)                   0.000     0.000    prescaler_instance/inst/clk_100
    W5                   IBUF (Prop_ibuf_I_O)         0.226     0.226 r  prescaler_instance/inst/clkin1_ibufg/O
                         net (fo=1, routed)           0.440     0.667    prescaler_instance/inst/clk_100_clkDVIprescaler
  -------------------------------------------------------------------    -------------------
    MMCME2_ADV_X1Y0      MMCME2_ADV (Prop_mmcme2_adv_CLKIN1_CLKOUT0)
                                                     -2.360    -1.693 r  prescaler_instance/inst/mmcm_adv_inst/CLKOUT0
                         net (fo=1, routed)           0.486    -1.207    prescaler_instance/inst/clk_25_clkDVIprescaler
    BUFGCTRL_X0Y0        BUFG (Prop_bufg_I_O)         0.026    -1.181 r  prescaler_instance/inst/clkout1_buf/O
                         net (fo=36, routed)          0.739    -0.442    clk_out_OBUF
    M18                  OBUF (Prop_obuf_I_O)         1.209     0.767 r  clk_out_OBUF_inst/O
                         net (fo=0)                   0.000     0.767    clk_out
    M18                                                               r  clk_out (OUT)
  -------------------------------------------------------------------    -------------------

Slack:                    inf
  Source:                 pixel_gen_inst/PixelAan_reg_lopt_replica_7/C
                            (rising edge-triggered cell FDRE clocked by clk_25_clkDVIprescaler  {rise@0.000ns fall@20.000ns period=40.000ns})
  Destination:            rgb[4]
                            (output port)
  Path Group:             (none)
  Path Type:              Min at Fast Process Corner
  Data Path Delay:        2.011ns  (logic 1.334ns (66.347%)  route 0.677ns (33.653%))
  Logic Levels:           1  (OBUF=1)
  Clock Uncertainty:      0.199ns  ((TSJ^2 + DJ^2)^1/2) / 2 + PE
    Total System Jitter     (TSJ):    0.050ns
    Discrete Jitter          (DJ):    0.182ns
    Phase Error              (PE):    0.104ns

    Location             Delay type                Incr(ns)  Path(ns)    Netlist Resource(s)
  -------------------------------------------------------------------    -------------------
                         (clock clk_25_clkDVIprescaler rise edge)
                                                      0.000     0.000 r  
    W5                                                0.000     0.000 r  clk100 (IN)
                         net (fo=0)                   0.000     0.000    prescaler_instance/inst/clk_100
    W5                   IBUF (Prop_ibuf_I_O)         0.226     0.226 r  prescaler_instance/inst/clkin1_ibufg/O
                         net (fo=1, routed)           0.440     0.667    prescaler_instance/inst/clk_100_clkDVIprescaler
    MMCME2_ADV_X1Y0      MMCME2_ADV (Prop_mmcme2_adv_CLKIN1_CLKOUT0)
                                                     -2.360    -1.693 r  prescaler_instance/inst/mmcm_adv_inst/CLKOUT0
                         net (fo=1, routed)           0.486    -1.207    prescaler_instance/inst/clk_25_clkDVIprescaler
    BUFGCTRL_X0Y0        BUFG (Prop_bufg_I_O)         0.026    -1.181 r  prescaler_instance/inst/clkout1_buf/O
                         net (fo=36, routed)          0.594    -0.587    pixel_gen_inst/clk_25
    SLICE_X0Y98          FDRE                                         r  pixel_gen_inst/PixelAan_reg_lopt_replica_7/C
  -------------------------------------------------------------------    -------------------
    SLICE_X0Y98          FDRE (Prop_fdre_C_Q)         0.141    -0.446 r  pixel_gen_inst/PixelAan_reg_lopt_replica_7/Q
                         net (fo=1, routed)           0.677     0.231    lopt_6
    C16                  OBUF (Prop_obuf_I_O)         1.193     1.424 r  rgb_OBUF[4]_inst/O
                         net (fo=0)                   0.000     1.424    rgb[4]
    C16                                                               r  rgb[4] (OUT)
  -------------------------------------------------------------------    -------------------

Slack:                    inf
  Source:                 pixel_gen_inst/PixelAan_reg_lopt_replica/C
                            (rising edge-triggered cell FDRE clocked by clk_25_clkDVIprescaler  {rise@0.000ns fall@20.000ns period=40.000ns})
  Destination:            rgb[0]
                            (output port)
  Path Group:             (none)
  Path Type:              Min at Fast Process Corner
  Data Path Delay:        2.019ns  (logic 1.350ns (66.885%)  route 0.668ns (33.115%))
  Logic Levels:           1  (OBUF=1)
  Clock Uncertainty:      0.199ns  ((TSJ^2 + DJ^2)^1/2) / 2 + PE
    Total System Jitter     (TSJ):    0.050ns
    Discrete Jitter          (DJ):    0.182ns
    Phase Error              (PE):    0.104ns

    Location             Delay type                Incr(ns)  Path(ns)    Netlist Resource(s)
  -------------------------------------------------------------------    -------------------
                         (clock clk_25_clkDVIprescaler rise edge)
                                                      0.000     0.000 r  
    W5                                                0.000     0.000 r  clk100 (IN)
                         net (fo=0)                   0.000     0.000    prescaler_instance/inst/clk_100
    W5                   IBUF (Prop_ibuf_I_O)         0.226     0.226 r  prescaler_instance/inst/clkin1_ibufg/O
                         net (fo=1, routed)           0.440     0.667    prescaler_instance/inst/clk_100_clkDVIprescaler
    MMCME2_ADV_X1Y0      MMCME2_ADV (Prop_mmcme2_adv_CLKIN1_CLKOUT0)
                                                     -2.360    -1.693 r  prescaler_instance/inst/mmcm_adv_inst/CLKOUT0
                         net (fo=1, routed)           0.486    -1.207    prescaler_instance/inst/clk_25_clkDVIprescaler
    BUFGCTRL_X0Y0        BUFG (Prop_bufg_I_O)         0.026    -1.181 r  prescaler_instance/inst/clkout1_buf/O
                         net (fo=36, routed)          0.594    -0.587    pixel_gen_inst/clk_25
    SLICE_X1Y98          FDRE                                         r  pixel_gen_inst/PixelAan_reg_lopt_replica/C
  -------------------------------------------------------------------    -------------------
    SLICE_X1Y98          FDRE (Prop_fdre_C_Q)         0.141    -0.446 r  pixel_gen_inst/PixelAan_reg_lopt_replica/Q
                         net (fo=1, routed)           0.668     0.222    lopt
    A17                  OBUF (Prop_obuf_I_O)         1.209     1.431 r  rgb_OBUF[0]_inst/O
                         net (fo=0)                   0.000     1.431    rgb[0]
    A17                                                               r  rgb[0] (OUT)
  -------------------------------------------------------------------    -------------------

Slack:                    inf
  Source:                 pixel_gen_inst/PixelAan_reg_lopt_replica_8/C
                            (rising edge-triggered cell FDRE clocked by clk_25_clkDVIprescaler  {rise@0.000ns fall@20.000ns period=40.000ns})
  Destination:            rgb[5]
                            (output port)
  Path Group:             (none)
  Path Type:              Min at Fast Process Corner
  Data Path Delay:        2.034ns  (logic 1.345ns (66.140%)  route 0.689ns (33.860%))
  Logic Levels:           1  (OBUF=1)
  Clock Uncertainty:      0.199ns  ((TSJ^2 + DJ^2)^1/2) / 2 + PE
    Total System Jitter     (TSJ):    0.050ns
    Discrete Jitter          (DJ):    0.182ns
    Phase Error              (PE):    0.104ns

    Location             Delay type                Incr(ns)  Path(ns)    Netlist Resource(s)
  -------------------------------------------------------------------    -------------------
                         (clock clk_25_clkDVIprescaler rise edge)
                                                      0.000     0.000 r  
    W5                                                0.000     0.000 r  clk100 (IN)
                         net (fo=0)                   0.000     0.000    prescaler_instance/inst/clk_100
    W5                   IBUF (Prop_ibuf_I_O)         0.226     0.226 r  prescaler_instance/inst/clkin1_ibufg/O
                         net (fo=1, routed)           0.440     0.667    prescaler_instance/inst/clk_100_clkDVIprescaler
    MMCME2_ADV_X1Y0      MMCME2_ADV (Prop_mmcme2_adv_CLKIN1_CLKOUT0)
                                                     -2.360    -1.693 r  prescaler_instance/inst/mmcm_adv_inst/CLKOUT0
                         net (fo=1, routed)           0.486    -1.207    prescaler_instance/inst/clk_25_clkDVIprescaler
    BUFGCTRL_X0Y0        BUFG (Prop_bufg_I_O)         0.026    -1.181 r  prescaler_instance/inst/clkout1_buf/O
                         net (fo=36, routed)          0.594    -0.587    pixel_gen_inst/clk_25
    SLICE_X0Y98          FDRE                                         r  pixel_gen_inst/PixelAan_reg_lopt_replica_8/C
  -------------------------------------------------------------------    -------------------
    SLICE_X0Y98          FDRE (Prop_fdre_C_Q)         0.141    -0.446 r  pixel_gen_inst/PixelAan_reg_lopt_replica_8/Q
                         net (fo=1, routed)           0.689     0.242    lopt_7
    B16                  OBUF (Prop_obuf_I_O)         1.204     1.447 r  rgb_OBUF[5]_inst/O
                         net (fo=0)                   0.000     1.447    rgb[5]
    B16                                                               r  rgb[5] (OUT)
  -------------------------------------------------------------------    -------------------

Slack:                    inf
  Source:                 pixel_gen_inst/PixelAan_reg_lopt_replica_10/C
                            (rising edge-triggered cell FDRE clocked by clk_25_clkDVIprescaler  {rise@0.000ns fall@20.000ns period=40.000ns})
  Destination:            rgb[7]
                            (output port)
  Path Group:             (none)
  Path Type:              Min at Fast Process Corner
  Data Path Delay:        2.087ns  (logic 1.367ns (65.474%)  route 0.721ns (34.526%))
  Logic Levels:           1  (OBUF=1)
  Clock Uncertainty:      0.199ns  ((TSJ^2 + DJ^2)^1/2) / 2 + PE
    Total System Jitter     (TSJ):    0.050ns
    Discrete Jitter          (DJ):    0.182ns
    Phase Error              (PE):    0.104ns

    Location             Delay type                Incr(ns)  Path(ns)    Netlist Resource(s)
  -------------------------------------------------------------------    -------------------
                         (clock clk_25_clkDVIprescaler rise edge)
                                                      0.000     0.000 r  
    W5                                                0.000     0.000 r  clk100 (IN)
                         net (fo=0)                   0.000     0.000    prescaler_instance/inst/clk_100
    W5                   IBUF (Prop_ibuf_I_O)         0.226     0.226 r  prescaler_instance/inst/clkin1_ibufg/O
                         net (fo=1, routed)           0.440     0.667    prescaler_instance/inst/clk_100_clkDVIprescaler
    MMCME2_ADV_X1Y0      MMCME2_ADV (Prop_mmcme2_adv_CLKIN1_CLKOUT0)
                                                     -2.360    -1.693 r  prescaler_instance/inst/mmcm_adv_inst/CLKOUT0
                         net (fo=1, routed)           0.486    -1.207    prescaler_instance/inst/clk_25_clkDVIprescaler
    BUFGCTRL_X0Y0        BUFG (Prop_bufg_I_O)         0.026    -1.181 r  prescaler_instance/inst/clkout1_buf/O
                         net (fo=36, routed)          0.594    -0.587    pixel_gen_inst/clk_25
    SLICE_X1Y98          FDRE                                         r  pixel_gen_inst/PixelAan_reg_lopt_replica_10/C
  -------------------------------------------------------------------    -------------------
    SLICE_X1Y98          FDRE (Prop_fdre_C_Q)         0.141    -0.446 r  pixel_gen_inst/PixelAan_reg_lopt_replica_10/Q
                         net (fo=1, routed)           0.721     0.274    lopt_9
    B15                  OBUF (Prop_obuf_I_O)         1.226     1.500 r  rgb_OBUF[7]_inst/O
                         net (fo=0)                   0.000     1.500    rgb[7]
    B15                                                               r  rgb[7] (OUT)
  -------------------------------------------------------------------    -------------------

Slack:                    inf
  Source:                 pixel_gen_inst/PixelAan_reg_lopt_replica_9/C
                            (rising edge-triggered cell FDRE clocked by clk_25_clkDVIprescaler  {rise@0.000ns fall@20.000ns period=40.000ns})
  Destination:            rgb[6]
                            (output port)
  Path Group:             (none)
  Path Type:              Min at Fast Process Corner
  Data Path Delay:        2.132ns  (logic 1.347ns (63.165%)  route 0.786ns (36.835%))
  Logic Levels:           1  (OBUF=1)
  Clock Uncertainty:      0.199ns  ((TSJ^2 + DJ^2)^1/2) / 2 + PE
    Total System Jitter     (TSJ):    0.050ns
    Discrete Jitter          (DJ):    0.182ns
    Phase Error              (PE):    0.104ns

    Location             Delay type                Incr(ns)  Path(ns)    Netlist Resource(s)
  -------------------------------------------------------------------    -------------------
                         (clock clk_25_clkDVIprescaler rise edge)
                                                      0.000     0.000 r  
    W5                                                0.000     0.000 r  clk100 (IN)
                         net (fo=0)                   0.000     0.000    prescaler_instance/inst/clk_100
    W5                   IBUF (Prop_ibuf_I_O)         0.226     0.226 r  prescaler_instance/inst/clkin1_ibufg/O
                         net (fo=1, routed)           0.440     0.667    prescaler_instance/inst/clk_100_clkDVIprescaler
    MMCME2_ADV_X1Y0      MMCME2_ADV (Prop_mmcme2_adv_CLKIN1_CLKOUT0)
                                                     -2.360    -1.693 r  prescaler_instance/inst/mmcm_adv_inst/CLKOUT0
                         net (fo=1, routed)           0.486    -1.207    prescaler_instance/inst/clk_25_clkDVIprescaler
    BUFGCTRL_X0Y0        BUFG (Prop_bufg_I_O)         0.026    -1.181 r  prescaler_instance/inst/clkout1_buf/O
                         net (fo=36, routed)          0.594    -0.587    pixel_gen_inst/clk_25
    SLICE_X0Y98          FDRE                                         r  pixel_gen_inst/PixelAan_reg_lopt_replica_9/C
  -------------------------------------------------------------------    -------------------
    SLICE_X0Y98          FDRE (Prop_fdre_C_Q)         0.141    -0.446 r  pixel_gen_inst/PixelAan_reg_lopt_replica_9/Q
                         net (fo=1, routed)           0.786     0.339    lopt_8
    C15                  OBUF (Prop_obuf_I_O)         1.206     1.545 r  rgb_OBUF[6]_inst/O
                         net (fo=0)                   0.000     1.545    rgb[6]
    C15                                                               r  rgb[6] (OUT)
  -------------------------------------------------------------------    -------------------

Slack:                    inf
  Source:                 pixel_gen_inst/PixelAan_reg_lopt_replica_4/C
                            (rising edge-triggered cell FDRE clocked by clk_25_clkDVIprescaler  {rise@0.000ns fall@20.000ns period=40.000ns})
  Destination:            rgb[1]
                            (output port)
  Path Group:             (none)
  Path Type:              Min at Fast Process Corner
  Data Path Delay:        2.140ns  (logic 1.354ns (63.249%)  route 0.787ns (36.751%))
  Logic Levels:           1  (OBUF=1)
  Clock Uncertainty:      0.199ns  ((TSJ^2 + DJ^2)^1/2) / 2 + PE
    Total System Jitter     (TSJ):    0.050ns
    Discrete Jitter          (DJ):    0.182ns
    Phase Error              (PE):    0.104ns

    Location             Delay type                Incr(ns)  Path(ns)    Netlist Resource(s)
  -------------------------------------------------------------------    -------------------
                         (clock clk_25_clkDVIprescaler rise edge)
                                                      0.000     0.000 r  
    W5                                                0.000     0.000 r  clk100 (IN)
                         net (fo=0)                   0.000     0.000    prescaler_instance/inst/clk_100
    W5                   IBUF (Prop_ibuf_I_O)         0.226     0.226 r  prescaler_instance/inst/clkin1_ibufg/O
                         net (fo=1, routed)           0.440     0.667    prescaler_instance/inst/clk_100_clkDVIprescaler
    MMCME2_ADV_X1Y0      MMCME2_ADV (Prop_mmcme2_adv_CLKIN1_CLKOUT0)
                                                     -2.360    -1.693 r  prescaler_instance/inst/mmcm_adv_inst/CLKOUT0
                         net (fo=1, routed)           0.486    -1.207    prescaler_instance/inst/clk_25_clkDVIprescaler
    BUFGCTRL_X0Y0        BUFG (Prop_bufg_I_O)         0.026    -1.181 r  prescaler_instance/inst/clkout1_buf/O
                         net (fo=36, routed)          0.594    -0.587    pixel_gen_inst/clk_25
    SLICE_X1Y98          FDRE                                         r  pixel_gen_inst/PixelAan_reg_lopt_replica_4/C
  -------------------------------------------------------------------    -------------------
    SLICE_X1Y98          FDRE (Prop_fdre_C_Q)         0.141    -0.446 r  pixel_gen_inst/PixelAan_reg_lopt_replica_4/Q
                         net (fo=1, routed)           0.787     0.340    lopt_3
    A16                  OBUF (Prop_obuf_I_O)         1.213     1.553 r  rgb_OBUF[1]_inst/O
                         net (fo=0)                   0.000     1.553    rgb[1]
    A16                                                               r  rgb[1] (OUT)
  -------------------------------------------------------------------    -------------------

Slack:                    inf
  Source:                 pixel_gen_inst/PixelAan_reg_lopt_replica_6/C
                            (rising edge-triggered cell FDRE clocked by clk_25_clkDVIprescaler  {rise@0.000ns fall@20.000ns period=40.000ns})
  Destination:            rgb[3]
                            (output port)
  Path Group:             (none)
  Path Type:              Min at Fast Process Corner
  Data Path Delay:        2.247ns  (logic 1.362ns (60.613%)  route 0.885ns (39.387%))
  Logic Levels:           1  (OBUF=1)
  Clock Uncertainty:      0.199ns  ((TSJ^2 + DJ^2)^1/2) / 2 + PE
    Total System Jitter     (TSJ):    0.050ns
    Discrete Jitter          (DJ):    0.182ns
    Phase Error              (PE):    0.104ns

    Location             Delay type                Incr(ns)  Path(ns)    Netlist Resource(s)
  -------------------------------------------------------------------    -------------------
                         (clock clk_25_clkDVIprescaler rise edge)
                                                      0.000     0.000 r  
    W5                                                0.000     0.000 r  clk100 (IN)
                         net (fo=0)                   0.000     0.000    prescaler_instance/inst/clk_100
    W5                   IBUF (Prop_ibuf_I_O)         0.226     0.226 r  prescaler_instance/inst/clkin1_ibufg/O
                         net (fo=1, routed)           0.440     0.667    prescaler_instance/inst/clk_100_clkDVIprescaler
    MMCME2_ADV_X1Y0      MMCME2_ADV (Prop_mmcme2_adv_CLKIN1_CLKOUT0)
                                                     -2.360    -1.693 r  prescaler_instance/inst/mmcm_adv_inst/CLKOUT0
                         net (fo=1, routed)           0.486    -1.207    prescaler_instance/inst/clk_25_clkDVIprescaler
    BUFGCTRL_X0Y0        BUFG (Prop_bufg_I_O)         0.026    -1.181 r  prescaler_instance/inst/clkout1_buf/O
                         net (fo=36, routed)          0.594    -0.587    pixel_gen_inst/clk_25
    SLICE_X0Y98          FDRE                                         r  pixel_gen_inst/PixelAan_reg_lopt_replica_6/C
  -------------------------------------------------------------------    -------------------
    SLICE_X0Y98          FDRE (Prop_fdre_C_Q)         0.141    -0.446 r  pixel_gen_inst/PixelAan_reg_lopt_replica_6/Q
                         net (fo=1, routed)           0.885     0.439    lopt_5
    A14                  OBUF (Prop_obuf_I_O)         1.221     1.660 r  rgb_OBUF[3]_inst/O
                         net (fo=0)                   0.000     1.660    rgb[3]
    A14                                                               r  rgb[3] (OUT)
  -------------------------------------------------------------------    -------------------

Slack:                    inf
  Source:                 pixel_gen_inst/PixelAan_reg_lopt_replica_5/C
                            (rising edge-triggered cell FDRE clocked by clk_25_clkDVIprescaler  {rise@0.000ns fall@20.000ns period=40.000ns})
  Destination:            rgb[2]
                            (output port)
  Path Group:             (none)
  Path Type:              Min at Fast Process Corner
  Data Path Delay:        2.302ns  (logic 1.345ns (58.442%)  route 0.957ns (41.558%))
  Logic Levels:           1  (OBUF=1)
  Clock Uncertainty:      0.199ns  ((TSJ^2 + DJ^2)^1/2) / 2 + PE
    Total System Jitter     (TSJ):    0.050ns
    Discrete Jitter          (DJ):    0.182ns
    Phase Error              (PE):    0.104ns

    Location             Delay type                Incr(ns)  Path(ns)    Netlist Resource(s)
  -------------------------------------------------------------------    -------------------
                         (clock clk_25_clkDVIprescaler rise edge)
                                                      0.000     0.000 r  
    W5                                                0.000     0.000 r  clk100 (IN)
                         net (fo=0)                   0.000     0.000    prescaler_instance/inst/clk_100
    W5                   IBUF (Prop_ibuf_I_O)         0.226     0.226 r  prescaler_instance/inst/clkin1_ibufg/O
                         net (fo=1, routed)           0.440     0.667    prescaler_instance/inst/clk_100_clkDVIprescaler
    MMCME2_ADV_X1Y0      MMCME2_ADV (Prop_mmcme2_adv_CLKIN1_CLKOUT0)
                                                     -2.360    -1.693 r  prescaler_instance/inst/mmcm_adv_inst/CLKOUT0
                         net (fo=1, routed)           0.486    -1.207    prescaler_instance/inst/clk_25_clkDVIprescaler
    BUFGCTRL_X0Y0        BUFG (Prop_bufg_I_O)         0.026    -1.181 r  prescaler_instance/inst/clkout1_buf/O
                         net (fo=36, routed)          0.594    -0.587    pixel_gen_inst/clk_25
    SLICE_X1Y98          FDRE                                         r  pixel_gen_inst/PixelAan_reg_lopt_replica_5/C
  -------------------------------------------------------------------    -------------------
    SLICE_X1Y98          FDRE (Prop_fdre_C_Q)         0.141    -0.446 r  pixel_gen_inst/PixelAan_reg_lopt_replica_5/Q
                         net (fo=1, routed)           0.957     0.510    lopt_4
    A15                  OBUF (Prop_obuf_I_O)         1.204     1.714 r  rgb_OBUF[2]_inst/O
                         net (fo=0)                   0.000     1.714    rgb[2]
    A15                                                               r  rgb[2] (OUT)
  -------------------------------------------------------------------    -------------------

Slack:                    inf
  Source:                 dvi_driver_inst/DE_internal_reg/C
                            (rising edge-triggered cell FDRE clocked by clk_25_clkDVIprescaler  {rise@0.000ns fall@20.000ns period=40.000ns})
  Destination:            DE
                            (output port)
  Path Group:             (none)
  Path Type:              Min at Fast Process Corner
  Data Path Delay:        2.365ns  (logic 1.362ns (57.591%)  route 1.003ns (42.409%))
  Logic Levels:           1  (OBUF=1)
  Clock Uncertainty:      0.199ns  ((TSJ^2 + DJ^2)^1/2) / 2 + PE
    Total System Jitter     (TSJ):    0.050ns
    Discrete Jitter          (DJ):    0.182ns
    Phase Error              (PE):    0.104ns

    Location             Delay type                Incr(ns)  Path(ns)    Netlist Resource(s)
  -------------------------------------------------------------------    -------------------
                         (clock clk_25_clkDVIprescaler rise edge)
                                                      0.000     0.000 r  
    W5                                                0.000     0.000 r  clk100 (IN)
                         net (fo=0)                   0.000     0.000    prescaler_instance/inst/clk_100
    W5                   IBUF (Prop_ibuf_I_O)         0.226     0.226 r  prescaler_instance/inst/clkin1_ibufg/O
                         net (fo=1, routed)           0.440     0.667    prescaler_instance/inst/clk_100_clkDVIprescaler
    MMCME2_ADV_X1Y0      MMCME2_ADV (Prop_mmcme2_adv_CLKIN1_CLKOUT0)
                                                     -2.360    -1.693 r  prescaler_instance/inst/mmcm_adv_inst/CLKOUT0
                         net (fo=1, routed)           0.486    -1.207    prescaler_instance/inst/clk_25_clkDVIprescaler
    BUFGCTRL_X0Y0        BUFG (Prop_bufg_I_O)         0.026    -1.181 r  prescaler_instance/inst/clkout1_buf/O
                         net (fo=36, routed)          0.593    -0.588    dvi_driver_inst/clk_25
    SLICE_X2Y94          FDRE                                         r  dvi_driver_inst/DE_internal_reg/C
  -------------------------------------------------------------------    -------------------
    SLICE_X2Y94          FDRE (Prop_fdre_C_Q)         0.164    -0.424 r  dvi_driver_inst/DE_internal_reg/Q
                         net (fo=1, routed)           1.003     0.579    DE_OBUF
    P17                  OBUF (Prop_obuf_I_O)         1.198     1.776 r  DE_OBUF_inst/O
                         net (fo=0)                   0.000     1.776    DE
    P17                                                               r  DE (OUT)
  -------------------------------------------------------------------    -------------------





--------------------------------------------------------------------------------------
Path Group:  (none)
From Clock:  clkfbout_clkDVIprescaler
  To Clock:  

Max Delay             1 Endpoint
Min Delay             1 Endpoint
--------------------------------------------------------------------------------------


Max Delay Paths
--------------------------------------------------------------------------------------
Slack:                    inf
  Source:                 prescaler_instance/inst/mmcm_adv_inst/CLKFBOUT
                            (clock source 'clkfbout_clkDVIprescaler'  {rise@0.000ns fall@5.000ns period=10.000ns})
  Destination:            prescaler_instance/inst/mmcm_adv_inst/CLKFBIN
  Path Group:             (none)
  Path Type:              Max at Fast Process Corner
  Data Path Delay:        1.375ns  (logic 0.029ns (2.109%)  route 1.346ns (97.891%))
  Logic Levels:           1  (BUFG=1)
  Clock Uncertainty:      0.156ns  ((TSJ^2 + DJ^2)^1/2) / 2 + PE
    Total System Jitter     (TSJ):    0.050ns
    Discrete Jitter          (DJ):    0.090ns
    Phase Error              (PE):    0.104ns

    Location             Delay type                Incr(ns)  Path(ns)    Netlist Resource(s)
  -------------------------------------------------------------------    -------------------
                         (clock clkfbout_clkDVIprescaler fall edge)
                                                      5.000     5.000 f  
    W5                                                0.000     5.000 f  clk100 (IN)
                         net (fo=0)                   0.000     5.000    prescaler_instance/inst/clk_100
    W5                   IBUF (Prop_ibuf_I_O)         0.414     5.414 f  prescaler_instance/inst/clkin1_ibufg/O
                         net (fo=1, routed)           0.480     5.894    prescaler_instance/inst/clk_100_clkDVIprescaler
  -------------------------------------------------------------------    -------------------
    MMCME2_ADV_X1Y0      MMCME2_ADV (Prop_mmcme2_adv_CLKIN1_CLKFBOUT)
                                                     -3.142     2.752 f  prescaler_instance/inst/mmcm_adv_inst/CLKFBOUT
                         net (fo=1, routed)           0.530     3.282    prescaler_instance/inst/clkfbout_clkDVIprescaler
    BUFGCTRL_X0Y1        BUFG (Prop_bufg_I_O)         0.029     3.311 f  prescaler_instance/inst/clkf_buf/O
                         net (fo=1, routed)           0.817     4.127    prescaler_instance/inst/clkfbout_buf_clkDVIprescaler
    MMCME2_ADV_X1Y0      MMCME2_ADV                                   f  prescaler_instance/inst/mmcm_adv_inst/CLKFBIN
  -------------------------------------------------------------------    -------------------





Min Delay Paths
--------------------------------------------------------------------------------------
Slack:                    inf
  Source:                 prescaler_instance/inst/mmcm_adv_inst/CLKFBOUT
                            (clock source 'clkfbout_clkDVIprescaler'  {rise@0.000ns fall@5.000ns period=10.000ns})
  Destination:            prescaler_instance/inst/mmcm_adv_inst/CLKFBIN
  Path Group:             (none)
  Path Type:              Min at Slow Process Corner
  Data Path Delay:        3.129ns  (logic 0.091ns (2.908%)  route 3.038ns (97.092%))
  Logic Levels:           1  (BUFG=1)
  Clock Uncertainty:      0.156ns  ((TSJ^2 + DJ^2)^1/2) / 2 + PE
    Total System Jitter     (TSJ):    0.050ns
    Discrete Jitter          (DJ):    0.090ns
    Phase Error              (PE):    0.104ns

    Location             Delay type                Incr(ns)  Path(ns)    Netlist Resource(s)
  -------------------------------------------------------------------    -------------------
                         (clock clkfbout_clkDVIprescaler rise edge)
                                                      0.000     0.000 r  
    W5                                                0.000     0.000 r  clk100 (IN)
                         net (fo=0)                   0.000     0.000    prescaler_instance/inst/clk_100
    W5                   IBUF (Prop_ibuf_I_O)         1.388     1.388 r  prescaler_instance/inst/clkin1_ibufg/O
                         net (fo=1, routed)           1.162     2.550    prescaler_instance/inst/clk_100_clkDVIprescaler
  -------------------------------------------------------------------    -------------------
    MMCME2_ADV_X1Y0      MMCME2_ADV (Prop_mmcme2_adv_CLKIN1_CLKFBOUT)
                                                     -7.217    -4.668 r  prescaler_instance/inst/mmcm_adv_inst/CLKFBOUT
                         net (fo=1, routed)           1.581    -3.086    prescaler_instance/inst/clkfbout_clkDVIprescaler
    BUFGCTRL_X0Y1        BUFG (Prop_bufg_I_O)         0.091    -2.995 r  prescaler_instance/inst/clkf_buf/O
                         net (fo=1, routed)           1.457    -1.538    prescaler_instance/inst/clkfbout_buf_clkDVIprescaler
    MMCME2_ADV_X1Y0      MMCME2_ADV                                   r  prescaler_instance/inst/mmcm_adv_inst/CLKFBIN
  -------------------------------------------------------------------    -------------------





