Copyright 1986-2022 Xilinx, Inc. All Rights Reserved. Copyright 2022-2024 Advanced Micro Devices, Inc. All Rights Reserved.
------------------------------------------------------------------------------------------------------------------------------------------------------------------------------------------------------------------
| Tool Version : Vivado v.2024.1 (win64) Build 5076996 Wed May 22 18:37:14 MDT 2024
| Date         : Thu Mar 20 11:47:46 2025
| Host         : DESKTOP-H0VVJ00 running 64-bit major release  (build 9200)
| Command      : report_timing_summary -max_paths 10 -report_unconstrained -file DVI_Top_timing_summary_routed.rpt -pb DVI_Top_timing_summary_routed.pb -rpx DVI_Top_timing_summary_routed.rpx -warn_on_violation
| Design       : DVI_Top
| Device       : 7a35t-cpg236
| Speed File   : -1  PRODUCTION 1.23 2018-06-13
| Design State : Routed
------------------------------------------------------------------------------------------------------------------------------------------------------------------------------------------------------------------

Timing Summary Report

------------------------------------------------------------------------------------------------
| Timer Settings
| --------------
------------------------------------------------------------------------------------------------

  Enable Multi Corner Analysis               :  Yes
  Enable Pessimism Removal                   :  Yes
  Pessimism Removal Resolution               :  Nearest Common Node
  Enable Input Delay Default Clock           :  No
  Enable Preset / Clear Arcs                 :  No
  Disable Flight Delays                      :  No
  Ignore I/O Paths                           :  No
  Timing Early Launch at Borrowing Latches   :  No
  Borrow Time for Max Delay Exceptions       :  Yes
  Merge Timing Exceptions                    :  Yes
  Inter-SLR Compensation                     :  Conservative

  Corner  Analyze    Analyze    
  Name    Max Paths  Min Paths  
  ------  ---------  ---------  
  Slow    Yes        Yes        
  Fast    Yes        Yes        


------------------------------------------------------------------------------------------------
| Report Methodology
| ------------------
------------------------------------------------------------------------------------------------

Rule       Severity          Description                  Violations  
---------  ----------------  ---------------------------  ----------  
TIMING-17  Critical Warning  Non-clocked sequential cell  51          

Note: This report is based on the most recent report_methodology run and may not be up-to-date. Run report_methodology on the current design for the latest report.



check_timing report

Table of Contents
-----------------
1. checking no_clock (51)
2. checking constant_clock (0)
3. checking pulse_width_clock (0)
4. checking unconstrained_internal_endpoints (102)
5. checking no_input_delay (2)
6. checking no_output_delay (15)
7. checking multiple_clock (0)
8. checking generated_clocks (0)
9. checking loops (0)
10. checking partial_input_delay (0)
11. checking partial_output_delay (0)
12. checking latch_loops (0)

1. checking no_clock (51)
-------------------------
 There are 51 register/latch pins with no clock driven by root clock pin: SCK (HIGH)


2. checking constant_clock (0)
------------------------------
 There are 0 register/latch pins with constant_clock.


3. checking pulse_width_clock (0)
---------------------------------
 There are 0 register/latch pins which need pulse_width check


4. checking unconstrained_internal_endpoints (102)
--------------------------------------------------
 There are 102 pins that are not constrained for maximum delay. (HIGH)

 There are 0 pins that are not constrained for maximum delay due to constant clock.


5. checking no_input_delay (2)
------------------------------
 There are 2 input ports with no input delay specified. (HIGH)

 There are 0 input ports with no input delay but user has a false path constraint.


6. checking no_output_delay (15)
--------------------------------
 There are 15 ports with no output delay specified. (HIGH)

 There are 0 ports with no output delay but user has a false path constraint

 There are 0 ports with no output delay but with a timing clock defined on it or propagating through it


7. checking multiple_clock (0)
------------------------------
 There are 0 register/latch pins with multiple clocks.


8. checking generated_clocks (0)
--------------------------------
 There are 0 generated clocks that are not connected to a clock source.


9. checking loops (0)
---------------------
 There are 0 combinational loops in the design.


10. checking partial_input_delay (0)
------------------------------------
 There are 0 input ports with partial input delay specified.


11. checking partial_output_delay (0)
-------------------------------------
 There are 0 ports with partial output delay specified.


12. checking latch_loops (0)
----------------------------
 There are 0 combinational latch loops in the design through latch input



------------------------------------------------------------------------------------------------
| Design Timing Summary
| ---------------------
------------------------------------------------------------------------------------------------

    WNS(ns)      TNS(ns)  TNS Failing Endpoints  TNS Total Endpoints      WHS(ns)      THS(ns)  THS Failing Endpoints  THS Total Endpoints     WPWS(ns)     TPWS(ns)  TPWS Failing Endpoints  TPWS Total Endpoints  
    -------      -------  ---------------------  -------------------      -------      -------  ---------------------  -------------------     --------     --------  ----------------------  --------------------  
     32.737        0.000                      0                  728        0.040        0.000                      0                  728        3.000        0.000                       0                   251  


All user specified timing constraints are met.


------------------------------------------------------------------------------------------------
| Clock Summary
| -------------
------------------------------------------------------------------------------------------------

Clock                       Waveform(ns)       Period(ns)      Frequency(MHz)
-----                       ------------       ----------      --------------
clk100                      {0.000 5.000}      10.000          100.000         
  clk_25_clkDVIprescaler    {0.000 20.000}     40.000          25.000          
  clkfbout_clkDVIprescaler  {0.000 5.000}      10.000          100.000         


------------------------------------------------------------------------------------------------
| Intra Clock Table
| -----------------
------------------------------------------------------------------------------------------------

Clock                           WNS(ns)      TNS(ns)  TNS Failing Endpoints  TNS Total Endpoints      WHS(ns)      THS(ns)  THS Failing Endpoints  THS Total Endpoints     WPWS(ns)     TPWS(ns)  TPWS Failing Endpoints  TPWS Total Endpoints  
-----                           -------      -------  ---------------------  -------------------      -------      -------  ---------------------  -------------------     --------     --------  ----------------------  --------------------  
clk100                                                                                                                                                                        3.000        0.000                       0                     1  
  clk_25_clkDVIprescaler         32.737        0.000                      0                  728        0.040        0.000                      0                  728       19.500        0.000                       0                   247  
  clkfbout_clkDVIprescaler                                                                                                                                                    7.845        0.000                       0                     3  


------------------------------------------------------------------------------------------------
| Inter Clock Table
| -----------------
------------------------------------------------------------------------------------------------

From Clock    To Clock          WNS(ns)      TNS(ns)  TNS Failing Endpoints  TNS Total Endpoints      WHS(ns)      THS(ns)  THS Failing Endpoints  THS Total Endpoints  
----------    --------          -------      -------  ---------------------  -------------------      -------      -------  ---------------------  -------------------  


------------------------------------------------------------------------------------------------
| Other Path Groups Table
| -----------------------
------------------------------------------------------------------------------------------------

Path Group    From Clock    To Clock          WNS(ns)      TNS(ns)  TNS Failing Endpoints  TNS Total Endpoints      WHS(ns)      THS(ns)  THS Failing Endpoints  THS Total Endpoints  
----------    ----------    --------          -------      -------  ---------------------  -------------------      -------      -------  ---------------------  -------------------  


------------------------------------------------------------------------------------------------
| User Ignored Path Table
| -----------------------
------------------------------------------------------------------------------------------------

Path Group    From Clock    To Clock    
----------    ----------    --------    


------------------------------------------------------------------------------------------------
| Unconstrained Path Table
| ------------------------
------------------------------------------------------------------------------------------------

Path Group                From Clock                To Clock                
----------                ----------                --------                
(none)                                                                        
(none)                    clk_25_clkDVIprescaler                              
(none)                    clkfbout_clkDVIprescaler                            
(none)                                              clk_25_clkDVIprescaler    


------------------------------------------------------------------------------------------------
| Timing Details
| --------------
------------------------------------------------------------------------------------------------


---------------------------------------------------------------------------------------------------
From Clock:  clk100
  To Clock:  clk100

Setup :           NA  Failing Endpoints,  Worst Slack           NA  ,  Total Violation           NA
Hold  :           NA  Failing Endpoints,  Worst Slack           NA  ,  Total Violation           NA
PW    :            0  Failing Endpoints,  Worst Slack        3.000ns,  Total Violation        0.000ns
---------------------------------------------------------------------------------------------------


Pulse Width Checks
--------------------------------------------------------------------------------------
Clock Name:         clk100
Waveform(ns):       { 0.000 5.000 }
Period(ns):         10.000
Sources:            { clk100 }

Check Type        Corner  Lib Pin            Reference Pin  Required(ns)  Actual(ns)  Slack(ns)  Location         Pin
Min Period        n/a     MMCME2_ADV/CLKIN1  n/a            1.249         10.000      8.751      MMCME2_ADV_X1Y0  prescaler_instance/inst/mmcm_adv_inst/CLKIN1
Max Period        n/a     MMCME2_ADV/CLKIN1  n/a            100.000       10.000      90.000     MMCME2_ADV_X1Y0  prescaler_instance/inst/mmcm_adv_inst/CLKIN1
Low Pulse Width   Slow    MMCME2_ADV/CLKIN1  n/a            2.000         5.000       3.000      MMCME2_ADV_X1Y0  prescaler_instance/inst/mmcm_adv_inst/CLKIN1
Low Pulse Width   Fast    MMCME2_ADV/CLKIN1  n/a            2.000         5.000       3.000      MMCME2_ADV_X1Y0  prescaler_instance/inst/mmcm_adv_inst/CLKIN1
High Pulse Width  Slow    MMCME2_ADV/CLKIN1  n/a            2.000         5.000       3.000      MMCME2_ADV_X1Y0  prescaler_instance/inst/mmcm_adv_inst/CLKIN1
High Pulse Width  Fast    MMCME2_ADV/CLKIN1  n/a            2.000         5.000       3.000      MMCME2_ADV_X1Y0  prescaler_instance/inst/mmcm_adv_inst/CLKIN1



---------------------------------------------------------------------------------------------------
From Clock:  clk_25_clkDVIprescaler
  To Clock:  clk_25_clkDVIprescaler

Setup :            0  Failing Endpoints,  Worst Slack       32.737ns,  Total Violation        0.000ns
Hold  :            0  Failing Endpoints,  Worst Slack        0.040ns,  Total Violation        0.000ns
PW    :            0  Failing Endpoints,  Worst Slack       19.500ns,  Total Violation        0.000ns
---------------------------------------------------------------------------------------------------


Max Delay Paths
--------------------------------------------------------------------------------------
Slack (MET) :             32.737ns  (required time - arrival time)
  Source:                 pixel_gen_inst/DisplayLevel_inst/ROM_inst/U0/inst_blk_mem_gen/gnbram.gnativebmg.native_blk_mem_gen/valid.cstr/ramloop[19].ram.r/prim_init.ram/DEVICE_7SERIES.NO_BMM_INFO.SP.SIMPLE_PRIM36.ram/CLKARDCLK
                            (rising edge-triggered cell RAMB36E1 clocked by clk_25_clkDVIprescaler  {rise@0.000ns fall@20.000ns period=40.000ns})
  Destination:            pixel_gen_inst/rgb_out_reg[11]/D
                            (rising edge-triggered cell FDRE clocked by clk_25_clkDVIprescaler  {rise@0.000ns fall@20.000ns period=40.000ns})
  Path Group:             clk_25_clkDVIprescaler
  Path Type:              Setup (Max at Slow Process Corner)
  Requirement:            40.000ns  (clk_25_clkDVIprescaler rise@40.000ns - clk_25_clkDVIprescaler rise@0.000ns)
  Data Path Delay:        7.043ns  (logic 1.799ns (25.542%)  route 5.244ns (74.458%))
  Logic Levels:           5  (LUT5=1 LUT6=3 MUXF7=1)
  Clock Path Skew:        -0.151ns (DCD - SCD + CPR)
    Destination Clock Delay (DCD):    -1.543ns = ( 38.457 - 40.000 ) 
    Source Clock Delay      (SCD):    -0.900ns
    Clock Pessimism Removal (CPR):    0.492ns
  Clock Uncertainty:      0.098ns  ((TSJ^2 + DJ^2)^1/2) / 2 + PE
    Total System Jitter     (TSJ):    0.071ns
    Discrete Jitter          (DJ):    0.182ns
    Phase Error              (PE):    0.000ns

    Location             Delay type                Incr(ns)  Path(ns)    Netlist Resource(s)
  -------------------------------------------------------------------    -------------------
                         (clock clk_25_clkDVIprescaler rise edge)
                                                      0.000     0.000 r  
    W5                                                0.000     0.000 r  clk100 (IN)
                         net (fo=0)                   0.000     0.000    prescaler_instance/inst/clk_100
    W5                   IBUF (Prop_ibuf_I_O)         1.458     1.458 r  prescaler_instance/inst/clkin1_ibufg/O
                         net (fo=1, routed)           1.233     2.691    prescaler_instance/inst/clk_100_clkDVIprescaler
    MMCME2_ADV_X1Y0      MMCME2_ADV (Prop_mmcme2_adv_CLKIN1_CLKOUT0)
                                                     -6.961    -4.269 r  prescaler_instance/inst/mmcm_adv_inst/CLKOUT0
                         net (fo=1, routed)           1.661    -2.608    prescaler_instance/inst/clk_25_clkDVIprescaler
    BUFGCTRL_X0Y0        BUFG (Prop_bufg_I_O)         0.096    -2.512 r  prescaler_instance/inst/clkout1_buf/O
                         net (fo=246, routed)         1.612    -0.900    pixel_gen_inst/DisplayLevel_inst/ROM_inst/U0/inst_blk_mem_gen/gnbram.gnativebmg.native_blk_mem_gen/valid.cstr/ramloop[19].ram.r/prim_init.ram/clka
    RAMB36_X0Y8          RAMB36E1                                     r  pixel_gen_inst/DisplayLevel_inst/ROM_inst/U0/inst_blk_mem_gen/gnbram.gnativebmg.native_blk_mem_gen/valid.cstr/ramloop[19].ram.r/prim_init.ram/DEVICE_7SERIES.NO_BMM_INFO.SP.SIMPLE_PRIM36.ram/CLKARDCLK
  -------------------------------------------------------------------    -------------------
    RAMB36_X0Y8          RAMB36E1 (Prop_ramb36e1_CLKARDCLK_DOADO[2])
                                                      0.882    -0.018 r  pixel_gen_inst/DisplayLevel_inst/ROM_inst/U0/inst_blk_mem_gen/gnbram.gnativebmg.native_blk_mem_gen/valid.cstr/ramloop[19].ram.r/prim_init.ram/DEVICE_7SERIES.NO_BMM_INFO.SP.SIMPLE_PRIM36.ram/DOADO[2]
                         net (fo=1, routed)           1.635     1.617    pixel_gen_inst/DisplayLevel_inst/ROM_inst/U0/inst_blk_mem_gen/gnbram.gnativebmg.native_blk_mem_gen/valid.cstr/has_mux_a.A/ramloop[19].ram.ram_douta[2]
    SLICE_X8Y49          LUT6 (Prop_lut6_I1_O)        0.124     1.741 r  pixel_gen_inst/DisplayLevel_inst/ROM_inst/U0/inst_blk_mem_gen/gnbram.gnativebmg.native_blk_mem_gen/valid.cstr/has_mux_a.A/douta[5]_INST_0_i_5/O
                         net (fo=1, routed)           0.000     1.741    pixel_gen_inst/DisplayLevel_inst/ROM_inst/U0/inst_blk_mem_gen/gnbram.gnativebmg.native_blk_mem_gen/valid.cstr/has_mux_a.A/douta[5]_INST_0_i_5_n_0
    SLICE_X8Y49          MUXF7 (Prop_muxf7_I1_O)      0.247     1.988 r  pixel_gen_inst/DisplayLevel_inst/ROM_inst/U0/inst_blk_mem_gen/gnbram.gnativebmg.native_blk_mem_gen/valid.cstr/has_mux_a.A/douta[5]_INST_0_i_2/O
                         net (fo=1, routed)           1.860     3.848    pixel_gen_inst/DisplayLevel_inst/ROM_inst/U0/inst_blk_mem_gen/gnbram.gnativebmg.native_blk_mem_gen/valid.cstr/has_mux_a.A/douta[5]_INST_0_i_2_n_0
    SLICE_X48Y49         LUT5 (Prop_lut5_I2_O)        0.298     4.146 r  pixel_gen_inst/DisplayLevel_inst/ROM_inst/U0/inst_blk_mem_gen/gnbram.gnativebmg.native_blk_mem_gen/valid.cstr/has_mux_a.A/douta[5]_INST_0/O
                         net (fo=2, routed)           0.845     4.991    pixel_gen_inst/DisplayLevel_inst/level_color[5]
    SLICE_X50Y48         LUT6 (Prop_lut6_I0_O)        0.124     5.115 f  pixel_gen_inst/DisplayLevel_inst/rgb_out[11]_i_2/O
                         net (fo=13, routed)          0.904     6.019    pixel_gen_inst/DisplayLevel_inst/rgb_out[11]_i_2_n_0
    SLICE_X49Y47         LUT6 (Prop_lut6_I0_O)        0.124     6.143 r  pixel_gen_inst/DisplayLevel_inst/rgb_out[11]_i_1/O
                         net (fo=1, routed)           0.000     6.143    pixel_gen_inst/DisplayLevel_inst_n_0
    SLICE_X49Y47         FDRE                                         r  pixel_gen_inst/rgb_out_reg[11]/D
  -------------------------------------------------------------------    -------------------

                         (clock clk_25_clkDVIprescaler rise edge)
                                                     40.000    40.000 r  
    W5                                                0.000    40.000 r  clk100 (IN)
                         net (fo=0)                   0.000    40.000    prescaler_instance/inst/clk_100
    W5                   IBUF (Prop_ibuf_I_O)         1.388    41.388 r  prescaler_instance/inst/clkin1_ibufg/O
                         net (fo=1, routed)           1.162    42.550    prescaler_instance/inst/clk_100_clkDVIprescaler
    MMCME2_ADV_X1Y0      MMCME2_ADV (Prop_mmcme2_adv_CLKIN1_CLKOUT0)
                                                     -7.217    35.332 r  prescaler_instance/inst/mmcm_adv_inst/CLKOUT0
                         net (fo=1, routed)           1.581    36.914    prescaler_instance/inst/clk_25_clkDVIprescaler
    BUFGCTRL_X0Y0        BUFG (Prop_bufg_I_O)         0.091    37.005 r  prescaler_instance/inst/clkout1_buf/O
                         net (fo=246, routed)         1.452    38.457    pixel_gen_inst/clk_25
    SLICE_X49Y47         FDRE                                         r  pixel_gen_inst/rgb_out_reg[11]/C
                         clock pessimism              0.492    38.948    
                         clock uncertainty           -0.098    38.851    
    SLICE_X49Y47         FDRE (Setup_fdre_C_D)        0.029    38.880    pixel_gen_inst/rgb_out_reg[11]
  -------------------------------------------------------------------
                         required time                         38.880    
                         arrival time                          -6.143    
  -------------------------------------------------------------------
                         slack                                 32.737    

Slack (MET) :             32.760ns  (required time - arrival time)
  Source:                 pixel_gen_inst/DisplayLevel_inst/ROM_inst/U0/inst_blk_mem_gen/gnbram.gnativebmg.native_blk_mem_gen/valid.cstr/ramloop[19].ram.r/prim_init.ram/DEVICE_7SERIES.NO_BMM_INFO.SP.SIMPLE_PRIM36.ram/CLKARDCLK
                            (rising edge-triggered cell RAMB36E1 clocked by clk_25_clkDVIprescaler  {rise@0.000ns fall@20.000ns period=40.000ns})
  Destination:            pixel_gen_inst/rgb_out_reg[10]/D
                            (rising edge-triggered cell FDRE clocked by clk_25_clkDVIprescaler  {rise@0.000ns fall@20.000ns period=40.000ns})
  Path Group:             clk_25_clkDVIprescaler
  Path Type:              Setup (Max at Slow Process Corner)
  Requirement:            40.000ns  (clk_25_clkDVIprescaler rise@40.000ns - clk_25_clkDVIprescaler rise@0.000ns)
  Data Path Delay:        7.021ns  (logic 1.799ns (25.625%)  route 5.222ns (74.375%))
  Logic Levels:           5  (LUT5=1 LUT6=3 MUXF7=1)
  Clock Path Skew:        -0.150ns (DCD - SCD + CPR)
    Destination Clock Delay (DCD):    -1.542ns = ( 38.458 - 40.000 ) 
    Source Clock Delay      (SCD):    -0.900ns
    Clock Pessimism Removal (CPR):    0.492ns
  Clock Uncertainty:      0.098ns  ((TSJ^2 + DJ^2)^1/2) / 2 + PE
    Total System Jitter     (TSJ):    0.071ns
    Discrete Jitter          (DJ):    0.182ns
    Phase Error              (PE):    0.000ns

    Location             Delay type                Incr(ns)  Path(ns)    Netlist Resource(s)
  -------------------------------------------------------------------    -------------------
                         (clock clk_25_clkDVIprescaler rise edge)
                                                      0.000     0.000 r  
    W5                                                0.000     0.000 r  clk100 (IN)
                         net (fo=0)                   0.000     0.000    prescaler_instance/inst/clk_100
    W5                   IBUF (Prop_ibuf_I_O)         1.458     1.458 r  prescaler_instance/inst/clkin1_ibufg/O
                         net (fo=1, routed)           1.233     2.691    prescaler_instance/inst/clk_100_clkDVIprescaler
    MMCME2_ADV_X1Y0      MMCME2_ADV (Prop_mmcme2_adv_CLKIN1_CLKOUT0)
                                                     -6.961    -4.269 r  prescaler_instance/inst/mmcm_adv_inst/CLKOUT0
                         net (fo=1, routed)           1.661    -2.608    prescaler_instance/inst/clk_25_clkDVIprescaler
    BUFGCTRL_X0Y0        BUFG (Prop_bufg_I_O)         0.096    -2.512 r  prescaler_instance/inst/clkout1_buf/O
                         net (fo=246, routed)         1.612    -0.900    pixel_gen_inst/DisplayLevel_inst/ROM_inst/U0/inst_blk_mem_gen/gnbram.gnativebmg.native_blk_mem_gen/valid.cstr/ramloop[19].ram.r/prim_init.ram/clka
    RAMB36_X0Y8          RAMB36E1                                     r  pixel_gen_inst/DisplayLevel_inst/ROM_inst/U0/inst_blk_mem_gen/gnbram.gnativebmg.native_blk_mem_gen/valid.cstr/ramloop[19].ram.r/prim_init.ram/DEVICE_7SERIES.NO_BMM_INFO.SP.SIMPLE_PRIM36.ram/CLKARDCLK
  -------------------------------------------------------------------    -------------------
    RAMB36_X0Y8          RAMB36E1 (Prop_ramb36e1_CLKARDCLK_DOADO[2])
                                                      0.882    -0.018 r  pixel_gen_inst/DisplayLevel_inst/ROM_inst/U0/inst_blk_mem_gen/gnbram.gnativebmg.native_blk_mem_gen/valid.cstr/ramloop[19].ram.r/prim_init.ram/DEVICE_7SERIES.NO_BMM_INFO.SP.SIMPLE_PRIM36.ram/DOADO[2]
                         net (fo=1, routed)           1.635     1.617    pixel_gen_inst/DisplayLevel_inst/ROM_inst/U0/inst_blk_mem_gen/gnbram.gnativebmg.native_blk_mem_gen/valid.cstr/has_mux_a.A/ramloop[19].ram.ram_douta[2]
    SLICE_X8Y49          LUT6 (Prop_lut6_I1_O)        0.124     1.741 r  pixel_gen_inst/DisplayLevel_inst/ROM_inst/U0/inst_blk_mem_gen/gnbram.gnativebmg.native_blk_mem_gen/valid.cstr/has_mux_a.A/douta[5]_INST_0_i_5/O
                         net (fo=1, routed)           0.000     1.741    pixel_gen_inst/DisplayLevel_inst/ROM_inst/U0/inst_blk_mem_gen/gnbram.gnativebmg.native_blk_mem_gen/valid.cstr/has_mux_a.A/douta[5]_INST_0_i_5_n_0
    SLICE_X8Y49          MUXF7 (Prop_muxf7_I1_O)      0.247     1.988 r  pixel_gen_inst/DisplayLevel_inst/ROM_inst/U0/inst_blk_mem_gen/gnbram.gnativebmg.native_blk_mem_gen/valid.cstr/has_mux_a.A/douta[5]_INST_0_i_2/O
                         net (fo=1, routed)           1.860     3.848    pixel_gen_inst/DisplayLevel_inst/ROM_inst/U0/inst_blk_mem_gen/gnbram.gnativebmg.native_blk_mem_gen/valid.cstr/has_mux_a.A/douta[5]_INST_0_i_2_n_0
    SLICE_X48Y49         LUT5 (Prop_lut5_I2_O)        0.298     4.146 r  pixel_gen_inst/DisplayLevel_inst/ROM_inst/U0/inst_blk_mem_gen/gnbram.gnativebmg.native_blk_mem_gen/valid.cstr/has_mux_a.A/douta[5]_INST_0/O
                         net (fo=2, routed)           0.845     4.991    pixel_gen_inst/DisplayLevel_inst/level_color[5]
    SLICE_X50Y48         LUT6 (Prop_lut6_I0_O)        0.124     5.115 f  pixel_gen_inst/DisplayLevel_inst/rgb_out[11]_i_2/O
                         net (fo=13, routed)          0.882     5.997    pixel_gen_inst/DisplayLevel_inst/rgb_out[11]_i_2_n_0
    SLICE_X51Y47         LUT6 (Prop_lut6_I0_O)        0.124     6.121 r  pixel_gen_inst/DisplayLevel_inst/rgb_out[10]_i_1/O
                         net (fo=1, routed)           0.000     6.121    pixel_gen_inst/DisplayLevel_inst_n_1
    SLICE_X51Y47         FDRE                                         r  pixel_gen_inst/rgb_out_reg[10]/D
  -------------------------------------------------------------------    -------------------

                         (clock clk_25_clkDVIprescaler rise edge)
                                                     40.000    40.000 r  
    W5                                                0.000    40.000 r  clk100 (IN)
                         net (fo=0)                   0.000    40.000    prescaler_instance/inst/clk_100
    W5                   IBUF (Prop_ibuf_I_O)         1.388    41.388 r  prescaler_instance/inst/clkin1_ibufg/O
                         net (fo=1, routed)           1.162    42.550    prescaler_instance/inst/clk_100_clkDVIprescaler
    MMCME2_ADV_X1Y0      MMCME2_ADV (Prop_mmcme2_adv_CLKIN1_CLKOUT0)
                                                     -7.217    35.332 r  prescaler_instance/inst/mmcm_adv_inst/CLKOUT0
                         net (fo=1, routed)           1.581    36.914    prescaler_instance/inst/clk_25_clkDVIprescaler
    BUFGCTRL_X0Y0        BUFG (Prop_bufg_I_O)         0.091    37.005 r  prescaler_instance/inst/clkout1_buf/O
                         net (fo=246, routed)         1.453    38.458    pixel_gen_inst/clk_25
    SLICE_X51Y47         FDRE                                         r  pixel_gen_inst/rgb_out_reg[10]/C
                         clock pessimism              0.492    38.949    
                         clock uncertainty           -0.098    38.852    
    SLICE_X51Y47         FDRE (Setup_fdre_C_D)        0.029    38.881    pixel_gen_inst/rgb_out_reg[10]
  -------------------------------------------------------------------
                         required time                         38.881    
                         arrival time                          -6.121    
  -------------------------------------------------------------------
                         slack                                 32.760    

Slack (MET) :             32.760ns  (required time - arrival time)
  Source:                 pixel_gen_inst/DisplayLevel_inst/ROM_inst/U0/inst_blk_mem_gen/gnbram.gnativebmg.native_blk_mem_gen/valid.cstr/ramloop[19].ram.r/prim_init.ram/DEVICE_7SERIES.NO_BMM_INFO.SP.SIMPLE_PRIM36.ram/CLKARDCLK
                            (rising edge-triggered cell RAMB36E1 clocked by clk_25_clkDVIprescaler  {rise@0.000ns fall@20.000ns period=40.000ns})
  Destination:            pixel_gen_inst/rgb_out_reg[9]/D
                            (rising edge-triggered cell FDRE clocked by clk_25_clkDVIprescaler  {rise@0.000ns fall@20.000ns period=40.000ns})
  Path Group:             clk_25_clkDVIprescaler
  Path Type:              Setup (Max at Slow Process Corner)
  Requirement:            40.000ns  (clk_25_clkDVIprescaler rise@40.000ns - clk_25_clkDVIprescaler rise@0.000ns)
  Data Path Delay:        7.023ns  (logic 1.799ns (25.617%)  route 5.224ns (74.383%))
  Logic Levels:           5  (LUT5=1 LUT6=3 MUXF7=1)
  Clock Path Skew:        -0.150ns (DCD - SCD + CPR)
    Destination Clock Delay (DCD):    -1.542ns = ( 38.458 - 40.000 ) 
    Source Clock Delay      (SCD):    -0.900ns
    Clock Pessimism Removal (CPR):    0.492ns
  Clock Uncertainty:      0.098ns  ((TSJ^2 + DJ^2)^1/2) / 2 + PE
    Total System Jitter     (TSJ):    0.071ns
    Discrete Jitter          (DJ):    0.182ns
    Phase Error              (PE):    0.000ns

    Location             Delay type                Incr(ns)  Path(ns)    Netlist Resource(s)
  -------------------------------------------------------------------    -------------------
                         (clock clk_25_clkDVIprescaler rise edge)
                                                      0.000     0.000 r  
    W5                                                0.000     0.000 r  clk100 (IN)
                         net (fo=0)                   0.000     0.000    prescaler_instance/inst/clk_100
    W5                   IBUF (Prop_ibuf_I_O)         1.458     1.458 r  prescaler_instance/inst/clkin1_ibufg/O
                         net (fo=1, routed)           1.233     2.691    prescaler_instance/inst/clk_100_clkDVIprescaler
    MMCME2_ADV_X1Y0      MMCME2_ADV (Prop_mmcme2_adv_CLKIN1_CLKOUT0)
                                                     -6.961    -4.269 r  prescaler_instance/inst/mmcm_adv_inst/CLKOUT0
                         net (fo=1, routed)           1.661    -2.608    prescaler_instance/inst/clk_25_clkDVIprescaler
    BUFGCTRL_X0Y0        BUFG (Prop_bufg_I_O)         0.096    -2.512 r  prescaler_instance/inst/clkout1_buf/O
                         net (fo=246, routed)         1.612    -0.900    pixel_gen_inst/DisplayLevel_inst/ROM_inst/U0/inst_blk_mem_gen/gnbram.gnativebmg.native_blk_mem_gen/valid.cstr/ramloop[19].ram.r/prim_init.ram/clka
    RAMB36_X0Y8          RAMB36E1                                     r  pixel_gen_inst/DisplayLevel_inst/ROM_inst/U0/inst_blk_mem_gen/gnbram.gnativebmg.native_blk_mem_gen/valid.cstr/ramloop[19].ram.r/prim_init.ram/DEVICE_7SERIES.NO_BMM_INFO.SP.SIMPLE_PRIM36.ram/CLKARDCLK
  -------------------------------------------------------------------    -------------------
    RAMB36_X0Y8          RAMB36E1 (Prop_ramb36e1_CLKARDCLK_DOADO[2])
                                                      0.882    -0.018 r  pixel_gen_inst/DisplayLevel_inst/ROM_inst/U0/inst_blk_mem_gen/gnbram.gnativebmg.native_blk_mem_gen/valid.cstr/ramloop[19].ram.r/prim_init.ram/DEVICE_7SERIES.NO_BMM_INFO.SP.SIMPLE_PRIM36.ram/DOADO[2]
                         net (fo=1, routed)           1.635     1.617    pixel_gen_inst/DisplayLevel_inst/ROM_inst/U0/inst_blk_mem_gen/gnbram.gnativebmg.native_blk_mem_gen/valid.cstr/has_mux_a.A/ramloop[19].ram.ram_douta[2]
    SLICE_X8Y49          LUT6 (Prop_lut6_I1_O)        0.124     1.741 r  pixel_gen_inst/DisplayLevel_inst/ROM_inst/U0/inst_blk_mem_gen/gnbram.gnativebmg.native_blk_mem_gen/valid.cstr/has_mux_a.A/douta[5]_INST_0_i_5/O
                         net (fo=1, routed)           0.000     1.741    pixel_gen_inst/DisplayLevel_inst/ROM_inst/U0/inst_blk_mem_gen/gnbram.gnativebmg.native_blk_mem_gen/valid.cstr/has_mux_a.A/douta[5]_INST_0_i_5_n_0
    SLICE_X8Y49          MUXF7 (Prop_muxf7_I1_O)      0.247     1.988 r  pixel_gen_inst/DisplayLevel_inst/ROM_inst/U0/inst_blk_mem_gen/gnbram.gnativebmg.native_blk_mem_gen/valid.cstr/has_mux_a.A/douta[5]_INST_0_i_2/O
                         net (fo=1, routed)           1.860     3.848    pixel_gen_inst/DisplayLevel_inst/ROM_inst/U0/inst_blk_mem_gen/gnbram.gnativebmg.native_blk_mem_gen/valid.cstr/has_mux_a.A/douta[5]_INST_0_i_2_n_0
    SLICE_X48Y49         LUT5 (Prop_lut5_I2_O)        0.298     4.146 r  pixel_gen_inst/DisplayLevel_inst/ROM_inst/U0/inst_blk_mem_gen/gnbram.gnativebmg.native_blk_mem_gen/valid.cstr/has_mux_a.A/douta[5]_INST_0/O
                         net (fo=2, routed)           0.845     4.991    pixel_gen_inst/DisplayLevel_inst/level_color[5]
    SLICE_X50Y48         LUT6 (Prop_lut6_I0_O)        0.124     5.115 f  pixel_gen_inst/DisplayLevel_inst/rgb_out[11]_i_2/O
                         net (fo=13, routed)          0.884     5.999    pixel_gen_inst/DisplayLevel_inst/rgb_out[11]_i_2_n_0
    SLICE_X51Y47         LUT6 (Prop_lut6_I0_O)        0.124     6.123 r  pixel_gen_inst/DisplayLevel_inst/rgb_out[9]_i_1/O
                         net (fo=1, routed)           0.000     6.123    pixel_gen_inst/DisplayLevel_inst_n_2
    SLICE_X51Y47         FDRE                                         r  pixel_gen_inst/rgb_out_reg[9]/D
  -------------------------------------------------------------------    -------------------

                         (clock clk_25_clkDVIprescaler rise edge)
                                                     40.000    40.000 r  
    W5                                                0.000    40.000 r  clk100 (IN)
                         net (fo=0)                   0.000    40.000    prescaler_instance/inst/clk_100
    W5                   IBUF (Prop_ibuf_I_O)         1.388    41.388 r  prescaler_instance/inst/clkin1_ibufg/O
                         net (fo=1, routed)           1.162    42.550    prescaler_instance/inst/clk_100_clkDVIprescaler
    MMCME2_ADV_X1Y0      MMCME2_ADV (Prop_mmcme2_adv_CLKIN1_CLKOUT0)
                                                     -7.217    35.332 r  prescaler_instance/inst/mmcm_adv_inst/CLKOUT0
                         net (fo=1, routed)           1.581    36.914    prescaler_instance/inst/clk_25_clkDVIprescaler
    BUFGCTRL_X0Y0        BUFG (Prop_bufg_I_O)         0.091    37.005 r  prescaler_instance/inst/clkout1_buf/O
                         net (fo=246, routed)         1.453    38.458    pixel_gen_inst/clk_25
    SLICE_X51Y47         FDRE                                         r  pixel_gen_inst/rgb_out_reg[9]/C
                         clock pessimism              0.492    38.949    
                         clock uncertainty           -0.098    38.852    
    SLICE_X51Y47         FDRE (Setup_fdre_C_D)        0.031    38.883    pixel_gen_inst/rgb_out_reg[9]
  -------------------------------------------------------------------
                         required time                         38.883    
                         arrival time                          -6.123    
  -------------------------------------------------------------------
                         slack                                 32.760    

Slack (MET) :             32.762ns  (required time - arrival time)
  Source:                 pixel_gen_inst/DisplayLevel_inst/ROM_inst/U0/inst_blk_mem_gen/gnbram.gnativebmg.native_blk_mem_gen/valid.cstr/ramloop[19].ram.r/prim_init.ram/DEVICE_7SERIES.NO_BMM_INFO.SP.SIMPLE_PRIM36.ram/CLKARDCLK
                            (rising edge-triggered cell RAMB36E1 clocked by clk_25_clkDVIprescaler  {rise@0.000ns fall@20.000ns period=40.000ns})
  Destination:            pixel_gen_inst/rgb_out_reg[8]/D
                            (rising edge-triggered cell FDRE clocked by clk_25_clkDVIprescaler  {rise@0.000ns fall@20.000ns period=40.000ns})
  Path Group:             clk_25_clkDVIprescaler
  Path Type:              Setup (Max at Slow Process Corner)
  Requirement:            40.000ns  (clk_25_clkDVIprescaler rise@40.000ns - clk_25_clkDVIprescaler rise@0.000ns)
  Data Path Delay:        7.067ns  (logic 1.799ns (25.456%)  route 5.268ns (74.544%))
  Logic Levels:           5  (LUT5=1 LUT6=3 MUXF7=1)
  Clock Path Skew:        -0.150ns (DCD - SCD + CPR)
    Destination Clock Delay (DCD):    -1.542ns = ( 38.458 - 40.000 ) 
    Source Clock Delay      (SCD):    -0.900ns
    Clock Pessimism Removal (CPR):    0.492ns
  Clock Uncertainty:      0.098ns  ((TSJ^2 + DJ^2)^1/2) / 2 + PE
    Total System Jitter     (TSJ):    0.071ns
    Discrete Jitter          (DJ):    0.182ns
    Phase Error              (PE):    0.000ns

    Location             Delay type                Incr(ns)  Path(ns)    Netlist Resource(s)
  -------------------------------------------------------------------    -------------------
                         (clock clk_25_clkDVIprescaler rise edge)
                                                      0.000     0.000 r  
    W5                                                0.000     0.000 r  clk100 (IN)
                         net (fo=0)                   0.000     0.000    prescaler_instance/inst/clk_100
    W5                   IBUF (Prop_ibuf_I_O)         1.458     1.458 r  prescaler_instance/inst/clkin1_ibufg/O
                         net (fo=1, routed)           1.233     2.691    prescaler_instance/inst/clk_100_clkDVIprescaler
    MMCME2_ADV_X1Y0      MMCME2_ADV (Prop_mmcme2_adv_CLKIN1_CLKOUT0)
                                                     -6.961    -4.269 r  prescaler_instance/inst/mmcm_adv_inst/CLKOUT0
                         net (fo=1, routed)           1.661    -2.608    prescaler_instance/inst/clk_25_clkDVIprescaler
    BUFGCTRL_X0Y0        BUFG (Prop_bufg_I_O)         0.096    -2.512 r  prescaler_instance/inst/clkout1_buf/O
                         net (fo=246, routed)         1.612    -0.900    pixel_gen_inst/DisplayLevel_inst/ROM_inst/U0/inst_blk_mem_gen/gnbram.gnativebmg.native_blk_mem_gen/valid.cstr/ramloop[19].ram.r/prim_init.ram/clka
    RAMB36_X0Y8          RAMB36E1                                     r  pixel_gen_inst/DisplayLevel_inst/ROM_inst/U0/inst_blk_mem_gen/gnbram.gnativebmg.native_blk_mem_gen/valid.cstr/ramloop[19].ram.r/prim_init.ram/DEVICE_7SERIES.NO_BMM_INFO.SP.SIMPLE_PRIM36.ram/CLKARDCLK
  -------------------------------------------------------------------    -------------------
    RAMB36_X0Y8          RAMB36E1 (Prop_ramb36e1_CLKARDCLK_DOADO[2])
                                                      0.882    -0.018 r  pixel_gen_inst/DisplayLevel_inst/ROM_inst/U0/inst_blk_mem_gen/gnbram.gnativebmg.native_blk_mem_gen/valid.cstr/ramloop[19].ram.r/prim_init.ram/DEVICE_7SERIES.NO_BMM_INFO.SP.SIMPLE_PRIM36.ram/DOADO[2]
                         net (fo=1, routed)           1.635     1.617    pixel_gen_inst/DisplayLevel_inst/ROM_inst/U0/inst_blk_mem_gen/gnbram.gnativebmg.native_blk_mem_gen/valid.cstr/has_mux_a.A/ramloop[19].ram.ram_douta[2]
    SLICE_X8Y49          LUT6 (Prop_lut6_I1_O)        0.124     1.741 r  pixel_gen_inst/DisplayLevel_inst/ROM_inst/U0/inst_blk_mem_gen/gnbram.gnativebmg.native_blk_mem_gen/valid.cstr/has_mux_a.A/douta[5]_INST_0_i_5/O
                         net (fo=1, routed)           0.000     1.741    pixel_gen_inst/DisplayLevel_inst/ROM_inst/U0/inst_blk_mem_gen/gnbram.gnativebmg.native_blk_mem_gen/valid.cstr/has_mux_a.A/douta[5]_INST_0_i_5_n_0
    SLICE_X8Y49          MUXF7 (Prop_muxf7_I1_O)      0.247     1.988 r  pixel_gen_inst/DisplayLevel_inst/ROM_inst/U0/inst_blk_mem_gen/gnbram.gnativebmg.native_blk_mem_gen/valid.cstr/has_mux_a.A/douta[5]_INST_0_i_2/O
                         net (fo=1, routed)           1.860     3.848    pixel_gen_inst/DisplayLevel_inst/ROM_inst/U0/inst_blk_mem_gen/gnbram.gnativebmg.native_blk_mem_gen/valid.cstr/has_mux_a.A/douta[5]_INST_0_i_2_n_0
    SLICE_X48Y49         LUT5 (Prop_lut5_I2_O)        0.298     4.146 r  pixel_gen_inst/DisplayLevel_inst/ROM_inst/U0/inst_blk_mem_gen/gnbram.gnativebmg.native_blk_mem_gen/valid.cstr/has_mux_a.A/douta[5]_INST_0/O
                         net (fo=2, routed)           0.845     4.991    pixel_gen_inst/DisplayLevel_inst/level_color[5]
    SLICE_X50Y48         LUT6 (Prop_lut6_I0_O)        0.124     5.115 f  pixel_gen_inst/DisplayLevel_inst/rgb_out[11]_i_2/O
                         net (fo=13, routed)          0.928     6.043    pixel_gen_inst/DisplayLevel_inst/rgb_out[11]_i_2_n_0
    SLICE_X50Y47         LUT6 (Prop_lut6_I0_O)        0.124     6.167 r  pixel_gen_inst/DisplayLevel_inst/rgb_out[8]_i_1/O
                         net (fo=1, routed)           0.000     6.167    pixel_gen_inst/DisplayLevel_inst_n_3
    SLICE_X50Y47         FDRE                                         r  pixel_gen_inst/rgb_out_reg[8]/D
  -------------------------------------------------------------------    -------------------

                         (clock clk_25_clkDVIprescaler rise edge)
                                                     40.000    40.000 r  
    W5                                                0.000    40.000 r  clk100 (IN)
                         net (fo=0)                   0.000    40.000    prescaler_instance/inst/clk_100
    W5                   IBUF (Prop_ibuf_I_O)         1.388    41.388 r  prescaler_instance/inst/clkin1_ibufg/O
                         net (fo=1, routed)           1.162    42.550    prescaler_instance/inst/clk_100_clkDVIprescaler
    MMCME2_ADV_X1Y0      MMCME2_ADV (Prop_mmcme2_adv_CLKIN1_CLKOUT0)
                                                     -7.217    35.332 r  prescaler_instance/inst/mmcm_adv_inst/CLKOUT0
                         net (fo=1, routed)           1.581    36.914    prescaler_instance/inst/clk_25_clkDVIprescaler
    BUFGCTRL_X0Y0        BUFG (Prop_bufg_I_O)         0.091    37.005 r  prescaler_instance/inst/clkout1_buf/O
                         net (fo=246, routed)         1.453    38.458    pixel_gen_inst/clk_25
    SLICE_X50Y47         FDRE                                         r  pixel_gen_inst/rgb_out_reg[8]/C
                         clock pessimism              0.492    38.949    
                         clock uncertainty           -0.098    38.852    
    SLICE_X50Y47         FDRE (Setup_fdre_C_D)        0.077    38.929    pixel_gen_inst/rgb_out_reg[8]
  -------------------------------------------------------------------
                         required time                         38.929    
                         arrival time                          -6.167    
  -------------------------------------------------------------------
                         slack                                 32.762    

Slack (MET) :             32.892ns  (required time - arrival time)
  Source:                 pixel_gen_inst/DisplayLevel_inst/ROM_inst/U0/inst_blk_mem_gen/gnbram.gnativebmg.native_blk_mem_gen/valid.cstr/ramloop[19].ram.r/prim_init.ram/DEVICE_7SERIES.NO_BMM_INFO.SP.SIMPLE_PRIM36.ram/CLKARDCLK
                            (rising edge-triggered cell RAMB36E1 clocked by clk_25_clkDVIprescaler  {rise@0.000ns fall@20.000ns period=40.000ns})
  Destination:            pixel_gen_inst/rgb_out_reg[3]/D
                            (rising edge-triggered cell FDRE clocked by clk_25_clkDVIprescaler  {rise@0.000ns fall@20.000ns period=40.000ns})
  Path Group:             clk_25_clkDVIprescaler
  Path Type:              Setup (Max at Slow Process Corner)
  Requirement:            40.000ns  (clk_25_clkDVIprescaler rise@40.000ns - clk_25_clkDVIprescaler rise@0.000ns)
  Data Path Delay:        6.888ns  (logic 1.799ns (26.118%)  route 5.089ns (73.882%))
  Logic Levels:           5  (LUT5=1 LUT6=3 MUXF7=1)
  Clock Path Skew:        -0.151ns (DCD - SCD + CPR)
    Destination Clock Delay (DCD):    -1.543ns = ( 38.457 - 40.000 ) 
    Source Clock Delay      (SCD):    -0.900ns
    Clock Pessimism Removal (CPR):    0.492ns
  Clock Uncertainty:      0.098ns  ((TSJ^2 + DJ^2)^1/2) / 2 + PE
    Total System Jitter     (TSJ):    0.071ns
    Discrete Jitter          (DJ):    0.182ns
    Phase Error              (PE):    0.000ns

    Location             Delay type                Incr(ns)  Path(ns)    Netlist Resource(s)
  -------------------------------------------------------------------    -------------------
                         (clock clk_25_clkDVIprescaler rise edge)
                                                      0.000     0.000 r  
    W5                                                0.000     0.000 r  clk100 (IN)
                         net (fo=0)                   0.000     0.000    prescaler_instance/inst/clk_100
    W5                   IBUF (Prop_ibuf_I_O)         1.458     1.458 r  prescaler_instance/inst/clkin1_ibufg/O
                         net (fo=1, routed)           1.233     2.691    prescaler_instance/inst/clk_100_clkDVIprescaler
    MMCME2_ADV_X1Y0      MMCME2_ADV (Prop_mmcme2_adv_CLKIN1_CLKOUT0)
                                                     -6.961    -4.269 r  prescaler_instance/inst/mmcm_adv_inst/CLKOUT0
                         net (fo=1, routed)           1.661    -2.608    prescaler_instance/inst/clk_25_clkDVIprescaler
    BUFGCTRL_X0Y0        BUFG (Prop_bufg_I_O)         0.096    -2.512 r  prescaler_instance/inst/clkout1_buf/O
                         net (fo=246, routed)         1.612    -0.900    pixel_gen_inst/DisplayLevel_inst/ROM_inst/U0/inst_blk_mem_gen/gnbram.gnativebmg.native_blk_mem_gen/valid.cstr/ramloop[19].ram.r/prim_init.ram/clka
    RAMB36_X0Y8          RAMB36E1                                     r  pixel_gen_inst/DisplayLevel_inst/ROM_inst/U0/inst_blk_mem_gen/gnbram.gnativebmg.native_blk_mem_gen/valid.cstr/ramloop[19].ram.r/prim_init.ram/DEVICE_7SERIES.NO_BMM_INFO.SP.SIMPLE_PRIM36.ram/CLKARDCLK
  -------------------------------------------------------------------    -------------------
    RAMB36_X0Y8          RAMB36E1 (Prop_ramb36e1_CLKARDCLK_DOADO[2])
                                                      0.882    -0.018 r  pixel_gen_inst/DisplayLevel_inst/ROM_inst/U0/inst_blk_mem_gen/gnbram.gnativebmg.native_blk_mem_gen/valid.cstr/ramloop[19].ram.r/prim_init.ram/DEVICE_7SERIES.NO_BMM_INFO.SP.SIMPLE_PRIM36.ram/DOADO[2]
                         net (fo=1, routed)           1.635     1.617    pixel_gen_inst/DisplayLevel_inst/ROM_inst/U0/inst_blk_mem_gen/gnbram.gnativebmg.native_blk_mem_gen/valid.cstr/has_mux_a.A/ramloop[19].ram.ram_douta[2]
    SLICE_X8Y49          LUT6 (Prop_lut6_I1_O)        0.124     1.741 r  pixel_gen_inst/DisplayLevel_inst/ROM_inst/U0/inst_blk_mem_gen/gnbram.gnativebmg.native_blk_mem_gen/valid.cstr/has_mux_a.A/douta[5]_INST_0_i_5/O
                         net (fo=1, routed)           0.000     1.741    pixel_gen_inst/DisplayLevel_inst/ROM_inst/U0/inst_blk_mem_gen/gnbram.gnativebmg.native_blk_mem_gen/valid.cstr/has_mux_a.A/douta[5]_INST_0_i_5_n_0
    SLICE_X8Y49          MUXF7 (Prop_muxf7_I1_O)      0.247     1.988 r  pixel_gen_inst/DisplayLevel_inst/ROM_inst/U0/inst_blk_mem_gen/gnbram.gnativebmg.native_blk_mem_gen/valid.cstr/has_mux_a.A/douta[5]_INST_0_i_2/O
                         net (fo=1, routed)           1.860     3.848    pixel_gen_inst/DisplayLevel_inst/ROM_inst/U0/inst_blk_mem_gen/gnbram.gnativebmg.native_blk_mem_gen/valid.cstr/has_mux_a.A/douta[5]_INST_0_i_2_n_0
    SLICE_X48Y49         LUT5 (Prop_lut5_I2_O)        0.298     4.146 r  pixel_gen_inst/DisplayLevel_inst/ROM_inst/U0/inst_blk_mem_gen/gnbram.gnativebmg.native_blk_mem_gen/valid.cstr/has_mux_a.A/douta[5]_INST_0/O
                         net (fo=2, routed)           0.845     4.991    pixel_gen_inst/DisplayLevel_inst/level_color[5]
    SLICE_X50Y48         LUT6 (Prop_lut6_I0_O)        0.124     5.115 f  pixel_gen_inst/DisplayLevel_inst/rgb_out[11]_i_2/O
                         net (fo=13, routed)          0.749     5.864    pixel_gen_inst/DisplayLevel_inst/rgb_out[11]_i_2_n_0
    SLICE_X48Y49         LUT6 (Prop_lut6_I0_O)        0.124     5.988 r  pixel_gen_inst/DisplayLevel_inst/rgb_out[3]_i_1/O
                         net (fo=1, routed)           0.000     5.988    pixel_gen_inst/DisplayLevel_inst_n_8
    SLICE_X48Y49         FDRE                                         r  pixel_gen_inst/rgb_out_reg[3]/D
  -------------------------------------------------------------------    -------------------

                         (clock clk_25_clkDVIprescaler rise edge)
                                                     40.000    40.000 r  
    W5                                                0.000    40.000 r  clk100 (IN)
                         net (fo=0)                   0.000    40.000    prescaler_instance/inst/clk_100
    W5                   IBUF (Prop_ibuf_I_O)         1.388    41.388 r  prescaler_instance/inst/clkin1_ibufg/O
                         net (fo=1, routed)           1.162    42.550    prescaler_instance/inst/clk_100_clkDVIprescaler
    MMCME2_ADV_X1Y0      MMCME2_ADV (Prop_mmcme2_adv_CLKIN1_CLKOUT0)
                                                     -7.217    35.332 r  prescaler_instance/inst/mmcm_adv_inst/CLKOUT0
                         net (fo=1, routed)           1.581    36.914    prescaler_instance/inst/clk_25_clkDVIprescaler
    BUFGCTRL_X0Y0        BUFG (Prop_bufg_I_O)         0.091    37.005 r  prescaler_instance/inst/clkout1_buf/O
                         net (fo=246, routed)         1.452    38.457    pixel_gen_inst/clk_25
    SLICE_X48Y49         FDRE                                         r  pixel_gen_inst/rgb_out_reg[3]/C
                         clock pessimism              0.492    38.948    
                         clock uncertainty           -0.098    38.851    
    SLICE_X48Y49         FDRE (Setup_fdre_C_D)        0.029    38.880    pixel_gen_inst/rgb_out_reg[3]
  -------------------------------------------------------------------
                         required time                         38.880    
                         arrival time                          -5.988    
  -------------------------------------------------------------------
                         slack                                 32.892    

Slack (MET) :             32.894ns  (required time - arrival time)
  Source:                 pixel_gen_inst/DisplayLevel_inst/ROM_inst/U0/inst_blk_mem_gen/gnbram.gnativebmg.native_blk_mem_gen/valid.cstr/ramloop[18].ram.r/prim_init.ram/DEVICE_7SERIES.NO_BMM_INFO.SP.SIMPLE_PRIM36.ram/CLKARDCLK
                            (rising edge-triggered cell RAMB36E1 clocked by clk_25_clkDVIprescaler  {rise@0.000ns fall@20.000ns period=40.000ns})
  Destination:            pixel_gen_inst/rgb_out_reg[7]/D
                            (rising edge-triggered cell FDRE clocked by clk_25_clkDVIprescaler  {rise@0.000ns fall@20.000ns period=40.000ns})
  Path Group:             clk_25_clkDVIprescaler
  Path Type:              Setup (Max at Slow Process Corner)
  Requirement:            40.000ns  (clk_25_clkDVIprescaler rise@40.000ns - clk_25_clkDVIprescaler rise@0.000ns)
  Data Path Delay:        6.896ns  (logic 1.770ns (25.666%)  route 5.126ns (74.334%))
  Logic Levels:           5  (LUT5=1 LUT6=3 MUXF7=1)
  Clock Path Skew:        -0.143ns (DCD - SCD + CPR)
    Destination Clock Delay (DCD):    -1.543ns = ( 38.457 - 40.000 ) 
    Source Clock Delay      (SCD):    -0.908ns
    Clock Pessimism Removal (CPR):    0.492ns
  Clock Uncertainty:      0.098ns  ((TSJ^2 + DJ^2)^1/2) / 2 + PE
    Total System Jitter     (TSJ):    0.071ns
    Discrete Jitter          (DJ):    0.182ns
    Phase Error              (PE):    0.000ns

    Location             Delay type                Incr(ns)  Path(ns)    Netlist Resource(s)
  -------------------------------------------------------------------    -------------------
                         (clock clk_25_clkDVIprescaler rise edge)
                                                      0.000     0.000 r  
    W5                                                0.000     0.000 r  clk100 (IN)
                         net (fo=0)                   0.000     0.000    prescaler_instance/inst/clk_100
    W5                   IBUF (Prop_ibuf_I_O)         1.458     1.458 r  prescaler_instance/inst/clkin1_ibufg/O
                         net (fo=1, routed)           1.233     2.691    prescaler_instance/inst/clk_100_clkDVIprescaler
    MMCME2_ADV_X1Y0      MMCME2_ADV (Prop_mmcme2_adv_CLKIN1_CLKOUT0)
                                                     -6.961    -4.269 r  prescaler_instance/inst/mmcm_adv_inst/CLKOUT0
                         net (fo=1, routed)           1.661    -2.608    prescaler_instance/inst/clk_25_clkDVIprescaler
    BUFGCTRL_X0Y0        BUFG (Prop_bufg_I_O)         0.096    -2.512 r  prescaler_instance/inst/clkout1_buf/O
                         net (fo=246, routed)         1.604    -0.908    pixel_gen_inst/DisplayLevel_inst/ROM_inst/U0/inst_blk_mem_gen/gnbram.gnativebmg.native_blk_mem_gen/valid.cstr/ramloop[18].ram.r/prim_init.ram/clka
    RAMB36_X0Y6          RAMB36E1                                     r  pixel_gen_inst/DisplayLevel_inst/ROM_inst/U0/inst_blk_mem_gen/gnbram.gnativebmg.native_blk_mem_gen/valid.cstr/ramloop[18].ram.r/prim_init.ram/DEVICE_7SERIES.NO_BMM_INFO.SP.SIMPLE_PRIM36.ram/CLKARDCLK
  -------------------------------------------------------------------    -------------------
    RAMB36_X0Y6          RAMB36E1 (Prop_ramb36e1_CLKARDCLK_DOADO[3])
                                                      0.882    -0.026 r  pixel_gen_inst/DisplayLevel_inst/ROM_inst/U0/inst_blk_mem_gen/gnbram.gnativebmg.native_blk_mem_gen/valid.cstr/ramloop[18].ram.r/prim_init.ram/DEVICE_7SERIES.NO_BMM_INFO.SP.SIMPLE_PRIM36.ram/DOADO[3]
                         net (fo=1, routed)           1.697     1.671    pixel_gen_inst/DisplayLevel_inst/ROM_inst/U0/inst_blk_mem_gen/gnbram.gnativebmg.native_blk_mem_gen/valid.cstr/has_mux_a.A/ramloop[18].ram.ram_douta[3]
    SLICE_X9Y48          LUT6 (Prop_lut6_I3_O)        0.124     1.795 r  pixel_gen_inst/DisplayLevel_inst/ROM_inst/U0/inst_blk_mem_gen/gnbram.gnativebmg.native_blk_mem_gen/valid.cstr/has_mux_a.A/douta[6]_INST_0_i_5/O
                         net (fo=1, routed)           0.000     1.795    pixel_gen_inst/DisplayLevel_inst/ROM_inst/U0/inst_blk_mem_gen/gnbram.gnativebmg.native_blk_mem_gen/valid.cstr/has_mux_a.A/douta[6]_INST_0_i_5_n_0
    SLICE_X9Y48          MUXF7 (Prop_muxf7_I1_O)      0.217     2.012 r  pixel_gen_inst/DisplayLevel_inst/ROM_inst/U0/inst_blk_mem_gen/gnbram.gnativebmg.native_blk_mem_gen/valid.cstr/has_mux_a.A/douta[6]_INST_0_i_2/O
                         net (fo=1, routed)           2.143     4.154    pixel_gen_inst/DisplayLevel_inst/ROM_inst/U0/inst_blk_mem_gen/gnbram.gnativebmg.native_blk_mem_gen/valid.cstr/has_mux_a.A/douta[6]_INST_0_i_2_n_0
    SLICE_X48Y48         LUT5 (Prop_lut5_I2_O)        0.299     4.453 r  pixel_gen_inst/DisplayLevel_inst/ROM_inst/U0/inst_blk_mem_gen/gnbram.gnativebmg.native_blk_mem_gen/valid.cstr/has_mux_a.A/douta[6]_INST_0/O
                         net (fo=2, routed)           0.631     5.085    pixel_gen_inst/DisplayLevel_inst/level_color[6]
    SLICE_X49Y48         LUT6 (Prop_lut6_I3_O)        0.124     5.209 f  pixel_gen_inst/DisplayLevel_inst/rgb_out[11]_i_3/O
                         net (fo=13, routed)          0.656     5.864    pixel_gen_inst/DisplayLevel_inst/rgb_out[11]_i_3_n_0
    SLICE_X49Y47         LUT6 (Prop_lut6_I1_O)        0.124     5.988 r  pixel_gen_inst/DisplayLevel_inst/rgb_out[7]_i_1/O
                         net (fo=1, routed)           0.000     5.988    pixel_gen_inst/DisplayLevel_inst_n_4
    SLICE_X49Y47         FDRE                                         r  pixel_gen_inst/rgb_out_reg[7]/D
  -------------------------------------------------------------------    -------------------

                         (clock clk_25_clkDVIprescaler rise edge)
                                                     40.000    40.000 r  
    W5                                                0.000    40.000 r  clk100 (IN)
                         net (fo=0)                   0.000    40.000    prescaler_instance/inst/clk_100
    W5                   IBUF (Prop_ibuf_I_O)         1.388    41.388 r  prescaler_instance/inst/clkin1_ibufg/O
                         net (fo=1, routed)           1.162    42.550    prescaler_instance/inst/clk_100_clkDVIprescaler
    MMCME2_ADV_X1Y0      MMCME2_ADV (Prop_mmcme2_adv_CLKIN1_CLKOUT0)
                                                     -7.217    35.332 r  prescaler_instance/inst/mmcm_adv_inst/CLKOUT0
                         net (fo=1, routed)           1.581    36.914    prescaler_instance/inst/clk_25_clkDVIprescaler
    BUFGCTRL_X0Y0        BUFG (Prop_bufg_I_O)         0.091    37.005 r  prescaler_instance/inst/clkout1_buf/O
                         net (fo=246, routed)         1.452    38.457    pixel_gen_inst/clk_25
    SLICE_X49Y47         FDRE                                         r  pixel_gen_inst/rgb_out_reg[7]/C
                         clock pessimism              0.492    38.948    
                         clock uncertainty           -0.098    38.851    
    SLICE_X49Y47         FDRE (Setup_fdre_C_D)        0.031    38.882    pixel_gen_inst/rgb_out_reg[7]
  -------------------------------------------------------------------
                         required time                         38.882    
                         arrival time                          -5.988    
  -------------------------------------------------------------------
                         slack                                 32.894    

Slack (MET) :             32.948ns  (required time - arrival time)
  Source:                 pixel_gen_inst/DisplayLevel_inst/ROM_inst/U0/inst_blk_mem_gen/gnbram.gnativebmg.native_blk_mem_gen/valid.cstr/ramloop[18].ram.r/prim_init.ram/DEVICE_7SERIES.NO_BMM_INFO.SP.SIMPLE_PRIM36.ram/CLKARDCLK
                            (rising edge-triggered cell RAMB36E1 clocked by clk_25_clkDVIprescaler  {rise@0.000ns fall@20.000ns period=40.000ns})
  Destination:            pixel_gen_inst/rgb_out_reg[4]/D
                            (rising edge-triggered cell FDRE clocked by clk_25_clkDVIprescaler  {rise@0.000ns fall@20.000ns period=40.000ns})
  Path Group:             clk_25_clkDVIprescaler
  Path Type:              Setup (Max at Slow Process Corner)
  Requirement:            40.000ns  (clk_25_clkDVIprescaler rise@40.000ns - clk_25_clkDVIprescaler rise@0.000ns)
  Data Path Delay:        6.889ns  (logic 1.770ns (25.692%)  route 5.119ns (74.308%))
  Logic Levels:           5  (LUT5=1 LUT6=3 MUXF7=1)
  Clock Path Skew:        -0.142ns (DCD - SCD + CPR)
    Destination Clock Delay (DCD):    -1.542ns = ( 38.458 - 40.000 ) 
    Source Clock Delay      (SCD):    -0.908ns
    Clock Pessimism Removal (CPR):    0.492ns
  Clock Uncertainty:      0.098ns  ((TSJ^2 + DJ^2)^1/2) / 2 + PE
    Total System Jitter     (TSJ):    0.071ns
    Discrete Jitter          (DJ):    0.182ns
    Phase Error              (PE):    0.000ns

    Location             Delay type                Incr(ns)  Path(ns)    Netlist Resource(s)
  -------------------------------------------------------------------    -------------------
                         (clock clk_25_clkDVIprescaler rise edge)
                                                      0.000     0.000 r  
    W5                                                0.000     0.000 r  clk100 (IN)
                         net (fo=0)                   0.000     0.000    prescaler_instance/inst/clk_100
    W5                   IBUF (Prop_ibuf_I_O)         1.458     1.458 r  prescaler_instance/inst/clkin1_ibufg/O
                         net (fo=1, routed)           1.233     2.691    prescaler_instance/inst/clk_100_clkDVIprescaler
    MMCME2_ADV_X1Y0      MMCME2_ADV (Prop_mmcme2_adv_CLKIN1_CLKOUT0)
                                                     -6.961    -4.269 r  prescaler_instance/inst/mmcm_adv_inst/CLKOUT0
                         net (fo=1, routed)           1.661    -2.608    prescaler_instance/inst/clk_25_clkDVIprescaler
    BUFGCTRL_X0Y0        BUFG (Prop_bufg_I_O)         0.096    -2.512 r  prescaler_instance/inst/clkout1_buf/O
                         net (fo=246, routed)         1.604    -0.908    pixel_gen_inst/DisplayLevel_inst/ROM_inst/U0/inst_blk_mem_gen/gnbram.gnativebmg.native_blk_mem_gen/valid.cstr/ramloop[18].ram.r/prim_init.ram/clka
    RAMB36_X0Y6          RAMB36E1                                     r  pixel_gen_inst/DisplayLevel_inst/ROM_inst/U0/inst_blk_mem_gen/gnbram.gnativebmg.native_blk_mem_gen/valid.cstr/ramloop[18].ram.r/prim_init.ram/DEVICE_7SERIES.NO_BMM_INFO.SP.SIMPLE_PRIM36.ram/CLKARDCLK
  -------------------------------------------------------------------    -------------------
    RAMB36_X0Y6          RAMB36E1 (Prop_ramb36e1_CLKARDCLK_DOADO[3])
                                                      0.882    -0.026 r  pixel_gen_inst/DisplayLevel_inst/ROM_inst/U0/inst_blk_mem_gen/gnbram.gnativebmg.native_blk_mem_gen/valid.cstr/ramloop[18].ram.r/prim_init.ram/DEVICE_7SERIES.NO_BMM_INFO.SP.SIMPLE_PRIM36.ram/DOADO[3]
                         net (fo=1, routed)           1.697     1.671    pixel_gen_inst/DisplayLevel_inst/ROM_inst/U0/inst_blk_mem_gen/gnbram.gnativebmg.native_blk_mem_gen/valid.cstr/has_mux_a.A/ramloop[18].ram.ram_douta[3]
    SLICE_X9Y48          LUT6 (Prop_lut6_I3_O)        0.124     1.795 r  pixel_gen_inst/DisplayLevel_inst/ROM_inst/U0/inst_blk_mem_gen/gnbram.gnativebmg.native_blk_mem_gen/valid.cstr/has_mux_a.A/douta[6]_INST_0_i_5/O
                         net (fo=1, routed)           0.000     1.795    pixel_gen_inst/DisplayLevel_inst/ROM_inst/U0/inst_blk_mem_gen/gnbram.gnativebmg.native_blk_mem_gen/valid.cstr/has_mux_a.A/douta[6]_INST_0_i_5_n_0
    SLICE_X9Y48          MUXF7 (Prop_muxf7_I1_O)      0.217     2.012 r  pixel_gen_inst/DisplayLevel_inst/ROM_inst/U0/inst_blk_mem_gen/gnbram.gnativebmg.native_blk_mem_gen/valid.cstr/has_mux_a.A/douta[6]_INST_0_i_2/O
                         net (fo=1, routed)           2.143     4.154    pixel_gen_inst/DisplayLevel_inst/ROM_inst/U0/inst_blk_mem_gen/gnbram.gnativebmg.native_blk_mem_gen/valid.cstr/has_mux_a.A/douta[6]_INST_0_i_2_n_0
    SLICE_X48Y48         LUT5 (Prop_lut5_I2_O)        0.299     4.453 r  pixel_gen_inst/DisplayLevel_inst/ROM_inst/U0/inst_blk_mem_gen/gnbram.gnativebmg.native_blk_mem_gen/valid.cstr/has_mux_a.A/douta[6]_INST_0/O
                         net (fo=2, routed)           0.631     5.085    pixel_gen_inst/DisplayLevel_inst/level_color[6]
    SLICE_X49Y48         LUT6 (Prop_lut6_I3_O)        0.124     5.209 f  pixel_gen_inst/DisplayLevel_inst/rgb_out[11]_i_3/O
                         net (fo=13, routed)          0.649     5.857    pixel_gen_inst/DisplayLevel_inst/rgb_out[11]_i_3_n_0
    SLICE_X50Y48         LUT6 (Prop_lut6_I1_O)        0.124     5.981 r  pixel_gen_inst/DisplayLevel_inst/rgb_out[4]_i_1/O
                         net (fo=1, routed)           0.000     5.981    pixel_gen_inst/DisplayLevel_inst_n_7
    SLICE_X50Y48         FDRE                                         r  pixel_gen_inst/rgb_out_reg[4]/D
  -------------------------------------------------------------------    -------------------

                         (clock clk_25_clkDVIprescaler rise edge)
                                                     40.000    40.000 r  
    W5                                                0.000    40.000 r  clk100 (IN)
                         net (fo=0)                   0.000    40.000    prescaler_instance/inst/clk_100
    W5                   IBUF (Prop_ibuf_I_O)         1.388    41.388 r  prescaler_instance/inst/clkin1_ibufg/O
                         net (fo=1, routed)           1.162    42.550    prescaler_instance/inst/clk_100_clkDVIprescaler
    MMCME2_ADV_X1Y0      MMCME2_ADV (Prop_mmcme2_adv_CLKIN1_CLKOUT0)
                                                     -7.217    35.332 r  prescaler_instance/inst/mmcm_adv_inst/CLKOUT0
                         net (fo=1, routed)           1.581    36.914    prescaler_instance/inst/clk_25_clkDVIprescaler
    BUFGCTRL_X0Y0        BUFG (Prop_bufg_I_O)         0.091    37.005 r  prescaler_instance/inst/clkout1_buf/O
                         net (fo=246, routed)         1.453    38.458    pixel_gen_inst/clk_25
    SLICE_X50Y48         FDRE                                         r  pixel_gen_inst/rgb_out_reg[4]/C
                         clock pessimism              0.492    38.949    
                         clock uncertainty           -0.098    38.852    
    SLICE_X50Y48         FDRE (Setup_fdre_C_D)        0.077    38.929    pixel_gen_inst/rgb_out_reg[4]
  -------------------------------------------------------------------
                         required time                         38.929    
                         arrival time                          -5.981    
  -------------------------------------------------------------------
                         slack                                 32.948    

Slack (MET) :             32.949ns  (required time - arrival time)
  Source:                 pixel_gen_inst/DisplayLevel_inst/ROM_inst/U0/inst_blk_mem_gen/gnbram.gnativebmg.native_blk_mem_gen/valid.cstr/ramloop[19].ram.r/prim_init.ram/DEVICE_7SERIES.NO_BMM_INFO.SP.SIMPLE_PRIM36.ram/CLKARDCLK
                            (rising edge-triggered cell RAMB36E1 clocked by clk_25_clkDVIprescaler  {rise@0.000ns fall@20.000ns period=40.000ns})
  Destination:            pixel_gen_inst/PixelAan_reg/D
                            (rising edge-triggered cell FDRE clocked by clk_25_clkDVIprescaler  {rise@0.000ns fall@20.000ns period=40.000ns})
  Path Group:             clk_25_clkDVIprescaler
  Path Type:              Setup (Max at Slow Process Corner)
  Requirement:            40.000ns  (clk_25_clkDVIprescaler rise@40.000ns - clk_25_clkDVIprescaler rise@0.000ns)
  Data Path Delay:        6.831ns  (logic 1.799ns (26.334%)  route 5.032ns (73.666%))
  Logic Levels:           5  (LUT4=1 LUT5=1 LUT6=2 MUXF7=1)
  Clock Path Skew:        -0.151ns (DCD - SCD + CPR)
    Destination Clock Delay (DCD):    -1.543ns = ( 38.457 - 40.000 ) 
    Source Clock Delay      (SCD):    -0.900ns
    Clock Pessimism Removal (CPR):    0.492ns
  Clock Uncertainty:      0.098ns  ((TSJ^2 + DJ^2)^1/2) / 2 + PE
    Total System Jitter     (TSJ):    0.071ns
    Discrete Jitter          (DJ):    0.182ns
    Phase Error              (PE):    0.000ns

    Location             Delay type                Incr(ns)  Path(ns)    Netlist Resource(s)
  -------------------------------------------------------------------    -------------------
                         (clock clk_25_clkDVIprescaler rise edge)
                                                      0.000     0.000 r  
    W5                                                0.000     0.000 r  clk100 (IN)
                         net (fo=0)                   0.000     0.000    prescaler_instance/inst/clk_100
    W5                   IBUF (Prop_ibuf_I_O)         1.458     1.458 r  prescaler_instance/inst/clkin1_ibufg/O
                         net (fo=1, routed)           1.233     2.691    prescaler_instance/inst/clk_100_clkDVIprescaler
    MMCME2_ADV_X1Y0      MMCME2_ADV (Prop_mmcme2_adv_CLKIN1_CLKOUT0)
                                                     -6.961    -4.269 r  prescaler_instance/inst/mmcm_adv_inst/CLKOUT0
                         net (fo=1, routed)           1.661    -2.608    prescaler_instance/inst/clk_25_clkDVIprescaler
    BUFGCTRL_X0Y0        BUFG (Prop_bufg_I_O)         0.096    -2.512 r  prescaler_instance/inst/clkout1_buf/O
                         net (fo=246, routed)         1.612    -0.900    pixel_gen_inst/DisplayLevel_inst/ROM_inst/U0/inst_blk_mem_gen/gnbram.gnativebmg.native_blk_mem_gen/valid.cstr/ramloop[19].ram.r/prim_init.ram/clka
    RAMB36_X0Y8          RAMB36E1                                     r  pixel_gen_inst/DisplayLevel_inst/ROM_inst/U0/inst_blk_mem_gen/gnbram.gnativebmg.native_blk_mem_gen/valid.cstr/ramloop[19].ram.r/prim_init.ram/DEVICE_7SERIES.NO_BMM_INFO.SP.SIMPLE_PRIM36.ram/CLKARDCLK
  -------------------------------------------------------------------    -------------------
    RAMB36_X0Y8          RAMB36E1 (Prop_ramb36e1_CLKARDCLK_DOADO[2])
                                                      0.882    -0.018 r  pixel_gen_inst/DisplayLevel_inst/ROM_inst/U0/inst_blk_mem_gen/gnbram.gnativebmg.native_blk_mem_gen/valid.cstr/ramloop[19].ram.r/prim_init.ram/DEVICE_7SERIES.NO_BMM_INFO.SP.SIMPLE_PRIM36.ram/DOADO[2]
                         net (fo=1, routed)           1.635     1.617    pixel_gen_inst/DisplayLevel_inst/ROM_inst/U0/inst_blk_mem_gen/gnbram.gnativebmg.native_blk_mem_gen/valid.cstr/has_mux_a.A/ramloop[19].ram.ram_douta[2]
    SLICE_X8Y49          LUT6 (Prop_lut6_I1_O)        0.124     1.741 r  pixel_gen_inst/DisplayLevel_inst/ROM_inst/U0/inst_blk_mem_gen/gnbram.gnativebmg.native_blk_mem_gen/valid.cstr/has_mux_a.A/douta[5]_INST_0_i_5/O
                         net (fo=1, routed)           0.000     1.741    pixel_gen_inst/DisplayLevel_inst/ROM_inst/U0/inst_blk_mem_gen/gnbram.gnativebmg.native_blk_mem_gen/valid.cstr/has_mux_a.A/douta[5]_INST_0_i_5_n_0
    SLICE_X8Y49          MUXF7 (Prop_muxf7_I1_O)      0.247     1.988 r  pixel_gen_inst/DisplayLevel_inst/ROM_inst/U0/inst_blk_mem_gen/gnbram.gnativebmg.native_blk_mem_gen/valid.cstr/has_mux_a.A/douta[5]_INST_0_i_2/O
                         net (fo=1, routed)           1.860     3.848    pixel_gen_inst/DisplayLevel_inst/ROM_inst/U0/inst_blk_mem_gen/gnbram.gnativebmg.native_blk_mem_gen/valid.cstr/has_mux_a.A/douta[5]_INST_0_i_2_n_0
    SLICE_X48Y49         LUT5 (Prop_lut5_I2_O)        0.298     4.146 r  pixel_gen_inst/DisplayLevel_inst/ROM_inst/U0/inst_blk_mem_gen/gnbram.gnativebmg.native_blk_mem_gen/valid.cstr/has_mux_a.A/douta[5]_INST_0/O
                         net (fo=2, routed)           0.845     4.991    pixel_gen_inst/DisplayLevel_inst/level_color[5]
    SLICE_X50Y48         LUT6 (Prop_lut6_I0_O)        0.124     5.115 f  pixel_gen_inst/DisplayLevel_inst/rgb_out[11]_i_2/O
                         net (fo=13, routed)          0.693     5.807    pixel_gen_inst/DisplayLevel_inst/rgb_out[11]_i_2_n_0
    SLICE_X48Y47         LUT4 (Prop_lut4_I0_O)        0.124     5.931 r  pixel_gen_inst/DisplayLevel_inst/PixelAan_i_1/O
                         net (fo=1, routed)           0.000     5.931    pixel_gen_inst/DisplayLevel_inst_n_12
    SLICE_X48Y47         FDRE                                         r  pixel_gen_inst/PixelAan_reg/D
  -------------------------------------------------------------------    -------------------

                         (clock clk_25_clkDVIprescaler rise edge)
                                                     40.000    40.000 r  
    W5                                                0.000    40.000 r  clk100 (IN)
                         net (fo=0)                   0.000    40.000    prescaler_instance/inst/clk_100
    W5                   IBUF (Prop_ibuf_I_O)         1.388    41.388 r  prescaler_instance/inst/clkin1_ibufg/O
                         net (fo=1, routed)           1.162    42.550    prescaler_instance/inst/clk_100_clkDVIprescaler
    MMCME2_ADV_X1Y0      MMCME2_ADV (Prop_mmcme2_adv_CLKIN1_CLKOUT0)
                                                     -7.217    35.332 r  prescaler_instance/inst/mmcm_adv_inst/CLKOUT0
                         net (fo=1, routed)           1.581    36.914    prescaler_instance/inst/clk_25_clkDVIprescaler
    BUFGCTRL_X0Y0        BUFG (Prop_bufg_I_O)         0.091    37.005 r  prescaler_instance/inst/clkout1_buf/O
                         net (fo=246, routed)         1.452    38.457    pixel_gen_inst/clk_25
    SLICE_X48Y47         FDRE                                         r  pixel_gen_inst/PixelAan_reg/C
                         clock pessimism              0.492    38.948    
                         clock uncertainty           -0.098    38.851    
    SLICE_X48Y47         FDRE (Setup_fdre_C_D)        0.029    38.880    pixel_gen_inst/PixelAan_reg
  -------------------------------------------------------------------
                         required time                         38.880    
                         arrival time                          -5.931    
  -------------------------------------------------------------------
                         slack                                 32.949    

Slack (MET) :             32.964ns  (required time - arrival time)
  Source:                 pixel_gen_inst/DisplayLevel_inst/ROM_inst/U0/inst_blk_mem_gen/gnbram.gnativebmg.native_blk_mem_gen/valid.cstr/ramloop[19].ram.r/prim_init.ram/DEVICE_7SERIES.NO_BMM_INFO.SP.SIMPLE_PRIM36.ram/CLKARDCLK
                            (rising edge-triggered cell RAMB36E1 clocked by clk_25_clkDVIprescaler  {rise@0.000ns fall@20.000ns period=40.000ns})
  Destination:            pixel_gen_inst/rgb_out_reg[6]/D
                            (rising edge-triggered cell FDRE clocked by clk_25_clkDVIprescaler  {rise@0.000ns fall@20.000ns period=40.000ns})
  Path Group:             clk_25_clkDVIprescaler
  Path Type:              Setup (Max at Slow Process Corner)
  Requirement:            40.000ns  (clk_25_clkDVIprescaler rise@40.000ns - clk_25_clkDVIprescaler rise@0.000ns)
  Data Path Delay:        6.818ns  (logic 1.799ns (26.385%)  route 5.019ns (73.615%))
  Logic Levels:           5  (LUT5=1 LUT6=3 MUXF7=1)
  Clock Path Skew:        -0.151ns (DCD - SCD + CPR)
    Destination Clock Delay (DCD):    -1.543ns = ( 38.457 - 40.000 ) 
    Source Clock Delay      (SCD):    -0.900ns
    Clock Pessimism Removal (CPR):    0.492ns
  Clock Uncertainty:      0.098ns  ((TSJ^2 + DJ^2)^1/2) / 2 + PE
    Total System Jitter     (TSJ):    0.071ns
    Discrete Jitter          (DJ):    0.182ns
    Phase Error              (PE):    0.000ns

    Location             Delay type                Incr(ns)  Path(ns)    Netlist Resource(s)
  -------------------------------------------------------------------    -------------------
                         (clock clk_25_clkDVIprescaler rise edge)
                                                      0.000     0.000 r  
    W5                                                0.000     0.000 r  clk100 (IN)
                         net (fo=0)                   0.000     0.000    prescaler_instance/inst/clk_100
    W5                   IBUF (Prop_ibuf_I_O)         1.458     1.458 r  prescaler_instance/inst/clkin1_ibufg/O
                         net (fo=1, routed)           1.233     2.691    prescaler_instance/inst/clk_100_clkDVIprescaler
    MMCME2_ADV_X1Y0      MMCME2_ADV (Prop_mmcme2_adv_CLKIN1_CLKOUT0)
                                                     -6.961    -4.269 r  prescaler_instance/inst/mmcm_adv_inst/CLKOUT0
                         net (fo=1, routed)           1.661    -2.608    prescaler_instance/inst/clk_25_clkDVIprescaler
    BUFGCTRL_X0Y0        BUFG (Prop_bufg_I_O)         0.096    -2.512 r  prescaler_instance/inst/clkout1_buf/O
                         net (fo=246, routed)         1.612    -0.900    pixel_gen_inst/DisplayLevel_inst/ROM_inst/U0/inst_blk_mem_gen/gnbram.gnativebmg.native_blk_mem_gen/valid.cstr/ramloop[19].ram.r/prim_init.ram/clka
    RAMB36_X0Y8          RAMB36E1                                     r  pixel_gen_inst/DisplayLevel_inst/ROM_inst/U0/inst_blk_mem_gen/gnbram.gnativebmg.native_blk_mem_gen/valid.cstr/ramloop[19].ram.r/prim_init.ram/DEVICE_7SERIES.NO_BMM_INFO.SP.SIMPLE_PRIM36.ram/CLKARDCLK
  -------------------------------------------------------------------    -------------------
    RAMB36_X0Y8          RAMB36E1 (Prop_ramb36e1_CLKARDCLK_DOADO[2])
                                                      0.882    -0.018 r  pixel_gen_inst/DisplayLevel_inst/ROM_inst/U0/inst_blk_mem_gen/gnbram.gnativebmg.native_blk_mem_gen/valid.cstr/ramloop[19].ram.r/prim_init.ram/DEVICE_7SERIES.NO_BMM_INFO.SP.SIMPLE_PRIM36.ram/DOADO[2]
                         net (fo=1, routed)           1.635     1.617    pixel_gen_inst/DisplayLevel_inst/ROM_inst/U0/inst_blk_mem_gen/gnbram.gnativebmg.native_blk_mem_gen/valid.cstr/has_mux_a.A/ramloop[19].ram.ram_douta[2]
    SLICE_X8Y49          LUT6 (Prop_lut6_I1_O)        0.124     1.741 r  pixel_gen_inst/DisplayLevel_inst/ROM_inst/U0/inst_blk_mem_gen/gnbram.gnativebmg.native_blk_mem_gen/valid.cstr/has_mux_a.A/douta[5]_INST_0_i_5/O
                         net (fo=1, routed)           0.000     1.741    pixel_gen_inst/DisplayLevel_inst/ROM_inst/U0/inst_blk_mem_gen/gnbram.gnativebmg.native_blk_mem_gen/valid.cstr/has_mux_a.A/douta[5]_INST_0_i_5_n_0
    SLICE_X8Y49          MUXF7 (Prop_muxf7_I1_O)      0.247     1.988 r  pixel_gen_inst/DisplayLevel_inst/ROM_inst/U0/inst_blk_mem_gen/gnbram.gnativebmg.native_blk_mem_gen/valid.cstr/has_mux_a.A/douta[5]_INST_0_i_2/O
                         net (fo=1, routed)           1.860     3.848    pixel_gen_inst/DisplayLevel_inst/ROM_inst/U0/inst_blk_mem_gen/gnbram.gnativebmg.native_blk_mem_gen/valid.cstr/has_mux_a.A/douta[5]_INST_0_i_2_n_0
    SLICE_X48Y49         LUT5 (Prop_lut5_I2_O)        0.298     4.146 r  pixel_gen_inst/DisplayLevel_inst/ROM_inst/U0/inst_blk_mem_gen/gnbram.gnativebmg.native_blk_mem_gen/valid.cstr/has_mux_a.A/douta[5]_INST_0/O
                         net (fo=2, routed)           0.845     4.991    pixel_gen_inst/DisplayLevel_inst/level_color[5]
    SLICE_X50Y48         LUT6 (Prop_lut6_I0_O)        0.124     5.115 f  pixel_gen_inst/DisplayLevel_inst/rgb_out[11]_i_2/O
                         net (fo=13, routed)          0.679     5.794    pixel_gen_inst/DisplayLevel_inst/rgb_out[11]_i_2_n_0
    SLICE_X49Y47         LUT6 (Prop_lut6_I0_O)        0.124     5.918 r  pixel_gen_inst/DisplayLevel_inst/rgb_out[6]_i_1/O
                         net (fo=1, routed)           0.000     5.918    pixel_gen_inst/DisplayLevel_inst_n_5
    SLICE_X49Y47         FDRE                                         r  pixel_gen_inst/rgb_out_reg[6]/D
  -------------------------------------------------------------------    -------------------

                         (clock clk_25_clkDVIprescaler rise edge)
                                                     40.000    40.000 r  
    W5                                                0.000    40.000 r  clk100 (IN)
                         net (fo=0)                   0.000    40.000    prescaler_instance/inst/clk_100
    W5                   IBUF (Prop_ibuf_I_O)         1.388    41.388 r  prescaler_instance/inst/clkin1_ibufg/O
                         net (fo=1, routed)           1.162    42.550    prescaler_instance/inst/clk_100_clkDVIprescaler
    MMCME2_ADV_X1Y0      MMCME2_ADV (Prop_mmcme2_adv_CLKIN1_CLKOUT0)
                                                     -7.217    35.332 r  prescaler_instance/inst/mmcm_adv_inst/CLKOUT0
                         net (fo=1, routed)           1.581    36.914    prescaler_instance/inst/clk_25_clkDVIprescaler
    BUFGCTRL_X0Y0        BUFG (Prop_bufg_I_O)         0.091    37.005 r  prescaler_instance/inst/clkout1_buf/O
                         net (fo=246, routed)         1.452    38.457    pixel_gen_inst/clk_25
    SLICE_X49Y47         FDRE                                         r  pixel_gen_inst/rgb_out_reg[6]/C
                         clock pessimism              0.492    38.948    
                         clock uncertainty           -0.098    38.851    
    SLICE_X49Y47         FDRE (Setup_fdre_C_D)        0.031    38.882    pixel_gen_inst/rgb_out_reg[6]
  -------------------------------------------------------------------
                         required time                         38.882    
                         arrival time                          -5.918    
  -------------------------------------------------------------------
                         slack                                 32.964    

Slack (MET) :             33.135ns  (required time - arrival time)
  Source:                 pixel_gen_inst/DisplayLevel_inst/ROM_inst/U0/inst_blk_mem_gen/gnbram.gnativebmg.native_blk_mem_gen/valid.cstr/ramloop[19].ram.r/prim_init.ram/DEVICE_7SERIES.NO_BMM_INFO.SP.SIMPLE_PRIM36.ram/CLKARDCLK
                            (rising edge-triggered cell RAMB36E1 clocked by clk_25_clkDVIprescaler  {rise@0.000ns fall@20.000ns period=40.000ns})
  Destination:            pixel_gen_inst/rgb_out_reg[5]/D
                            (rising edge-triggered cell FDRE clocked by clk_25_clkDVIprescaler  {rise@0.000ns fall@20.000ns period=40.000ns})
  Path Group:             clk_25_clkDVIprescaler
  Path Type:              Setup (Max at Slow Process Corner)
  Requirement:            40.000ns  (clk_25_clkDVIprescaler rise@40.000ns - clk_25_clkDVIprescaler rise@0.000ns)
  Data Path Delay:        6.647ns  (logic 1.799ns (27.064%)  route 4.848ns (72.936%))
  Logic Levels:           5  (LUT5=1 LUT6=3 MUXF7=1)
  Clock Path Skew:        -0.151ns (DCD - SCD + CPR)
    Destination Clock Delay (DCD):    -1.543ns = ( 38.457 - 40.000 ) 
    Source Clock Delay      (SCD):    -0.900ns
    Clock Pessimism Removal (CPR):    0.492ns
  Clock Uncertainty:      0.098ns  ((TSJ^2 + DJ^2)^1/2) / 2 + PE
    Total System Jitter     (TSJ):    0.071ns
    Discrete Jitter          (DJ):    0.182ns
    Phase Error              (PE):    0.000ns

    Location             Delay type                Incr(ns)  Path(ns)    Netlist Resource(s)
  -------------------------------------------------------------------    -------------------
                         (clock clk_25_clkDVIprescaler rise edge)
                                                      0.000     0.000 r  
    W5                                                0.000     0.000 r  clk100 (IN)
                         net (fo=0)                   0.000     0.000    prescaler_instance/inst/clk_100
    W5                   IBUF (Prop_ibuf_I_O)         1.458     1.458 r  prescaler_instance/inst/clkin1_ibufg/O
                         net (fo=1, routed)           1.233     2.691    prescaler_instance/inst/clk_100_clkDVIprescaler
    MMCME2_ADV_X1Y0      MMCME2_ADV (Prop_mmcme2_adv_CLKIN1_CLKOUT0)
                                                     -6.961    -4.269 r  prescaler_instance/inst/mmcm_adv_inst/CLKOUT0
                         net (fo=1, routed)           1.661    -2.608    prescaler_instance/inst/clk_25_clkDVIprescaler
    BUFGCTRL_X0Y0        BUFG (Prop_bufg_I_O)         0.096    -2.512 r  prescaler_instance/inst/clkout1_buf/O
                         net (fo=246, routed)         1.612    -0.900    pixel_gen_inst/DisplayLevel_inst/ROM_inst/U0/inst_blk_mem_gen/gnbram.gnativebmg.native_blk_mem_gen/valid.cstr/ramloop[19].ram.r/prim_init.ram/clka
    RAMB36_X0Y8          RAMB36E1                                     r  pixel_gen_inst/DisplayLevel_inst/ROM_inst/U0/inst_blk_mem_gen/gnbram.gnativebmg.native_blk_mem_gen/valid.cstr/ramloop[19].ram.r/prim_init.ram/DEVICE_7SERIES.NO_BMM_INFO.SP.SIMPLE_PRIM36.ram/CLKARDCLK
  -------------------------------------------------------------------    -------------------
    RAMB36_X0Y8          RAMB36E1 (Prop_ramb36e1_CLKARDCLK_DOADO[2])
                                                      0.882    -0.018 r  pixel_gen_inst/DisplayLevel_inst/ROM_inst/U0/inst_blk_mem_gen/gnbram.gnativebmg.native_blk_mem_gen/valid.cstr/ramloop[19].ram.r/prim_init.ram/DEVICE_7SERIES.NO_BMM_INFO.SP.SIMPLE_PRIM36.ram/DOADO[2]
                         net (fo=1, routed)           1.635     1.617    pixel_gen_inst/DisplayLevel_inst/ROM_inst/U0/inst_blk_mem_gen/gnbram.gnativebmg.native_blk_mem_gen/valid.cstr/has_mux_a.A/ramloop[19].ram.ram_douta[2]
    SLICE_X8Y49          LUT6 (Prop_lut6_I1_O)        0.124     1.741 r  pixel_gen_inst/DisplayLevel_inst/ROM_inst/U0/inst_blk_mem_gen/gnbram.gnativebmg.native_blk_mem_gen/valid.cstr/has_mux_a.A/douta[5]_INST_0_i_5/O
                         net (fo=1, routed)           0.000     1.741    pixel_gen_inst/DisplayLevel_inst/ROM_inst/U0/inst_blk_mem_gen/gnbram.gnativebmg.native_blk_mem_gen/valid.cstr/has_mux_a.A/douta[5]_INST_0_i_5_n_0
    SLICE_X8Y49          MUXF7 (Prop_muxf7_I1_O)      0.247     1.988 r  pixel_gen_inst/DisplayLevel_inst/ROM_inst/U0/inst_blk_mem_gen/gnbram.gnativebmg.native_blk_mem_gen/valid.cstr/has_mux_a.A/douta[5]_INST_0_i_2/O
                         net (fo=1, routed)           1.860     3.848    pixel_gen_inst/DisplayLevel_inst/ROM_inst/U0/inst_blk_mem_gen/gnbram.gnativebmg.native_blk_mem_gen/valid.cstr/has_mux_a.A/douta[5]_INST_0_i_2_n_0
    SLICE_X48Y49         LUT5 (Prop_lut5_I2_O)        0.298     4.146 r  pixel_gen_inst/DisplayLevel_inst/ROM_inst/U0/inst_blk_mem_gen/gnbram.gnativebmg.native_blk_mem_gen/valid.cstr/has_mux_a.A/douta[5]_INST_0/O
                         net (fo=2, routed)           0.845     4.991    pixel_gen_inst/DisplayLevel_inst/level_color[5]
    SLICE_X50Y48         LUT6 (Prop_lut6_I0_O)        0.124     5.115 f  pixel_gen_inst/DisplayLevel_inst/rgb_out[11]_i_2/O
                         net (fo=13, routed)          0.508     5.623    pixel_gen_inst/DisplayLevel_inst/rgb_out[11]_i_2_n_0
    SLICE_X49Y49         LUT6 (Prop_lut6_I0_O)        0.124     5.747 r  pixel_gen_inst/DisplayLevel_inst/rgb_out[5]_i_1/O
                         net (fo=1, routed)           0.000     5.747    pixel_gen_inst/DisplayLevel_inst_n_6
    SLICE_X49Y49         FDRE                                         r  pixel_gen_inst/rgb_out_reg[5]/D
  -------------------------------------------------------------------    -------------------

                         (clock clk_25_clkDVIprescaler rise edge)
                                                     40.000    40.000 r  
    W5                                                0.000    40.000 r  clk100 (IN)
                         net (fo=0)                   0.000    40.000    prescaler_instance/inst/clk_100
    W5                   IBUF (Prop_ibuf_I_O)         1.388    41.388 r  prescaler_instance/inst/clkin1_ibufg/O
                         net (fo=1, routed)           1.162    42.550    prescaler_instance/inst/clk_100_clkDVIprescaler
    MMCME2_ADV_X1Y0      MMCME2_ADV (Prop_mmcme2_adv_CLKIN1_CLKOUT0)
                                                     -7.217    35.332 r  prescaler_instance/inst/mmcm_adv_inst/CLKOUT0
                         net (fo=1, routed)           1.581    36.914    prescaler_instance/inst/clk_25_clkDVIprescaler
    BUFGCTRL_X0Y0        BUFG (Prop_bufg_I_O)         0.091    37.005 r  prescaler_instance/inst/clkout1_buf/O
                         net (fo=246, routed)         1.452    38.457    pixel_gen_inst/clk_25
    SLICE_X49Y49         FDRE                                         r  pixel_gen_inst/rgb_out_reg[5]/C
                         clock pessimism              0.492    38.948    
                         clock uncertainty           -0.098    38.851    
    SLICE_X49Y49         FDRE (Setup_fdre_C_D)        0.031    38.882    pixel_gen_inst/rgb_out_reg[5]
  -------------------------------------------------------------------
                         required time                         38.882    
                         arrival time                          -5.747    
  -------------------------------------------------------------------
                         slack                                 33.135    





Min Delay Paths
--------------------------------------------------------------------------------------
Slack (MET) :             0.040ns  (arrival time - required time)
  Source:                 pixel_gen_inst/DisplayCharacter_inst/slow_pulse_reg/C
                            (rising edge-triggered cell FDRE clocked by clk_25_clkDVIprescaler  {rise@0.000ns fall@20.000ns period=40.000ns})
  Destination:            pixel_gen_inst/DisplayCharacter_inst/rom_select_reg[1]/D
                            (rising edge-triggered cell FDRE clocked by clk_25_clkDVIprescaler  {rise@0.000ns fall@20.000ns period=40.000ns})
  Path Group:             clk_25_clkDVIprescaler
  Path Type:              Hold (Min at Fast Process Corner)
  Requirement:            0.000ns  (clk_25_clkDVIprescaler rise@0.000ns - clk_25_clkDVIprescaler rise@0.000ns)
  Data Path Delay:        0.444ns  (logic 0.212ns (47.793%)  route 0.232ns (52.207%))
  Logic Levels:           1  (LUT3=1)
  Clock Path Skew:        0.273ns (DCD - SCD - CPR)
    Destination Clock Delay (DCD):    -0.853ns
    Source Clock Delay      (SCD):    -0.617ns
    Clock Pessimism Removal (CPR):    -0.508ns

    Location             Delay type                Incr(ns)  Path(ns)    Netlist Resource(s)
  -------------------------------------------------------------------    -------------------
                         (clock clk_25_clkDVIprescaler rise edge)
                                                      0.000     0.000 r  
    W5                                                0.000     0.000 r  clk100 (IN)
                         net (fo=0)                   0.000     0.000    prescaler_instance/inst/clk_100
    W5                   IBUF (Prop_ibuf_I_O)         0.226     0.226 r  prescaler_instance/inst/clkin1_ibufg/O
                         net (fo=1, routed)           0.440     0.667    prescaler_instance/inst/clk_100_clkDVIprescaler
    MMCME2_ADV_X1Y0      MMCME2_ADV (Prop_mmcme2_adv_CLKIN1_CLKOUT0)
                                                     -2.360    -1.693 r  prescaler_instance/inst/mmcm_adv_inst/CLKOUT0
                         net (fo=1, routed)           0.486    -1.207    prescaler_instance/inst/clk_25_clkDVIprescaler
    BUFGCTRL_X0Y0        BUFG (Prop_bufg_I_O)         0.026    -1.181 r  prescaler_instance/inst/clkout1_buf/O
                         net (fo=246, routed)         0.564    -0.617    pixel_gen_inst/DisplayCharacter_inst/clk_25
    SLICE_X54Y53         FDRE                                         r  pixel_gen_inst/DisplayCharacter_inst/slow_pulse_reg/C
  -------------------------------------------------------------------    -------------------
    SLICE_X54Y53         FDRE (Prop_fdre_C_Q)         0.164    -0.453 r  pixel_gen_inst/DisplayCharacter_inst/slow_pulse_reg/Q
                         net (fo=2, routed)           0.232    -0.222    pixel_gen_inst/DisplayCharacter_inst/slow_pulse
    SLICE_X56Y46         LUT3 (Prop_lut3_I1_O)        0.048    -0.174 r  pixel_gen_inst/DisplayCharacter_inst/rom_select[1]_i_1/O
                         net (fo=1, routed)           0.000    -0.174    pixel_gen_inst/DisplayCharacter_inst/rom_select[1]_i_1_n_0
    SLICE_X56Y46         FDRE                                         r  pixel_gen_inst/DisplayCharacter_inst/rom_select_reg[1]/D
  -------------------------------------------------------------------    -------------------

                         (clock clk_25_clkDVIprescaler rise edge)
                                                      0.000     0.000 r  
    W5                                                0.000     0.000 r  clk100 (IN)
                         net (fo=0)                   0.000     0.000    prescaler_instance/inst/clk_100
    W5                   IBUF (Prop_ibuf_I_O)         0.414     0.414 r  prescaler_instance/inst/clkin1_ibufg/O
                         net (fo=1, routed)           0.480     0.894    prescaler_instance/inst/clk_100_clkDVIprescaler
    MMCME2_ADV_X1Y0      MMCME2_ADV (Prop_mmcme2_adv_CLKIN1_CLKOUT0)
                                                     -3.142    -2.248 r  prescaler_instance/inst/mmcm_adv_inst/CLKOUT0
                         net (fo=1, routed)           0.530    -1.718    prescaler_instance/inst/clk_25_clkDVIprescaler
    BUFGCTRL_X0Y0        BUFG (Prop_bufg_I_O)         0.029    -1.689 r  prescaler_instance/inst/clkout1_buf/O
                         net (fo=246, routed)         0.837    -0.853    pixel_gen_inst/DisplayCharacter_inst/clk_25
    SLICE_X56Y46         FDRE                                         r  pixel_gen_inst/DisplayCharacter_inst/rom_select_reg[1]/C
                         clock pessimism              0.508    -0.344    
    SLICE_X56Y46         FDRE (Hold_fdre_C_D)         0.131    -0.213    pixel_gen_inst/DisplayCharacter_inst/rom_select_reg[1]
  -------------------------------------------------------------------
                         required time                          0.213    
                         arrival time                          -0.174    
  -------------------------------------------------------------------
                         slack                                  0.040    

Slack (MET) :             0.048ns  (arrival time - required time)
  Source:                 pixel_gen_inst/DisplayCharacter_inst/slow_pulse_reg/C
                            (rising edge-triggered cell FDRE clocked by clk_25_clkDVIprescaler  {rise@0.000ns fall@20.000ns period=40.000ns})
  Destination:            pixel_gen_inst/DisplayCharacter_inst/rom_select_reg[0]/D
                            (rising edge-triggered cell FDRE clocked by clk_25_clkDVIprescaler  {rise@0.000ns fall@20.000ns period=40.000ns})
  Path Group:             clk_25_clkDVIprescaler
  Path Type:              Hold (Min at Fast Process Corner)
  Requirement:            0.000ns  (clk_25_clkDVIprescaler rise@0.000ns - clk_25_clkDVIprescaler rise@0.000ns)
  Data Path Delay:        0.441ns  (logic 0.209ns (47.437%)  route 0.232ns (52.563%))
  Logic Levels:           1  (LUT2=1)
  Clock Path Skew:        0.273ns (DCD - SCD - CPR)
    Destination Clock Delay (DCD):    -0.853ns
    Source Clock Delay      (SCD):    -0.617ns
    Clock Pessimism Removal (CPR):    -0.508ns

    Location             Delay type                Incr(ns)  Path(ns)    Netlist Resource(s)
  -------------------------------------------------------------------    -------------------
                         (clock clk_25_clkDVIprescaler rise edge)
                                                      0.000     0.000 r  
    W5                                                0.000     0.000 r  clk100 (IN)
                         net (fo=0)                   0.000     0.000    prescaler_instance/inst/clk_100
    W5                   IBUF (Prop_ibuf_I_O)         0.226     0.226 r  prescaler_instance/inst/clkin1_ibufg/O
                         net (fo=1, routed)           0.440     0.667    prescaler_instance/inst/clk_100_clkDVIprescaler
    MMCME2_ADV_X1Y0      MMCME2_ADV (Prop_mmcme2_adv_CLKIN1_CLKOUT0)
                                                     -2.360    -1.693 r  prescaler_instance/inst/mmcm_adv_inst/CLKOUT0
                         net (fo=1, routed)           0.486    -1.207    prescaler_instance/inst/clk_25_clkDVIprescaler
    BUFGCTRL_X0Y0        BUFG (Prop_bufg_I_O)         0.026    -1.181 r  prescaler_instance/inst/clkout1_buf/O
                         net (fo=246, routed)         0.564    -0.617    pixel_gen_inst/DisplayCharacter_inst/clk_25
    SLICE_X54Y53         FDRE                                         r  pixel_gen_inst/DisplayCharacter_inst/slow_pulse_reg/C
  -------------------------------------------------------------------    -------------------
    SLICE_X54Y53         FDRE (Prop_fdre_C_Q)         0.164    -0.453 r  pixel_gen_inst/DisplayCharacter_inst/slow_pulse_reg/Q
                         net (fo=2, routed)           0.232    -0.222    pixel_gen_inst/DisplayCharacter_inst/slow_pulse
    SLICE_X56Y46         LUT2 (Prop_lut2_I0_O)        0.045    -0.177 r  pixel_gen_inst/DisplayCharacter_inst/rom_select[0]_i_1/O
                         net (fo=1, routed)           0.000    -0.177    pixel_gen_inst/DisplayCharacter_inst/rom_select[0]_i_1_n_0
    SLICE_X56Y46         FDRE                                         r  pixel_gen_inst/DisplayCharacter_inst/rom_select_reg[0]/D
  -------------------------------------------------------------------    -------------------

                         (clock clk_25_clkDVIprescaler rise edge)
                                                      0.000     0.000 r  
    W5                                                0.000     0.000 r  clk100 (IN)
                         net (fo=0)                   0.000     0.000    prescaler_instance/inst/clk_100
    W5                   IBUF (Prop_ibuf_I_O)         0.414     0.414 r  prescaler_instance/inst/clkin1_ibufg/O
                         net (fo=1, routed)           0.480     0.894    prescaler_instance/inst/clk_100_clkDVIprescaler
    MMCME2_ADV_X1Y0      MMCME2_ADV (Prop_mmcme2_adv_CLKIN1_CLKOUT0)
                                                     -3.142    -2.248 r  prescaler_instance/inst/mmcm_adv_inst/CLKOUT0
                         net (fo=1, routed)           0.530    -1.718    prescaler_instance/inst/clk_25_clkDVIprescaler
    BUFGCTRL_X0Y0        BUFG (Prop_bufg_I_O)         0.029    -1.689 r  prescaler_instance/inst/clkout1_buf/O
                         net (fo=246, routed)         0.837    -0.853    pixel_gen_inst/DisplayCharacter_inst/clk_25
    SLICE_X56Y46         FDRE                                         r  pixel_gen_inst/DisplayCharacter_inst/rom_select_reg[0]/C
                         clock pessimism              0.508    -0.344    
    SLICE_X56Y46         FDRE (Hold_fdre_C_D)         0.120    -0.224    pixel_gen_inst/DisplayCharacter_inst/rom_select_reg[0]
  -------------------------------------------------------------------
                         required time                          0.224    
                         arrival time                          -0.177    
  -------------------------------------------------------------------
                         slack                                  0.048    

Slack (MET) :             0.079ns  (arrival time - required time)
  Source:                 pixel_gen_inst/DisplayLevel_inst/rom_addr_int_reg[0]/C
                            (rising edge-triggered cell FDRE clocked by clk_25_clkDVIprescaler  {rise@0.000ns fall@20.000ns period=40.000ns})
  Destination:            pixel_gen_inst/DisplayLevel_inst/rom_addr_reg[0]/D
                            (rising edge-triggered cell FDRE clocked by clk_25_clkDVIprescaler  {rise@0.000ns fall@20.000ns period=40.000ns})
  Path Group:             clk_25_clkDVIprescaler
  Path Type:              Hold (Min at Fast Process Corner)
  Requirement:            0.000ns  (clk_25_clkDVIprescaler rise@0.000ns - clk_25_clkDVIprescaler rise@0.000ns)
  Data Path Delay:        0.419ns  (logic 0.141ns (33.630%)  route 0.278ns (66.370%))
  Logic Levels:           0  
  Clock Path Skew:        0.270ns (DCD - SCD - CPR)
    Destination Clock Delay (DCD):    -0.858ns
    Source Clock Delay      (SCD):    -0.619ns
    Clock Pessimism Removal (CPR):    -0.508ns

    Location             Delay type                Incr(ns)  Path(ns)    Netlist Resource(s)
  -------------------------------------------------------------------    -------------------
                         (clock clk_25_clkDVIprescaler rise edge)
                                                      0.000     0.000 r  
    W5                                                0.000     0.000 r  clk100 (IN)
                         net (fo=0)                   0.000     0.000    prescaler_instance/inst/clk_100
    W5                   IBUF (Prop_ibuf_I_O)         0.226     0.226 r  prescaler_instance/inst/clkin1_ibufg/O
                         net (fo=1, routed)           0.440     0.667    prescaler_instance/inst/clk_100_clkDVIprescaler
    MMCME2_ADV_X1Y0      MMCME2_ADV (Prop_mmcme2_adv_CLKIN1_CLKOUT0)
                                                     -2.360    -1.693 r  prescaler_instance/inst/mmcm_adv_inst/CLKOUT0
                         net (fo=1, routed)           0.486    -1.207    prescaler_instance/inst/clk_25_clkDVIprescaler
    BUFGCTRL_X0Y0        BUFG (Prop_bufg_I_O)         0.026    -1.181 r  prescaler_instance/inst/clkout1_buf/O
                         net (fo=246, routed)         0.562    -0.619    pixel_gen_inst/DisplayLevel_inst/clk_25
    SLICE_X40Y50         FDRE                                         r  pixel_gen_inst/DisplayLevel_inst/rom_addr_int_reg[0]/C
  -------------------------------------------------------------------    -------------------
    SLICE_X40Y50         FDRE (Prop_fdre_C_Q)         0.141    -0.478 r  pixel_gen_inst/DisplayLevel_inst/rom_addr_int_reg[0]/Q
                         net (fo=1, routed)           0.278    -0.200    pixel_gen_inst/DisplayLevel_inst/rom_addr_int[0]
    SLICE_X37Y46         FDRE                                         r  pixel_gen_inst/DisplayLevel_inst/rom_addr_reg[0]/D
  -------------------------------------------------------------------    -------------------

                         (clock clk_25_clkDVIprescaler rise edge)
                                                      0.000     0.000 r  
    W5                                                0.000     0.000 r  clk100 (IN)
                         net (fo=0)                   0.000     0.000    prescaler_instance/inst/clk_100
    W5                   IBUF (Prop_ibuf_I_O)         0.414     0.414 r  prescaler_instance/inst/clkin1_ibufg/O
                         net (fo=1, routed)           0.480     0.894    prescaler_instance/inst/clk_100_clkDVIprescaler
    MMCME2_ADV_X1Y0      MMCME2_ADV (Prop_mmcme2_adv_CLKIN1_CLKOUT0)
                                                     -3.142    -2.248 r  prescaler_instance/inst/mmcm_adv_inst/CLKOUT0
                         net (fo=1, routed)           0.530    -1.718    prescaler_instance/inst/clk_25_clkDVIprescaler
    BUFGCTRL_X0Y0        BUFG (Prop_bufg_I_O)         0.029    -1.689 r  prescaler_instance/inst/clkout1_buf/O
                         net (fo=246, routed)         0.832    -0.858    pixel_gen_inst/DisplayLevel_inst/clk_25
    SLICE_X37Y46         FDRE                                         r  pixel_gen_inst/DisplayLevel_inst/rom_addr_reg[0]/C
                         clock pessimism              0.508    -0.349    
    SLICE_X37Y46         FDRE (Hold_fdre_C_D)         0.070    -0.279    pixel_gen_inst/DisplayLevel_inst/rom_addr_reg[0]
  -------------------------------------------------------------------
                         required time                          0.279    
                         arrival time                          -0.200    
  -------------------------------------------------------------------
                         slack                                  0.079    

Slack (MET) :             0.118ns  (arrival time - required time)
  Source:                 pixel_gen_inst/DisplayLevel_inst/rom_addr_reg[5]/C
                            (rising edge-triggered cell FDRE clocked by clk_25_clkDVIprescaler  {rise@0.000ns fall@20.000ns period=40.000ns})
  Destination:            pixel_gen_inst/DisplayLevel_inst/ROM_inst/U0/inst_blk_mem_gen/gnbram.gnativebmg.native_blk_mem_gen/valid.cstr/ramloop[11].ram.r/prim_init.ram/DEVICE_7SERIES.NO_BMM_INFO.SP.SIMPLE_PRIM36.ram/ADDRARDADDR[8]
                            (rising edge-triggered cell RAMB36E1 clocked by clk_25_clkDVIprescaler  {rise@0.000ns fall@20.000ns period=40.000ns})
  Path Group:             clk_25_clkDVIprescaler
  Path Type:              Hold (Min at Fast Process Corner)
  Requirement:            0.000ns  (clk_25_clkDVIprescaler rise@0.000ns - clk_25_clkDVIprescaler rise@0.000ns)
  Data Path Delay:        0.618ns  (logic 0.164ns (26.527%)  route 0.454ns (73.473%))
  Logic Levels:           0  
  Clock Path Skew:        0.317ns (DCD - SCD - CPR)
    Destination Clock Delay (DCD):    -0.810ns
    Source Clock Delay      (SCD):    -0.619ns
    Clock Pessimism Removal (CPR):    -0.508ns

    Location             Delay type                Incr(ns)  Path(ns)    Netlist Resource(s)
  -------------------------------------------------------------------    -------------------
                         (clock clk_25_clkDVIprescaler rise edge)
                                                      0.000     0.000 r  
    W5                                                0.000     0.000 r  clk100 (IN)
                         net (fo=0)                   0.000     0.000    prescaler_instance/inst/clk_100
    W5                   IBUF (Prop_ibuf_I_O)         0.226     0.226 r  prescaler_instance/inst/clkin1_ibufg/O
                         net (fo=1, routed)           0.440     0.667    prescaler_instance/inst/clk_100_clkDVIprescaler
    MMCME2_ADV_X1Y0      MMCME2_ADV (Prop_mmcme2_adv_CLKIN1_CLKOUT0)
                                                     -2.360    -1.693 r  prescaler_instance/inst/mmcm_adv_inst/CLKOUT0
                         net (fo=1, routed)           0.486    -1.207    prescaler_instance/inst/clk_25_clkDVIprescaler
    BUFGCTRL_X0Y0        BUFG (Prop_bufg_I_O)         0.026    -1.181 r  prescaler_instance/inst/clkout1_buf/O
                         net (fo=246, routed)         0.562    -0.619    pixel_gen_inst/DisplayLevel_inst/clk_25
    SLICE_X38Y50         FDRE                                         r  pixel_gen_inst/DisplayLevel_inst/rom_addr_reg[5]/C
  -------------------------------------------------------------------    -------------------
    SLICE_X38Y50         FDRE (Prop_fdre_C_Q)         0.164    -0.455 r  pixel_gen_inst/DisplayLevel_inst/rom_addr_reg[5]/Q
                         net (fo=27, routed)          0.454    -0.001    pixel_gen_inst/DisplayLevel_inst/ROM_inst/U0/inst_blk_mem_gen/gnbram.gnativebmg.native_blk_mem_gen/valid.cstr/ramloop[11].ram.r/prim_init.ram/addra[5]
    RAMB36_X1Y9          RAMB36E1                                     r  pixel_gen_inst/DisplayLevel_inst/ROM_inst/U0/inst_blk_mem_gen/gnbram.gnativebmg.native_blk_mem_gen/valid.cstr/ramloop[11].ram.r/prim_init.ram/DEVICE_7SERIES.NO_BMM_INFO.SP.SIMPLE_PRIM36.ram/ADDRARDADDR[8]
  -------------------------------------------------------------------    -------------------

                         (clock clk_25_clkDVIprescaler rise edge)
                                                      0.000     0.000 r  
    W5                                                0.000     0.000 r  clk100 (IN)
                         net (fo=0)                   0.000     0.000    prescaler_instance/inst/clk_100
    W5                   IBUF (Prop_ibuf_I_O)         0.414     0.414 r  prescaler_instance/inst/clkin1_ibufg/O
                         net (fo=1, routed)           0.480     0.894    prescaler_instance/inst/clk_100_clkDVIprescaler
    MMCME2_ADV_X1Y0      MMCME2_ADV (Prop_mmcme2_adv_CLKIN1_CLKOUT0)
                                                     -3.142    -2.248 r  prescaler_instance/inst/mmcm_adv_inst/CLKOUT0
                         net (fo=1, routed)           0.530    -1.718    prescaler_instance/inst/clk_25_clkDVIprescaler
    BUFGCTRL_X0Y0        BUFG (Prop_bufg_I_O)         0.029    -1.689 r  prescaler_instance/inst/clkout1_buf/O
                         net (fo=246, routed)         0.879    -0.810    pixel_gen_inst/DisplayLevel_inst/ROM_inst/U0/inst_blk_mem_gen/gnbram.gnativebmg.native_blk_mem_gen/valid.cstr/ramloop[11].ram.r/prim_init.ram/clka
    RAMB36_X1Y9          RAMB36E1                                     r  pixel_gen_inst/DisplayLevel_inst/ROM_inst/U0/inst_blk_mem_gen/gnbram.gnativebmg.native_blk_mem_gen/valid.cstr/ramloop[11].ram.r/prim_init.ram/DEVICE_7SERIES.NO_BMM_INFO.SP.SIMPLE_PRIM36.ram/CLKARDCLK
                         clock pessimism              0.508    -0.302    
    RAMB36_X1Y9          RAMB36E1 (Hold_ramb36e1_CLKARDCLK_ADDRARDADDR[8])
                                                      0.183    -0.119    pixel_gen_inst/DisplayLevel_inst/ROM_inst/U0/inst_blk_mem_gen/gnbram.gnativebmg.native_blk_mem_gen/valid.cstr/ramloop[11].ram.r/prim_init.ram/DEVICE_7SERIES.NO_BMM_INFO.SP.SIMPLE_PRIM36.ram
  -------------------------------------------------------------------
                         required time                          0.119    
                         arrival time                          -0.001    
  -------------------------------------------------------------------
                         slack                                  0.118    

Slack (MET) :             0.124ns  (arrival time - required time)
  Source:                 pixel_gen_inst/DisplayLevel_inst/rom_addr_reg[1]/C
                            (rising edge-triggered cell FDRE clocked by clk_25_clkDVIprescaler  {rise@0.000ns fall@20.000ns period=40.000ns})
  Destination:            pixel_gen_inst/DisplayLevel_inst/ROM_inst/U0/inst_blk_mem_gen/gnbram.gnativebmg.native_blk_mem_gen/valid.cstr/ramloop[20].ram.r/prim_init.ram/DEVICE_7SERIES.NO_BMM_INFO.SP.SIMPLE_PRIM36.ram/ADDRARDADDR[4]
                            (rising edge-triggered cell RAMB36E1 clocked by clk_25_clkDVIprescaler  {rise@0.000ns fall@20.000ns period=40.000ns})
  Path Group:             clk_25_clkDVIprescaler
  Path Type:              Hold (Min at Fast Process Corner)
  Requirement:            0.000ns  (clk_25_clkDVIprescaler rise@0.000ns - clk_25_clkDVIprescaler rise@0.000ns)
  Data Path Delay:        0.617ns  (logic 0.141ns (22.870%)  route 0.476ns (77.130%))
  Logic Levels:           0  
  Clock Path Skew:        0.309ns (DCD - SCD - CPR)
    Destination Clock Delay (DCD):    -0.813ns
    Source Clock Delay      (SCD):    -0.619ns
    Clock Pessimism Removal (CPR):    -0.503ns

    Location             Delay type                Incr(ns)  Path(ns)    Netlist Resource(s)
  -------------------------------------------------------------------    -------------------
                         (clock clk_25_clkDVIprescaler rise edge)
                                                      0.000     0.000 r  
    W5                                                0.000     0.000 r  clk100 (IN)
                         net (fo=0)                   0.000     0.000    prescaler_instance/inst/clk_100
    W5                   IBUF (Prop_ibuf_I_O)         0.226     0.226 r  prescaler_instance/inst/clkin1_ibufg/O
                         net (fo=1, routed)           0.440     0.667    prescaler_instance/inst/clk_100_clkDVIprescaler
    MMCME2_ADV_X1Y0      MMCME2_ADV (Prop_mmcme2_adv_CLKIN1_CLKOUT0)
                                                     -2.360    -1.693 r  prescaler_instance/inst/mmcm_adv_inst/CLKOUT0
                         net (fo=1, routed)           0.486    -1.207    prescaler_instance/inst/clk_25_clkDVIprescaler
    BUFGCTRL_X0Y0        BUFG (Prop_bufg_I_O)         0.026    -1.181 r  prescaler_instance/inst/clkout1_buf/O
                         net (fo=246, routed)         0.562    -0.619    pixel_gen_inst/DisplayLevel_inst/clk_25
    SLICE_X43Y51         FDRE                                         r  pixel_gen_inst/DisplayLevel_inst/rom_addr_reg[1]/C
  -------------------------------------------------------------------    -------------------
    SLICE_X43Y51         FDRE (Prop_fdre_C_Q)         0.141    -0.478 r  pixel_gen_inst/DisplayLevel_inst/rom_addr_reg[1]/Q
                         net (fo=27, routed)          0.476    -0.003    pixel_gen_inst/DisplayLevel_inst/ROM_inst/U0/inst_blk_mem_gen/gnbram.gnativebmg.native_blk_mem_gen/valid.cstr/ramloop[20].ram.r/prim_init.ram/addra[1]
    RAMB36_X0Y10         RAMB36E1                                     r  pixel_gen_inst/DisplayLevel_inst/ROM_inst/U0/inst_blk_mem_gen/gnbram.gnativebmg.native_blk_mem_gen/valid.cstr/ramloop[20].ram.r/prim_init.ram/DEVICE_7SERIES.NO_BMM_INFO.SP.SIMPLE_PRIM36.ram/ADDRARDADDR[4]
  -------------------------------------------------------------------    -------------------

                         (clock clk_25_clkDVIprescaler rise edge)
                                                      0.000     0.000 r  
    W5                                                0.000     0.000 r  clk100 (IN)
                         net (fo=0)                   0.000     0.000    prescaler_instance/inst/clk_100
    W5                   IBUF (Prop_ibuf_I_O)         0.414     0.414 r  prescaler_instance/inst/clkin1_ibufg/O
                         net (fo=1, routed)           0.480     0.894    prescaler_instance/inst/clk_100_clkDVIprescaler
    MMCME2_ADV_X1Y0      MMCME2_ADV (Prop_mmcme2_adv_CLKIN1_CLKOUT0)
                                                     -3.142    -2.248 r  prescaler_instance/inst/mmcm_adv_inst/CLKOUT0
                         net (fo=1, routed)           0.530    -1.718    prescaler_instance/inst/clk_25_clkDVIprescaler
    BUFGCTRL_X0Y0        BUFG (Prop_bufg_I_O)         0.029    -1.689 r  prescaler_instance/inst/clkout1_buf/O
                         net (fo=246, routed)         0.876    -0.813    pixel_gen_inst/DisplayLevel_inst/ROM_inst/U0/inst_blk_mem_gen/gnbram.gnativebmg.native_blk_mem_gen/valid.cstr/ramloop[20].ram.r/prim_init.ram/clka
    RAMB36_X0Y10         RAMB36E1                                     r  pixel_gen_inst/DisplayLevel_inst/ROM_inst/U0/inst_blk_mem_gen/gnbram.gnativebmg.native_blk_mem_gen/valid.cstr/ramloop[20].ram.r/prim_init.ram/DEVICE_7SERIES.NO_BMM_INFO.SP.SIMPLE_PRIM36.ram/CLKARDCLK
                         clock pessimism              0.503    -0.310    
    RAMB36_X0Y10         RAMB36E1 (Hold_ramb36e1_CLKARDCLK_ADDRARDADDR[4])
                                                      0.183    -0.127    pixel_gen_inst/DisplayLevel_inst/ROM_inst/U0/inst_blk_mem_gen/gnbram.gnativebmg.native_blk_mem_gen/valid.cstr/ramloop[20].ram.r/prim_init.ram/DEVICE_7SERIES.NO_BMM_INFO.SP.SIMPLE_PRIM36.ram
  -------------------------------------------------------------------
                         required time                          0.127    
                         arrival time                          -0.003    
  -------------------------------------------------------------------
                         slack                                  0.124    

Slack (MET) :             0.138ns  (arrival time - required time)
  Source:                 pixel_gen_inst/DisplayLevel_inst/rom_addr_reg[1]/C
                            (rising edge-triggered cell FDRE clocked by clk_25_clkDVIprescaler  {rise@0.000ns fall@20.000ns period=40.000ns})
  Destination:            pixel_gen_inst/DisplayLevel_inst/ROM_inst/U0/inst_blk_mem_gen/gnbram.gnativebmg.native_blk_mem_gen/valid.cstr/ramloop[11].ram.r/prim_init.ram/DEVICE_7SERIES.NO_BMM_INFO.SP.SIMPLE_PRIM36.ram/ADDRARDADDR[4]
                            (rising edge-triggered cell RAMB36E1 clocked by clk_25_clkDVIprescaler  {rise@0.000ns fall@20.000ns period=40.000ns})
  Path Group:             clk_25_clkDVIprescaler
  Path Type:              Hold (Min at Fast Process Corner)
  Requirement:            0.000ns  (clk_25_clkDVIprescaler rise@0.000ns - clk_25_clkDVIprescaler rise@0.000ns)
  Data Path Delay:        0.638ns  (logic 0.141ns (22.102%)  route 0.497ns (77.898%))
  Logic Levels:           0  
  Clock Path Skew:        0.317ns (DCD - SCD - CPR)
    Destination Clock Delay (DCD):    -0.810ns
    Source Clock Delay      (SCD):    -0.619ns
    Clock Pessimism Removal (CPR):    -0.508ns

    Location             Delay type                Incr(ns)  Path(ns)    Netlist Resource(s)
  -------------------------------------------------------------------    -------------------
                         (clock clk_25_clkDVIprescaler rise edge)
                                                      0.000     0.000 r  
    W5                                                0.000     0.000 r  clk100 (IN)
                         net (fo=0)                   0.000     0.000    prescaler_instance/inst/clk_100
    W5                   IBUF (Prop_ibuf_I_O)         0.226     0.226 r  prescaler_instance/inst/clkin1_ibufg/O
                         net (fo=1, routed)           0.440     0.667    prescaler_instance/inst/clk_100_clkDVIprescaler
    MMCME2_ADV_X1Y0      MMCME2_ADV (Prop_mmcme2_adv_CLKIN1_CLKOUT0)
                                                     -2.360    -1.693 r  prescaler_instance/inst/mmcm_adv_inst/CLKOUT0
                         net (fo=1, routed)           0.486    -1.207    prescaler_instance/inst/clk_25_clkDVIprescaler
    BUFGCTRL_X0Y0        BUFG (Prop_bufg_I_O)         0.026    -1.181 r  prescaler_instance/inst/clkout1_buf/O
                         net (fo=246, routed)         0.562    -0.619    pixel_gen_inst/DisplayLevel_inst/clk_25
    SLICE_X43Y51         FDRE                                         r  pixel_gen_inst/DisplayLevel_inst/rom_addr_reg[1]/C
  -------------------------------------------------------------------    -------------------
    SLICE_X43Y51         FDRE (Prop_fdre_C_Q)         0.141    -0.478 r  pixel_gen_inst/DisplayLevel_inst/rom_addr_reg[1]/Q
                         net (fo=27, routed)          0.497     0.019    pixel_gen_inst/DisplayLevel_inst/ROM_inst/U0/inst_blk_mem_gen/gnbram.gnativebmg.native_blk_mem_gen/valid.cstr/ramloop[11].ram.r/prim_init.ram/addra[1]
    RAMB36_X1Y9          RAMB36E1                                     r  pixel_gen_inst/DisplayLevel_inst/ROM_inst/U0/inst_blk_mem_gen/gnbram.gnativebmg.native_blk_mem_gen/valid.cstr/ramloop[11].ram.r/prim_init.ram/DEVICE_7SERIES.NO_BMM_INFO.SP.SIMPLE_PRIM36.ram/ADDRARDADDR[4]
  -------------------------------------------------------------------    -------------------

                         (clock clk_25_clkDVIprescaler rise edge)
                                                      0.000     0.000 r  
    W5                                                0.000     0.000 r  clk100 (IN)
                         net (fo=0)                   0.000     0.000    prescaler_instance/inst/clk_100
    W5                   IBUF (Prop_ibuf_I_O)         0.414     0.414 r  prescaler_instance/inst/clkin1_ibufg/O
                         net (fo=1, routed)           0.480     0.894    prescaler_instance/inst/clk_100_clkDVIprescaler
    MMCME2_ADV_X1Y0      MMCME2_ADV (Prop_mmcme2_adv_CLKIN1_CLKOUT0)
                                                     -3.142    -2.248 r  prescaler_instance/inst/mmcm_adv_inst/CLKOUT0
                         net (fo=1, routed)           0.530    -1.718    prescaler_instance/inst/clk_25_clkDVIprescaler
    BUFGCTRL_X0Y0        BUFG (Prop_bufg_I_O)         0.029    -1.689 r  prescaler_instance/inst/clkout1_buf/O
                         net (fo=246, routed)         0.879    -0.810    pixel_gen_inst/DisplayLevel_inst/ROM_inst/U0/inst_blk_mem_gen/gnbram.gnativebmg.native_blk_mem_gen/valid.cstr/ramloop[11].ram.r/prim_init.ram/clka
    RAMB36_X1Y9          RAMB36E1                                     r  pixel_gen_inst/DisplayLevel_inst/ROM_inst/U0/inst_blk_mem_gen/gnbram.gnativebmg.native_blk_mem_gen/valid.cstr/ramloop[11].ram.r/prim_init.ram/DEVICE_7SERIES.NO_BMM_INFO.SP.SIMPLE_PRIM36.ram/CLKARDCLK
                         clock pessimism              0.508    -0.302    
    RAMB36_X1Y9          RAMB36E1 (Hold_ramb36e1_CLKARDCLK_ADDRARDADDR[4])
                                                      0.183    -0.119    pixel_gen_inst/DisplayLevel_inst/ROM_inst/U0/inst_blk_mem_gen/gnbram.gnativebmg.native_blk_mem_gen/valid.cstr/ramloop[11].ram.r/prim_init.ram/DEVICE_7SERIES.NO_BMM_INFO.SP.SIMPLE_PRIM36.ram
  -------------------------------------------------------------------
                         required time                          0.119    
                         arrival time                           0.019    
  -------------------------------------------------------------------
                         slack                                  0.138    

Slack (MET) :             0.142ns  (arrival time - required time)
  Source:                 pixel_gen_inst/DisplayLevel_inst/rom_addr_reg[14]/C
                            (rising edge-triggered cell FDRE clocked by clk_25_clkDVIprescaler  {rise@0.000ns fall@20.000ns period=40.000ns})
  Destination:            pixel_gen_inst/DisplayLevel_inst/ROM_inst/U0/inst_blk_mem_gen/gnbram.gnativebmg.native_blk_mem_gen/valid.cstr/has_mux_a.A/no_softecc_sel_reg.ce_pri.sel_pipe_reg[2]/D
                            (rising edge-triggered cell FDRE clocked by clk_25_clkDVIprescaler  {rise@0.000ns fall@20.000ns period=40.000ns})
  Path Group:             clk_25_clkDVIprescaler
  Path Type:              Hold (Min at Fast Process Corner)
  Requirement:            0.000ns  (clk_25_clkDVIprescaler rise@0.000ns - clk_25_clkDVIprescaler rise@0.000ns)
  Data Path Delay:        0.472ns  (logic 0.141ns (29.867%)  route 0.331ns (70.133%))
  Logic Levels:           0  
  Clock Path Skew:        0.264ns (DCD - SCD - CPR)
    Destination Clock Delay (DCD):    -0.859ns
    Source Clock Delay      (SCD):    -0.619ns
    Clock Pessimism Removal (CPR):    -0.503ns

    Location             Delay type                Incr(ns)  Path(ns)    Netlist Resource(s)
  -------------------------------------------------------------------    -------------------
                         (clock clk_25_clkDVIprescaler rise edge)
                                                      0.000     0.000 r  
    W5                                                0.000     0.000 r  clk100 (IN)
                         net (fo=0)                   0.000     0.000    prescaler_instance/inst/clk_100
    W5                   IBUF (Prop_ibuf_I_O)         0.226     0.226 r  prescaler_instance/inst/clkin1_ibufg/O
                         net (fo=1, routed)           0.440     0.667    prescaler_instance/inst/clk_100_clkDVIprescaler
    MMCME2_ADV_X1Y0      MMCME2_ADV (Prop_mmcme2_adv_CLKIN1_CLKOUT0)
                                                     -2.360    -1.693 r  prescaler_instance/inst/mmcm_adv_inst/CLKOUT0
                         net (fo=1, routed)           0.486    -1.207    prescaler_instance/inst/clk_25_clkDVIprescaler
    BUFGCTRL_X0Y0        BUFG (Prop_bufg_I_O)         0.026    -1.181 r  prescaler_instance/inst/clkout1_buf/O
                         net (fo=246, routed)         0.562    -0.619    pixel_gen_inst/DisplayLevel_inst/clk_25
    SLICE_X47Y54         FDRE                                         r  pixel_gen_inst/DisplayLevel_inst/rom_addr_reg[14]/C
  -------------------------------------------------------------------    -------------------
    SLICE_X47Y54         FDRE (Prop_fdre_C_Q)         0.141    -0.478 r  pixel_gen_inst/DisplayLevel_inst/rom_addr_reg[14]/Q
                         net (fo=27, routed)          0.331    -0.147    pixel_gen_inst/DisplayLevel_inst/ROM_inst/U0/inst_blk_mem_gen/gnbram.gnativebmg.native_blk_mem_gen/valid.cstr/has_mux_a.A/addra[2]
    SLICE_X28Y53         FDRE                                         r  pixel_gen_inst/DisplayLevel_inst/ROM_inst/U0/inst_blk_mem_gen/gnbram.gnativebmg.native_blk_mem_gen/valid.cstr/has_mux_a.A/no_softecc_sel_reg.ce_pri.sel_pipe_reg[2]/D
  -------------------------------------------------------------------    -------------------

                         (clock clk_25_clkDVIprescaler rise edge)
                                                      0.000     0.000 r  
    W5                                                0.000     0.000 r  clk100 (IN)
                         net (fo=0)                   0.000     0.000    prescaler_instance/inst/clk_100
    W5                   IBUF (Prop_ibuf_I_O)         0.414     0.414 r  prescaler_instance/inst/clkin1_ibufg/O
                         net (fo=1, routed)           0.480     0.894    prescaler_instance/inst/clk_100_clkDVIprescaler
    MMCME2_ADV_X1Y0      MMCME2_ADV (Prop_mmcme2_adv_CLKIN1_CLKOUT0)
                                                     -3.142    -2.248 r  prescaler_instance/inst/mmcm_adv_inst/CLKOUT0
                         net (fo=1, routed)           0.530    -1.718    prescaler_instance/inst/clk_25_clkDVIprescaler
    BUFGCTRL_X0Y0        BUFG (Prop_bufg_I_O)         0.029    -1.689 r  prescaler_instance/inst/clkout1_buf/O
                         net (fo=246, routed)         0.831    -0.859    pixel_gen_inst/DisplayLevel_inst/ROM_inst/U0/inst_blk_mem_gen/gnbram.gnativebmg.native_blk_mem_gen/valid.cstr/has_mux_a.A/clka
    SLICE_X28Y53         FDRE                                         r  pixel_gen_inst/DisplayLevel_inst/ROM_inst/U0/inst_blk_mem_gen/gnbram.gnativebmg.native_blk_mem_gen/valid.cstr/has_mux_a.A/no_softecc_sel_reg.ce_pri.sel_pipe_reg[2]/C
                         clock pessimism              0.503    -0.355    
    SLICE_X28Y53         FDRE (Hold_fdre_C_D)         0.066    -0.289    pixel_gen_inst/DisplayLevel_inst/ROM_inst/U0/inst_blk_mem_gen/gnbram.gnativebmg.native_blk_mem_gen/valid.cstr/has_mux_a.A/no_softecc_sel_reg.ce_pri.sel_pipe_reg[2]
  -------------------------------------------------------------------
                         required time                          0.289    
                         arrival time                          -0.147    
  -------------------------------------------------------------------
                         slack                                  0.142    

Slack (MET) :             0.154ns  (arrival time - required time)
  Source:                 pixel_gen_inst/DisplayLevel_inst/orig_h_reg[3]/C
                            (rising edge-triggered cell FDRE clocked by clk_25_clkDVIprescaler  {rise@0.000ns fall@20.000ns period=40.000ns})
  Destination:            pixel_gen_inst/DisplayLevel_inst/rom_addr_int_reg[3]/D
                            (rising edge-triggered cell FDRE clocked by clk_25_clkDVIprescaler  {rise@0.000ns fall@20.000ns period=40.000ns})
  Path Group:             clk_25_clkDVIprescaler
  Path Type:              Hold (Min at Fast Process Corner)
  Requirement:            0.000ns  (clk_25_clkDVIprescaler rise@0.000ns - clk_25_clkDVIprescaler rise@0.000ns)
  Data Path Delay:        0.240ns  (logic 0.141ns (58.691%)  route 0.099ns (41.309%))
  Logic Levels:           0  
  Clock Path Skew:        0.016ns (DCD - SCD - CPR)
    Destination Clock Delay (DCD):    -0.859ns
    Source Clock Delay      (SCD):    -0.619ns
    Clock Pessimism Removal (CPR):    -0.256ns

    Location             Delay type                Incr(ns)  Path(ns)    Netlist Resource(s)
  -------------------------------------------------------------------    -------------------
                         (clock clk_25_clkDVIprescaler rise edge)
                                                      0.000     0.000 r  
    W5                                                0.000     0.000 r  clk100 (IN)
                         net (fo=0)                   0.000     0.000    prescaler_instance/inst/clk_100
    W5                   IBUF (Prop_ibuf_I_O)         0.226     0.226 r  prescaler_instance/inst/clkin1_ibufg/O
                         net (fo=1, routed)           0.440     0.667    prescaler_instance/inst/clk_100_clkDVIprescaler
    MMCME2_ADV_X1Y0      MMCME2_ADV (Prop_mmcme2_adv_CLKIN1_CLKOUT0)
                                                     -2.360    -1.693 r  prescaler_instance/inst/mmcm_adv_inst/CLKOUT0
                         net (fo=1, routed)           0.486    -1.207    prescaler_instance/inst/clk_25_clkDVIprescaler
    BUFGCTRL_X0Y0        BUFG (Prop_bufg_I_O)         0.026    -1.181 r  prescaler_instance/inst/clkout1_buf/O
                         net (fo=246, routed)         0.562    -0.619    pixel_gen_inst/DisplayLevel_inst/clk_25
    SLICE_X39Y52         FDRE                                         r  pixel_gen_inst/DisplayLevel_inst/orig_h_reg[3]/C
  -------------------------------------------------------------------    -------------------
    SLICE_X39Y52         FDRE (Prop_fdre_C_Q)         0.141    -0.478 r  pixel_gen_inst/DisplayLevel_inst/orig_h_reg[3]/Q
                         net (fo=1, routed)           0.099    -0.379    pixel_gen_inst/DisplayLevel_inst/orig_h_reg_n_0_[3]
    SLICE_X37Y51         FDRE                                         r  pixel_gen_inst/DisplayLevel_inst/rom_addr_int_reg[3]/D
  -------------------------------------------------------------------    -------------------

                         (clock clk_25_clkDVIprescaler rise edge)
                                                      0.000     0.000 r  
    W5                                                0.000     0.000 r  clk100 (IN)
                         net (fo=0)                   0.000     0.000    prescaler_instance/inst/clk_100
    W5                   IBUF (Prop_ibuf_I_O)         0.414     0.414 r  prescaler_instance/inst/clkin1_ibufg/O
                         net (fo=1, routed)           0.480     0.894    prescaler_instance/inst/clk_100_clkDVIprescaler
    MMCME2_ADV_X1Y0      MMCME2_ADV (Prop_mmcme2_adv_CLKIN1_CLKOUT0)
                                                     -3.142    -2.248 r  prescaler_instance/inst/mmcm_adv_inst/CLKOUT0
                         net (fo=1, routed)           0.530    -1.718    prescaler_instance/inst/clk_25_clkDVIprescaler
    BUFGCTRL_X0Y0        BUFG (Prop_bufg_I_O)         0.029    -1.689 r  prescaler_instance/inst/clkout1_buf/O
                         net (fo=246, routed)         0.830    -0.859    pixel_gen_inst/DisplayLevel_inst/clk_25
    SLICE_X37Y51         FDRE                                         r  pixel_gen_inst/DisplayLevel_inst/rom_addr_int_reg[3]/C
                         clock pessimism              0.256    -0.603    
    SLICE_X37Y51         FDRE (Hold_fdre_C_D)         0.070    -0.533    pixel_gen_inst/DisplayLevel_inst/rom_addr_int_reg[3]
  -------------------------------------------------------------------
                         required time                          0.533    
                         arrival time                          -0.379    
  -------------------------------------------------------------------
                         slack                                  0.154    

Slack (MET) :             0.156ns  (arrival time - required time)
  Source:                 pixel_gen_inst/DisplayLevel_inst/rom_addr_reg[4]/C
                            (rising edge-triggered cell FDRE clocked by clk_25_clkDVIprescaler  {rise@0.000ns fall@20.000ns period=40.000ns})
  Destination:            pixel_gen_inst/DisplayLevel_inst/ROM_inst/U0/inst_blk_mem_gen/gnbram.gnativebmg.native_blk_mem_gen/valid.cstr/ramloop[20].ram.r/prim_init.ram/DEVICE_7SERIES.NO_BMM_INFO.SP.SIMPLE_PRIM36.ram/ADDRARDADDR[7]
                            (rising edge-triggered cell RAMB36E1 clocked by clk_25_clkDVIprescaler  {rise@0.000ns fall@20.000ns period=40.000ns})
  Path Group:             clk_25_clkDVIprescaler
  Path Type:              Hold (Min at Fast Process Corner)
  Requirement:            0.000ns  (clk_25_clkDVIprescaler rise@0.000ns - clk_25_clkDVIprescaler rise@0.000ns)
  Data Path Delay:        0.649ns  (logic 0.164ns (25.289%)  route 0.485ns (74.711%))
  Logic Levels:           0  
  Clock Path Skew:        0.309ns (DCD - SCD - CPR)
    Destination Clock Delay (DCD):    -0.813ns
    Source Clock Delay      (SCD):    -0.619ns
    Clock Pessimism Removal (CPR):    -0.503ns

    Location             Delay type                Incr(ns)  Path(ns)    Netlist Resource(s)
  -------------------------------------------------------------------    -------------------
                         (clock clk_25_clkDVIprescaler rise edge)
                                                      0.000     0.000 r  
    W5                                                0.000     0.000 r  clk100 (IN)
                         net (fo=0)                   0.000     0.000    prescaler_instance/inst/clk_100
    W5                   IBUF (Prop_ibuf_I_O)         0.226     0.226 r  prescaler_instance/inst/clkin1_ibufg/O
                         net (fo=1, routed)           0.440     0.667    prescaler_instance/inst/clk_100_clkDVIprescaler
    MMCME2_ADV_X1Y0      MMCME2_ADV (Prop_mmcme2_adv_CLKIN1_CLKOUT0)
                                                     -2.360    -1.693 r  prescaler_instance/inst/mmcm_adv_inst/CLKOUT0
                         net (fo=1, routed)           0.486    -1.207    prescaler_instance/inst/clk_25_clkDVIprescaler
    BUFGCTRL_X0Y0        BUFG (Prop_bufg_I_O)         0.026    -1.181 r  prescaler_instance/inst/clkout1_buf/O
                         net (fo=246, routed)         0.562    -0.619    pixel_gen_inst/DisplayLevel_inst/clk_25
    SLICE_X38Y50         FDRE                                         r  pixel_gen_inst/DisplayLevel_inst/rom_addr_reg[4]/C
  -------------------------------------------------------------------    -------------------
    SLICE_X38Y50         FDRE (Prop_fdre_C_Q)         0.164    -0.455 r  pixel_gen_inst/DisplayLevel_inst/rom_addr_reg[4]/Q
                         net (fo=27, routed)          0.485     0.029    pixel_gen_inst/DisplayLevel_inst/ROM_inst/U0/inst_blk_mem_gen/gnbram.gnativebmg.native_blk_mem_gen/valid.cstr/ramloop[20].ram.r/prim_init.ram/addra[4]
    RAMB36_X0Y10         RAMB36E1                                     r  pixel_gen_inst/DisplayLevel_inst/ROM_inst/U0/inst_blk_mem_gen/gnbram.gnativebmg.native_blk_mem_gen/valid.cstr/ramloop[20].ram.r/prim_init.ram/DEVICE_7SERIES.NO_BMM_INFO.SP.SIMPLE_PRIM36.ram/ADDRARDADDR[7]
  -------------------------------------------------------------------    -------------------

                         (clock clk_25_clkDVIprescaler rise edge)
                                                      0.000     0.000 r  
    W5                                                0.000     0.000 r  clk100 (IN)
                         net (fo=0)                   0.000     0.000    prescaler_instance/inst/clk_100
    W5                   IBUF (Prop_ibuf_I_O)         0.414     0.414 r  prescaler_instance/inst/clkin1_ibufg/O
                         net (fo=1, routed)           0.480     0.894    prescaler_instance/inst/clk_100_clkDVIprescaler
    MMCME2_ADV_X1Y0      MMCME2_ADV (Prop_mmcme2_adv_CLKIN1_CLKOUT0)
                                                     -3.142    -2.248 r  prescaler_instance/inst/mmcm_adv_inst/CLKOUT0
                         net (fo=1, routed)           0.530    -1.718    prescaler_instance/inst/clk_25_clkDVIprescaler
    BUFGCTRL_X0Y0        BUFG (Prop_bufg_I_O)         0.029    -1.689 r  prescaler_instance/inst/clkout1_buf/O
                         net (fo=246, routed)         0.876    -0.813    pixel_gen_inst/DisplayLevel_inst/ROM_inst/U0/inst_blk_mem_gen/gnbram.gnativebmg.native_blk_mem_gen/valid.cstr/ramloop[20].ram.r/prim_init.ram/clka
    RAMB36_X0Y10         RAMB36E1                                     r  pixel_gen_inst/DisplayLevel_inst/ROM_inst/U0/inst_blk_mem_gen/gnbram.gnativebmg.native_blk_mem_gen/valid.cstr/ramloop[20].ram.r/prim_init.ram/DEVICE_7SERIES.NO_BMM_INFO.SP.SIMPLE_PRIM36.ram/CLKARDCLK
                         clock pessimism              0.503    -0.310    
    RAMB36_X0Y10         RAMB36E1 (Hold_ramb36e1_CLKARDCLK_ADDRARDADDR[7])
                                                      0.183    -0.127    pixel_gen_inst/DisplayLevel_inst/ROM_inst/U0/inst_blk_mem_gen/gnbram.gnativebmg.native_blk_mem_gen/valid.cstr/ramloop[20].ram.r/prim_init.ram/DEVICE_7SERIES.NO_BMM_INFO.SP.SIMPLE_PRIM36.ram
  -------------------------------------------------------------------
                         required time                          0.127    
                         arrival time                           0.029    
  -------------------------------------------------------------------
                         slack                                  0.156    

Slack (MET) :             0.160ns  (arrival time - required time)
  Source:                 pixel_gen_inst/DisplayLevel_inst/rom_addr_reg[11]/C
                            (rising edge-triggered cell FDRE clocked by clk_25_clkDVIprescaler  {rise@0.000ns fall@20.000ns period=40.000ns})
  Destination:            pixel_gen_inst/DisplayLevel_inst/ROM_inst/U0/inst_blk_mem_gen/gnbram.gnativebmg.native_blk_mem_gen/valid.cstr/ramloop[10].ram.r/prim_init.ram/DEVICE_7SERIES.NO_BMM_INFO.SP.SIMPLE_PRIM36.ram/ADDRARDADDR[14]
                            (rising edge-triggered cell RAMB36E1 clocked by clk_25_clkDVIprescaler  {rise@0.000ns fall@20.000ns period=40.000ns})
  Path Group:             clk_25_clkDVIprescaler
  Path Type:              Hold (Min at Fast Process Corner)
  Requirement:            0.000ns  (clk_25_clkDVIprescaler rise@0.000ns - clk_25_clkDVIprescaler rise@0.000ns)
  Data Path Delay:        0.423ns  (logic 0.141ns (33.296%)  route 0.282ns (66.704%))
  Logic Levels:           0  
  Clock Path Skew:        0.080ns (DCD - SCD - CPR)
    Destination Clock Delay (DCD):    -0.813ns
    Source Clock Delay      (SCD):    -0.619ns
    Clock Pessimism Removal (CPR):    -0.275ns

    Location             Delay type                Incr(ns)  Path(ns)    Netlist Resource(s)
  -------------------------------------------------------------------    -------------------
                         (clock clk_25_clkDVIprescaler rise edge)
                                                      0.000     0.000 r  
    W5                                                0.000     0.000 r  clk100 (IN)
                         net (fo=0)                   0.000     0.000    prescaler_instance/inst/clk_100
    W5                   IBUF (Prop_ibuf_I_O)         0.226     0.226 r  prescaler_instance/inst/clkin1_ibufg/O
                         net (fo=1, routed)           0.440     0.667    prescaler_instance/inst/clk_100_clkDVIprescaler
    MMCME2_ADV_X1Y0      MMCME2_ADV (Prop_mmcme2_adv_CLKIN1_CLKOUT0)
                                                     -2.360    -1.693 r  prescaler_instance/inst/mmcm_adv_inst/CLKOUT0
                         net (fo=1, routed)           0.486    -1.207    prescaler_instance/inst/clk_25_clkDVIprescaler
    BUFGCTRL_X0Y0        BUFG (Prop_bufg_I_O)         0.026    -1.181 r  prescaler_instance/inst/clkout1_buf/O
                         net (fo=246, routed)         0.562    -0.619    pixel_gen_inst/DisplayLevel_inst/clk_25
    SLICE_X47Y53         FDRE                                         r  pixel_gen_inst/DisplayLevel_inst/rom_addr_reg[11]/C
  -------------------------------------------------------------------    -------------------
    SLICE_X47Y53         FDRE (Prop_fdre_C_Q)         0.141    -0.478 r  pixel_gen_inst/DisplayLevel_inst/rom_addr_reg[11]/Q
                         net (fo=27, routed)          0.282    -0.196    pixel_gen_inst/DisplayLevel_inst/ROM_inst/U0/inst_blk_mem_gen/gnbram.gnativebmg.native_blk_mem_gen/valid.cstr/ramloop[10].ram.r/prim_init.ram/addra[11]
    RAMB36_X1Y10         RAMB36E1                                     r  pixel_gen_inst/DisplayLevel_inst/ROM_inst/U0/inst_blk_mem_gen/gnbram.gnativebmg.native_blk_mem_gen/valid.cstr/ramloop[10].ram.r/prim_init.ram/DEVICE_7SERIES.NO_BMM_INFO.SP.SIMPLE_PRIM36.ram/ADDRARDADDR[14]
  -------------------------------------------------------------------    -------------------

                         (clock clk_25_clkDVIprescaler rise edge)
                                                      0.000     0.000 r  
    W5                                                0.000     0.000 r  clk100 (IN)
                         net (fo=0)                   0.000     0.000    prescaler_instance/inst/clk_100
    W5                   IBUF (Prop_ibuf_I_O)         0.414     0.414 r  prescaler_instance/inst/clkin1_ibufg/O
                         net (fo=1, routed)           0.480     0.894    prescaler_instance/inst/clk_100_clkDVIprescaler
    MMCME2_ADV_X1Y0      MMCME2_ADV (Prop_mmcme2_adv_CLKIN1_CLKOUT0)
                                                     -3.142    -2.248 r  prescaler_instance/inst/mmcm_adv_inst/CLKOUT0
                         net (fo=1, routed)           0.530    -1.718    prescaler_instance/inst/clk_25_clkDVIprescaler
    BUFGCTRL_X0Y0        BUFG (Prop_bufg_I_O)         0.029    -1.689 r  prescaler_instance/inst/clkout1_buf/O
                         net (fo=246, routed)         0.876    -0.813    pixel_gen_inst/DisplayLevel_inst/ROM_inst/U0/inst_blk_mem_gen/gnbram.gnativebmg.native_blk_mem_gen/valid.cstr/ramloop[10].ram.r/prim_init.ram/clka
    RAMB36_X1Y10         RAMB36E1                                     r  pixel_gen_inst/DisplayLevel_inst/ROM_inst/U0/inst_blk_mem_gen/gnbram.gnativebmg.native_blk_mem_gen/valid.cstr/ramloop[10].ram.r/prim_init.ram/DEVICE_7SERIES.NO_BMM_INFO.SP.SIMPLE_PRIM36.ram/CLKARDCLK
                         clock pessimism              0.275    -0.539    
    RAMB36_X1Y10         RAMB36E1 (Hold_ramb36e1_CLKARDCLK_ADDRARDADDR[14])
                                                      0.183    -0.356    pixel_gen_inst/DisplayLevel_inst/ROM_inst/U0/inst_blk_mem_gen/gnbram.gnativebmg.native_blk_mem_gen/valid.cstr/ramloop[10].ram.r/prim_init.ram/DEVICE_7SERIES.NO_BMM_INFO.SP.SIMPLE_PRIM36.ram
  -------------------------------------------------------------------
                         required time                          0.356    
                         arrival time                          -0.196    
  -------------------------------------------------------------------
                         slack                                  0.160    





Pulse Width Checks
--------------------------------------------------------------------------------------
Clock Name:         clk_25_clkDVIprescaler
Waveform(ns):       { 0.000 20.000 }
Period(ns):         40.000
Sources:            { prescaler_instance/inst/mmcm_adv_inst/CLKOUT0 }

Check Type        Corner  Lib Pin             Reference Pin  Required(ns)  Actual(ns)  Slack(ns)  Location         Pin
Min Period        n/a     RAMB36E1/CLKARDCLK  n/a            2.892         40.000      37.108     RAMB36_X2Y4      pixel_gen_inst/DisplayLevel_inst/ROM_inst/U0/inst_blk_mem_gen/gnbram.gnativebmg.native_blk_mem_gen/valid.cstr/ramloop[0].ram.r/prim_init.ram/DEVICE_7SERIES.NO_BMM_INFO.SP.CASCADED_PRIM36.ram_B/CLKARDCLK
Min Period        n/a     RAMB36E1/CLKARDCLK  n/a            2.892         40.000      37.108     RAMB36_X2Y5      pixel_gen_inst/DisplayLevel_inst/ROM_inst/U0/inst_blk_mem_gen/gnbram.gnativebmg.native_blk_mem_gen/valid.cstr/ramloop[0].ram.r/prim_init.ram/DEVICE_7SERIES.NO_BMM_INFO.SP.CASCADED_PRIM36.ram_T/CLKARDCLK
Min Period        n/a     RAMB36E1/CLKARDCLK  n/a            2.892         40.000      37.108     RAMB36_X2Y13     pixel_gen_inst/DisplayLevel_inst/ROM_inst/U0/inst_blk_mem_gen/gnbram.gnativebmg.native_blk_mem_gen/valid.cstr/ramloop[2].ram.r/prim_init.ram/DEVICE_7SERIES.NO_BMM_INFO.SP.CASCADED_PRIM36.ram_B/CLKARDCLK
Min Period        n/a     RAMB36E1/CLKARDCLK  n/a            2.892         40.000      37.108     RAMB36_X2Y14     pixel_gen_inst/DisplayLevel_inst/ROM_inst/U0/inst_blk_mem_gen/gnbram.gnativebmg.native_blk_mem_gen/valid.cstr/ramloop[2].ram.r/prim_init.ram/DEVICE_7SERIES.NO_BMM_INFO.SP.CASCADED_PRIM36.ram_T/CLKARDCLK
Min Period        n/a     RAMB36E1/CLKARDCLK  n/a            2.892         40.000      37.108     RAMB36_X2Y6      pixel_gen_inst/DisplayLevel_inst/ROM_inst/U0/inst_blk_mem_gen/gnbram.gnativebmg.native_blk_mem_gen/valid.cstr/ramloop[4].ram.r/prim_init.ram/DEVICE_7SERIES.NO_BMM_INFO.SP.CASCADED_PRIM36.ram_B/CLKARDCLK
Min Period        n/a     RAMB36E1/CLKARDCLK  n/a            2.892         40.000      37.108     RAMB36_X2Y7      pixel_gen_inst/DisplayLevel_inst/ROM_inst/U0/inst_blk_mem_gen/gnbram.gnativebmg.native_blk_mem_gen/valid.cstr/ramloop[4].ram.r/prim_init.ram/DEVICE_7SERIES.NO_BMM_INFO.SP.CASCADED_PRIM36.ram_T/CLKARDCLK
Min Period        n/a     RAMB18E1/CLKARDCLK  n/a            2.576         40.000      37.424     RAMB18_X2Y18     pixel_gen_inst/DisplayCharacter_inst/ROM_inst_1/U0/inst_blk_mem_gen/gnbram.gnativebmg.native_blk_mem_gen/valid.cstr/ramloop[0].ram.r/prim_init.ram/DEVICE_7SERIES.NO_BMM_INFO.SP.SIMPLE_PRIM18.ram/CLKARDCLK
Min Period        n/a     RAMB18E1/CLKBWRCLK  n/a            2.576         40.000      37.424     RAMB18_X2Y18     pixel_gen_inst/DisplayCharacter_inst/ROM_inst_1/U0/inst_blk_mem_gen/gnbram.gnativebmg.native_blk_mem_gen/valid.cstr/ramloop[0].ram.r/prim_init.ram/DEVICE_7SERIES.NO_BMM_INFO.SP.SIMPLE_PRIM18.ram/CLKBWRCLK
Min Period        n/a     RAMB18E1/CLKARDCLK  n/a            2.576         40.000      37.424     RAMB18_X2Y16     pixel_gen_inst/DisplayCharacter_inst/ROM_inst_2/U0/inst_blk_mem_gen/gnbram.gnativebmg.native_blk_mem_gen/valid.cstr/ramloop[0].ram.r/prim_init.ram/DEVICE_7SERIES.NO_BMM_INFO.SP.SIMPLE_PRIM18.ram/CLKARDCLK
Min Period        n/a     RAMB18E1/CLKBWRCLK  n/a            2.576         40.000      37.424     RAMB18_X2Y16     pixel_gen_inst/DisplayCharacter_inst/ROM_inst_2/U0/inst_blk_mem_gen/gnbram.gnativebmg.native_blk_mem_gen/valid.cstr/ramloop[0].ram.r/prim_init.ram/DEVICE_7SERIES.NO_BMM_INFO.SP.SIMPLE_PRIM18.ram/CLKBWRCLK
Max Period        n/a     MMCME2_ADV/CLKOUT0  n/a            213.360       40.000      173.360    MMCME2_ADV_X1Y0  prescaler_instance/inst/mmcm_adv_inst/CLKOUT0
Low Pulse Width   Slow    FDRE/C              n/a            0.500         20.000      19.500     SLICE_X38Y51     dvi_driver_inst/DE_internal_reg/C
Low Pulse Width   Fast    FDRE/C              n/a            0.500         20.000      19.500     SLICE_X38Y51     dvi_driver_inst/DE_internal_reg/C
Low Pulse Width   Slow    FDRE/C              n/a            0.500         20.000      19.500     SLICE_X39Y51     dvi_driver_inst/hcount_int_reg[0]/C
Low Pulse Width   Fast    FDRE/C              n/a            0.500         20.000      19.500     SLICE_X39Y51     dvi_driver_inst/hcount_int_reg[0]/C
Low Pulse Width   Slow    FDRE/C              n/a            0.500         20.000      19.500     SLICE_X39Y51     dvi_driver_inst/hcount_int_reg[1]/C
Low Pulse Width   Fast    FDRE/C              n/a            0.500         20.000      19.500     SLICE_X39Y51     dvi_driver_inst/hcount_int_reg[1]/C
Low Pulse Width   Slow    FDRE/C              n/a            0.500         20.000      19.500     SLICE_X38Y52     dvi_driver_inst/hcount_int_reg[2]/C
Low Pulse Width   Fast    FDRE/C              n/a            0.500         20.000      19.500     SLICE_X38Y52     dvi_driver_inst/hcount_int_reg[2]/C
Low Pulse Width   Slow    FDRE/C              n/a            0.500         20.000      19.500     SLICE_X38Y52     dvi_driver_inst/hcount_int_reg[3]/C
Low Pulse Width   Fast    FDRE/C              n/a            0.500         20.000      19.500     SLICE_X38Y52     dvi_driver_inst/hcount_int_reg[3]/C
High Pulse Width  Slow    FDRE/C              n/a            0.500         20.000      19.500     SLICE_X38Y51     dvi_driver_inst/DE_internal_reg/C
High Pulse Width  Fast    FDRE/C              n/a            0.500         20.000      19.500     SLICE_X38Y51     dvi_driver_inst/DE_internal_reg/C
High Pulse Width  Slow    FDRE/C              n/a            0.500         20.000      19.500     SLICE_X39Y51     dvi_driver_inst/hcount_int_reg[0]/C
High Pulse Width  Fast    FDRE/C              n/a            0.500         20.000      19.500     SLICE_X39Y51     dvi_driver_inst/hcount_int_reg[0]/C
High Pulse Width  Slow    FDRE/C              n/a            0.500         20.000      19.500     SLICE_X39Y51     dvi_driver_inst/hcount_int_reg[1]/C
High Pulse Width  Fast    FDRE/C              n/a            0.500         20.000      19.500     SLICE_X39Y51     dvi_driver_inst/hcount_int_reg[1]/C
High Pulse Width  Slow    FDRE/C              n/a            0.500         20.000      19.500     SLICE_X38Y52     dvi_driver_inst/hcount_int_reg[2]/C
High Pulse Width  Fast    FDRE/C              n/a            0.500         20.000      19.500     SLICE_X38Y52     dvi_driver_inst/hcount_int_reg[2]/C
High Pulse Width  Slow    FDRE/C              n/a            0.500         20.000      19.500     SLICE_X38Y52     dvi_driver_inst/hcount_int_reg[3]/C
High Pulse Width  Fast    FDRE/C              n/a            0.500         20.000      19.500     SLICE_X38Y52     dvi_driver_inst/hcount_int_reg[3]/C



---------------------------------------------------------------------------------------------------
From Clock:  clkfbout_clkDVIprescaler
  To Clock:  clkfbout_clkDVIprescaler

Setup :           NA  Failing Endpoints,  Worst Slack           NA  ,  Total Violation           NA
Hold  :           NA  Failing Endpoints,  Worst Slack           NA  ,  Total Violation           NA
PW    :            0  Failing Endpoints,  Worst Slack        7.845ns,  Total Violation        0.000ns
---------------------------------------------------------------------------------------------------


Pulse Width Checks
--------------------------------------------------------------------------------------
Clock Name:         clkfbout_clkDVIprescaler
Waveform(ns):       { 0.000 5.000 }
Period(ns):         10.000
Sources:            { prescaler_instance/inst/mmcm_adv_inst/CLKFBOUT }

Check Type  Corner  Lib Pin              Reference Pin  Required(ns)  Actual(ns)  Slack(ns)  Location         Pin
Min Period  n/a     BUFG/I               n/a            2.155         10.000      7.845      BUFGCTRL_X0Y2    prescaler_instance/inst/clkf_buf/I
Min Period  n/a     MMCME2_ADV/CLKFBOUT  n/a            1.249         10.000      8.751      MMCME2_ADV_X1Y0  prescaler_instance/inst/mmcm_adv_inst/CLKFBOUT
Min Period  n/a     MMCME2_ADV/CLKFBIN   n/a            1.249         10.000      8.751      MMCME2_ADV_X1Y0  prescaler_instance/inst/mmcm_adv_inst/CLKFBIN
Max Period  n/a     MMCME2_ADV/CLKFBIN   n/a            100.000       10.000      90.000     MMCME2_ADV_X1Y0  prescaler_instance/inst/mmcm_adv_inst/CLKFBIN
Max Period  n/a     MMCME2_ADV/CLKFBOUT  n/a            213.360       10.000      203.360    MMCME2_ADV_X1Y0  prescaler_instance/inst/mmcm_adv_inst/CLKFBOUT



--------------------------------------------------------------------------------------
Path Group:  (none)
From Clock:  
  To Clock:  

Max Delay           102 Endpoints
Min Delay           102 Endpoints
--------------------------------------------------------------------------------------


Max Delay Paths
--------------------------------------------------------------------------------------
Slack:                    inf
  Source:                 CS
                            (input port)
  Destination:            Spi_instance/output_register_reg[5]/CE
  Path Group:             (none)
  Path Type:              Max at Slow Process Corner
  Data Path Delay:        5.471ns  (logic 1.577ns (28.829%)  route 3.894ns (71.171%))
  Logic Levels:           2  (IBUF=1 LUT5=1)

    Location             Delay type                Incr(ns)  Path(ns)    Netlist Resource(s)
  -------------------------------------------------------------------    -------------------
    J2                                                0.000     0.000 r  CS (IN)
                         net (fo=0)                   0.000     0.000    CS
    J2                   IBUF (Prop_ibuf_I_O)         1.453     1.453 r  CS_IBUF_inst/O
                         net (fo=2, routed)           2.946     4.399    Spi_instance/CS_IBUF
    SLICE_X42Y57         LUT5 (Prop_lut5_I0_O)        0.124     4.523 r  Spi_instance/output_register[25]_i_1/O
                         net (fo=20, routed)          0.948     5.471    Spi_instance/output_register[25]_i_1_n_0
    SLICE_X38Y53         FDRE                                         r  Spi_instance/output_register_reg[5]/CE
  -------------------------------------------------------------------    -------------------

Slack:                    inf
  Source:                 CS
                            (input port)
  Destination:            Spi_instance/output_register_reg[6]/CE
  Path Group:             (none)
  Path Type:              Max at Slow Process Corner
  Data Path Delay:        5.471ns  (logic 1.577ns (28.829%)  route 3.894ns (71.171%))
  Logic Levels:           2  (IBUF=1 LUT5=1)

    Location             Delay type                Incr(ns)  Path(ns)    Netlist Resource(s)
  -------------------------------------------------------------------    -------------------
    J2                                                0.000     0.000 r  CS (IN)
                         net (fo=0)                   0.000     0.000    CS
    J2                   IBUF (Prop_ibuf_I_O)         1.453     1.453 r  CS_IBUF_inst/O
                         net (fo=2, routed)           2.946     4.399    Spi_instance/CS_IBUF
    SLICE_X42Y57         LUT5 (Prop_lut5_I0_O)        0.124     4.523 r  Spi_instance/output_register[25]_i_1/O
                         net (fo=20, routed)          0.948     5.471    Spi_instance/output_register[25]_i_1_n_0
    SLICE_X38Y53         FDRE                                         r  Spi_instance/output_register_reg[6]/CE
  -------------------------------------------------------------------    -------------------

Slack:                    inf
  Source:                 CS
                            (input port)
  Destination:            Spi_instance/output_register_reg[7]/CE
  Path Group:             (none)
  Path Type:              Max at Slow Process Corner
  Data Path Delay:        5.471ns  (logic 1.577ns (28.829%)  route 3.894ns (71.171%))
  Logic Levels:           2  (IBUF=1 LUT5=1)

    Location             Delay type                Incr(ns)  Path(ns)    Netlist Resource(s)
  -------------------------------------------------------------------    -------------------
    J2                                                0.000     0.000 r  CS (IN)
                         net (fo=0)                   0.000     0.000    CS
    J2                   IBUF (Prop_ibuf_I_O)         1.453     1.453 r  CS_IBUF_inst/O
                         net (fo=2, routed)           2.946     4.399    Spi_instance/CS_IBUF
    SLICE_X42Y57         LUT5 (Prop_lut5_I0_O)        0.124     4.523 r  Spi_instance/output_register[25]_i_1/O
                         net (fo=20, routed)          0.948     5.471    Spi_instance/output_register[25]_i_1_n_0
    SLICE_X38Y53         FDRE                                         r  Spi_instance/output_register_reg[7]/CE
  -------------------------------------------------------------------    -------------------

Slack:                    inf
  Source:                 CS
                            (input port)
  Destination:            Spi_instance/output_register_reg[8]/CE
  Path Group:             (none)
  Path Type:              Max at Slow Process Corner
  Data Path Delay:        5.471ns  (logic 1.577ns (28.829%)  route 3.894ns (71.171%))
  Logic Levels:           2  (IBUF=1 LUT5=1)

    Location             Delay type                Incr(ns)  Path(ns)    Netlist Resource(s)
  -------------------------------------------------------------------    -------------------
    J2                                                0.000     0.000 r  CS (IN)
                         net (fo=0)                   0.000     0.000    CS
    J2                   IBUF (Prop_ibuf_I_O)         1.453     1.453 r  CS_IBUF_inst/O
                         net (fo=2, routed)           2.946     4.399    Spi_instance/CS_IBUF
    SLICE_X42Y57         LUT5 (Prop_lut5_I0_O)        0.124     4.523 r  Spi_instance/output_register[25]_i_1/O
                         net (fo=20, routed)          0.948     5.471    Spi_instance/output_register[25]_i_1_n_0
    SLICE_X38Y53         FDRE                                         r  Spi_instance/output_register_reg[8]/CE
  -------------------------------------------------------------------    -------------------

Slack:                    inf
  Source:                 CS
                            (input port)
  Destination:            Spi_instance/output_register_reg[3]/CE
  Path Group:             (none)
  Path Type:              Max at Slow Process Corner
  Data Path Delay:        5.466ns  (logic 1.577ns (28.855%)  route 3.889ns (71.145%))
  Logic Levels:           2  (IBUF=1 LUT5=1)

    Location             Delay type                Incr(ns)  Path(ns)    Netlist Resource(s)
  -------------------------------------------------------------------    -------------------
    J2                                                0.000     0.000 r  CS (IN)
                         net (fo=0)                   0.000     0.000    CS
    J2                   IBUF (Prop_ibuf_I_O)         1.453     1.453 r  CS_IBUF_inst/O
                         net (fo=2, routed)           2.946     4.399    Spi_instance/CS_IBUF
    SLICE_X42Y57         LUT5 (Prop_lut5_I0_O)        0.124     4.523 r  Spi_instance/output_register[25]_i_1/O
                         net (fo=20, routed)          0.943     5.466    Spi_instance/output_register[25]_i_1_n_0
    SLICE_X36Y54         FDRE                                         r  Spi_instance/output_register_reg[3]/CE
  -------------------------------------------------------------------    -------------------

Slack:                    inf
  Source:                 CS
                            (input port)
  Destination:            Spi_instance/output_register_reg[4]/CE
  Path Group:             (none)
  Path Type:              Max at Slow Process Corner
  Data Path Delay:        5.466ns  (logic 1.577ns (28.855%)  route 3.889ns (71.145%))
  Logic Levels:           2  (IBUF=1 LUT5=1)

    Location             Delay type                Incr(ns)  Path(ns)    Netlist Resource(s)
  -------------------------------------------------------------------    -------------------
    J2                                                0.000     0.000 r  CS (IN)
                         net (fo=0)                   0.000     0.000    CS
    J2                   IBUF (Prop_ibuf_I_O)         1.453     1.453 r  CS_IBUF_inst/O
                         net (fo=2, routed)           2.946     4.399    Spi_instance/CS_IBUF
    SLICE_X42Y57         LUT5 (Prop_lut5_I0_O)        0.124     4.523 r  Spi_instance/output_register[25]_i_1/O
                         net (fo=20, routed)          0.943     5.466    Spi_instance/output_register[25]_i_1_n_0
    SLICE_X36Y54         FDRE                                         r  Spi_instance/output_register_reg[4]/CE
  -------------------------------------------------------------------    -------------------

Slack:                    inf
  Source:                 CS
                            (input port)
  Destination:            Spi_instance/output_register_reg[9]/CE
  Path Group:             (none)
  Path Type:              Max at Slow Process Corner
  Data Path Delay:        5.466ns  (logic 1.577ns (28.855%)  route 3.889ns (71.145%))
  Logic Levels:           2  (IBUF=1 LUT5=1)

    Location             Delay type                Incr(ns)  Path(ns)    Netlist Resource(s)
  -------------------------------------------------------------------    -------------------
    J2                                                0.000     0.000 r  CS (IN)
                         net (fo=0)                   0.000     0.000    CS
    J2                   IBUF (Prop_ibuf_I_O)         1.453     1.453 r  CS_IBUF_inst/O
                         net (fo=2, routed)           2.946     4.399    Spi_instance/CS_IBUF
    SLICE_X42Y57         LUT5 (Prop_lut5_I0_O)        0.124     4.523 r  Spi_instance/output_register[25]_i_1/O
                         net (fo=20, routed)          0.943     5.466    Spi_instance/output_register[25]_i_1_n_0
    SLICE_X36Y54         FDRE                                         r  Spi_instance/output_register_reg[9]/CE
  -------------------------------------------------------------------    -------------------

Slack:                    inf
  Source:                 CS
                            (input port)
  Destination:            Spi_instance/shift_reg_reg[3]/CLR
  Path Group:             (none)
  Path Type:              Max at Slow Process Corner
  Data Path Delay:        5.396ns  (logic 1.603ns (29.715%)  route 3.792ns (70.285%))
  Logic Levels:           2  (IBUF=1 LUT1=1)

    Location             Delay type                Incr(ns)  Path(ns)    Netlist Resource(s)
  -------------------------------------------------------------------    -------------------
    J2                                                0.000     0.000 r  CS (IN)
                         net (fo=0)                   0.000     0.000    CS
    J2                   IBUF (Prop_ibuf_I_O)         1.453     1.453 r  CS_IBUF_inst/O
                         net (fo=2, routed)           2.946     4.399    Spi_instance/CS_IBUF
    SLICE_X42Y57         LUT1 (Prop_lut1_I0_O)        0.150     4.549 f  Spi_instance/bit_count[5]_i_2/O
                         net (fo=31, routed)          0.846     5.396    Spi_instance/bit_count[5]_i_2_n_0
    SLICE_X38Y54         FDCE                                         f  Spi_instance/shift_reg_reg[3]/CLR
  -------------------------------------------------------------------    -------------------

Slack:                    inf
  Source:                 CS
                            (input port)
  Destination:            Spi_instance/shift_reg_reg[4]/CLR
  Path Group:             (none)
  Path Type:              Max at Slow Process Corner
  Data Path Delay:        5.396ns  (logic 1.603ns (29.715%)  route 3.792ns (70.285%))
  Logic Levels:           2  (IBUF=1 LUT1=1)

    Location             Delay type                Incr(ns)  Path(ns)    Netlist Resource(s)
  -------------------------------------------------------------------    -------------------
    J2                                                0.000     0.000 r  CS (IN)
                         net (fo=0)                   0.000     0.000    CS
    J2                   IBUF (Prop_ibuf_I_O)         1.453     1.453 r  CS_IBUF_inst/O
                         net (fo=2, routed)           2.946     4.399    Spi_instance/CS_IBUF
    SLICE_X42Y57         LUT1 (Prop_lut1_I0_O)        0.150     4.549 f  Spi_instance/bit_count[5]_i_2/O
                         net (fo=31, routed)          0.846     5.396    Spi_instance/bit_count[5]_i_2_n_0
    SLICE_X38Y54         FDCE                                         f  Spi_instance/shift_reg_reg[4]/CLR
  -------------------------------------------------------------------    -------------------

Slack:                    inf
  Source:                 CS
                            (input port)
  Destination:            Spi_instance/shift_reg_reg[5]/CLR
  Path Group:             (none)
  Path Type:              Max at Slow Process Corner
  Data Path Delay:        5.396ns  (logic 1.603ns (29.715%)  route 3.792ns (70.285%))
  Logic Levels:           2  (IBUF=1 LUT1=1)

    Location             Delay type                Incr(ns)  Path(ns)    Netlist Resource(s)
  -------------------------------------------------------------------    -------------------
    J2                                                0.000     0.000 r  CS (IN)
                         net (fo=0)                   0.000     0.000    CS
    J2                   IBUF (Prop_ibuf_I_O)         1.453     1.453 r  CS_IBUF_inst/O
                         net (fo=2, routed)           2.946     4.399    Spi_instance/CS_IBUF
    SLICE_X42Y57         LUT1 (Prop_lut1_I0_O)        0.150     4.549 f  Spi_instance/bit_count[5]_i_2/O
                         net (fo=31, routed)          0.846     5.396    Spi_instance/bit_count[5]_i_2_n_0
    SLICE_X38Y54         FDCE                                         f  Spi_instance/shift_reg_reg[5]/CLR
  -------------------------------------------------------------------    -------------------





Min Delay Paths
--------------------------------------------------------------------------------------
Slack:                    inf
  Source:                 Spi_instance/shift_reg_reg[24]/C
                            (rising edge-triggered cell FDCE)
  Destination:            Spi_instance/output_register_reg[25]/D
  Path Group:             (none)
  Path Type:              Min at Fast Process Corner
  Data Path Delay:        0.253ns  (logic 0.128ns (50.505%)  route 0.125ns (49.495%))
  Logic Levels:           1  (FDCE=1)

    Location             Delay type                Incr(ns)  Path(ns)    Netlist Resource(s)
  -------------------------------------------------------------------    -------------------
    SLICE_X39Y56         FDCE                         0.000     0.000 r  Spi_instance/shift_reg_reg[24]/C
    SLICE_X39Y56         FDCE (Prop_fdce_C_Q)         0.128     0.128 r  Spi_instance/shift_reg_reg[24]/Q
                         net (fo=1, routed)           0.125     0.253    Spi_instance/p_0_in[25]
    SLICE_X40Y56         FDRE                                         r  Spi_instance/output_register_reg[25]/D
  -------------------------------------------------------------------    -------------------

Slack:                    inf
  Source:                 Spi_instance/shift_reg_reg[11]/C
                            (rising edge-triggered cell FDCE)
  Destination:            Spi_instance/shift_reg_reg[12]/D
  Path Group:             (none)
  Path Type:              Min at Fast Process Corner
  Data Path Delay:        0.257ns  (logic 0.141ns (54.828%)  route 0.116ns (45.172%))
  Logic Levels:           1  (FDCE=1)

    Location             Delay type                Incr(ns)  Path(ns)    Netlist Resource(s)
  -------------------------------------------------------------------    -------------------
    SLICE_X39Y58         FDCE                         0.000     0.000 r  Spi_instance/shift_reg_reg[11]/C
    SLICE_X39Y58         FDCE (Prop_fdce_C_Q)         0.141     0.141 r  Spi_instance/shift_reg_reg[11]/Q
                         net (fo=1, routed)           0.116     0.257    Spi_instance/p_0_in[12]
    SLICE_X38Y58         FDCE                                         r  Spi_instance/shift_reg_reg[12]/D
  -------------------------------------------------------------------    -------------------

Slack:                    inf
  Source:                 Spi_instance/shift_reg_reg[8]/C
                            (rising edge-triggered cell FDCE)
  Destination:            Spi_instance/output_register_reg[9]/D
  Path Group:             (none)
  Path Type:              Min at Fast Process Corner
  Data Path Delay:        0.268ns  (logic 0.148ns (55.177%)  route 0.120ns (44.823%))
  Logic Levels:           1  (FDCE=1)

    Location             Delay type                Incr(ns)  Path(ns)    Netlist Resource(s)
  -------------------------------------------------------------------    -------------------
    SLICE_X38Y54         FDCE                         0.000     0.000 r  Spi_instance/shift_reg_reg[8]/C
    SLICE_X38Y54         FDCE (Prop_fdce_C_Q)         0.148     0.148 r  Spi_instance/shift_reg_reg[8]/Q
                         net (fo=2, routed)           0.120     0.268    Spi_instance/p_0_in[9]
    SLICE_X36Y54         FDRE                                         r  Spi_instance/output_register_reg[9]/D
  -------------------------------------------------------------------    -------------------

Slack:                    inf
  Source:                 Spi_instance/shift_reg_reg[20]/C
                            (rising edge-triggered cell FDCE)
  Destination:            Spi_instance/output_register_reg[21]/D
  Path Group:             (none)
  Path Type:              Min at Fast Process Corner
  Data Path Delay:        0.269ns  (logic 0.141ns (52.493%)  route 0.128ns (47.507%))
  Logic Levels:           1  (FDCE=1)

    Location             Delay type                Incr(ns)  Path(ns)    Netlist Resource(s)
  -------------------------------------------------------------------    -------------------
    SLICE_X39Y56         FDCE                         0.000     0.000 r  Spi_instance/shift_reg_reg[20]/C
    SLICE_X39Y56         FDCE (Prop_fdce_C_Q)         0.141     0.141 r  Spi_instance/shift_reg_reg[20]/Q
                         net (fo=2, routed)           0.128     0.269    Spi_instance/p_0_in[21]
    SLICE_X41Y56         FDRE                                         r  Spi_instance/output_register_reg[21]/D
  -------------------------------------------------------------------    -------------------

Slack:                    inf
  Source:                 Spi_instance/shift_reg_reg[18]/C
                            (rising edge-triggered cell FDCE)
  Destination:            Spi_instance/output_register_reg[19]/D
  Path Group:             (none)
  Path Type:              Min at Fast Process Corner
  Data Path Delay:        0.272ns  (logic 0.141ns (51.834%)  route 0.131ns (48.166%))
  Logic Levels:           1  (FDCE=1)

    Location             Delay type                Incr(ns)  Path(ns)    Netlist Resource(s)
  -------------------------------------------------------------------    -------------------
    SLICE_X39Y55         FDCE                         0.000     0.000 r  Spi_instance/shift_reg_reg[18]/C
    SLICE_X39Y55         FDCE (Prop_fdce_C_Q)         0.141     0.141 r  Spi_instance/shift_reg_reg[18]/Q
                         net (fo=2, routed)           0.131     0.272    Spi_instance/p_0_in[19]
    SLICE_X40Y55         FDRE                                         r  Spi_instance/output_register_reg[19]/D
  -------------------------------------------------------------------    -------------------

Slack:                    inf
  Source:                 Spi_instance/shift_reg_reg[1]/C
                            (rising edge-triggered cell FDCE)
  Destination:            Spi_instance/output_register_reg[2]/D
  Path Group:             (none)
  Path Type:              Min at Fast Process Corner
  Data Path Delay:        0.274ns  (logic 0.141ns (51.451%)  route 0.133ns (48.549%))
  Logic Levels:           1  (FDCE=1)

    Location             Delay type                Incr(ns)  Path(ns)    Netlist Resource(s)
  -------------------------------------------------------------------    -------------------
    SLICE_X39Y55         FDCE                         0.000     0.000 r  Spi_instance/shift_reg_reg[1]/C
    SLICE_X39Y55         FDCE (Prop_fdce_C_Q)         0.141     0.141 r  Spi_instance/shift_reg_reg[1]/Q
                         net (fo=2, routed)           0.133     0.274    Spi_instance/p_0_in[2]
    SLICE_X40Y55         FDRE                                         r  Spi_instance/output_register_reg[2]/D
  -------------------------------------------------------------------    -------------------

Slack:                    inf
  Source:                 Spi_instance/shift_reg_reg[3]/C
                            (rising edge-triggered cell FDCE)
  Destination:            Spi_instance/output_register_reg[4]/D
  Path Group:             (none)
  Path Type:              Min at Fast Process Corner
  Data Path Delay:        0.277ns  (logic 0.164ns (59.176%)  route 0.113ns (40.824%))
  Logic Levels:           1  (FDCE=1)

    Location             Delay type                Incr(ns)  Path(ns)    Netlist Resource(s)
  -------------------------------------------------------------------    -------------------
    SLICE_X38Y54         FDCE                         0.000     0.000 r  Spi_instance/shift_reg_reg[3]/C
    SLICE_X38Y54         FDCE (Prop_fdce_C_Q)         0.164     0.164 r  Spi_instance/shift_reg_reg[3]/Q
                         net (fo=2, routed)           0.113     0.277    Spi_instance/p_0_in[4]
    SLICE_X36Y54         FDRE                                         r  Spi_instance/output_register_reg[4]/D
  -------------------------------------------------------------------    -------------------

Slack:                    inf
  Source:                 Spi_instance/shift_reg_reg[7]/C
                            (rising edge-triggered cell FDCE)
  Destination:            Spi_instance/shift_reg_reg[8]/D
  Path Group:             (none)
  Path Type:              Min at Fast Process Corner
  Data Path Delay:        0.283ns  (logic 0.148ns (52.311%)  route 0.135ns (47.689%))
  Logic Levels:           1  (FDCE=1)

    Location             Delay type                Incr(ns)  Path(ns)    Netlist Resource(s)
  -------------------------------------------------------------------    -------------------
    SLICE_X38Y54         FDCE                         0.000     0.000 r  Spi_instance/shift_reg_reg[7]/C
    SLICE_X38Y54         FDCE (Prop_fdce_C_Q)         0.148     0.148 r  Spi_instance/shift_reg_reg[7]/Q
                         net (fo=2, routed)           0.135     0.283    Spi_instance/p_0_in[8]
    SLICE_X38Y54         FDCE                                         r  Spi_instance/shift_reg_reg[8]/D
  -------------------------------------------------------------------    -------------------

Slack:                    inf
  Source:                 Spi_instance/shift_reg_reg[8]/C
                            (rising edge-triggered cell FDCE)
  Destination:            Spi_instance/shift_reg_reg[9]/D
  Path Group:             (none)
  Path Type:              Min at Fast Process Corner
  Data Path Delay:        0.284ns  (logic 0.148ns (52.039%)  route 0.136ns (47.961%))
  Logic Levels:           1  (FDCE=1)

    Location             Delay type                Incr(ns)  Path(ns)    Netlist Resource(s)
  -------------------------------------------------------------------    -------------------
    SLICE_X38Y54         FDCE                         0.000     0.000 r  Spi_instance/shift_reg_reg[8]/C
    SLICE_X38Y54         FDCE (Prop_fdce_C_Q)         0.148     0.148 r  Spi_instance/shift_reg_reg[8]/Q
                         net (fo=2, routed)           0.136     0.284    Spi_instance/p_0_in[9]
    SLICE_X38Y56         FDCE                                         r  Spi_instance/shift_reg_reg[9]/D
  -------------------------------------------------------------------    -------------------

Slack:                    inf
  Source:                 Spi_instance/shift_reg_reg[0]/C
                            (rising edge-triggered cell FDCE)
  Destination:            Spi_instance/shift_reg_reg[1]/D
  Path Group:             (none)
  Path Type:              Min at Fast Process Corner
  Data Path Delay:        0.286ns  (logic 0.164ns (57.366%)  route 0.122ns (42.634%))
  Logic Levels:           1  (FDCE=1)

    Location             Delay type                Incr(ns)  Path(ns)    Netlist Resource(s)
  -------------------------------------------------------------------    -------------------
    SLICE_X38Y56         FDCE                         0.000     0.000 r  Spi_instance/shift_reg_reg[0]/C
    SLICE_X38Y56         FDCE (Prop_fdce_C_Q)         0.164     0.164 r  Spi_instance/shift_reg_reg[0]/Q
                         net (fo=2, routed)           0.122     0.286    Spi_instance/p_0_in[1]
    SLICE_X39Y55         FDCE                                         r  Spi_instance/shift_reg_reg[1]/D
  -------------------------------------------------------------------    -------------------





--------------------------------------------------------------------------------------
Path Group:  (none)
From Clock:  clk_25_clkDVIprescaler
  To Clock:  

Max Delay            16 Endpoints
Min Delay            16 Endpoints
--------------------------------------------------------------------------------------


Max Delay Paths
--------------------------------------------------------------------------------------
Slack:                    inf
  Source:                 prescaler_instance/inst/mmcm_adv_inst/CLKOUT0
                            (clock source 'clk_25_clkDVIprescaler'  {rise@0.000ns fall@20.000ns period=40.000ns})
  Destination:            clk_out
                            (output port)
  Path Group:             (none)
  Path Type:              Max at Slow Process Corner
  Data Path Delay:        8.192ns  (logic 3.604ns (43.990%)  route 4.589ns (56.010%))
  Logic Levels:           2  (BUFG=1 OBUF=1)
  Clock Uncertainty:      0.199ns  ((TSJ^2 + DJ^2)^1/2) / 2 + PE
    Total System Jitter     (TSJ):    0.050ns
    Discrete Jitter          (DJ):    0.182ns
    Phase Error              (PE):    0.104ns

    Location             Delay type                Incr(ns)  Path(ns)    Netlist Resource(s)
  -------------------------------------------------------------------    -------------------
                         (clock clk_25_clkDVIprescaler fall edge)
                                                     20.000    20.000 f  
    W5                                                0.000    20.000 f  clk100 (IN)
                         net (fo=0)                   0.000    20.000    prescaler_instance/inst/clk_100
    W5                   IBUF (Prop_ibuf_I_O)         1.458    21.458 f  prescaler_instance/inst/clkin1_ibufg/O
                         net (fo=1, routed)           1.233    22.691    prescaler_instance/inst/clk_100_clkDVIprescaler
  -------------------------------------------------------------------    -------------------
    MMCME2_ADV_X1Y0      MMCME2_ADV (Prop_mmcme2_adv_CLKIN1_CLKOUT0)
                                                     -6.961    15.731 f  prescaler_instance/inst/mmcm_adv_inst/CLKOUT0
                         net (fo=1, routed)           1.661    17.392    prescaler_instance/inst/clk_25_clkDVIprescaler
    BUFGCTRL_X0Y0        BUFG (Prop_bufg_I_O)         0.096    17.488 f  prescaler_instance/inst/clkout1_buf/O
                         net (fo=246, routed)         2.927    20.415    clk_out_OBUF
    M18                  OBUF (Prop_obuf_I_O)         3.508    23.923 f  clk_out_OBUF_inst/O
                         net (fo=0)                   0.000    23.923    clk_out
    M18                                                               f  clk_out (OUT)
  -------------------------------------------------------------------    -------------------

Slack:                    inf
  Source:                 pixel_gen_inst/PixelAan_reg/C
                            (rising edge-triggered cell FDRE clocked by clk_25_clkDVIprescaler  {rise@0.000ns fall@20.000ns period=40.000ns})
  Destination:            rgb[2]
                            (output port)
  Path Group:             (none)
  Path Type:              Max at Slow Process Corner
  Data Path Delay:        10.869ns  (logic 4.083ns (37.564%)  route 6.786ns (62.436%))
  Logic Levels:           2  (LUT2=1 OBUF=1)
  Clock Uncertainty:      0.199ns  ((TSJ^2 + DJ^2)^1/2) / 2 + PE
    Total System Jitter     (TSJ):    0.050ns
    Discrete Jitter          (DJ):    0.182ns
    Phase Error              (PE):    0.104ns

    Location             Delay type                Incr(ns)  Path(ns)    Netlist Resource(s)
  -------------------------------------------------------------------    -------------------
                         (clock clk_25_clkDVIprescaler rise edge)
                                                      0.000     0.000 r  
    W5                                                0.000     0.000 r  clk100 (IN)
                         net (fo=0)                   0.000     0.000    prescaler_instance/inst/clk_100
    W5                   IBUF (Prop_ibuf_I_O)         1.458     1.458 r  prescaler_instance/inst/clkin1_ibufg/O
                         net (fo=1, routed)           1.233     2.691    prescaler_instance/inst/clk_100_clkDVIprescaler
    MMCME2_ADV_X1Y0      MMCME2_ADV (Prop_mmcme2_adv_CLKIN1_CLKOUT0)
                                                     -6.961    -4.269 r  prescaler_instance/inst/mmcm_adv_inst/CLKOUT0
                         net (fo=1, routed)           1.661    -2.608    prescaler_instance/inst/clk_25_clkDVIprescaler
    BUFGCTRL_X0Y0        BUFG (Prop_bufg_I_O)         0.096    -2.512 r  prescaler_instance/inst/clkout1_buf/O
                         net (fo=246, routed)         1.571    -0.941    pixel_gen_inst/clk_25
    SLICE_X48Y47         FDRE                                         r  pixel_gen_inst/PixelAan_reg/C
  -------------------------------------------------------------------    -------------------
    SLICE_X48Y47         FDRE (Prop_fdre_C_Q)         0.456    -0.485 r  pixel_gen_inst/PixelAan_reg/Q
                         net (fo=12, routed)          1.134     0.649    pixel_gen_inst/PixelAan
    SLICE_X49Y50         LUT2 (Prop_lut2_I0_O)        0.124     0.773 r  pixel_gen_inst/rgb_OBUF[2]_inst_i_1/O
                         net (fo=1, routed)           5.653     6.426    rgb_OBUF[2]
    A15                  OBUF (Prop_obuf_I_O)         3.503     9.929 r  rgb_OBUF[2]_inst/O
                         net (fo=0)                   0.000     9.929    rgb[2]
    A15                                                               r  rgb[2] (OUT)
  -------------------------------------------------------------------    -------------------

Slack:                    inf
  Source:                 pixel_gen_inst/PixelAan_reg/C
                            (rising edge-triggered cell FDRE clocked by clk_25_clkDVIprescaler  {rise@0.000ns fall@20.000ns period=40.000ns})
  Destination:            rgb[3]
                            (output port)
  Path Group:             (none)
  Path Type:              Max at Slow Process Corner
  Data Path Delay:        10.650ns  (logic 4.332ns (40.676%)  route 6.318ns (59.324%))
  Logic Levels:           2  (LUT2=1 OBUF=1)
  Clock Uncertainty:      0.199ns  ((TSJ^2 + DJ^2)^1/2) / 2 + PE
    Total System Jitter     (TSJ):    0.050ns
    Discrete Jitter          (DJ):    0.182ns
    Phase Error              (PE):    0.104ns

    Location             Delay type                Incr(ns)  Path(ns)    Netlist Resource(s)
  -------------------------------------------------------------------    -------------------
                         (clock clk_25_clkDVIprescaler rise edge)
                                                      0.000     0.000 r  
    W5                                                0.000     0.000 r  clk100 (IN)
                         net (fo=0)                   0.000     0.000    prescaler_instance/inst/clk_100
    W5                   IBUF (Prop_ibuf_I_O)         1.458     1.458 r  prescaler_instance/inst/clkin1_ibufg/O
                         net (fo=1, routed)           1.233     2.691    prescaler_instance/inst/clk_100_clkDVIprescaler
    MMCME2_ADV_X1Y0      MMCME2_ADV (Prop_mmcme2_adv_CLKIN1_CLKOUT0)
                                                     -6.961    -4.269 r  prescaler_instance/inst/mmcm_adv_inst/CLKOUT0
                         net (fo=1, routed)           1.661    -2.608    prescaler_instance/inst/clk_25_clkDVIprescaler
    BUFGCTRL_X0Y0        BUFG (Prop_bufg_I_O)         0.096    -2.512 r  prescaler_instance/inst/clkout1_buf/O
                         net (fo=246, routed)         1.571    -0.941    pixel_gen_inst/clk_25
    SLICE_X48Y47         FDRE                                         r  pixel_gen_inst/PixelAan_reg/C
  -------------------------------------------------------------------    -------------------
    SLICE_X48Y47         FDRE (Prop_fdre_C_Q)         0.456    -0.485 r  pixel_gen_inst/PixelAan_reg/Q
                         net (fo=12, routed)          1.134     0.649    pixel_gen_inst/PixelAan
    SLICE_X49Y50         LUT2 (Prop_lut2_I0_O)        0.153     0.802 r  pixel_gen_inst/rgb_OBUF[3]_inst_i_1/O
                         net (fo=1, routed)           5.184     5.986    rgb_OBUF[3]
    A14                  OBUF (Prop_obuf_I_O)         3.723     9.709 r  rgb_OBUF[3]_inst/O
                         net (fo=0)                   0.000     9.709    rgb[3]
    A14                                                               r  rgb[3] (OUT)
  -------------------------------------------------------------------    -------------------

Slack:                    inf
  Source:                 pixel_gen_inst/PixelAan_reg/C
                            (rising edge-triggered cell FDRE clocked by clk_25_clkDVIprescaler  {rise@0.000ns fall@20.000ns period=40.000ns})
  Destination:            rgb[0]
                            (output port)
  Path Group:             (none)
  Path Type:              Max at Slow Process Corner
  Data Path Delay:        10.421ns  (logic 4.321ns (41.463%)  route 6.100ns (58.537%))
  Logic Levels:           2  (LUT2=1 OBUF=1)
  Clock Uncertainty:      0.199ns  ((TSJ^2 + DJ^2)^1/2) / 2 + PE
    Total System Jitter     (TSJ):    0.050ns
    Discrete Jitter          (DJ):    0.182ns
    Phase Error              (PE):    0.104ns

    Location             Delay type                Incr(ns)  Path(ns)    Netlist Resource(s)
  -------------------------------------------------------------------    -------------------
                         (clock clk_25_clkDVIprescaler rise edge)
                                                      0.000     0.000 r  
    W5                                                0.000     0.000 r  clk100 (IN)
                         net (fo=0)                   0.000     0.000    prescaler_instance/inst/clk_100
    W5                   IBUF (Prop_ibuf_I_O)         1.458     1.458 r  prescaler_instance/inst/clkin1_ibufg/O
                         net (fo=1, routed)           1.233     2.691    prescaler_instance/inst/clk_100_clkDVIprescaler
    MMCME2_ADV_X1Y0      MMCME2_ADV (Prop_mmcme2_adv_CLKIN1_CLKOUT0)
                                                     -6.961    -4.269 r  prescaler_instance/inst/mmcm_adv_inst/CLKOUT0
                         net (fo=1, routed)           1.661    -2.608    prescaler_instance/inst/clk_25_clkDVIprescaler
    BUFGCTRL_X0Y0        BUFG (Prop_bufg_I_O)         0.096    -2.512 r  prescaler_instance/inst/clkout1_buf/O
                         net (fo=246, routed)         1.571    -0.941    pixel_gen_inst/clk_25
    SLICE_X48Y47         FDRE                                         r  pixel_gen_inst/PixelAan_reg/C
  -------------------------------------------------------------------    -------------------
    SLICE_X48Y47         FDRE (Prop_fdre_C_Q)         0.456    -0.485 r  pixel_gen_inst/PixelAan_reg/Q
                         net (fo=12, routed)          1.045     0.560    pixel_gen_inst/PixelAan
    SLICE_X49Y49         LUT2 (Prop_lut2_I0_O)        0.154     0.714 r  pixel_gen_inst/rgb_OBUF[0]_inst_i_1/O
                         net (fo=1, routed)           5.056     5.770    rgb_OBUF[0]
    A17                  OBUF (Prop_obuf_I_O)         3.711     9.481 r  rgb_OBUF[0]_inst/O
                         net (fo=0)                   0.000     9.481    rgb[0]
    A17                                                               r  rgb[0] (OUT)
  -------------------------------------------------------------------    -------------------

Slack:                    inf
  Source:                 pixel_gen_inst/PixelAan_reg/C
                            (rising edge-triggered cell FDRE clocked by clk_25_clkDVIprescaler  {rise@0.000ns fall@20.000ns period=40.000ns})
  Destination:            rgb[1]
                            (output port)
  Path Group:             (none)
  Path Type:              Max at Slow Process Corner
  Data Path Delay:        10.288ns  (logic 4.092ns (39.772%)  route 6.196ns (60.228%))
  Logic Levels:           2  (LUT2=1 OBUF=1)
  Clock Uncertainty:      0.199ns  ((TSJ^2 + DJ^2)^1/2) / 2 + PE
    Total System Jitter     (TSJ):    0.050ns
    Discrete Jitter          (DJ):    0.182ns
    Phase Error              (PE):    0.104ns

    Location             Delay type                Incr(ns)  Path(ns)    Netlist Resource(s)
  -------------------------------------------------------------------    -------------------
                         (clock clk_25_clkDVIprescaler rise edge)
                                                      0.000     0.000 r  
    W5                                                0.000     0.000 r  clk100 (IN)
                         net (fo=0)                   0.000     0.000    prescaler_instance/inst/clk_100
    W5                   IBUF (Prop_ibuf_I_O)         1.458     1.458 r  prescaler_instance/inst/clkin1_ibufg/O
                         net (fo=1, routed)           1.233     2.691    prescaler_instance/inst/clk_100_clkDVIprescaler
    MMCME2_ADV_X1Y0      MMCME2_ADV (Prop_mmcme2_adv_CLKIN1_CLKOUT0)
                                                     -6.961    -4.269 r  prescaler_instance/inst/mmcm_adv_inst/CLKOUT0
                         net (fo=1, routed)           1.661    -2.608    prescaler_instance/inst/clk_25_clkDVIprescaler
    BUFGCTRL_X0Y0        BUFG (Prop_bufg_I_O)         0.096    -2.512 r  prescaler_instance/inst/clkout1_buf/O
                         net (fo=246, routed)         1.571    -0.941    pixel_gen_inst/clk_25
    SLICE_X48Y47         FDRE                                         r  pixel_gen_inst/PixelAan_reg/C
  -------------------------------------------------------------------    -------------------
    SLICE_X48Y47         FDRE (Prop_fdre_C_Q)         0.456    -0.485 r  pixel_gen_inst/PixelAan_reg/Q
                         net (fo=12, routed)          1.045     0.560    pixel_gen_inst/PixelAan
    SLICE_X49Y49         LUT2 (Prop_lut2_I0_O)        0.124     0.684 r  pixel_gen_inst/rgb_OBUF[1]_inst_i_1/O
                         net (fo=1, routed)           5.151     5.836    rgb_OBUF[1]
    A16                  OBUF (Prop_obuf_I_O)         3.512     9.347 r  rgb_OBUF[1]_inst/O
                         net (fo=0)                   0.000     9.347    rgb[1]
    A16                                                               r  rgb[1] (OUT)
  -------------------------------------------------------------------    -------------------

Slack:                    inf
  Source:                 pixel_gen_inst/PixelAan_reg/C
                            (rising edge-triggered cell FDRE clocked by clk_25_clkDVIprescaler  {rise@0.000ns fall@20.000ns period=40.000ns})
  Destination:            rgb[7]
                            (output port)
  Path Group:             (none)
  Path Type:              Max at Slow Process Corner
  Data Path Delay:        10.125ns  (logic 4.341ns (42.872%)  route 5.784ns (57.128%))
  Logic Levels:           2  (LUT2=1 OBUF=1)
  Clock Uncertainty:      0.199ns  ((TSJ^2 + DJ^2)^1/2) / 2 + PE
    Total System Jitter     (TSJ):    0.050ns
    Discrete Jitter          (DJ):    0.182ns
    Phase Error              (PE):    0.104ns

    Location             Delay type                Incr(ns)  Path(ns)    Netlist Resource(s)
  -------------------------------------------------------------------    -------------------
                         (clock clk_25_clkDVIprescaler rise edge)
                                                      0.000     0.000 r  
    W5                                                0.000     0.000 r  clk100 (IN)
                         net (fo=0)                   0.000     0.000    prescaler_instance/inst/clk_100
    W5                   IBUF (Prop_ibuf_I_O)         1.458     1.458 r  prescaler_instance/inst/clkin1_ibufg/O
                         net (fo=1, routed)           1.233     2.691    prescaler_instance/inst/clk_100_clkDVIprescaler
    MMCME2_ADV_X1Y0      MMCME2_ADV (Prop_mmcme2_adv_CLKIN1_CLKOUT0)
                                                     -6.961    -4.269 r  prescaler_instance/inst/mmcm_adv_inst/CLKOUT0
                         net (fo=1, routed)           1.661    -2.608    prescaler_instance/inst/clk_25_clkDVIprescaler
    BUFGCTRL_X0Y0        BUFG (Prop_bufg_I_O)         0.096    -2.512 r  prescaler_instance/inst/clkout1_buf/O
                         net (fo=246, routed)         1.571    -0.941    pixel_gen_inst/clk_25
    SLICE_X48Y47         FDRE                                         r  pixel_gen_inst/PixelAan_reg/C
  -------------------------------------------------------------------    -------------------
    SLICE_X48Y47         FDRE (Prop_fdre_C_Q)         0.456    -0.485 r  pixel_gen_inst/PixelAan_reg/Q
                         net (fo=12, routed)          0.537     0.052    pixel_gen_inst/PixelAan
    SLICE_X48Y47         LUT2 (Prop_lut2_I0_O)        0.152     0.204 r  pixel_gen_inst/rgb_OBUF[7]_inst_i_1/O
                         net (fo=1, routed)           5.247     5.452    rgb_OBUF[7]
    B15                  OBUF (Prop_obuf_I_O)         3.733     9.184 r  rgb_OBUF[7]_inst/O
                         net (fo=0)                   0.000     9.184    rgb[7]
    B15                                                               r  rgb[7] (OUT)
  -------------------------------------------------------------------    -------------------

Slack:                    inf
  Source:                 pixel_gen_inst/PixelAan_reg/C
                            (rising edge-triggered cell FDRE clocked by clk_25_clkDVIprescaler  {rise@0.000ns fall@20.000ns period=40.000ns})
  Destination:            rgb[5]
                            (output port)
  Path Group:             (none)
  Path Type:              Max at Slow Process Corner
  Data Path Delay:        9.986ns  (logic 4.319ns (43.254%)  route 5.666ns (56.746%))
  Logic Levels:           2  (LUT2=1 OBUF=1)
  Clock Uncertainty:      0.199ns  ((TSJ^2 + DJ^2)^1/2) / 2 + PE
    Total System Jitter     (TSJ):    0.050ns
    Discrete Jitter          (DJ):    0.182ns
    Phase Error              (PE):    0.104ns

    Location             Delay type                Incr(ns)  Path(ns)    Netlist Resource(s)
  -------------------------------------------------------------------    -------------------
                         (clock clk_25_clkDVIprescaler rise edge)
                                                      0.000     0.000 r  
    W5                                                0.000     0.000 r  clk100 (IN)
                         net (fo=0)                   0.000     0.000    prescaler_instance/inst/clk_100
    W5                   IBUF (Prop_ibuf_I_O)         1.458     1.458 r  prescaler_instance/inst/clkin1_ibufg/O
                         net (fo=1, routed)           1.233     2.691    prescaler_instance/inst/clk_100_clkDVIprescaler
    MMCME2_ADV_X1Y0      MMCME2_ADV (Prop_mmcme2_adv_CLKIN1_CLKOUT0)
                                                     -6.961    -4.269 r  prescaler_instance/inst/mmcm_adv_inst/CLKOUT0
                         net (fo=1, routed)           1.661    -2.608    prescaler_instance/inst/clk_25_clkDVIprescaler
    BUFGCTRL_X0Y0        BUFG (Prop_bufg_I_O)         0.096    -2.512 r  prescaler_instance/inst/clkout1_buf/O
                         net (fo=246, routed)         1.571    -0.941    pixel_gen_inst/clk_25
    SLICE_X48Y47         FDRE                                         r  pixel_gen_inst/PixelAan_reg/C
  -------------------------------------------------------------------    -------------------
    SLICE_X48Y47         FDRE (Prop_fdre_C_Q)         0.456    -0.485 r  pixel_gen_inst/PixelAan_reg/Q
                         net (fo=12, routed)          0.697     0.213    pixel_gen_inst/PixelAan
    SLICE_X48Y49         LUT2 (Prop_lut2_I0_O)        0.152     0.365 r  pixel_gen_inst/rgb_OBUF[5]_inst_i_1/O
                         net (fo=1, routed)           4.969     5.334    rgb_OBUF[5]
    B16                  OBUF (Prop_obuf_I_O)         3.711     9.045 r  rgb_OBUF[5]_inst/O
                         net (fo=0)                   0.000     9.045    rgb[5]
    B16                                                               r  rgb[5] (OUT)
  -------------------------------------------------------------------    -------------------

Slack:                    inf
  Source:                 pixel_gen_inst/PixelAan_reg/C
                            (rising edge-triggered cell FDRE clocked by clk_25_clkDVIprescaler  {rise@0.000ns fall@20.000ns period=40.000ns})
  Destination:            rgb[6]
                            (output port)
  Path Group:             (none)
  Path Type:              Max at Slow Process Corner
  Data Path Delay:        9.859ns  (logic 4.085ns (41.434%)  route 5.774ns (58.566%))
  Logic Levels:           2  (LUT2=1 OBUF=1)
  Clock Uncertainty:      0.199ns  ((TSJ^2 + DJ^2)^1/2) / 2 + PE
    Total System Jitter     (TSJ):    0.050ns
    Discrete Jitter          (DJ):    0.182ns
    Phase Error              (PE):    0.104ns

    Location             Delay type                Incr(ns)  Path(ns)    Netlist Resource(s)
  -------------------------------------------------------------------    -------------------
                         (clock clk_25_clkDVIprescaler rise edge)
                                                      0.000     0.000 r  
    W5                                                0.000     0.000 r  clk100 (IN)
                         net (fo=0)                   0.000     0.000    prescaler_instance/inst/clk_100
    W5                   IBUF (Prop_ibuf_I_O)         1.458     1.458 r  prescaler_instance/inst/clkin1_ibufg/O
                         net (fo=1, routed)           1.233     2.691    prescaler_instance/inst/clk_100_clkDVIprescaler
    MMCME2_ADV_X1Y0      MMCME2_ADV (Prop_mmcme2_adv_CLKIN1_CLKOUT0)
                                                     -6.961    -4.269 r  prescaler_instance/inst/mmcm_adv_inst/CLKOUT0
                         net (fo=1, routed)           1.661    -2.608    prescaler_instance/inst/clk_25_clkDVIprescaler
    BUFGCTRL_X0Y0        BUFG (Prop_bufg_I_O)         0.096    -2.512 r  prescaler_instance/inst/clkout1_buf/O
                         net (fo=246, routed)         1.571    -0.941    pixel_gen_inst/clk_25
    SLICE_X48Y47         FDRE                                         r  pixel_gen_inst/PixelAan_reg/C
  -------------------------------------------------------------------    -------------------
    SLICE_X48Y47         FDRE (Prop_fdre_C_Q)         0.456    -0.485 r  pixel_gen_inst/PixelAan_reg/Q
                         net (fo=12, routed)          0.537     0.052    pixel_gen_inst/PixelAan
    SLICE_X48Y47         LUT2 (Prop_lut2_I0_O)        0.124     0.176 r  pixel_gen_inst/rgb_OBUF[6]_inst_i_1/O
                         net (fo=1, routed)           5.237     5.413    rgb_OBUF[6]
    C15                  OBUF (Prop_obuf_I_O)         3.505     8.918 r  rgb_OBUF[6]_inst/O
                         net (fo=0)                   0.000     8.918    rgb[6]
    C15                                                               r  rgb[6] (OUT)
  -------------------------------------------------------------------    -------------------

Slack:                    inf
  Source:                 pixel_gen_inst/PixelAan_reg/C
                            (rising edge-triggered cell FDRE clocked by clk_25_clkDVIprescaler  {rise@0.000ns fall@20.000ns period=40.000ns})
  Destination:            rgb[4]
                            (output port)
  Path Group:             (none)
  Path Type:              Max at Slow Process Corner
  Data Path Delay:        9.795ns  (logic 4.072ns (41.573%)  route 5.723ns (58.427%))
  Logic Levels:           2  (LUT2=1 OBUF=1)
  Clock Uncertainty:      0.199ns  ((TSJ^2 + DJ^2)^1/2) / 2 + PE
    Total System Jitter     (TSJ):    0.050ns
    Discrete Jitter          (DJ):    0.182ns
    Phase Error              (PE):    0.104ns

    Location             Delay type                Incr(ns)  Path(ns)    Netlist Resource(s)
  -------------------------------------------------------------------    -------------------
                         (clock clk_25_clkDVIprescaler rise edge)
                                                      0.000     0.000 r  
    W5                                                0.000     0.000 r  clk100 (IN)
                         net (fo=0)                   0.000     0.000    prescaler_instance/inst/clk_100
    W5                   IBUF (Prop_ibuf_I_O)         1.458     1.458 r  prescaler_instance/inst/clkin1_ibufg/O
                         net (fo=1, routed)           1.233     2.691    prescaler_instance/inst/clk_100_clkDVIprescaler
    MMCME2_ADV_X1Y0      MMCME2_ADV (Prop_mmcme2_adv_CLKIN1_CLKOUT0)
                                                     -6.961    -4.269 r  prescaler_instance/inst/mmcm_adv_inst/CLKOUT0
                         net (fo=1, routed)           1.661    -2.608    prescaler_instance/inst/clk_25_clkDVIprescaler
    BUFGCTRL_X0Y0        BUFG (Prop_bufg_I_O)         0.096    -2.512 r  prescaler_instance/inst/clkout1_buf/O
                         net (fo=246, routed)         1.571    -0.941    pixel_gen_inst/clk_25
    SLICE_X48Y47         FDRE                                         r  pixel_gen_inst/PixelAan_reg/C
  -------------------------------------------------------------------    -------------------
    SLICE_X48Y47         FDRE (Prop_fdre_C_Q)         0.456    -0.485 r  pixel_gen_inst/PixelAan_reg/Q
                         net (fo=12, routed)          0.697     0.213    pixel_gen_inst/PixelAan
    SLICE_X48Y49         LUT2 (Prop_lut2_I0_O)        0.124     0.337 r  pixel_gen_inst/rgb_OBUF[4]_inst_i_1/O
                         net (fo=1, routed)           5.026     5.363    rgb_OBUF[4]
    C16                  OBUF (Prop_obuf_I_O)         3.492     8.855 r  rgb_OBUF[4]_inst/O
                         net (fo=0)                   0.000     8.855    rgb[4]
    C16                                                               r  rgb[4] (OUT)
  -------------------------------------------------------------------    -------------------

Slack:                    inf
  Source:                 pixel_gen_inst/PixelAan_reg/C
                            (rising edge-triggered cell FDRE clocked by clk_25_clkDVIprescaler  {rise@0.000ns fall@20.000ns period=40.000ns})
  Destination:            rgb[11]
                            (output port)
  Path Group:             (none)
  Path Type:              Max at Slow Process Corner
  Data Path Delay:        8.646ns  (logic 4.350ns (50.311%)  route 4.296ns (49.689%))
  Logic Levels:           2  (LUT2=1 OBUF=1)
  Clock Uncertainty:      0.199ns  ((TSJ^2 + DJ^2)^1/2) / 2 + PE
    Total System Jitter     (TSJ):    0.050ns
    Discrete Jitter          (DJ):    0.182ns
    Phase Error              (PE):    0.104ns

    Location             Delay type                Incr(ns)  Path(ns)    Netlist Resource(s)
  -------------------------------------------------------------------    -------------------
                         (clock clk_25_clkDVIprescaler rise edge)
                                                      0.000     0.000 r  
    W5                                                0.000     0.000 r  clk100 (IN)
                         net (fo=0)                   0.000     0.000    prescaler_instance/inst/clk_100
    W5                   IBUF (Prop_ibuf_I_O)         1.458     1.458 r  prescaler_instance/inst/clkin1_ibufg/O
                         net (fo=1, routed)           1.233     2.691    prescaler_instance/inst/clk_100_clkDVIprescaler
    MMCME2_ADV_X1Y0      MMCME2_ADV (Prop_mmcme2_adv_CLKIN1_CLKOUT0)
                                                     -6.961    -4.269 r  prescaler_instance/inst/mmcm_adv_inst/CLKOUT0
                         net (fo=1, routed)           1.661    -2.608    prescaler_instance/inst/clk_25_clkDVIprescaler
    BUFGCTRL_X0Y0        BUFG (Prop_bufg_I_O)         0.096    -2.512 r  prescaler_instance/inst/clkout1_buf/O
                         net (fo=246, routed)         1.571    -0.941    pixel_gen_inst/clk_25
    SLICE_X48Y47         FDRE                                         r  pixel_gen_inst/PixelAan_reg/C
  -------------------------------------------------------------------    -------------------
    SLICE_X48Y47         FDRE (Prop_fdre_C_Q)         0.456    -0.485 r  pixel_gen_inst/PixelAan_reg/Q
                         net (fo=12, routed)          0.661     0.177    pixel_gen_inst/PixelAan
    SLICE_X49Y47         LUT2 (Prop_lut2_I0_O)        0.149     0.326 r  pixel_gen_inst/rgb_OBUF[11]_inst_i_1/O
                         net (fo=1, routed)           3.635     3.961    rgb_OBUF[11]
    K17                  OBUF (Prop_obuf_I_O)         3.745     7.705 r  rgb_OBUF[11]_inst/O
                         net (fo=0)                   0.000     7.705    rgb[11]
    K17                                                               r  rgb[11] (OUT)
  -------------------------------------------------------------------    -------------------





Min Delay Paths
--------------------------------------------------------------------------------------
Slack:                    inf
  Source:                 prescaler_instance/inst/mmcm_adv_inst/CLKOUT0
                            (clock source 'clk_25_clkDVIprescaler'  {rise@0.000ns fall@20.000ns period=40.000ns})
  Destination:            clk_out
                            (output port)
  Path Group:             (none)
  Path Type:              Min at Fast Process Corner
  Data Path Delay:        2.460ns  (logic 1.235ns (50.196%)  route 1.225ns (49.804%))
  Logic Levels:           2  (BUFG=1 OBUF=1)
  Clock Uncertainty:      0.199ns  ((TSJ^2 + DJ^2)^1/2) / 2 + PE
    Total System Jitter     (TSJ):    0.050ns
    Discrete Jitter          (DJ):    0.182ns
    Phase Error              (PE):    0.104ns

    Location             Delay type                Incr(ns)  Path(ns)    Netlist Resource(s)
  -------------------------------------------------------------------    -------------------
                         (clock clk_25_clkDVIprescaler rise edge)
                                                      0.000     0.000 r  
    W5                                                0.000     0.000 r  clk100 (IN)
                         net (fo=0)                   0.000     0.000    prescaler_instance/inst/clk_100
    W5                   IBUF (Prop_ibuf_I_O)         0.226     0.226 r  prescaler_instance/inst/clkin1_ibufg/O
                         net (fo=1, routed)           0.440     0.667    prescaler_instance/inst/clk_100_clkDVIprescaler
  -------------------------------------------------------------------    -------------------
    MMCME2_ADV_X1Y0      MMCME2_ADV (Prop_mmcme2_adv_CLKIN1_CLKOUT0)
                                                     -2.360    -1.693 r  prescaler_instance/inst/mmcm_adv_inst/CLKOUT0
                         net (fo=1, routed)           0.486    -1.207    prescaler_instance/inst/clk_25_clkDVIprescaler
    BUFGCTRL_X0Y0        BUFG (Prop_bufg_I_O)         0.026    -1.181 r  prescaler_instance/inst/clkout1_buf/O
                         net (fo=246, routed)         0.739    -0.442    clk_out_OBUF
    M18                  OBUF (Prop_obuf_I_O)         1.209     0.767 r  clk_out_OBUF_inst/O
                         net (fo=0)                   0.000     0.767    clk_out
    M18                                                               r  clk_out (OUT)
  -------------------------------------------------------------------    -------------------

Slack:                    inf
  Source:                 dvi_driver_inst/vsync_internal_reg/C
                            (rising edge-triggered cell FDRE clocked by clk_25_clkDVIprescaler  {rise@0.000ns fall@20.000ns period=40.000ns})
  Destination:            vsync
                            (output port)
  Path Group:             (none)
  Path Type:              Min at Fast Process Corner
  Data Path Delay:        2.509ns  (logic 1.343ns (53.509%)  route 1.167ns (46.491%))
  Logic Levels:           1  (OBUF=1)
  Clock Uncertainty:      0.199ns  ((TSJ^2 + DJ^2)^1/2) / 2 + PE
    Total System Jitter     (TSJ):    0.050ns
    Discrete Jitter          (DJ):    0.182ns
    Phase Error              (PE):    0.104ns

    Location             Delay type                Incr(ns)  Path(ns)    Netlist Resource(s)
  -------------------------------------------------------------------    -------------------
                         (clock clk_25_clkDVIprescaler rise edge)
                                                      0.000     0.000 r  
    W5                                                0.000     0.000 r  clk100 (IN)
                         net (fo=0)                   0.000     0.000    prescaler_instance/inst/clk_100
    W5                   IBUF (Prop_ibuf_I_O)         0.226     0.226 r  prescaler_instance/inst/clkin1_ibufg/O
                         net (fo=1, routed)           0.440     0.667    prescaler_instance/inst/clk_100_clkDVIprescaler
    MMCME2_ADV_X1Y0      MMCME2_ADV (Prop_mmcme2_adv_CLKIN1_CLKOUT0)
                                                     -2.360    -1.693 r  prescaler_instance/inst/mmcm_adv_inst/CLKOUT0
                         net (fo=1, routed)           0.486    -1.207    prescaler_instance/inst/clk_25_clkDVIprescaler
    BUFGCTRL_X0Y0        BUFG (Prop_bufg_I_O)         0.026    -1.181 r  prescaler_instance/inst/clkout1_buf/O
                         net (fo=246, routed)         0.564    -0.617    dvi_driver_inst/clk_25
    SLICE_X36Y47         FDRE                                         r  dvi_driver_inst/vsync_internal_reg/C
  -------------------------------------------------------------------    -------------------
    SLICE_X36Y47         FDRE (Prop_fdre_C_Q)         0.141    -0.476 r  dvi_driver_inst/vsync_internal_reg/Q
                         net (fo=1, routed)           1.167     0.690    vsync_OBUF
    R18                  OBUF (Prop_obuf_I_O)         1.202     1.892 r  vsync_OBUF_inst/O
                         net (fo=0)                   0.000     1.892    vsync
    R18                                                               r  vsync (OUT)
  -------------------------------------------------------------------    -------------------

Slack:                    inf
  Source:                 dvi_driver_inst/hsync_internal_reg/C
                            (rising edge-triggered cell FDRE clocked by clk_25_clkDVIprescaler  {rise@0.000ns fall@20.000ns period=40.000ns})
  Destination:            hsync
                            (output port)
  Path Group:             (none)
  Path Type:              Min at Fast Process Corner
  Data Path Delay:        2.523ns  (logic 1.356ns (53.757%)  route 1.167ns (46.243%))
  Logic Levels:           1  (OBUF=1)
  Clock Uncertainty:      0.199ns  ((TSJ^2 + DJ^2)^1/2) / 2 + PE
    Total System Jitter     (TSJ):    0.050ns
    Discrete Jitter          (DJ):    0.182ns
    Phase Error              (PE):    0.104ns

    Location             Delay type                Incr(ns)  Path(ns)    Netlist Resource(s)
  -------------------------------------------------------------------    -------------------
                         (clock clk_25_clkDVIprescaler rise edge)
                                                      0.000     0.000 r  
    W5                                                0.000     0.000 r  clk100 (IN)
                         net (fo=0)                   0.000     0.000    prescaler_instance/inst/clk_100
    W5                   IBUF (Prop_ibuf_I_O)         0.226     0.226 r  prescaler_instance/inst/clkin1_ibufg/O
                         net (fo=1, routed)           0.440     0.667    prescaler_instance/inst/clk_100_clkDVIprescaler
    MMCME2_ADV_X1Y0      MMCME2_ADV (Prop_mmcme2_adv_CLKIN1_CLKOUT0)
                                                     -2.360    -1.693 r  prescaler_instance/inst/mmcm_adv_inst/CLKOUT0
                         net (fo=1, routed)           0.486    -1.207    prescaler_instance/inst/clk_25_clkDVIprescaler
    BUFGCTRL_X0Y0        BUFG (Prop_bufg_I_O)         0.026    -1.181 r  prescaler_instance/inst/clkout1_buf/O
                         net (fo=246, routed)         0.564    -0.617    dvi_driver_inst/clk_25
    SLICE_X36Y48         FDRE                                         r  dvi_driver_inst/hsync_internal_reg/C
  -------------------------------------------------------------------    -------------------
    SLICE_X36Y48         FDRE (Prop_fdre_C_Q)         0.141    -0.476 r  dvi_driver_inst/hsync_internal_reg/Q
                         net (fo=1, routed)           1.167     0.690    hsync_OBUF
    P18                  OBUF (Prop_obuf_I_O)         1.215     1.905 r  hsync_OBUF_inst/O
                         net (fo=0)                   0.000     1.905    hsync
    P18                                                               r  hsync (OUT)
  -------------------------------------------------------------------    -------------------

Slack:                    inf
  Source:                 dvi_driver_inst/DE_internal_reg/C
                            (rising edge-triggered cell FDRE clocked by clk_25_clkDVIprescaler  {rise@0.000ns fall@20.000ns period=40.000ns})
  Destination:            DE
                            (output port)
  Path Group:             (none)
  Path Type:              Min at Fast Process Corner
  Data Path Delay:        2.611ns  (logic 1.362ns (52.151%)  route 1.250ns (47.849%))
  Logic Levels:           1  (OBUF=1)
  Clock Uncertainty:      0.199ns  ((TSJ^2 + DJ^2)^1/2) / 2 + PE
    Total System Jitter     (TSJ):    0.050ns
    Discrete Jitter          (DJ):    0.182ns
    Phase Error              (PE):    0.104ns

    Location             Delay type                Incr(ns)  Path(ns)    Netlist Resource(s)
  -------------------------------------------------------------------    -------------------
                         (clock clk_25_clkDVIprescaler rise edge)
                                                      0.000     0.000 r  
    W5                                                0.000     0.000 r  clk100 (IN)
                         net (fo=0)                   0.000     0.000    prescaler_instance/inst/clk_100
    W5                   IBUF (Prop_ibuf_I_O)         0.226     0.226 r  prescaler_instance/inst/clkin1_ibufg/O
                         net (fo=1, routed)           0.440     0.667    prescaler_instance/inst/clk_100_clkDVIprescaler
    MMCME2_ADV_X1Y0      MMCME2_ADV (Prop_mmcme2_adv_CLKIN1_CLKOUT0)
                                                     -2.360    -1.693 r  prescaler_instance/inst/mmcm_adv_inst/CLKOUT0
                         net (fo=1, routed)           0.486    -1.207    prescaler_instance/inst/clk_25_clkDVIprescaler
    BUFGCTRL_X0Y0        BUFG (Prop_bufg_I_O)         0.026    -1.181 r  prescaler_instance/inst/clkout1_buf/O
                         net (fo=246, routed)         0.562    -0.619    dvi_driver_inst/clk_25
    SLICE_X38Y51         FDRE                                         r  dvi_driver_inst/DE_internal_reg/C
  -------------------------------------------------------------------    -------------------
    SLICE_X38Y51         FDRE (Prop_fdre_C_Q)         0.164    -0.455 r  dvi_driver_inst/DE_internal_reg/Q
                         net (fo=1, routed)           1.250     0.794    DE_OBUF
    P17                  OBUF (Prop_obuf_I_O)         1.198     1.992 r  DE_OBUF_inst/O
                         net (fo=0)                   0.000     1.992    DE
    P17                                                               r  DE (OUT)
  -------------------------------------------------------------------    -------------------

Slack:                    inf
  Source:                 pixel_gen_inst/PixelAan_reg/C
                            (rising edge-triggered cell FDRE clocked by clk_25_clkDVIprescaler  {rise@0.000ns fall@20.000ns period=40.000ns})
  Destination:            rgb[8]
                            (output port)
  Path Group:             (none)
  Path Type:              Min at Fast Process Corner
  Data Path Delay:        2.695ns  (logic 1.380ns (51.199%)  route 1.315ns (48.801%))
  Logic Levels:           2  (LUT2=1 OBUF=1)
  Clock Uncertainty:      0.199ns  ((TSJ^2 + DJ^2)^1/2) / 2 + PE
    Total System Jitter     (TSJ):    0.050ns
    Discrete Jitter          (DJ):    0.182ns
    Phase Error              (PE):    0.104ns

    Location             Delay type                Incr(ns)  Path(ns)    Netlist Resource(s)
  -------------------------------------------------------------------    -------------------
                         (clock clk_25_clkDVIprescaler rise edge)
                                                      0.000     0.000 r  
    W5                                                0.000     0.000 r  clk100 (IN)
                         net (fo=0)                   0.000     0.000    prescaler_instance/inst/clk_100
    W5                   IBUF (Prop_ibuf_I_O)         0.226     0.226 r  prescaler_instance/inst/clkin1_ibufg/O
                         net (fo=1, routed)           0.440     0.667    prescaler_instance/inst/clk_100_clkDVIprescaler
    MMCME2_ADV_X1Y0      MMCME2_ADV (Prop_mmcme2_adv_CLKIN1_CLKOUT0)
                                                     -2.360    -1.693 r  prescaler_instance/inst/mmcm_adv_inst/CLKOUT0
                         net (fo=1, routed)           0.486    -1.207    prescaler_instance/inst/clk_25_clkDVIprescaler
    BUFGCTRL_X0Y0        BUFG (Prop_bufg_I_O)         0.026    -1.181 r  prescaler_instance/inst/clkout1_buf/O
                         net (fo=246, routed)         0.567    -0.614    pixel_gen_inst/clk_25
    SLICE_X48Y47         FDRE                                         r  pixel_gen_inst/PixelAan_reg/C
  -------------------------------------------------------------------    -------------------
    SLICE_X48Y47         FDRE (Prop_fdre_C_Q)         0.141    -0.473 r  pixel_gen_inst/PixelAan_reg/Q
                         net (fo=12, routed)          0.261    -0.213    pixel_gen_inst/PixelAan
    SLICE_X48Y46         LUT2 (Prop_lut2_I0_O)        0.045    -0.168 r  pixel_gen_inst/rgb_OBUF[8]_inst_i_1/O
                         net (fo=1, routed)           1.054     0.887    rgb_OBUF[8]
    N17                  OBUF (Prop_obuf_I_O)         1.194     2.080 r  rgb_OBUF[8]_inst/O
                         net (fo=0)                   0.000     2.080    rgb[8]
    N17                                                               r  rgb[8] (OUT)
  -------------------------------------------------------------------    -------------------

Slack:                    inf
  Source:                 pixel_gen_inst/PixelAan_reg/C
                            (rising edge-triggered cell FDRE clocked by clk_25_clkDVIprescaler  {rise@0.000ns fall@20.000ns period=40.000ns})
  Destination:            rgb[10]
                            (output port)
  Path Group:             (none)
  Path Type:              Min at Fast Process Corner
  Data Path Delay:        2.777ns  (logic 1.418ns (51.052%)  route 1.359ns (48.948%))
  Logic Levels:           2  (LUT2=1 OBUF=1)
  Clock Uncertainty:      0.199ns  ((TSJ^2 + DJ^2)^1/2) / 2 + PE
    Total System Jitter     (TSJ):    0.050ns
    Discrete Jitter          (DJ):    0.182ns
    Phase Error              (PE):    0.104ns

    Location             Delay type                Incr(ns)  Path(ns)    Netlist Resource(s)
  -------------------------------------------------------------------    -------------------
                         (clock clk_25_clkDVIprescaler rise edge)
                                                      0.000     0.000 r  
    W5                                                0.000     0.000 r  clk100 (IN)
                         net (fo=0)                   0.000     0.000    prescaler_instance/inst/clk_100
    W5                   IBUF (Prop_ibuf_I_O)         0.226     0.226 r  prescaler_instance/inst/clkin1_ibufg/O
                         net (fo=1, routed)           0.440     0.667    prescaler_instance/inst/clk_100_clkDVIprescaler
    MMCME2_ADV_X1Y0      MMCME2_ADV (Prop_mmcme2_adv_CLKIN1_CLKOUT0)
                                                     -2.360    -1.693 r  prescaler_instance/inst/mmcm_adv_inst/CLKOUT0
                         net (fo=1, routed)           0.486    -1.207    prescaler_instance/inst/clk_25_clkDVIprescaler
    BUFGCTRL_X0Y0        BUFG (Prop_bufg_I_O)         0.026    -1.181 r  prescaler_instance/inst/clkout1_buf/O
                         net (fo=246, routed)         0.567    -0.614    pixel_gen_inst/clk_25
    SLICE_X48Y47         FDRE                                         r  pixel_gen_inst/PixelAan_reg/C
  -------------------------------------------------------------------    -------------------
    SLICE_X48Y47         FDRE (Prop_fdre_C_Q)         0.141    -0.473 r  pixel_gen_inst/PixelAan_reg/Q
                         net (fo=12, routed)          0.236    -0.237    pixel_gen_inst/PixelAan
    SLICE_X49Y47         LUT2 (Prop_lut2_I0_O)        0.045    -0.192 r  pixel_gen_inst/rgb_OBUF[10]_inst_i_1/O
                         net (fo=1, routed)           1.123     0.931    rgb_OBUF[10]
    L17                  OBUF (Prop_obuf_I_O)         1.232     2.163 r  rgb_OBUF[10]_inst/O
                         net (fo=0)                   0.000     2.163    rgb[10]
    L17                                                               r  rgb[10] (OUT)
  -------------------------------------------------------------------    -------------------

Slack:                    inf
  Source:                 pixel_gen_inst/rgb_out_reg[11]/C
                            (rising edge-triggered cell FDRE clocked by clk_25_clkDVIprescaler  {rise@0.000ns fall@20.000ns period=40.000ns})
  Destination:            rgb[11]
                            (output port)
  Path Group:             (none)
  Path Type:              Min at Fast Process Corner
  Data Path Delay:        2.944ns  (logic 1.495ns (50.777%)  route 1.449ns (49.223%))
  Logic Levels:           2  (LUT2=1 OBUF=1)
  Clock Uncertainty:      0.199ns  ((TSJ^2 + DJ^2)^1/2) / 2 + PE
    Total System Jitter     (TSJ):    0.050ns
    Discrete Jitter          (DJ):    0.182ns
    Phase Error              (PE):    0.104ns

    Location             Delay type                Incr(ns)  Path(ns)    Netlist Resource(s)
  -------------------------------------------------------------------    -------------------
                         (clock clk_25_clkDVIprescaler rise edge)
                                                      0.000     0.000 r  
    W5                                                0.000     0.000 r  clk100 (IN)
                         net (fo=0)                   0.000     0.000    prescaler_instance/inst/clk_100
    W5                   IBUF (Prop_ibuf_I_O)         0.226     0.226 r  prescaler_instance/inst/clkin1_ibufg/O
                         net (fo=1, routed)           0.440     0.667    prescaler_instance/inst/clk_100_clkDVIprescaler
    MMCME2_ADV_X1Y0      MMCME2_ADV (Prop_mmcme2_adv_CLKIN1_CLKOUT0)
                                                     -2.360    -1.693 r  prescaler_instance/inst/mmcm_adv_inst/CLKOUT0
                         net (fo=1, routed)           0.486    -1.207    prescaler_instance/inst/clk_25_clkDVIprescaler
    BUFGCTRL_X0Y0        BUFG (Prop_bufg_I_O)         0.026    -1.181 r  prescaler_instance/inst/clkout1_buf/O
                         net (fo=246, routed)         0.567    -0.614    pixel_gen_inst/clk_25
    SLICE_X49Y47         FDRE                                         r  pixel_gen_inst/rgb_out_reg[11]/C
  -------------------------------------------------------------------    -------------------
    SLICE_X49Y47         FDRE (Prop_fdre_C_Q)         0.141    -0.473 r  pixel_gen_inst/rgb_out_reg[11]/Q
                         net (fo=1, routed)           0.136    -0.337    pixel_gen_inst/rgb_out[11]
    SLICE_X49Y47         LUT2 (Prop_lut2_I1_O)        0.049    -0.288 r  pixel_gen_inst/rgb_OBUF[11]_inst_i_1/O
                         net (fo=1, routed)           1.313     1.025    rgb_OBUF[11]
    K17                  OBUF (Prop_obuf_I_O)         1.305     2.329 r  rgb_OBUF[11]_inst/O
                         net (fo=0)                   0.000     2.329    rgb[11]
    K17                                                               r  rgb[11] (OUT)
  -------------------------------------------------------------------    -------------------

Slack:                    inf
  Source:                 pixel_gen_inst/rgb_out_reg[9]/C
                            (rising edge-triggered cell FDRE clocked by clk_25_clkDVIprescaler  {rise@0.000ns fall@20.000ns period=40.000ns})
  Destination:            rgb[9]
                            (output port)
  Path Group:             (none)
  Path Type:              Min at Fast Process Corner
  Data Path Delay:        2.971ns  (logic 1.469ns (49.445%)  route 1.502ns (50.555%))
  Logic Levels:           2  (LUT2=1 OBUF=1)
  Clock Uncertainty:      0.199ns  ((TSJ^2 + DJ^2)^1/2) / 2 + PE
    Total System Jitter     (TSJ):    0.050ns
    Discrete Jitter          (DJ):    0.182ns
    Phase Error              (PE):    0.104ns

    Location             Delay type                Incr(ns)  Path(ns)    Netlist Resource(s)
  -------------------------------------------------------------------    -------------------
                         (clock clk_25_clkDVIprescaler rise edge)
                                                      0.000     0.000 r  
    W5                                                0.000     0.000 r  clk100 (IN)
                         net (fo=0)                   0.000     0.000    prescaler_instance/inst/clk_100
    W5                   IBUF (Prop_ibuf_I_O)         0.226     0.226 r  prescaler_instance/inst/clkin1_ibufg/O
                         net (fo=1, routed)           0.440     0.667    prescaler_instance/inst/clk_100_clkDVIprescaler
    MMCME2_ADV_X1Y0      MMCME2_ADV (Prop_mmcme2_adv_CLKIN1_CLKOUT0)
                                                     -2.360    -1.693 r  prescaler_instance/inst/mmcm_adv_inst/CLKOUT0
                         net (fo=1, routed)           0.486    -1.207    prescaler_instance/inst/clk_25_clkDVIprescaler
    BUFGCTRL_X0Y0        BUFG (Prop_bufg_I_O)         0.026    -1.181 r  prescaler_instance/inst/clkout1_buf/O
                         net (fo=246, routed)         0.567    -0.614    pixel_gen_inst/clk_25
    SLICE_X51Y47         FDRE                                         r  pixel_gen_inst/rgb_out_reg[9]/C
  -------------------------------------------------------------------    -------------------
    SLICE_X51Y47         FDRE (Prop_fdre_C_Q)         0.141    -0.473 r  pixel_gen_inst/rgb_out_reg[9]/Q
                         net (fo=1, routed)           0.208    -0.266    pixel_gen_inst/rgb_out[9]
    SLICE_X48Y46         LUT2 (Prop_lut2_I1_O)        0.046    -0.220 r  pixel_gen_inst/rgb_OBUF[9]_inst_i_1/O
                         net (fo=1, routed)           1.294     1.075    rgb_OBUF[9]
    M19                  OBUF (Prop_obuf_I_O)         1.282     2.356 r  rgb_OBUF[9]_inst/O
                         net (fo=0)                   0.000     2.356    rgb[9]
    M19                                                               r  rgb[9] (OUT)
  -------------------------------------------------------------------    -------------------

Slack:                    inf
  Source:                 pixel_gen_inst/rgb_out_reg[5]/C
                            (rising edge-triggered cell FDRE clocked by clk_25_clkDVIprescaler  {rise@0.000ns fall@20.000ns period=40.000ns})
  Destination:            rgb[5]
                            (output port)
  Path Group:             (none)
  Path Type:              Min at Fast Process Corner
  Data Path Delay:        3.425ns  (logic 1.457ns (42.544%)  route 1.968ns (57.456%))
  Logic Levels:           2  (LUT2=1 OBUF=1)
  Clock Uncertainty:      0.199ns  ((TSJ^2 + DJ^2)^1/2) / 2 + PE
    Total System Jitter     (TSJ):    0.050ns
    Discrete Jitter          (DJ):    0.182ns
    Phase Error              (PE):    0.104ns

    Location             Delay type                Incr(ns)  Path(ns)    Netlist Resource(s)
  -------------------------------------------------------------------    -------------------
                         (clock clk_25_clkDVIprescaler rise edge)
                                                      0.000     0.000 r  
    W5                                                0.000     0.000 r  clk100 (IN)
                         net (fo=0)                   0.000     0.000    prescaler_instance/inst/clk_100
    W5                   IBUF (Prop_ibuf_I_O)         0.226     0.226 r  prescaler_instance/inst/clkin1_ibufg/O
                         net (fo=1, routed)           0.440     0.667    prescaler_instance/inst/clk_100_clkDVIprescaler
    MMCME2_ADV_X1Y0      MMCME2_ADV (Prop_mmcme2_adv_CLKIN1_CLKOUT0)
                                                     -2.360    -1.693 r  prescaler_instance/inst/mmcm_adv_inst/CLKOUT0
                         net (fo=1, routed)           0.486    -1.207    prescaler_instance/inst/clk_25_clkDVIprescaler
    BUFGCTRL_X0Y0        BUFG (Prop_bufg_I_O)         0.026    -1.181 r  prescaler_instance/inst/clkout1_buf/O
                         net (fo=246, routed)         0.567    -0.614    pixel_gen_inst/clk_25
    SLICE_X49Y49         FDRE                                         r  pixel_gen_inst/rgb_out_reg[5]/C
  -------------------------------------------------------------------    -------------------
    SLICE_X49Y49         FDRE (Prop_fdre_C_Q)         0.141    -0.473 r  pixel_gen_inst/rgb_out_reg[5]/Q
                         net (fo=1, routed)           0.137    -0.336    pixel_gen_inst/rgb_out[5]
    SLICE_X48Y49         LUT2 (Prop_lut2_I1_O)        0.045    -0.291 r  pixel_gen_inst/rgb_OBUF[5]_inst_i_1/O
                         net (fo=1, routed)           1.831     1.540    rgb_OBUF[5]
    B16                  OBUF (Prop_obuf_I_O)         1.271     2.811 r  rgb_OBUF[5]_inst/O
                         net (fo=0)                   0.000     2.811    rgb[5]
    B16                                                               r  rgb[5] (OUT)
  -------------------------------------------------------------------    -------------------

Slack:                    inf
  Source:                 pixel_gen_inst/rgb_out_reg[4]/C
                            (rising edge-triggered cell FDRE clocked by clk_25_clkDVIprescaler  {rise@0.000ns fall@20.000ns period=40.000ns})
  Destination:            rgb[4]
                            (output port)
  Path Group:             (none)
  Path Type:              Min at Fast Process Corner
  Data Path Delay:        3.428ns  (logic 1.402ns (40.906%)  route 2.026ns (59.094%))
  Logic Levels:           2  (LUT2=1 OBUF=1)
  Clock Uncertainty:      0.199ns  ((TSJ^2 + DJ^2)^1/2) / 2 + PE
    Total System Jitter     (TSJ):    0.050ns
    Discrete Jitter          (DJ):    0.182ns
    Phase Error              (PE):    0.104ns

    Location             Delay type                Incr(ns)  Path(ns)    Netlist Resource(s)
  -------------------------------------------------------------------    -------------------
                         (clock clk_25_clkDVIprescaler rise edge)
                                                      0.000     0.000 r  
    W5                                                0.000     0.000 r  clk100 (IN)
                         net (fo=0)                   0.000     0.000    prescaler_instance/inst/clk_100
    W5                   IBUF (Prop_ibuf_I_O)         0.226     0.226 r  prescaler_instance/inst/clkin1_ibufg/O
                         net (fo=1, routed)           0.440     0.667    prescaler_instance/inst/clk_100_clkDVIprescaler
    MMCME2_ADV_X1Y0      MMCME2_ADV (Prop_mmcme2_adv_CLKIN1_CLKOUT0)
                                                     -2.360    -1.693 r  prescaler_instance/inst/mmcm_adv_inst/CLKOUT0
                         net (fo=1, routed)           0.486    -1.207    prescaler_instance/inst/clk_25_clkDVIprescaler
    BUFGCTRL_X0Y0        BUFG (Prop_bufg_I_O)         0.026    -1.181 r  prescaler_instance/inst/clkout1_buf/O
                         net (fo=246, routed)         0.567    -0.614    pixel_gen_inst/clk_25
    SLICE_X50Y48         FDRE                                         r  pixel_gen_inst/rgb_out_reg[4]/C
  -------------------------------------------------------------------    -------------------
    SLICE_X50Y48         FDRE (Prop_fdre_C_Q)         0.164    -0.450 r  pixel_gen_inst/rgb_out_reg[4]/Q
                         net (fo=1, routed)           0.159    -0.291    pixel_gen_inst/rgb_out[4]
    SLICE_X48Y49         LUT2 (Prop_lut2_I1_O)        0.045    -0.246 r  pixel_gen_inst/rgb_OBUF[4]_inst_i_1/O
                         net (fo=1, routed)           1.867     1.621    rgb_OBUF[4]
    C16                  OBUF (Prop_obuf_I_O)         1.193     2.814 r  rgb_OBUF[4]_inst/O
                         net (fo=0)                   0.000     2.814    rgb[4]
    C16                                                               r  rgb[4] (OUT)
  -------------------------------------------------------------------    -------------------





--------------------------------------------------------------------------------------
Path Group:  (none)
From Clock:  clkfbout_clkDVIprescaler
  To Clock:  

Max Delay             1 Endpoint
Min Delay             1 Endpoint
--------------------------------------------------------------------------------------


Max Delay Paths
--------------------------------------------------------------------------------------
Slack:                    inf
  Source:                 prescaler_instance/inst/mmcm_adv_inst/CLKFBOUT
                            (clock source 'clkfbout_clkDVIprescaler'  {rise@0.000ns fall@5.000ns period=10.000ns})
  Destination:            prescaler_instance/inst/mmcm_adv_inst/CLKFBIN
  Path Group:             (none)
  Path Type:              Max at Fast Process Corner
  Data Path Delay:        1.375ns  (logic 0.029ns (2.109%)  route 1.346ns (97.891%))
  Logic Levels:           1  (BUFG=1)
  Clock Uncertainty:      0.156ns  ((TSJ^2 + DJ^2)^1/2) / 2 + PE
    Total System Jitter     (TSJ):    0.050ns
    Discrete Jitter          (DJ):    0.090ns
    Phase Error              (PE):    0.104ns

    Location             Delay type                Incr(ns)  Path(ns)    Netlist Resource(s)
  -------------------------------------------------------------------    -------------------
                         (clock clkfbout_clkDVIprescaler fall edge)
                                                      5.000     5.000 f  
    W5                                                0.000     5.000 f  clk100 (IN)
                         net (fo=0)                   0.000     5.000    prescaler_instance/inst/clk_100
    W5                   IBUF (Prop_ibuf_I_O)         0.414     5.414 f  prescaler_instance/inst/clkin1_ibufg/O
                         net (fo=1, routed)           0.480     5.894    prescaler_instance/inst/clk_100_clkDVIprescaler
  -------------------------------------------------------------------    -------------------
    MMCME2_ADV_X1Y0      MMCME2_ADV (Prop_mmcme2_adv_CLKIN1_CLKFBOUT)
                                                     -3.142     2.752 f  prescaler_instance/inst/mmcm_adv_inst/CLKFBOUT
                         net (fo=1, routed)           0.530     3.282    prescaler_instance/inst/clkfbout_clkDVIprescaler
    BUFGCTRL_X0Y2        BUFG (Prop_bufg_I_O)         0.029     3.311 f  prescaler_instance/inst/clkf_buf/O
                         net (fo=1, routed)           0.817     4.127    prescaler_instance/inst/clkfbout_buf_clkDVIprescaler
    MMCME2_ADV_X1Y0      MMCME2_ADV                                   f  prescaler_instance/inst/mmcm_adv_inst/CLKFBIN
  -------------------------------------------------------------------    -------------------





Min Delay Paths
--------------------------------------------------------------------------------------
Slack:                    inf
  Source:                 prescaler_instance/inst/mmcm_adv_inst/CLKFBOUT
                            (clock source 'clkfbout_clkDVIprescaler'  {rise@0.000ns fall@5.000ns period=10.000ns})
  Destination:            prescaler_instance/inst/mmcm_adv_inst/CLKFBIN
  Path Group:             (none)
  Path Type:              Min at Slow Process Corner
  Data Path Delay:        3.129ns  (logic 0.091ns (2.908%)  route 3.038ns (97.092%))
  Logic Levels:           1  (BUFG=1)
  Clock Uncertainty:      0.156ns  ((TSJ^2 + DJ^2)^1/2) / 2 + PE
    Total System Jitter     (TSJ):    0.050ns
    Discrete Jitter          (DJ):    0.090ns
    Phase Error              (PE):    0.104ns

    Location             Delay type                Incr(ns)  Path(ns)    Netlist Resource(s)
  -------------------------------------------------------------------    -------------------
                         (clock clkfbout_clkDVIprescaler rise edge)
                                                      0.000     0.000 r  
    W5                                                0.000     0.000 r  clk100 (IN)
                         net (fo=0)                   0.000     0.000    prescaler_instance/inst/clk_100
    W5                   IBUF (Prop_ibuf_I_O)         1.388     1.388 r  prescaler_instance/inst/clkin1_ibufg/O
                         net (fo=1, routed)           1.162     2.550    prescaler_instance/inst/clk_100_clkDVIprescaler
  -------------------------------------------------------------------    -------------------
    MMCME2_ADV_X1Y0      MMCME2_ADV (Prop_mmcme2_adv_CLKIN1_CLKFBOUT)
                                                     -7.217    -4.668 r  prescaler_instance/inst/mmcm_adv_inst/CLKFBOUT
                         net (fo=1, routed)           1.581    -3.086    prescaler_instance/inst/clkfbout_clkDVIprescaler
    BUFGCTRL_X0Y2        BUFG (Prop_bufg_I_O)         0.091    -2.995 r  prescaler_instance/inst/clkf_buf/O
                         net (fo=1, routed)           1.457    -1.538    prescaler_instance/inst/clkfbout_buf_clkDVIprescaler
    MMCME2_ADV_X1Y0      MMCME2_ADV                                   r  prescaler_instance/inst/mmcm_adv_inst/CLKFBIN
  -------------------------------------------------------------------    -------------------





--------------------------------------------------------------------------------------
Path Group:  (none)
From Clock:  
  To Clock:  clk_25_clkDVIprescaler

Max Delay            20 Endpoints
Min Delay            20 Endpoints
--------------------------------------------------------------------------------------


Max Delay Paths
--------------------------------------------------------------------------------------
Slack:                    inf
  Source:                 Spi_instance/output_register_reg[8]/C
                            (rising edge-triggered cell FDRE)
  Destination:            pixel_gen_inst/DisplayCharacter_inst/ControlChar_inst/X_Out_reg[8]/D
                            (rising edge-triggered cell FDRE clocked by clk_25_clkDVIprescaler  {rise@0.000ns fall@20.000ns period=40.000ns})
  Path Group:             (none)
  Path Type:              Setup (Max at Slow Process Corner)
  Data Path Delay:        1.142ns  (logic 0.518ns (45.358%)  route 0.624ns (54.642%))
  Logic Levels:           1  (FDRE=1)
  Clock Uncertainty:      0.199ns  ((TSJ^2 + DJ^2)^1/2) / 2 + PE
    Total System Jitter     (TSJ):    0.050ns
    Discrete Jitter          (DJ):    0.182ns
    Phase Error              (PE):    0.104ns

    Location             Delay type                Incr(ns)  Path(ns)    Netlist Resource(s)
  -------------------------------------------------------------------    -------------------
    SLICE_X38Y53         FDRE                         0.000     0.000 r  Spi_instance/output_register_reg[8]/C
    SLICE_X38Y53         FDRE (Prop_fdre_C_Q)         0.518     0.518 r  Spi_instance/output_register_reg[8]/Q
                         net (fo=1, routed)           0.624     1.142    pixel_gen_inst/DisplayCharacter_inst/ControlChar_inst/Y_Out_reg[9]_1[8]
    SLICE_X39Y54         FDRE                                         r  pixel_gen_inst/DisplayCharacter_inst/ControlChar_inst/X_Out_reg[8]/D
  -------------------------------------------------------------------    -------------------

                         (clock clk_25_clkDVIprescaler rise edge)
                                                      0.000     0.000 r  
    W5                                                0.000     0.000 r  clk100 (IN)
                         net (fo=0)                   0.000     0.000    prescaler_instance/inst/clk_100
    W5                   IBUF (Prop_ibuf_I_O)         1.388     1.388 r  prescaler_instance/inst/clkin1_ibufg/O
                         net (fo=1, routed)           1.162     2.550    prescaler_instance/inst/clk_100_clkDVIprescaler
    MMCME2_ADV_X1Y0      MMCME2_ADV (Prop_mmcme2_adv_CLKIN1_CLKOUT0)
                                                     -7.217    -4.668 r  prescaler_instance/inst/mmcm_adv_inst/CLKOUT0
                         net (fo=1, routed)           1.581    -3.086    prescaler_instance/inst/clk_25_clkDVIprescaler
    BUFGCTRL_X0Y0        BUFG (Prop_bufg_I_O)         0.091    -2.995 r  prescaler_instance/inst/clkout1_buf/O
                         net (fo=246, routed)         1.435    -1.561    pixel_gen_inst/DisplayCharacter_inst/ControlChar_inst/clk_25
    SLICE_X39Y54         FDRE                                         r  pixel_gen_inst/DisplayCharacter_inst/ControlChar_inst/X_Out_reg[8]/C

Slack:                    inf
  Source:                 Spi_instance/output_register_reg[5]/C
                            (rising edge-triggered cell FDRE)
  Destination:            pixel_gen_inst/DisplayCharacter_inst/ControlChar_inst/X_Out_reg[5]/D
                            (rising edge-triggered cell FDRE clocked by clk_25_clkDVIprescaler  {rise@0.000ns fall@20.000ns period=40.000ns})
  Path Group:             (none)
  Path Type:              Setup (Max at Slow Process Corner)
  Data Path Delay:        1.140ns  (logic 0.518ns (45.429%)  route 0.622ns (54.571%))
  Logic Levels:           1  (FDRE=1)
  Clock Uncertainty:      0.199ns  ((TSJ^2 + DJ^2)^1/2) / 2 + PE
    Total System Jitter     (TSJ):    0.050ns
    Discrete Jitter          (DJ):    0.182ns
    Phase Error              (PE):    0.104ns

    Location             Delay type                Incr(ns)  Path(ns)    Netlist Resource(s)
  -------------------------------------------------------------------    -------------------
    SLICE_X38Y53         FDRE                         0.000     0.000 r  Spi_instance/output_register_reg[5]/C
    SLICE_X38Y53         FDRE (Prop_fdre_C_Q)         0.518     0.518 r  Spi_instance/output_register_reg[5]/Q
                         net (fo=1, routed)           0.622     1.140    pixel_gen_inst/DisplayCharacter_inst/ControlChar_inst/Y_Out_reg[9]_1[5]
    SLICE_X39Y53         FDRE                                         r  pixel_gen_inst/DisplayCharacter_inst/ControlChar_inst/X_Out_reg[5]/D
  -------------------------------------------------------------------    -------------------

                         (clock clk_25_clkDVIprescaler rise edge)
                                                      0.000     0.000 r  
    W5                                                0.000     0.000 r  clk100 (IN)
                         net (fo=0)                   0.000     0.000    prescaler_instance/inst/clk_100
    W5                   IBUF (Prop_ibuf_I_O)         1.388     1.388 r  prescaler_instance/inst/clkin1_ibufg/O
                         net (fo=1, routed)           1.162     2.550    prescaler_instance/inst/clk_100_clkDVIprescaler
    MMCME2_ADV_X1Y0      MMCME2_ADV (Prop_mmcme2_adv_CLKIN1_CLKOUT0)
                                                     -7.217    -4.668 r  prescaler_instance/inst/mmcm_adv_inst/CLKOUT0
                         net (fo=1, routed)           1.581    -3.086    prescaler_instance/inst/clk_25_clkDVIprescaler
    BUFGCTRL_X0Y0        BUFG (Prop_bufg_I_O)         0.091    -2.995 r  prescaler_instance/inst/clkout1_buf/O
                         net (fo=246, routed)         1.435    -1.561    pixel_gen_inst/DisplayCharacter_inst/ControlChar_inst/clk_25
    SLICE_X39Y53         FDRE                                         r  pixel_gen_inst/DisplayCharacter_inst/ControlChar_inst/X_Out_reg[5]/C

Slack:                    inf
  Source:                 Spi_instance/output_register_reg[7]/C
                            (rising edge-triggered cell FDRE)
  Destination:            pixel_gen_inst/DisplayCharacter_inst/ControlChar_inst/X_Out_reg[7]/D
                            (rising edge-triggered cell FDRE clocked by clk_25_clkDVIprescaler  {rise@0.000ns fall@20.000ns period=40.000ns})
  Path Group:             (none)
  Path Type:              Setup (Max at Slow Process Corner)
  Data Path Delay:        1.136ns  (logic 0.518ns (45.589%)  route 0.618ns (54.411%))
  Logic Levels:           1  (FDRE=1)
  Clock Uncertainty:      0.199ns  ((TSJ^2 + DJ^2)^1/2) / 2 + PE
    Total System Jitter     (TSJ):    0.050ns
    Discrete Jitter          (DJ):    0.182ns
    Phase Error              (PE):    0.104ns

    Location             Delay type                Incr(ns)  Path(ns)    Netlist Resource(s)
  -------------------------------------------------------------------    -------------------
    SLICE_X38Y53         FDRE                         0.000     0.000 r  Spi_instance/output_register_reg[7]/C
    SLICE_X38Y53         FDRE (Prop_fdre_C_Q)         0.518     0.518 r  Spi_instance/output_register_reg[7]/Q
                         net (fo=1, routed)           0.618     1.136    pixel_gen_inst/DisplayCharacter_inst/ControlChar_inst/Y_Out_reg[9]_1[7]
    SLICE_X39Y53         FDRE                                         r  pixel_gen_inst/DisplayCharacter_inst/ControlChar_inst/X_Out_reg[7]/D
  -------------------------------------------------------------------    -------------------

                         (clock clk_25_clkDVIprescaler rise edge)
                                                      0.000     0.000 r  
    W5                                                0.000     0.000 r  clk100 (IN)
                         net (fo=0)                   0.000     0.000    prescaler_instance/inst/clk_100
    W5                   IBUF (Prop_ibuf_I_O)         1.388     1.388 r  prescaler_instance/inst/clkin1_ibufg/O
                         net (fo=1, routed)           1.162     2.550    prescaler_instance/inst/clk_100_clkDVIprescaler
    MMCME2_ADV_X1Y0      MMCME2_ADV (Prop_mmcme2_adv_CLKIN1_CLKOUT0)
                                                     -7.217    -4.668 r  prescaler_instance/inst/mmcm_adv_inst/CLKOUT0
                         net (fo=1, routed)           1.581    -3.086    prescaler_instance/inst/clk_25_clkDVIprescaler
    BUFGCTRL_X0Y0        BUFG (Prop_bufg_I_O)         0.091    -2.995 r  prescaler_instance/inst/clkout1_buf/O
                         net (fo=246, routed)         1.435    -1.561    pixel_gen_inst/DisplayCharacter_inst/ControlChar_inst/clk_25
    SLICE_X39Y53         FDRE                                         r  pixel_gen_inst/DisplayCharacter_inst/ControlChar_inst/X_Out_reg[7]/C

Slack:                    inf
  Source:                 Spi_instance/output_register_reg[21]/C
                            (rising edge-triggered cell FDRE)
  Destination:            pixel_gen_inst/DisplayCharacter_inst/ControlChar_inst/Y_Out_reg[5]/D
                            (rising edge-triggered cell FDRE clocked by clk_25_clkDVIprescaler  {rise@0.000ns fall@20.000ns period=40.000ns})
  Path Group:             (none)
  Path Type:              Setup (Max at Slow Process Corner)
  Data Path Delay:        1.103ns  (logic 0.456ns (41.339%)  route 0.647ns (58.661%))
  Logic Levels:           1  (FDRE=1)
  Clock Uncertainty:      0.199ns  ((TSJ^2 + DJ^2)^1/2) / 2 + PE
    Total System Jitter     (TSJ):    0.050ns
    Discrete Jitter          (DJ):    0.182ns
    Phase Error              (PE):    0.104ns

    Location             Delay type                Incr(ns)  Path(ns)    Netlist Resource(s)
  -------------------------------------------------------------------    -------------------
    SLICE_X41Y56         FDRE                         0.000     0.000 r  Spi_instance/output_register_reg[21]/C
    SLICE_X41Y56         FDRE (Prop_fdre_C_Q)         0.456     0.456 r  Spi_instance/output_register_reg[21]/Q
                         net (fo=1, routed)           0.647     1.103    pixel_gen_inst/DisplayCharacter_inst/ControlChar_inst/Y_Out_reg[9]_1[15]
    SLICE_X41Y55         FDRE                                         r  pixel_gen_inst/DisplayCharacter_inst/ControlChar_inst/Y_Out_reg[5]/D
  -------------------------------------------------------------------    -------------------

                         (clock clk_25_clkDVIprescaler rise edge)
                                                      0.000     0.000 r  
    W5                                                0.000     0.000 r  clk100 (IN)
                         net (fo=0)                   0.000     0.000    prescaler_instance/inst/clk_100
    W5                   IBUF (Prop_ibuf_I_O)         1.388     1.388 r  prescaler_instance/inst/clkin1_ibufg/O
                         net (fo=1, routed)           1.162     2.550    prescaler_instance/inst/clk_100_clkDVIprescaler
    MMCME2_ADV_X1Y0      MMCME2_ADV (Prop_mmcme2_adv_CLKIN1_CLKOUT0)
                                                     -7.217    -4.668 r  prescaler_instance/inst/mmcm_adv_inst/CLKOUT0
                         net (fo=1, routed)           1.581    -3.086    prescaler_instance/inst/clk_25_clkDVIprescaler
    BUFGCTRL_X0Y0        BUFG (Prop_bufg_I_O)         0.091    -2.995 r  prescaler_instance/inst/clkout1_buf/O
                         net (fo=246, routed)         1.437    -1.559    pixel_gen_inst/DisplayCharacter_inst/ControlChar_inst/clk_25
    SLICE_X41Y55         FDRE                                         r  pixel_gen_inst/DisplayCharacter_inst/ControlChar_inst/Y_Out_reg[5]/C

Slack:                    inf
  Source:                 Spi_instance/output_register_reg[3]/C
                            (rising edge-triggered cell FDRE)
  Destination:            pixel_gen_inst/DisplayCharacter_inst/ControlChar_inst/X_Out_reg[3]/D
                            (rising edge-triggered cell FDRE clocked by clk_25_clkDVIprescaler  {rise@0.000ns fall@20.000ns period=40.000ns})
  Path Group:             (none)
  Path Type:              Setup (Max at Slow Process Corner)
  Data Path Delay:        1.080ns  (logic 0.456ns (42.205%)  route 0.624ns (57.795%))
  Logic Levels:           1  (FDRE=1)
  Clock Uncertainty:      0.199ns  ((TSJ^2 + DJ^2)^1/2) / 2 + PE
    Total System Jitter     (TSJ):    0.050ns
    Discrete Jitter          (DJ):    0.182ns
    Phase Error              (PE):    0.104ns

    Location             Delay type                Incr(ns)  Path(ns)    Netlist Resource(s)
  -------------------------------------------------------------------    -------------------
    SLICE_X36Y54         FDRE                         0.000     0.000 r  Spi_instance/output_register_reg[3]/C
    SLICE_X36Y54         FDRE (Prop_fdre_C_Q)         0.456     0.456 r  Spi_instance/output_register_reg[3]/Q
                         net (fo=1, routed)           0.624     1.080    pixel_gen_inst/DisplayCharacter_inst/ControlChar_inst/Y_Out_reg[9]_1[3]
    SLICE_X37Y54         FDRE                                         r  pixel_gen_inst/DisplayCharacter_inst/ControlChar_inst/X_Out_reg[3]/D
  -------------------------------------------------------------------    -------------------

                         (clock clk_25_clkDVIprescaler rise edge)
                                                      0.000     0.000 r  
    W5                                                0.000     0.000 r  clk100 (IN)
                         net (fo=0)                   0.000     0.000    prescaler_instance/inst/clk_100
    W5                   IBUF (Prop_ibuf_I_O)         1.388     1.388 r  prescaler_instance/inst/clkin1_ibufg/O
                         net (fo=1, routed)           1.162     2.550    prescaler_instance/inst/clk_100_clkDVIprescaler
    MMCME2_ADV_X1Y0      MMCME2_ADV (Prop_mmcme2_adv_CLKIN1_CLKOUT0)
                                                     -7.217    -4.668 r  prescaler_instance/inst/mmcm_adv_inst/CLKOUT0
                         net (fo=1, routed)           1.581    -3.086    prescaler_instance/inst/clk_25_clkDVIprescaler
    BUFGCTRL_X0Y0        BUFG (Prop_bufg_I_O)         0.091    -2.995 r  prescaler_instance/inst/clkout1_buf/O
                         net (fo=246, routed)         1.435    -1.561    pixel_gen_inst/DisplayCharacter_inst/ControlChar_inst/clk_25
    SLICE_X37Y54         FDRE                                         r  pixel_gen_inst/DisplayCharacter_inst/ControlChar_inst/X_Out_reg[3]/C

Slack:                    inf
  Source:                 Spi_instance/output_register_reg[9]/C
                            (rising edge-triggered cell FDRE)
  Destination:            pixel_gen_inst/DisplayCharacter_inst/ControlChar_inst/X_Out_reg[9]/D
                            (rising edge-triggered cell FDRE clocked by clk_25_clkDVIprescaler  {rise@0.000ns fall@20.000ns period=40.000ns})
  Path Group:             (none)
  Path Type:              Setup (Max at Slow Process Corner)
  Data Path Delay:        1.076ns  (logic 0.456ns (42.390%)  route 0.620ns (57.610%))
  Logic Levels:           1  (FDRE=1)
  Clock Uncertainty:      0.199ns  ((TSJ^2 + DJ^2)^1/2) / 2 + PE
    Total System Jitter     (TSJ):    0.050ns
    Discrete Jitter          (DJ):    0.182ns
    Phase Error              (PE):    0.104ns

    Location             Delay type                Incr(ns)  Path(ns)    Netlist Resource(s)
  -------------------------------------------------------------------    -------------------
    SLICE_X36Y54         FDRE                         0.000     0.000 r  Spi_instance/output_register_reg[9]/C
    SLICE_X36Y54         FDRE (Prop_fdre_C_Q)         0.456     0.456 r  Spi_instance/output_register_reg[9]/Q
                         net (fo=1, routed)           0.620     1.076    pixel_gen_inst/DisplayCharacter_inst/ControlChar_inst/Y_Out_reg[9]_1[9]
    SLICE_X37Y54         FDRE                                         r  pixel_gen_inst/DisplayCharacter_inst/ControlChar_inst/X_Out_reg[9]/D
  -------------------------------------------------------------------    -------------------

                         (clock clk_25_clkDVIprescaler rise edge)
                                                      0.000     0.000 r  
    W5                                                0.000     0.000 r  clk100 (IN)
                         net (fo=0)                   0.000     0.000    prescaler_instance/inst/clk_100
    W5                   IBUF (Prop_ibuf_I_O)         1.388     1.388 r  prescaler_instance/inst/clkin1_ibufg/O
                         net (fo=1, routed)           1.162     2.550    prescaler_instance/inst/clk_100_clkDVIprescaler
    MMCME2_ADV_X1Y0      MMCME2_ADV (Prop_mmcme2_adv_CLKIN1_CLKOUT0)
                                                     -7.217    -4.668 r  prescaler_instance/inst/mmcm_adv_inst/CLKOUT0
                         net (fo=1, routed)           1.581    -3.086    prescaler_instance/inst/clk_25_clkDVIprescaler
    BUFGCTRL_X0Y0        BUFG (Prop_bufg_I_O)         0.091    -2.995 r  prescaler_instance/inst/clkout1_buf/O
                         net (fo=246, routed)         1.435    -1.561    pixel_gen_inst/DisplayCharacter_inst/ControlChar_inst/clk_25
    SLICE_X37Y54         FDRE                                         r  pixel_gen_inst/DisplayCharacter_inst/ControlChar_inst/X_Out_reg[9]/C

Slack:                    inf
  Source:                 Spi_instance/output_register_reg[6]/C
                            (rising edge-triggered cell FDRE)
  Destination:            pixel_gen_inst/DisplayCharacter_inst/ControlChar_inst/X_Out_reg[6]/D
                            (rising edge-triggered cell FDRE clocked by clk_25_clkDVIprescaler  {rise@0.000ns fall@20.000ns period=40.000ns})
  Path Group:             (none)
  Path Type:              Setup (Max at Slow Process Corner)
  Data Path Delay:        1.037ns  (logic 0.518ns (49.939%)  route 0.519ns (50.061%))
  Logic Levels:           1  (FDRE=1)
  Clock Uncertainty:      0.199ns  ((TSJ^2 + DJ^2)^1/2) / 2 + PE
    Total System Jitter     (TSJ):    0.050ns
    Discrete Jitter          (DJ):    0.182ns
    Phase Error              (PE):    0.104ns

    Location             Delay type                Incr(ns)  Path(ns)    Netlist Resource(s)
  -------------------------------------------------------------------    -------------------
    SLICE_X38Y53         FDRE                         0.000     0.000 r  Spi_instance/output_register_reg[6]/C
    SLICE_X38Y53         FDRE (Prop_fdre_C_Q)         0.518     0.518 r  Spi_instance/output_register_reg[6]/Q
                         net (fo=1, routed)           0.519     1.037    pixel_gen_inst/DisplayCharacter_inst/ControlChar_inst/Y_Out_reg[9]_1[6]
    SLICE_X39Y53         FDRE                                         r  pixel_gen_inst/DisplayCharacter_inst/ControlChar_inst/X_Out_reg[6]/D
  -------------------------------------------------------------------    -------------------

                         (clock clk_25_clkDVIprescaler rise edge)
                                                      0.000     0.000 r  
    W5                                                0.000     0.000 r  clk100 (IN)
                         net (fo=0)                   0.000     0.000    prescaler_instance/inst/clk_100
    W5                   IBUF (Prop_ibuf_I_O)         1.388     1.388 r  prescaler_instance/inst/clkin1_ibufg/O
                         net (fo=1, routed)           1.162     2.550    prescaler_instance/inst/clk_100_clkDVIprescaler
    MMCME2_ADV_X1Y0      MMCME2_ADV (Prop_mmcme2_adv_CLKIN1_CLKOUT0)
                                                     -7.217    -4.668 r  prescaler_instance/inst/mmcm_adv_inst/CLKOUT0
                         net (fo=1, routed)           1.581    -3.086    prescaler_instance/inst/clk_25_clkDVIprescaler
    BUFGCTRL_X0Y0        BUFG (Prop_bufg_I_O)         0.091    -2.995 r  prescaler_instance/inst/clkout1_buf/O
                         net (fo=246, routed)         1.435    -1.561    pixel_gen_inst/DisplayCharacter_inst/ControlChar_inst/clk_25
    SLICE_X39Y53         FDRE                                         r  pixel_gen_inst/DisplayCharacter_inst/ControlChar_inst/X_Out_reg[6]/C

Slack:                    inf
  Source:                 Spi_instance/output_register_reg[2]/C
                            (rising edge-triggered cell FDRE)
  Destination:            pixel_gen_inst/DisplayCharacter_inst/ControlChar_inst/X_Out_reg[2]/D
                            (rising edge-triggered cell FDRE clocked by clk_25_clkDVIprescaler  {rise@0.000ns fall@20.000ns period=40.000ns})
  Path Group:             (none)
  Path Type:              Setup (Max at Slow Process Corner)
  Data Path Delay:        1.008ns  (logic 0.419ns (41.575%)  route 0.589ns (58.425%))
  Logic Levels:           1  (FDRE=1)
  Clock Uncertainty:      0.199ns  ((TSJ^2 + DJ^2)^1/2) / 2 + PE
    Total System Jitter     (TSJ):    0.050ns
    Discrete Jitter          (DJ):    0.182ns
    Phase Error              (PE):    0.104ns

    Location             Delay type                Incr(ns)  Path(ns)    Netlist Resource(s)
  -------------------------------------------------------------------    -------------------
    SLICE_X40Y55         FDRE                         0.000     0.000 r  Spi_instance/output_register_reg[2]/C
    SLICE_X40Y55         FDRE (Prop_fdre_C_Q)         0.419     0.419 r  Spi_instance/output_register_reg[2]/Q
                         net (fo=1, routed)           0.589     1.008    pixel_gen_inst/DisplayCharacter_inst/ControlChar_inst/Y_Out_reg[9]_1[2]
    SLICE_X41Y55         FDRE                                         r  pixel_gen_inst/DisplayCharacter_inst/ControlChar_inst/X_Out_reg[2]/D
  -------------------------------------------------------------------    -------------------

                         (clock clk_25_clkDVIprescaler rise edge)
                                                      0.000     0.000 r  
    W5                                                0.000     0.000 r  clk100 (IN)
                         net (fo=0)                   0.000     0.000    prescaler_instance/inst/clk_100
    W5                   IBUF (Prop_ibuf_I_O)         1.388     1.388 r  prescaler_instance/inst/clkin1_ibufg/O
                         net (fo=1, routed)           1.162     2.550    prescaler_instance/inst/clk_100_clkDVIprescaler
    MMCME2_ADV_X1Y0      MMCME2_ADV (Prop_mmcme2_adv_CLKIN1_CLKOUT0)
                                                     -7.217    -4.668 r  prescaler_instance/inst/mmcm_adv_inst/CLKOUT0
                         net (fo=1, routed)           1.581    -3.086    prescaler_instance/inst/clk_25_clkDVIprescaler
    BUFGCTRL_X0Y0        BUFG (Prop_bufg_I_O)         0.091    -2.995 r  prescaler_instance/inst/clkout1_buf/O
                         net (fo=246, routed)         1.437    -1.559    pixel_gen_inst/DisplayCharacter_inst/ControlChar_inst/clk_25
    SLICE_X41Y55         FDRE                                         r  pixel_gen_inst/DisplayCharacter_inst/ControlChar_inst/X_Out_reg[2]/C

Slack:                    inf
  Source:                 Spi_instance/output_register_reg[18]/C
                            (rising edge-triggered cell FDRE)
  Destination:            pixel_gen_inst/DisplayCharacter_inst/ControlChar_inst/Y_Out_reg[2]/D
                            (rising edge-triggered cell FDRE clocked by clk_25_clkDVIprescaler  {rise@0.000ns fall@20.000ns period=40.000ns})
  Path Group:             (none)
  Path Type:              Setup (Max at Slow Process Corner)
  Data Path Delay:        0.994ns  (logic 0.456ns (45.871%)  route 0.538ns (54.129%))
  Logic Levels:           1  (FDRE=1)
  Clock Uncertainty:      0.199ns  ((TSJ^2 + DJ^2)^1/2) / 2 + PE
    Total System Jitter     (TSJ):    0.050ns
    Discrete Jitter          (DJ):    0.182ns
    Phase Error              (PE):    0.104ns

    Location             Delay type                Incr(ns)  Path(ns)    Netlist Resource(s)
  -------------------------------------------------------------------    -------------------
    SLICE_X40Y55         FDRE                         0.000     0.000 r  Spi_instance/output_register_reg[18]/C
    SLICE_X40Y55         FDRE (Prop_fdre_C_Q)         0.456     0.456 r  Spi_instance/output_register_reg[18]/Q
                         net (fo=1, routed)           0.538     0.994    pixel_gen_inst/DisplayCharacter_inst/ControlChar_inst/Y_Out_reg[9]_1[12]
    SLICE_X37Y55         FDRE                                         r  pixel_gen_inst/DisplayCharacter_inst/ControlChar_inst/Y_Out_reg[2]/D
  -------------------------------------------------------------------    -------------------

                         (clock clk_25_clkDVIprescaler rise edge)
                                                      0.000     0.000 r  
    W5                                                0.000     0.000 r  clk100 (IN)
                         net (fo=0)                   0.000     0.000    prescaler_instance/inst/clk_100
    W5                   IBUF (Prop_ibuf_I_O)         1.388     1.388 r  prescaler_instance/inst/clkin1_ibufg/O
                         net (fo=1, routed)           1.162     2.550    prescaler_instance/inst/clk_100_clkDVIprescaler
    MMCME2_ADV_X1Y0      MMCME2_ADV (Prop_mmcme2_adv_CLKIN1_CLKOUT0)
                                                     -7.217    -4.668 r  prescaler_instance/inst/mmcm_adv_inst/CLKOUT0
                         net (fo=1, routed)           1.581    -3.086    prescaler_instance/inst/clk_25_clkDVIprescaler
    BUFGCTRL_X0Y0        BUFG (Prop_bufg_I_O)         0.091    -2.995 r  prescaler_instance/inst/clkout1_buf/O
                         net (fo=246, routed)         1.435    -1.561    pixel_gen_inst/DisplayCharacter_inst/ControlChar_inst/clk_25
    SLICE_X37Y55         FDRE                                         r  pixel_gen_inst/DisplayCharacter_inst/ControlChar_inst/Y_Out_reg[2]/C

Slack:                    inf
  Source:                 Spi_instance/output_register_reg[23]/C
                            (rising edge-triggered cell FDRE)
  Destination:            pixel_gen_inst/DisplayCharacter_inst/ControlChar_inst/Y_Out_reg[7]/D
                            (rising edge-triggered cell FDRE clocked by clk_25_clkDVIprescaler  {rise@0.000ns fall@20.000ns period=40.000ns})
  Path Group:             (none)
  Path Type:              Setup (Max at Slow Process Corner)
  Data Path Delay:        0.987ns  (logic 0.456ns (46.196%)  route 0.531ns (53.804%))
  Logic Levels:           1  (FDRE=1)
  Clock Uncertainty:      0.199ns  ((TSJ^2 + DJ^2)^1/2) / 2 + PE
    Total System Jitter     (TSJ):    0.050ns
    Discrete Jitter          (DJ):    0.182ns
    Phase Error              (PE):    0.104ns

    Location             Delay type                Incr(ns)  Path(ns)    Netlist Resource(s)
  -------------------------------------------------------------------    -------------------
    SLICE_X40Y56         FDRE                         0.000     0.000 r  Spi_instance/output_register_reg[23]/C
    SLICE_X40Y56         FDRE (Prop_fdre_C_Q)         0.456     0.456 r  Spi_instance/output_register_reg[23]/Q
                         net (fo=1, routed)           0.531     0.987    pixel_gen_inst/DisplayCharacter_inst/ControlChar_inst/Y_Out_reg[9]_1[17]
    SLICE_X41Y55         FDRE                                         r  pixel_gen_inst/DisplayCharacter_inst/ControlChar_inst/Y_Out_reg[7]/D
  -------------------------------------------------------------------    -------------------

                         (clock clk_25_clkDVIprescaler rise edge)
                                                      0.000     0.000 r  
    W5                                                0.000     0.000 r  clk100 (IN)
                         net (fo=0)                   0.000     0.000    prescaler_instance/inst/clk_100
    W5                   IBUF (Prop_ibuf_I_O)         1.388     1.388 r  prescaler_instance/inst/clkin1_ibufg/O
                         net (fo=1, routed)           1.162     2.550    prescaler_instance/inst/clk_100_clkDVIprescaler
    MMCME2_ADV_X1Y0      MMCME2_ADV (Prop_mmcme2_adv_CLKIN1_CLKOUT0)
                                                     -7.217    -4.668 r  prescaler_instance/inst/mmcm_adv_inst/CLKOUT0
                         net (fo=1, routed)           1.581    -3.086    prescaler_instance/inst/clk_25_clkDVIprescaler
    BUFGCTRL_X0Y0        BUFG (Prop_bufg_I_O)         0.091    -2.995 r  prescaler_instance/inst/clkout1_buf/O
                         net (fo=246, routed)         1.437    -1.559    pixel_gen_inst/DisplayCharacter_inst/ControlChar_inst/clk_25
    SLICE_X41Y55         FDRE                                         r  pixel_gen_inst/DisplayCharacter_inst/ControlChar_inst/Y_Out_reg[7]/C





Min Delay Paths
--------------------------------------------------------------------------------------
Slack:                    inf
  Source:                 Spi_instance/output_register_reg[19]/C
                            (rising edge-triggered cell FDRE)
  Destination:            pixel_gen_inst/DisplayCharacter_inst/ControlChar_inst/Y_Out_reg[3]/D
                            (rising edge-triggered cell FDRE clocked by clk_25_clkDVIprescaler  {rise@0.000ns fall@20.000ns period=40.000ns})
  Path Group:             (none)
  Path Type:              Hold (Min at Fast Process Corner)
  Data Path Delay:        0.192ns  (logic 0.141ns (73.465%)  route 0.051ns (26.535%))
  Logic Levels:           1  (FDRE=1)
  Clock Uncertainty:      0.199ns  ((TSJ^2 + DJ^2)^1/2) / 2 + PE
    Total System Jitter     (TSJ):    0.050ns
    Discrete Jitter          (DJ):    0.182ns
    Phase Error              (PE):    0.104ns

    Location             Delay type                Incr(ns)  Path(ns)    Netlist Resource(s)
  -------------------------------------------------------------------    -------------------
    SLICE_X40Y55         FDRE                         0.000     0.000 r  Spi_instance/output_register_reg[19]/C
    SLICE_X40Y55         FDRE (Prop_fdre_C_Q)         0.141     0.141 r  Spi_instance/output_register_reg[19]/Q
                         net (fo=1, routed)           0.051     0.192    pixel_gen_inst/DisplayCharacter_inst/ControlChar_inst/Y_Out_reg[9]_1[13]
    SLICE_X41Y55         FDRE                                         r  pixel_gen_inst/DisplayCharacter_inst/ControlChar_inst/Y_Out_reg[3]/D
  -------------------------------------------------------------------    -------------------

                         (clock clk_25_clkDVIprescaler rise edge)
                                                      0.000     0.000 r  
    W5                                                0.000     0.000 r  clk100 (IN)
                         net (fo=0)                   0.000     0.000    prescaler_instance/inst/clk_100
    W5                   IBUF (Prop_ibuf_I_O)         0.414     0.414 r  prescaler_instance/inst/clkin1_ibufg/O
                         net (fo=1, routed)           0.480     0.894    prescaler_instance/inst/clk_100_clkDVIprescaler
    MMCME2_ADV_X1Y0      MMCME2_ADV (Prop_mmcme2_adv_CLKIN1_CLKOUT0)
                                                     -3.142    -2.248 r  prescaler_instance/inst/mmcm_adv_inst/CLKOUT0
                         net (fo=1, routed)           0.530    -1.718    prescaler_instance/inst/clk_25_clkDVIprescaler
    BUFGCTRL_X0Y0        BUFG (Prop_bufg_I_O)         0.029    -1.689 r  prescaler_instance/inst/clkout1_buf/O
                         net (fo=246, routed)         0.831    -0.859    pixel_gen_inst/DisplayCharacter_inst/ControlChar_inst/clk_25
    SLICE_X41Y55         FDRE                                         r  pixel_gen_inst/DisplayCharacter_inst/ControlChar_inst/Y_Out_reg[3]/C

Slack:                    inf
  Source:                 Spi_instance/output_register_reg[1]/C
                            (rising edge-triggered cell FDRE)
  Destination:            pixel_gen_inst/DisplayCharacter_inst/ControlChar_inst/X_Out_reg[1]/D
                            (rising edge-triggered cell FDRE clocked by clk_25_clkDVIprescaler  {rise@0.000ns fall@20.000ns period=40.000ns})
  Path Group:             (none)
  Path Type:              Hold (Min at Fast Process Corner)
  Data Path Delay:        0.195ns  (logic 0.141ns (72.325%)  route 0.054ns (27.675%))
  Logic Levels:           1  (FDRE=1)
  Clock Uncertainty:      0.199ns  ((TSJ^2 + DJ^2)^1/2) / 2 + PE
    Total System Jitter     (TSJ):    0.050ns
    Discrete Jitter          (DJ):    0.182ns
    Phase Error              (PE):    0.104ns

    Location             Delay type                Incr(ns)  Path(ns)    Netlist Resource(s)
  -------------------------------------------------------------------    -------------------
    SLICE_X40Y55         FDRE                         0.000     0.000 r  Spi_instance/output_register_reg[1]/C
    SLICE_X40Y55         FDRE (Prop_fdre_C_Q)         0.141     0.141 r  Spi_instance/output_register_reg[1]/Q
                         net (fo=1, routed)           0.054     0.195    pixel_gen_inst/DisplayCharacter_inst/ControlChar_inst/Y_Out_reg[9]_1[1]
    SLICE_X41Y55         FDRE                                         r  pixel_gen_inst/DisplayCharacter_inst/ControlChar_inst/X_Out_reg[1]/D
  -------------------------------------------------------------------    -------------------

                         (clock clk_25_clkDVIprescaler rise edge)
                                                      0.000     0.000 r  
    W5                                                0.000     0.000 r  clk100 (IN)
                         net (fo=0)                   0.000     0.000    prescaler_instance/inst/clk_100
    W5                   IBUF (Prop_ibuf_I_O)         0.414     0.414 r  prescaler_instance/inst/clkin1_ibufg/O
                         net (fo=1, routed)           0.480     0.894    prescaler_instance/inst/clk_100_clkDVIprescaler
    MMCME2_ADV_X1Y0      MMCME2_ADV (Prop_mmcme2_adv_CLKIN1_CLKOUT0)
                                                     -3.142    -2.248 r  prescaler_instance/inst/mmcm_adv_inst/CLKOUT0
                         net (fo=1, routed)           0.530    -1.718    prescaler_instance/inst/clk_25_clkDVIprescaler
    BUFGCTRL_X0Y0        BUFG (Prop_bufg_I_O)         0.029    -1.689 r  prescaler_instance/inst/clkout1_buf/O
                         net (fo=246, routed)         0.831    -0.859    pixel_gen_inst/DisplayCharacter_inst/ControlChar_inst/clk_25
    SLICE_X41Y55         FDRE                                         r  pixel_gen_inst/DisplayCharacter_inst/ControlChar_inst/X_Out_reg[1]/C

Slack:                    inf
  Source:                 Spi_instance/output_register_reg[17]/C
                            (rising edge-triggered cell FDRE)
  Destination:            pixel_gen_inst/DisplayCharacter_inst/ControlChar_inst/Y_Out_reg[1]/D
                            (rising edge-triggered cell FDRE clocked by clk_25_clkDVIprescaler  {rise@0.000ns fall@20.000ns period=40.000ns})
  Path Group:             (none)
  Path Type:              Hold (Min at Fast Process Corner)
  Data Path Delay:        0.251ns  (logic 0.141ns (56.174%)  route 0.110ns (43.826%))
  Logic Levels:           1  (FDRE=1)
  Clock Uncertainty:      0.199ns  ((TSJ^2 + DJ^2)^1/2) / 2 + PE
    Total System Jitter     (TSJ):    0.050ns
    Discrete Jitter          (DJ):    0.182ns
    Phase Error              (PE):    0.104ns

    Location             Delay type                Incr(ns)  Path(ns)    Netlist Resource(s)
  -------------------------------------------------------------------    -------------------
    SLICE_X41Y56         FDRE                         0.000     0.000 r  Spi_instance/output_register_reg[17]/C
    SLICE_X41Y56         FDRE (Prop_fdre_C_Q)         0.141     0.141 r  Spi_instance/output_register_reg[17]/Q
                         net (fo=1, routed)           0.110     0.251    pixel_gen_inst/DisplayCharacter_inst/ControlChar_inst/Y_Out_reg[9]_1[11]
    SLICE_X40Y57         FDRE                                         r  pixel_gen_inst/DisplayCharacter_inst/ControlChar_inst/Y_Out_reg[1]/D
  -------------------------------------------------------------------    -------------------

                         (clock clk_25_clkDVIprescaler rise edge)
                                                      0.000     0.000 r  
    W5                                                0.000     0.000 r  clk100 (IN)
                         net (fo=0)                   0.000     0.000    prescaler_instance/inst/clk_100
    W5                   IBUF (Prop_ibuf_I_O)         0.414     0.414 r  prescaler_instance/inst/clkin1_ibufg/O
                         net (fo=1, routed)           0.480     0.894    prescaler_instance/inst/clk_100_clkDVIprescaler
    MMCME2_ADV_X1Y0      MMCME2_ADV (Prop_mmcme2_adv_CLKIN1_CLKOUT0)
                                                     -3.142    -2.248 r  prescaler_instance/inst/mmcm_adv_inst/CLKOUT0
                         net (fo=1, routed)           0.530    -1.718    prescaler_instance/inst/clk_25_clkDVIprescaler
    BUFGCTRL_X0Y0        BUFG (Prop_bufg_I_O)         0.029    -1.689 r  prescaler_instance/inst/clkout1_buf/O
                         net (fo=246, routed)         0.830    -0.860    pixel_gen_inst/DisplayCharacter_inst/ControlChar_inst/clk_25
    SLICE_X40Y57         FDRE                                         r  pixel_gen_inst/DisplayCharacter_inst/ControlChar_inst/Y_Out_reg[1]/C

Slack:                    inf
  Source:                 Spi_instance/output_register_reg[20]/C
                            (rising edge-triggered cell FDRE)
  Destination:            pixel_gen_inst/DisplayCharacter_inst/ControlChar_inst/Y_Out_reg[4]/D
                            (rising edge-triggered cell FDRE clocked by clk_25_clkDVIprescaler  {rise@0.000ns fall@20.000ns period=40.000ns})
  Path Group:             (none)
  Path Type:              Hold (Min at Fast Process Corner)
  Data Path Delay:        0.252ns  (logic 0.141ns (55.952%)  route 0.111ns (44.048%))
  Logic Levels:           1  (FDRE=1)
  Clock Uncertainty:      0.199ns  ((TSJ^2 + DJ^2)^1/2) / 2 + PE
    Total System Jitter     (TSJ):    0.050ns
    Discrete Jitter          (DJ):    0.182ns
    Phase Error              (PE):    0.104ns

    Location             Delay type                Incr(ns)  Path(ns)    Netlist Resource(s)
  -------------------------------------------------------------------    -------------------
    SLICE_X40Y55         FDRE                         0.000     0.000 r  Spi_instance/output_register_reg[20]/C
    SLICE_X40Y55         FDRE (Prop_fdre_C_Q)         0.141     0.141 r  Spi_instance/output_register_reg[20]/Q
                         net (fo=1, routed)           0.111     0.252    pixel_gen_inst/DisplayCharacter_inst/ControlChar_inst/Y_Out_reg[9]_1[14]
    SLICE_X41Y55         FDRE                                         r  pixel_gen_inst/DisplayCharacter_inst/ControlChar_inst/Y_Out_reg[4]/D
  -------------------------------------------------------------------    -------------------

                         (clock clk_25_clkDVIprescaler rise edge)
                                                      0.000     0.000 r  
    W5                                                0.000     0.000 r  clk100 (IN)
                         net (fo=0)                   0.000     0.000    prescaler_instance/inst/clk_100
    W5                   IBUF (Prop_ibuf_I_O)         0.414     0.414 r  prescaler_instance/inst/clkin1_ibufg/O
                         net (fo=1, routed)           0.480     0.894    prescaler_instance/inst/clk_100_clkDVIprescaler
    MMCME2_ADV_X1Y0      MMCME2_ADV (Prop_mmcme2_adv_CLKIN1_CLKOUT0)
                                                     -3.142    -2.248 r  prescaler_instance/inst/mmcm_adv_inst/CLKOUT0
                         net (fo=1, routed)           0.530    -1.718    prescaler_instance/inst/clk_25_clkDVIprescaler
    BUFGCTRL_X0Y0        BUFG (Prop_bufg_I_O)         0.029    -1.689 r  prescaler_instance/inst/clkout1_buf/O
                         net (fo=246, routed)         0.831    -0.859    pixel_gen_inst/DisplayCharacter_inst/ControlChar_inst/clk_25
    SLICE_X41Y55         FDRE                                         r  pixel_gen_inst/DisplayCharacter_inst/ControlChar_inst/Y_Out_reg[4]/C

Slack:                    inf
  Source:                 Spi_instance/output_register_reg[25]/C
                            (rising edge-triggered cell FDRE)
  Destination:            pixel_gen_inst/DisplayCharacter_inst/ControlChar_inst/Y_Out_reg[9]/D
                            (rising edge-triggered cell FDRE clocked by clk_25_clkDVIprescaler  {rise@0.000ns fall@20.000ns period=40.000ns})
  Path Group:             (none)
  Path Type:              Hold (Min at Fast Process Corner)
  Data Path Delay:        0.254ns  (logic 0.141ns (55.549%)  route 0.113ns (44.451%))
  Logic Levels:           1  (FDRE=1)
  Clock Uncertainty:      0.199ns  ((TSJ^2 + DJ^2)^1/2) / 2 + PE
    Total System Jitter     (TSJ):    0.050ns
    Discrete Jitter          (DJ):    0.182ns
    Phase Error              (PE):    0.104ns

    Location             Delay type                Incr(ns)  Path(ns)    Netlist Resource(s)
  -------------------------------------------------------------------    -------------------
    SLICE_X40Y56         FDRE                         0.000     0.000 r  Spi_instance/output_register_reg[25]/C
    SLICE_X40Y56         FDRE (Prop_fdre_C_Q)         0.141     0.141 r  Spi_instance/output_register_reg[25]/Q
                         net (fo=1, routed)           0.113     0.254    pixel_gen_inst/DisplayCharacter_inst/ControlChar_inst/Y_Out_reg[9]_1[19]
    SLICE_X41Y55         FDRE                                         r  pixel_gen_inst/DisplayCharacter_inst/ControlChar_inst/Y_Out_reg[9]/D
  -------------------------------------------------------------------    -------------------

                         (clock clk_25_clkDVIprescaler rise edge)
                                                      0.000     0.000 r  
    W5                                                0.000     0.000 r  clk100 (IN)
                         net (fo=0)                   0.000     0.000    prescaler_instance/inst/clk_100
    W5                   IBUF (Prop_ibuf_I_O)         0.414     0.414 r  prescaler_instance/inst/clkin1_ibufg/O
                         net (fo=1, routed)           0.480     0.894    prescaler_instance/inst/clk_100_clkDVIprescaler
    MMCME2_ADV_X1Y0      MMCME2_ADV (Prop_mmcme2_adv_CLKIN1_CLKOUT0)
                                                     -3.142    -2.248 r  prescaler_instance/inst/mmcm_adv_inst/CLKOUT0
                         net (fo=1, routed)           0.530    -1.718    prescaler_instance/inst/clk_25_clkDVIprescaler
    BUFGCTRL_X0Y0        BUFG (Prop_bufg_I_O)         0.029    -1.689 r  prescaler_instance/inst/clkout1_buf/O
                         net (fo=246, routed)         0.831    -0.859    pixel_gen_inst/DisplayCharacter_inst/ControlChar_inst/clk_25
    SLICE_X41Y55         FDRE                                         r  pixel_gen_inst/DisplayCharacter_inst/ControlChar_inst/Y_Out_reg[9]/C

Slack:                    inf
  Source:                 Spi_instance/output_register_reg[24]/C
                            (rising edge-triggered cell FDRE)
  Destination:            pixel_gen_inst/DisplayCharacter_inst/ControlChar_inst/Y_Out_reg[8]/D
                            (rising edge-triggered cell FDRE clocked by clk_25_clkDVIprescaler  {rise@0.000ns fall@20.000ns period=40.000ns})
  Path Group:             (none)
  Path Type:              Hold (Min at Fast Process Corner)
  Data Path Delay:        0.256ns  (logic 0.141ns (55.109%)  route 0.115ns (44.891%))
  Logic Levels:           1  (FDRE=1)
  Clock Uncertainty:      0.199ns  ((TSJ^2 + DJ^2)^1/2) / 2 + PE
    Total System Jitter     (TSJ):    0.050ns
    Discrete Jitter          (DJ):    0.182ns
    Phase Error              (PE):    0.104ns

    Location             Delay type                Incr(ns)  Path(ns)    Netlist Resource(s)
  -------------------------------------------------------------------    -------------------
    SLICE_X40Y56         FDRE                         0.000     0.000 r  Spi_instance/output_register_reg[24]/C
    SLICE_X40Y56         FDRE (Prop_fdre_C_Q)         0.141     0.141 r  Spi_instance/output_register_reg[24]/Q
                         net (fo=1, routed)           0.115     0.256    pixel_gen_inst/DisplayCharacter_inst/ControlChar_inst/Y_Out_reg[9]_1[18]
    SLICE_X40Y57         FDRE                                         r  pixel_gen_inst/DisplayCharacter_inst/ControlChar_inst/Y_Out_reg[8]/D
  -------------------------------------------------------------------    -------------------

                         (clock clk_25_clkDVIprescaler rise edge)
                                                      0.000     0.000 r  
    W5                                                0.000     0.000 r  clk100 (IN)
                         net (fo=0)                   0.000     0.000    prescaler_instance/inst/clk_100
    W5                   IBUF (Prop_ibuf_I_O)         0.414     0.414 r  prescaler_instance/inst/clkin1_ibufg/O
                         net (fo=1, routed)           0.480     0.894    prescaler_instance/inst/clk_100_clkDVIprescaler
    MMCME2_ADV_X1Y0      MMCME2_ADV (Prop_mmcme2_adv_CLKIN1_CLKOUT0)
                                                     -3.142    -2.248 r  prescaler_instance/inst/mmcm_adv_inst/CLKOUT0
                         net (fo=1, routed)           0.530    -1.718    prescaler_instance/inst/clk_25_clkDVIprescaler
    BUFGCTRL_X0Y0        BUFG (Prop_bufg_I_O)         0.029    -1.689 r  prescaler_instance/inst/clkout1_buf/O
                         net (fo=246, routed)         0.830    -0.860    pixel_gen_inst/DisplayCharacter_inst/ControlChar_inst/clk_25
    SLICE_X40Y57         FDRE                                         r  pixel_gen_inst/DisplayCharacter_inst/ControlChar_inst/Y_Out_reg[8]/C

Slack:                    inf
  Source:                 Spi_instance/output_register_reg[22]/C
                            (rising edge-triggered cell FDRE)
  Destination:            pixel_gen_inst/DisplayCharacter_inst/ControlChar_inst/Y_Out_reg[6]/D
                            (rising edge-triggered cell FDRE clocked by clk_25_clkDVIprescaler  {rise@0.000ns fall@20.000ns period=40.000ns})
  Path Group:             (none)
  Path Type:              Hold (Min at Fast Process Corner)
  Data Path Delay:        0.257ns  (logic 0.141ns (54.953%)  route 0.116ns (45.047%))
  Logic Levels:           1  (FDRE=1)
  Clock Uncertainty:      0.199ns  ((TSJ^2 + DJ^2)^1/2) / 2 + PE
    Total System Jitter     (TSJ):    0.050ns
    Discrete Jitter          (DJ):    0.182ns
    Phase Error              (PE):    0.104ns

    Location             Delay type                Incr(ns)  Path(ns)    Netlist Resource(s)
  -------------------------------------------------------------------    -------------------
    SLICE_X40Y56         FDRE                         0.000     0.000 r  Spi_instance/output_register_reg[22]/C
    SLICE_X40Y56         FDRE (Prop_fdre_C_Q)         0.141     0.141 r  Spi_instance/output_register_reg[22]/Q
                         net (fo=1, routed)           0.116     0.257    pixel_gen_inst/DisplayCharacter_inst/ControlChar_inst/Y_Out_reg[9]_1[16]
    SLICE_X41Y55         FDRE                                         r  pixel_gen_inst/DisplayCharacter_inst/ControlChar_inst/Y_Out_reg[6]/D
  -------------------------------------------------------------------    -------------------

                         (clock clk_25_clkDVIprescaler rise edge)
                                                      0.000     0.000 r  
    W5                                                0.000     0.000 r  clk100 (IN)
                         net (fo=0)                   0.000     0.000    prescaler_instance/inst/clk_100
    W5                   IBUF (Prop_ibuf_I_O)         0.414     0.414 r  prescaler_instance/inst/clkin1_ibufg/O
                         net (fo=1, routed)           0.480     0.894    prescaler_instance/inst/clk_100_clkDVIprescaler
    MMCME2_ADV_X1Y0      MMCME2_ADV (Prop_mmcme2_adv_CLKIN1_CLKOUT0)
                                                     -3.142    -2.248 r  prescaler_instance/inst/mmcm_adv_inst/CLKOUT0
                         net (fo=1, routed)           0.530    -1.718    prescaler_instance/inst/clk_25_clkDVIprescaler
    BUFGCTRL_X0Y0        BUFG (Prop_bufg_I_O)         0.029    -1.689 r  prescaler_instance/inst/clkout1_buf/O
                         net (fo=246, routed)         0.831    -0.859    pixel_gen_inst/DisplayCharacter_inst/ControlChar_inst/clk_25
    SLICE_X41Y55         FDRE                                         r  pixel_gen_inst/DisplayCharacter_inst/ControlChar_inst/Y_Out_reg[6]/C

Slack:                    inf
  Source:                 Spi_instance/output_register_reg[4]/C
                            (rising edge-triggered cell FDRE)
  Destination:            pixel_gen_inst/DisplayCharacter_inst/ControlChar_inst/X_Out_reg[4]/D
                            (rising edge-triggered cell FDRE clocked by clk_25_clkDVIprescaler  {rise@0.000ns fall@20.000ns period=40.000ns})
  Path Group:             (none)
  Path Type:              Hold (Min at Fast Process Corner)
  Data Path Delay:        0.313ns  (logic 0.141ns (45.034%)  route 0.172ns (54.966%))
  Logic Levels:           1  (FDRE=1)
  Clock Uncertainty:      0.199ns  ((TSJ^2 + DJ^2)^1/2) / 2 + PE
    Total System Jitter     (TSJ):    0.050ns
    Discrete Jitter          (DJ):    0.182ns
    Phase Error              (PE):    0.104ns

    Location             Delay type                Incr(ns)  Path(ns)    Netlist Resource(s)
  -------------------------------------------------------------------    -------------------
    SLICE_X36Y54         FDRE                         0.000     0.000 r  Spi_instance/output_register_reg[4]/C
    SLICE_X36Y54         FDRE (Prop_fdre_C_Q)         0.141     0.141 r  Spi_instance/output_register_reg[4]/Q
                         net (fo=1, routed)           0.172     0.313    pixel_gen_inst/DisplayCharacter_inst/ControlChar_inst/Y_Out_reg[9]_1[4]
    SLICE_X37Y54         FDRE                                         r  pixel_gen_inst/DisplayCharacter_inst/ControlChar_inst/X_Out_reg[4]/D
  -------------------------------------------------------------------    -------------------

                         (clock clk_25_clkDVIprescaler rise edge)
                                                      0.000     0.000 r  
    W5                                                0.000     0.000 r  clk100 (IN)
                         net (fo=0)                   0.000     0.000    prescaler_instance/inst/clk_100
    W5                   IBUF (Prop_ibuf_I_O)         0.414     0.414 r  prescaler_instance/inst/clkin1_ibufg/O
                         net (fo=1, routed)           0.480     0.894    prescaler_instance/inst/clk_100_clkDVIprescaler
    MMCME2_ADV_X1Y0      MMCME2_ADV (Prop_mmcme2_adv_CLKIN1_CLKOUT0)
                                                     -3.142    -2.248 r  prescaler_instance/inst/mmcm_adv_inst/CLKOUT0
                         net (fo=1, routed)           0.530    -1.718    prescaler_instance/inst/clk_25_clkDVIprescaler
    BUFGCTRL_X0Y0        BUFG (Prop_bufg_I_O)         0.029    -1.689 r  prescaler_instance/inst/clkout1_buf/O
                         net (fo=246, routed)         0.829    -0.860    pixel_gen_inst/DisplayCharacter_inst/ControlChar_inst/clk_25
    SLICE_X37Y54         FDRE                                         r  pixel_gen_inst/DisplayCharacter_inst/ControlChar_inst/X_Out_reg[4]/C

Slack:                    inf
  Source:                 Spi_instance/output_register_reg[23]/C
                            (rising edge-triggered cell FDRE)
  Destination:            pixel_gen_inst/DisplayCharacter_inst/ControlChar_inst/Y_Out_reg[7]/D
                            (rising edge-triggered cell FDRE clocked by clk_25_clkDVIprescaler  {rise@0.000ns fall@20.000ns period=40.000ns})
  Path Group:             (none)
  Path Type:              Hold (Min at Fast Process Corner)
  Data Path Delay:        0.316ns  (logic 0.141ns (44.606%)  route 0.175ns (55.394%))
  Logic Levels:           1  (FDRE=1)
  Clock Uncertainty:      0.199ns  ((TSJ^2 + DJ^2)^1/2) / 2 + PE
    Total System Jitter     (TSJ):    0.050ns
    Discrete Jitter          (DJ):    0.182ns
    Phase Error              (PE):    0.104ns

    Location             Delay type                Incr(ns)  Path(ns)    Netlist Resource(s)
  -------------------------------------------------------------------    -------------------
    SLICE_X40Y56         FDRE                         0.000     0.000 r  Spi_instance/output_register_reg[23]/C
    SLICE_X40Y56         FDRE (Prop_fdre_C_Q)         0.141     0.141 r  Spi_instance/output_register_reg[23]/Q
                         net (fo=1, routed)           0.175     0.316    pixel_gen_inst/DisplayCharacter_inst/ControlChar_inst/Y_Out_reg[9]_1[17]
    SLICE_X41Y55         FDRE                                         r  pixel_gen_inst/DisplayCharacter_inst/ControlChar_inst/Y_Out_reg[7]/D
  -------------------------------------------------------------------    -------------------

                         (clock clk_25_clkDVIprescaler rise edge)
                                                      0.000     0.000 r  
    W5                                                0.000     0.000 r  clk100 (IN)
                         net (fo=0)                   0.000     0.000    prescaler_instance/inst/clk_100
    W5                   IBUF (Prop_ibuf_I_O)         0.414     0.414 r  prescaler_instance/inst/clkin1_ibufg/O
                         net (fo=1, routed)           0.480     0.894    prescaler_instance/inst/clk_100_clkDVIprescaler
    MMCME2_ADV_X1Y0      MMCME2_ADV (Prop_mmcme2_adv_CLKIN1_CLKOUT0)
                                                     -3.142    -2.248 r  prescaler_instance/inst/mmcm_adv_inst/CLKOUT0
                         net (fo=1, routed)           0.530    -1.718    prescaler_instance/inst/clk_25_clkDVIprescaler
    BUFGCTRL_X0Y0        BUFG (Prop_bufg_I_O)         0.029    -1.689 r  prescaler_instance/inst/clkout1_buf/O
                         net (fo=246, routed)         0.831    -0.859    pixel_gen_inst/DisplayCharacter_inst/ControlChar_inst/clk_25
    SLICE_X41Y55         FDRE                                         r  pixel_gen_inst/DisplayCharacter_inst/ControlChar_inst/Y_Out_reg[7]/C

Slack:                    inf
  Source:                 Spi_instance/output_register_reg[0]/C
                            (rising edge-triggered cell FDRE)
  Destination:            pixel_gen_inst/DisplayCharacter_inst/ControlChar_inst/X_Out_reg[0]/D
                            (rising edge-triggered cell FDRE clocked by clk_25_clkDVIprescaler  {rise@0.000ns fall@20.000ns period=40.000ns})
  Path Group:             (none)
  Path Type:              Hold (Min at Fast Process Corner)
  Data Path Delay:        0.318ns  (logic 0.141ns (44.409%)  route 0.177ns (55.591%))
  Logic Levels:           1  (FDRE=1)
  Clock Uncertainty:      0.199ns  ((TSJ^2 + DJ^2)^1/2) / 2 + PE
    Total System Jitter     (TSJ):    0.050ns
    Discrete Jitter          (DJ):    0.182ns
    Phase Error              (PE):    0.104ns

    Location             Delay type                Incr(ns)  Path(ns)    Netlist Resource(s)
  -------------------------------------------------------------------    -------------------
    SLICE_X41Y56         FDRE                         0.000     0.000 r  Spi_instance/output_register_reg[0]/C
    SLICE_X41Y56         FDRE (Prop_fdre_C_Q)         0.141     0.141 r  Spi_instance/output_register_reg[0]/Q
                         net (fo=1, routed)           0.177     0.318    pixel_gen_inst/DisplayCharacter_inst/ControlChar_inst/Y_Out_reg[9]_1[0]
    SLICE_X42Y56         FDRE                                         r  pixel_gen_inst/DisplayCharacter_inst/ControlChar_inst/X_Out_reg[0]/D
  -------------------------------------------------------------------    -------------------

                         (clock clk_25_clkDVIprescaler rise edge)
                                                      0.000     0.000 r  
    W5                                                0.000     0.000 r  clk100 (IN)
                         net (fo=0)                   0.000     0.000    prescaler_instance/inst/clk_100
    W5                   IBUF (Prop_ibuf_I_O)         0.414     0.414 r  prescaler_instance/inst/clkin1_ibufg/O
                         net (fo=1, routed)           0.480     0.894    prescaler_instance/inst/clk_100_clkDVIprescaler
    MMCME2_ADV_X1Y0      MMCME2_ADV (Prop_mmcme2_adv_CLKIN1_CLKOUT0)
                                                     -3.142    -2.248 r  prescaler_instance/inst/mmcm_adv_inst/CLKOUT0
                         net (fo=1, routed)           0.530    -1.718    prescaler_instance/inst/clk_25_clkDVIprescaler
    BUFGCTRL_X0Y0        BUFG (Prop_bufg_I_O)         0.029    -1.689 r  prescaler_instance/inst/clkout1_buf/O
                         net (fo=246, routed)         0.831    -0.859    pixel_gen_inst/DisplayCharacter_inst/ControlChar_inst/clk_25
    SLICE_X42Y56         FDRE                                         r  pixel_gen_inst/DisplayCharacter_inst/ControlChar_inst/X_Out_reg[0]/C





