#-----------------------------------------------------------
# Vivado v2024.1 (64-bit)
# SW Build 5076996 on Wed May 22 18:37:14 MDT 2024
# IP Build 5075265 on Wed May 22 21:45:21 MDT 2024
# SharedData Build 5076995 on Wed May 22 18:29:18 MDT 2024
# Start of session at: Mon Jan  6 12:42:00 2025
# Process ID: 14604
# Current directory: C:/Users/Julien/AppData/Roaming/Xilinx/Vivado
# Command line: vivado.exe -gui_launcher_event rodinguilauncherevent14584
# Log file: C:/Users/Julien/AppData/Roaming/Xilinx/Vivado/vivado.log
# Journal file: C:/Users/Julien/AppData/Roaming/Xilinx/Vivado\vivado.jou
# Running On        :JulienPC
# Platform          :Windows Server 2016 or Windows 10
# Operating System  :22631
# Processor Detail  :13th Gen Intel(R) Core(TM) i7-13700H
# CPU Frequency     :2918 MHz
# CPU Physical cores:14
# CPU Logical cores :20
# Host memory       :16907 MB
# Swap memory       :3087 MB
# Total Virtual     :19994 MB
# Available Virtual :11657 MB
#----------------------------------------------------------start_gui
WARNING: [Board 49-26] cannot add Board Part xilinx.com:k24c:part0:1.0 available at C:/Xilinx/Vivado/2024.1/data/xhub/boards/XilinxBoardStore/boards/Xilinx/k24c/1.0/board.xml as part xck24-ubva530-2lv-c specified in board_part file is either invalid or not available
WARNING: [Board 49-26] cannot add Board Part xilinx.com:k24i:part0:1.0 available at C:/Xilinx/Vivado/2024.1/data/xhub/boards/XilinxBoardStore/boards/Xilinx/k24i/1.0/board.xml as part xck24-ubva530-2lvi-i specified in board_part file is either invalid or not available
WARNING: [Board 49-26] cannot add Board Part xilinx.com:k26c:part0:1.2 available at C:/Xilinx/Vivado/2024.1/data/xhub/boards/XilinxBoardStore/boards/Xilinx/k26c/1.2/board.xml as part xck26-sfvc784-2lv-c specified in board_part file is either invalid or not available
WARNING: [Board 49-26] cannot add Board Part xilinx.com:k26c:part0:1.3 available at C:/Xilinx/Vivado/2024.1/data/xhub/boards/XilinxBoardStore/boards/Xilinx/k26c/1.3/board.xml as part xck26-sfvc784-2lv-c specified in board_part file is either invalid or not available
WARNING: [Board 49-26] cannot add Board Part xilinx.com:k26c:part0:1.4 available at C:/Xilinx/Vivado/2024.1/data/xhub/boards/XilinxBoardStore/boards/Xilinx/k26c/1.4/board.xml as part xck26-sfvc784-2lv-c specified in board_part file is either invalid or not available
WARNING: [Board 49-26] cannot add Board Part xilinx.com:k26i:part0:1.2 available at C:/Xilinx/Vivado/2024.1/data/xhub/boards/XilinxBoardStore/boards/Xilinx/k26i/1.2/board.xml as part xck26-sfvc784-2lvi-i specified in board_part file is either invalid or not available
WARNING: [Board 49-26] cannot add Board Part xilinx.com:k26i:part0:1.3 available at C:/Xilinx/Vivado/2024.1/data/xhub/boards/XilinxBoardStore/boards/Xilinx/k26i/1.3/board.xml as part xck26-sfvc784-2lvi-i specified in board_part file is either invalid or not available
WARNING: [Board 49-26] cannot add Board Part xilinx.com:k26i:part0:1.4 available at C:/Xilinx/Vivado/2024.1/data/xhub/boards/XilinxBoardStore/boards/Xilinx/k26i/1.4/board.xml as part xck26-sfvc784-2lvi-i specified in board_part file is either invalid or not available
WARNING: [Board 49-26] cannot add Board Part xilinx.com:kc705:part0:1.6 available at C:/Xilinx/Vivado/2024.1/data/xhub/boards/XilinxBoardStore/boards/Xilinx/kc705/1.6/board.xml as part xc7k325tffg900-2 specified in board_part file is either invalid or not available
WARNING: [Board 49-26] cannot add Board Part xilinx.com:kcu105:part0:1.6 available at C:/Xilinx/Vivado/2024.1/data/xhub/boards/XilinxBoardStore/boards/Xilinx/kcu105/1.6/board.xml as part xcku040-ffva1156-2-e specified in board_part file is either invalid or not available
WARNING: [Board 49-26] cannot add Board Part xilinx.com:kcu105:part0:1.7 available at C:/Xilinx/Vivado/2024.1/data/xhub/boards/XilinxBoardStore/boards/Xilinx/kcu105/1.7/board.xml as part xcku040-ffva1156-2-e specified in board_part file is either invalid or not available
WARNING: [Board 49-26] cannot add Board Part xilinx.com:kcu116:part0:1.4 available at C:/Xilinx/Vivado/2024.1/data/xhub/boards/XilinxBoardStore/boards/Xilinx/kcu116/1.4/board.xml as part xcku5p-ffvb676-2-e specified in board_part file is either invalid or not available
WARNING: [Board 49-26] cannot add Board Part xilinx.com:kcu116:part0:1.5 available at C:/Xilinx/Vivado/2024.1/data/xhub/boards/XilinxBoardStore/boards/Xilinx/kcu116/1.5/board.xml as part xcku5p-ffvb676-2-e specified in board_part file is either invalid or not available
WARNING: [Board 49-26] cannot add Board Part xilinx.com:kcu1500:part0:1.2 available at C:/Xilinx/Vivado/2024.1/data/xhub/boards/XilinxBoardStore/boards/Xilinx/kcu1500/1.2/board.xml as part xcku115-flvb2104-2-e specified in board_part file is either invalid or not available
WARNING: [Board 49-26] cannot add Board Part xilinx.com:kd240_som:part0:1.0 available at C:/Xilinx/Vivado/2024.1/data/xhub/boards/XilinxBoardStore/boards/Xilinx/kd240_som/1.0/board.xml as part xck24-ubva530-2lv-c specified in board_part file is either invalid or not available
WARNING: [Board 49-26] cannot add Board Part xilinx.com:kr260_som:part0:1.0 available at C:/Xilinx/Vivado/2024.1/data/xhub/boards/XilinxBoardStore/boards/Xilinx/kr260_som/1.0/board.xml as part xck26-sfvc784-2lv-c specified in board_part file is either invalid or not available
WARNING: [Board 49-26] cannot add Board Part xilinx.com:kr260_som:part0:1.1 available at C:/Xilinx/Vivado/2024.1/data/xhub/boards/XilinxBoardStore/boards/Xilinx/kr260_som/1.1/board.xml as part xck26-sfvc784-2lv-c specified in board_part file is either invalid or not available
WARNING: [Board 49-26] cannot add Board Part xilinx.com:kv260_som:part0:1.2 available at C:/Xilinx/Vivado/2024.1/data/xhub/boards/XilinxBoardStore/boards/Xilinx/kv260_som/1.2/board.xml as part xck26-sfvc784-2lv-c specified in board_part file is either invalid or not available
WARNING: [Board 49-26] cannot add Board Part xilinx.com:kv260_som:part0:1.3 available at C:/Xilinx/Vivado/2024.1/data/xhub/boards/XilinxBoardStore/boards/Xilinx/kv260_som/1.3/board.xml as part xck26-sfvc784-2lv-c specified in board_part file is either invalid or not available
WARNING: [Board 49-26] cannot add Board Part xilinx.com:kv260_som:part0:1.4 available at C:/Xilinx/Vivado/2024.1/data/xhub/boards/XilinxBoardStore/boards/Xilinx/kv260_som/1.4/board.xml as part xck26-sfvc784-2lv-c specified in board_part file is either invalid or not available
WARNING: [Board 49-26] cannot add Board Part xilinx.com:sp701:part0:1.0 available at C:/Xilinx/Vivado/2024.1/data/xhub/boards/XilinxBoardStore/boards/Xilinx/sp701/1.0/board.xml as part xc7s100fgga676-2 specified in board_part file is either invalid or not available
WARNING: [Board 49-26] cannot add Board Part xilinx.com:sp701:part0:1.1 available at C:/Xilinx/Vivado/2024.1/data/xhub/boards/XilinxBoardStore/boards/Xilinx/sp701/1.1/board.xml as part xc7s100fgga676-2 specified in board_part file is either invalid or not available
WARNING: [Board 49-26] cannot add Board Part xilinx.com:vc707:part0:1.4 available at C:/Xilinx/Vivado/2024.1/data/xhub/boards/XilinxBoardStore/boards/Xilinx/vc707/1.4/board.xml as part xc7vx485tffg1761-2 specified in board_part file is either invalid or not available
WARNING: [Board 49-26] cannot add Board Part xilinx.com:vc709:part0:1.8 available at C:/Xilinx/Vivado/2024.1/data/xhub/boards/XilinxBoardStore/boards/Xilinx/vc709/1.8/board.xml as part xc7vx690tffg1761-2 specified in board_part file is either invalid or not available
WARNING: [Board 49-26] cannot add Board Part xilinx.com:vck190:part0:2.2 available at C:/Xilinx/Vivado/2024.1/data/xhub/boards/XilinxBoardStore/boards/Xilinx/vck190/production/2.2/board.xml as part xcvc1902-vsva2197-2mp-e-s specified in board_part file is either invalid or not available
WARNING: [Board 49-26] cannot add Board Part xilinx.com:vck190:part0:3.0 available at C:/Xilinx/Vivado/2024.1/data/xhub/boards/XilinxBoardStore/boards/Xilinx/vck190/production/3.0/board.xml as part xcvc1902-vsva2197-2mp-e-s specified in board_part file is either invalid or not available
WARNING: [Board 49-26] cannot add Board Part xilinx.com:vck190:part0:3.1 available at C:/Xilinx/Vivado/2024.1/data/xhub/boards/XilinxBoardStore/boards/Xilinx/vck190/production/3.1/board.xml as part xcvc1902-vsva2197-2mp-e-s specified in board_part file is either invalid or not available
WARNING: [Board 49-26] cannot add Board Part xilinx.com:vck190:part0:3.2 available at C:/Xilinx/Vivado/2024.1/data/xhub/boards/XilinxBoardStore/boards/Xilinx/vck190/production/3.2/board.xml as part xcvc1902-vsva2197-2mp-e-s specified in board_part file is either invalid or not available
WARNING: [Board 49-26] cannot add Board Part xilinx.com:vck190:part0:3.3 available at C:/Xilinx/Vivado/2024.1/data/xhub/boards/XilinxBoardStore/boards/Xilinx/vck190/production/3.3/board.xml as part xcvc1902-vsva2197-2mp-e-s specified in board_part file is either invalid or not available
WARNING: [Board 49-26] cannot add Board Part xilinx.com:vck190_newl:part0:1.0 available at C:/Xilinx/Vivado/2024.1/data/xhub/boards/XilinxBoardStore/boards/Xilinx/vck190_newl/production/1.0/board.xml as part xcvc1902-vsva2197-2mp-e-s specified in board_part file is either invalid or not available
WARNING: [Board 49-26] cannot add Board Part xilinx.com:vck190_newl:part0:1.1 available at C:/Xilinx/Vivado/2024.1/data/xhub/boards/XilinxBoardStore/boards/Xilinx/vck190_newl/production/1.1/board.xml as part xcvc1902-vsva2197-2mp-e-s specified in board_part file is either invalid or not available
WARNING: [Board 49-26] cannot add Board Part xilinx.com:vck190_newl:part0:1.2 available at C:/Xilinx/Vivado/2024.1/data/xhub/boards/XilinxBoardStore/boards/Xilinx/vck190_newl/production/1.2/board.xml as part xcvc1902-vsva2197-2mp-e-s specified in board_part file is either invalid or not available
WARNING: [Board 49-26] cannot add Board Part xilinx.com:vcu108:part0:1.6 available at C:/Xilinx/Vivado/2024.1/data/xhub/boards/XilinxBoardStore/boards/Xilinx/vcu108/1.6/board.xml as part xcvu095-ffva2104-2-e specified in board_part file is either invalid or not available
WARNING: [Board 49-26] cannot add Board Part xilinx.com:vcu108:part0:1.7 available at C:/Xilinx/Vivado/2024.1/data/xhub/boards/XilinxBoardStore/boards/Xilinx/vcu108/1.7/board.xml as part xcvu095-ffva2104-2-e specified in board_part file is either invalid or not available
WARNING: [Board 49-26] cannot add Board Part xilinx.com:vcu110:part0:1.4 available at C:/Xilinx/Vivado/2024.1/data/xhub/boards/XilinxBoardStore/boards/Xilinx/vcu110/1.4/board.xml as part xcvu190-flgc2104-2-e specified in board_part file is either invalid or not available
WARNING: [Board 49-26] cannot add Board Part xilinx.com:vcu118:part0:2.0 available at C:/Xilinx/Vivado/2024.1/data/xhub/boards/XilinxBoardStore/boards/Xilinx/vcu118/2.0/board.xml as part xcvu9p-flga2104-2l-e specified in board_part file is either invalid or not available
WARNING: [Board 49-26] cannot add Board Part xilinx.com:vcu118:part0:2.3 available at C:/Xilinx/Vivado/2024.1/data/xhub/boards/XilinxBoardStore/boards/Xilinx/vcu118/2.3/board.xml as part xcvu9p-flga2104-2l-e specified in board_part file is either invalid or not available
WARNING: [Board 49-26] cannot add Board Part xilinx.com:vcu118:part0:2.4 available at C:/Xilinx/Vivado/2024.1/data/xhub/boards/XilinxBoardStore/boards/Xilinx/vcu118/2.4/board.xml as part xcvu9p-flga2104-2l-e specified in board_part file is either invalid or not available
WARNING: [Board 49-26] cannot add Board Part xilinx.com:vcu128:part0:1.0 available at C:/Xilinx/Vivado/2024.1/data/xhub/boards/XilinxBoardStore/boards/Xilinx/vcu128/production/1.0/board.xml as part xcvu37p-fsvh2892-2l-e specified in board_part file is either invalid or not available
WARNING: [Board 49-26] cannot add Board Part xilinx.com:vcu129:part0:1.0 available at C:/Xilinx/Vivado/2024.1/data/xhub/boards/XilinxBoardStore/boards/Xilinx/vcu129/production/1.0/board.xml as part xcvu29p-fsga2577-2l-e specified in board_part file is either invalid or not available
WARNING: [Board 49-26] cannot add Board Part xilinx.com:vcu1525:part0:1.3 available at C:/Xilinx/Vivado/2024.1/data/xhub/boards/XilinxBoardStore/boards/Xilinx/vcu1525/1.3/board.xml as part xcvu9p-fsgd2104-2l-e specified in board_part file is either invalid or not available
WARNING: [Board 49-26] cannot add Board Part xilinx.com:vek280:part0:1.0 available at C:/Xilinx/Vivado/2024.1/data/xhub/boards/XilinxBoardStore/boards/Xilinx/vek280/production/1.0/board.xml as part xcve2802-vsvh1760-2mp-e-s specified in board_part file is either invalid or not available
WARNING: [Board 49-26] cannot add Board Part xilinx.com:vek280:part0:1.1 available at C:/Xilinx/Vivado/2024.1/data/xhub/boards/XilinxBoardStore/boards/Xilinx/vek280/production/1.1/board.xml as part xcve2802-vsvh1760-2mp-e-s specified in board_part file is either invalid or not available
WARNING: [Board 49-26] cannot add Board Part xilinx.com:vek280:part0:1.2 available at C:/Xilinx/Vivado/2024.1/data/xhub/boards/XilinxBoardStore/boards/Xilinx/vek280/production/1.2/board.xml as part xcve2802-vsvh1760-2mp-e-s specified in board_part file is either invalid or not available
WARNING: [Board 49-26] cannot add Board Part xilinx.com:vek280_es:part0:1.0 available at C:/Xilinx/Vivado/2024.1/data/xhub/boards/XilinxBoardStore/boards/Xilinx/vek280/es/rev_a/1.0/board.xml as part xcve2802-vsvh1760-2lp-e-s-es1 specified in board_part file is either invalid or not available
WARNING: [Board 49-26] cannot add Board Part xilinx.com:vek280_es:part0:1.1 available at C:/Xilinx/Vivado/2024.1/data/xhub/boards/XilinxBoardStore/boards/Xilinx/vek280/es/rev_a/1.1/board.xml as part xcve2802-vsvh1760-2lp-e-s-es1 specified in board_part file is either invalid or not available
WARNING: [Board 49-26] cannot add Board Part xilinx.com:vek280_es_revb:part0:1.0 available at C:/Xilinx/Vivado/2024.1/data/xhub/boards/XilinxBoardStore/boards/Xilinx/vek280/es/rev_b/1.0/board.xml as part xcve2802-vsvh1760-2mp-e-s-es1 specified in board_part file is either invalid or not available
WARNING: [Board 49-26] cannot add Board Part xilinx.com:vek280_es_revb:part0:1.1 available at C:/Xilinx/Vivado/2024.1/data/xhub/boards/XilinxBoardStore/boards/Xilinx/vek280/es/rev_b/1.1/board.xml as part xcve2802-vsvh1760-2mp-e-s-es1 specified in board_part file is either invalid or not available
WARNING: [Board 49-26] cannot add Board Part xilinx.com:vermeo_t1_mpsoc:part0:1.0 available at C:/Xilinx/Vivado/2024.1/data/xhub/boards/XilinxBoardStore/boards/Xilinx/vermeo_t1_mpsoc/1.0/board.xml as part xczu19eg-ffvd1760-2l-e specified in board_part file is either invalid or not available
WARNING: [Board 49-26] cannot add Board Part xilinx.com:vermeo_t1_rfsoc:part0:1.0 available at C:/Xilinx/Vivado/2024.1/data/xhub/boards/XilinxBoardStore/boards/Xilinx/vermeo_t1_rfsoc/1.0/board.xml as part xczu21dr-ffvd1156-2l-e specified in board_part file is either invalid or not available
WARNING: [Board 49-26] cannot add Board Part xilinx.com:vhk158:part0:1.0 available at C:/Xilinx/Vivado/2024.1/data/xhub/boards/XilinxBoardStore/boards/Xilinx/vhk158/production/1.0/board.xml as part xcvh1582-vsva3697-2mp-e-s specified in board_part file is either invalid or not available
WARNING: [Board 49-26] cannot add Board Part xilinx.com:vhk158:part0:1.1 available at C:/Xilinx/Vivado/2024.1/data/xhub/boards/XilinxBoardStore/boards/Xilinx/vhk158/production/1.1/board.xml as part xcvh1582-vsva3697-2mp-e-s specified in board_part file is either invalid or not available
WARNING: [Board 49-26] cannot add Board Part xilinx.com:vhk158_es:part0:1.0 available at C:/Xilinx/Vivado/2024.1/data/xhub/boards/XilinxBoardStore/boards/Xilinx/vhk158/es/1.0/board.xml as part xcvh1582-vsva3697-2mp-e-s-es1 specified in board_part file is either invalid or not available
WARNING: [Board 49-26] cannot add Board Part xilinx.com:vhk158_es:part0:1.1 available at C:/Xilinx/Vivado/2024.1/data/xhub/boards/XilinxBoardStore/boards/Xilinx/vhk158/es/1.1/board.xml as part xcvh1582-vsva3697-2mp-e-s-es1 specified in board_part file is either invalid or not available
WARNING: [Board 49-26] cannot add Board Part xilinx.com:vmk180:part0:2.2 available at C:/Xilinx/Vivado/2024.1/data/xhub/boards/XilinxBoardStore/boards/Xilinx/vmk180/production/2.2/board.xml as part xcvm1802-vsva2197-2mp-e-s specified in board_part file is either invalid or not available
WARNING: [Board 49-26] cannot add Board Part xilinx.com:vmk180:part0:3.0 available at C:/Xilinx/Vivado/2024.1/data/xhub/boards/XilinxBoardStore/boards/Xilinx/vmk180/production/3.0/board.xml as part xcvm1802-vsva2197-2mp-e-s specified in board_part file is either invalid or not available
WARNING: [Board 49-26] cannot add Board Part xilinx.com:vmk180:part0:3.1 available at C:/Xilinx/Vivado/2024.1/data/xhub/boards/XilinxBoardStore/boards/Xilinx/vmk180/production/3.1/board.xml as part xcvm1802-vsva2197-2mp-e-s specified in board_part file is either invalid or not available
WARNING: [Board 49-26] cannot add Board Part xilinx.com:vmk180:part0:3.2 available at C:/Xilinx/Vivado/2024.1/data/xhub/boards/XilinxBoardStore/boards/Xilinx/vmk180/production/3.2/board.xml as part xcvm1802-vsva2197-2mp-e-s specified in board_part file is either invalid or not available
WARNING: [Board 49-26] cannot add Board Part xilinx.com:vmk180_newl:part0:1.0 available at C:/Xilinx/Vivado/2024.1/data/xhub/boards/XilinxBoardStore/boards/Xilinx/vmk180_newl/production/1.0/board.xml as part xcvm1802-vsva2197-2mp-e-s specified in board_part file is either invalid or not available
WARNING: [Board 49-26] cannot add Board Part xilinx.com:vmk180_newl:part0:1.1 available at C:/Xilinx/Vivado/2024.1/data/xhub/boards/XilinxBoardStore/boards/Xilinx/vmk180_newl/production/1.1/board.xml as part xcvm1802-vsva2197-2mp-e-s specified in board_part file is either invalid or not available
WARNING: [Board 49-26] cannot add Board Part xilinx.com:vpk120:part0:1.0 available at C:/Xilinx/Vivado/2024.1/data/xhub/boards/XilinxBoardStore/boards/Xilinx/vpk120/production/1.0/board.xml as part xcvp1202-vsva2785-2mp-e-s specified in board_part file is either invalid or not available
WARNING: [Board 49-26] cannot add Board Part xilinx.com:vpk120:part0:1.1 available at C:/Xilinx/Vivado/2024.1/data/xhub/boards/XilinxBoardStore/boards/Xilinx/vpk120/production/1.1/board.xml as part xcvp1202-vsva2785-2mp-e-s specified in board_part file is either invalid or not available
WARNING: [Board 49-26] cannot add Board Part xilinx.com:vpk120:part0:1.2 available at C:/Xilinx/Vivado/2024.1/data/xhub/boards/XilinxBoardStore/boards/Xilinx/vpk120/production/1.2/board.xml as part xcvp1202-vsva2785-2mp-e-s specified in board_part file is either invalid or not available
WARNING: [Board 49-26] cannot add Board Part xilinx.com:vpk180:part0:1.0 available at C:/Xilinx/Vivado/2024.1/data/xhub/boards/XilinxBoardStore/boards/Xilinx/vpk180/production/1.0/board.xml as part xcvp1802-lsvc4072-2mp-e-s specified in board_part file is either invalid or not available
WARNING: [Board 49-26] cannot add Board Part xilinx.com:vpk180:part0:1.1 available at C:/Xilinx/Vivado/2024.1/data/xhub/boards/XilinxBoardStore/boards/Xilinx/vpk180/production/1.1/board.xml as part xcvp1802-lsvc4072-2mp-e-s specified in board_part file is either invalid or not available
WARNING: [Board 49-26] cannot add Board Part xilinx.com:vpk180:part0:1.2 available at C:/Xilinx/Vivado/2024.1/data/xhub/boards/XilinxBoardStore/boards/Xilinx/vpk180/production/1.2/board.xml as part xcvp1802-lsvc4072-2mp-e-s specified in board_part file is either invalid or not available
WARNING: [Board 49-26] cannot add Board Part xilinx.com:zc702:part0:1.4 available at C:/Xilinx/Vivado/2024.1/data/xhub/boards/XilinxBoardStore/boards/Xilinx/zc702/1.4/board.xml as part xc7z020clg484-1 specified in board_part file is either invalid or not available
WARNING: [Board 49-26] cannot add Board Part xilinx.com:zc706:part0:1.4 available at C:/Xilinx/Vivado/2024.1/data/xhub/boards/XilinxBoardStore/boards/Xilinx/zc706/1.4/board.xml as part xc7z045ffg900-2 specified in board_part file is either invalid or not available
WARNING: [Board 49-26] cannot add Board Part xilinx.com:zcu102:part0:3.3 available at C:/Xilinx/Vivado/2024.1/data/xhub/boards/XilinxBoardStore/boards/Xilinx/zcu102/3.3/board.xml as part xczu9eg-ffvb1156-2-e specified in board_part file is either invalid or not available
WARNING: [Board 49-26] cannot add Board Part xilinx.com:zcu102:part0:3.4 available at C:/Xilinx/Vivado/2024.1/data/xhub/boards/XilinxBoardStore/boards/Xilinx/zcu102/3.4/board.xml as part xczu9eg-ffvb1156-2-e specified in board_part file is either invalid or not available
WARNING: [Board 49-26] cannot add Board Part xilinx.com:zcu104:part0:1.1 available at C:/Xilinx/Vivado/2024.1/data/xhub/boards/XilinxBoardStore/boards/Xilinx/zcu104/1.1/board.xml as part xczu7ev-ffvc1156-2-e specified in board_part file is either invalid or not available
WARNING: [Board 49-26] cannot add Board Part xilinx.com:zcu106:part0:2.4 available at C:/Xilinx/Vivado/2024.1/data/xhub/boards/XilinxBoardStore/boards/Xilinx/zcu106/2.4/board.xml as part xczu7ev-ffvc1156-2-e specified in board_part file is either invalid or not available
WARNING: [Board 49-26] cannot add Board Part xilinx.com:zcu106:part0:2.5 available at C:/Xilinx/Vivado/2024.1/data/xhub/boards/XilinxBoardStore/boards/Xilinx/zcu106/2.5/board.xml as part xczu7ev-ffvc1156-2-e specified in board_part file is either invalid or not available
WARNING: [Board 49-26] cannot add Board Part xilinx.com:zcu106:part0:2.6 available at C:/Xilinx/Vivado/2024.1/data/xhub/boards/XilinxBoardStore/boards/Xilinx/zcu106/2.6/board.xml as part xczu7ev-ffvc1156-2-e specified in board_part file is either invalid or not available
WARNING: [Board 49-26] cannot add Board Part xilinx.com:zcu111:part0:1.2 available at C:/Xilinx/Vivado/2024.1/data/xhub/boards/XilinxBoardStore/boards/Xilinx/zcu111/1.2/board.xml as part xczu28dr-ffvg1517-2-e specified in board_part file is either invalid or not available
WARNING: [Board 49-26] cannot add Board Part xilinx.com:zcu111:part0:1.3 available at C:/Xilinx/Vivado/2024.1/data/xhub/boards/XilinxBoardStore/boards/Xilinx/zcu111/1.3/board.xml as part xczu28dr-ffvg1517-2-e specified in board_part file is either invalid or not available
WARNING: [Board 49-26] cannot add Board Part xilinx.com:zcu111:part0:1.4 available at C:/Xilinx/Vivado/2024.1/data/xhub/boards/XilinxBoardStore/boards/Xilinx/zcu111/1.4/board.xml as part xczu28dr-ffvg1517-2-e specified in board_part file is either invalid or not available
WARNING: [Board 49-26] cannot add Board Part xilinx.com:zcu1275:part0:1.0 available at C:/Xilinx/Vivado/2024.1/data/xhub/boards/XilinxBoardStore/boards/Xilinx/zcu1275/1.0/board.xml as part xczu29dr-ffvf1760-2-e specified in board_part file is either invalid or not available
WARNING: [Board 49-26] cannot add Board Part xilinx.com:zcu1285:part0:1.0 available at C:/Xilinx/Vivado/2024.1/data/xhub/boards/XilinxBoardStore/boards/Xilinx/zcu1285/1.0/board.xml as part xczu39dr-ffvf1760-2-i specified in board_part file is either invalid or not available
WARNING: [Board 49-26] cannot add Board Part xilinx.com:zcu208:part0:2.0 available at C:/Xilinx/Vivado/2024.1/data/xhub/boards/XilinxBoardStore/boards/Xilinx/zcu208/production/2.0/board.xml as part xczu48dr-fsvg1517-2-e specified in board_part file is either invalid or not available
WARNING: [Board 49-26] cannot add Board Part xilinx.com:zcu208ld:part0:2.0 available at C:/Xilinx/Vivado/2024.1/data/xhub/boards/XilinxBoardStore/boards/Xilinx/zcu208ld/production/2.0/board.xml as part xczu58dr-fsvg1517-2-i specified in board_part file is either invalid or not available
WARNING: [Board 49-26] cannot add Board Part xilinx.com:zcu216:part0:2.0 available at C:/Xilinx/Vivado/2024.1/data/xhub/boards/XilinxBoardStore/boards/Xilinx/zcu216/production/2.0/board.xml as part xczu49dr-ffvf1760-2-e specified in board_part file is either invalid or not available
WARNING: [Board 49-26] cannot add Board Part xilinx.com:zcu216ld:part0:2.0 available at C:/Xilinx/Vivado/2024.1/data/xhub/boards/XilinxBoardStore/boards/Xilinx/zcu216ld/production/2.0/board.xml as part xczu59dr-ffvf1760-2-i specified in board_part file is either invalid or not available
WARNING: [Board 49-26] cannot add Board Part xilinx.com:zcu670:part0:2.0 available at C:/Xilinx/Vivado/2024.1/data/xhub/boards/XilinxBoardStore/boards/Xilinx/zcu670/2.0/board.xml as part xczu67dr-fsve1156-2-i specified in board_part file is either invalid or not available
WARNING: [Board 49-26] cannot add Board Part xilinx.com:zcu670ld:part0:1.0 available at C:/Xilinx/Vivado/2024.1/data/xhub/boards/XilinxBoardStore/boards/Xilinx/zcu670ld/1.0/board.xml as part xczu57dr-fsve1156-2-i specified in board_part file is either invalid or not available
exit
INFO: [Common 17-206] Exiting Vivado at Mon Jan  6 12:45:36 2025...
anning sources
INFO: [IP_Flow 19-234] Refreshing IP repositories
INFO: [IP_Flow 19-1704] No user IP repositories specified
INFO: [IP_Flow 19-2313] Loaded Vivado IP repository 'C:/Xilinx/Vivado/2024.1/data/ip'.
open_project: Time (s): cpu = 00:00:04 ; elapsed = 00:00:06 . Memory (MB): peak = 1387.395 ; gain = 114.531
update_compile_order -fileset sources_1
open_hw_manager
connect_hw_server -allow_non_jtag
INFO: [Labtools 27-2285] Connecting to hw_server url TCP:localhost:3121
INFO: [Labtools 27-2222] Launching hw_server...
INFO: [Labtools 27-2221] Launch Output:

****** Xilinx hw_server v2024.1.0
  **** Build date : Mar  6 2024 at 20:50:54
    ** Copyright 1986-2022 Xilinx, Inc. All Rights Reserved.


INFO: [Labtools 27-3415] Connecting to cs_server url TCP:localhost:0
INFO: [Labtools 27-3417] Launching cs_server...
INFO: [Labtools 27-2221] Launch Output:


******** Xilinx cs_server v2024.1.0
  ****** Build date   : Mar 09 2024-01:00:37
    **** Build number : 2024.1.1709942437
      ** Copyright 2017-2022 Xilinx, Inc. All Rights Reserved.
      ** Copyright 2022-2025 Advanced Micro Devices, Inc. All Rights Reserved.



connect_hw_server: Time (s): cpu = 00:00:00 ; elapsed = 00:00:11 . Memory (MB): peak = 1420.195 ; gain = 0.000
open_hw_target
INFO: [Labtoolstcl 44-466] Opening hw_target localhost:3121/xilinx_tcf/Digilent/210183A38734A
set_property PROGRAM.FILE {C:/ProgH/square/square.runs/impl_1/DVI_Top.bit} [get_hw_devices xc7a35t_0]
current_hw_device [get_hw_devices xc7a35t_0]
refresh_hw_device -update_hw_probes false [lindex [get_hw_devices xc7a35t_0] 0]
INFO: [Labtools 27-1434] Device xc7a35t (JTAG device index = 0) is programmed with a design that has no supported debug core(s) in it.
set_property PROBES.FILE {} [get_hw_devices xc7a35t_0]
set_property FULL_PROBES.FILE {} [get_hw_devices xc7a35t_0]
set_property PROGRAM.FILE {C:/ProgH/square/square.runs/impl_1/DVI_Top.bit} [get_hw_devices xc7a35t_0]
program_hw_devices [get_hw_devices xc7a35t_0]
INFO: [Labtools 27-3164] End of startup status: HIGH
refresh_hw_device [lindex [get_hw_devices xc7a35t_0] 0]
INFO: [Labtools 27-1434] Device xc7a35t (JTAG device index = 0) is programmed with a design that has no supported debug core(s) in it.
save_project_as Ball C:/ProgH/Ball -force
WARNING: [filemgmt 56-199] Attempt to get parsing info during refresh. "On-the-fly" syntax checking information may be incorrect. [C:\ProgH\Ball\Ball.srcs\sources_1\new\DVI_Display.vhd:]
WARNING: [filemgmt 56-199] Attempt to get parsing info during refresh. "On-the-fly" syntax checking information may be incorrect. [C:\ProgH\Ball\Ball.srcs\sources_1\new\Position_Calculator.vhd:]
WARNING: [filemgmt 56-199] Attempt to get parsing info during refresh. "On-the-fly" syntax checking information may be incorrect. [C:\Users\Julien\Downloads\Bijlage opdrachten\Bijlage opdrachten\Week 5 + 6 - Bounching Square - Ball\DVI.vhd:]
WARNING: [filemgmt 56-199] Attempt to get parsing info during refresh. "On-the-fly" syntax checking information may be incorrect. [C:\ProgH\Ball\Ball.srcs\sources_1\new\DVI_Display.vhd:]
WARNING: [filemgmt 56-199] Attempt to get parsing info during refresh. "On-the-fly" syntax checking information may be incorrect. [C:\ProgH\Ball\Ball.srcs\sources_1\new\DVI_Display.vhd:]
WARNING: [filemgmt 56-199] Attempt to get parsing info during refresh. "On-the-fly" syntax checking information may be incorrect. [C:\ProgH\Ball\Ball.srcs\sources_1\new\DVI_Display.vhd:]
WARNING: [filemgmt 56-199] Attempt to get parsing info during refresh. "On-the-fly" syntax checking information may be incorrect. [C:\ProgH\Ball\Ball.srcs\sources_1\new\Position_Calculator.vhd:]
WARNING: [filemgmt 56-199] Attempt to get parsing info during refresh. "On-the-fly" syntax checking information may be incorrect. [C:\Users\Julien\Downloads\Bijlage opdrachten\Bijlage opdrachten\Week 5 + 6 - Bounching Square - Ball\DVI.vhd:]
WARNING: [filemgmt 56-199] Attempt to get parsing info during refresh. "On-the-fly" syntax checking information may be incorrect. [C:\Users\Julien\Downloads\Bijlage opdrachten\Bijlage opdrachten\Week 5 + 6 - Bounching Square - Ball\DVI.vhd:]
WARNING: [filemgmt 56-199] Attempt to get parsing info during refresh. "On-the-fly" syntax checking information may be incorrect. [C:\Users\Julien\Downloads\Bijlage opdrachten\Bijlage opdrachten\Week 5 + 6 - Bounching Square - Ball\DVI.vhd:]
update_compile_order -fileset sources_1
WARNING: [filemgmt 56-199] Attempt to get parsing info during refresh. "On-the-fly" syntax checking information may be incorrect. [C:\ProgH\Ball\Ball.srcs\sources_1\new\DVI_Display.vhd:]
WARNING: [filemgmt 56-199] Attempt to get parsing info during refresh. "On-the-fly" syntax checking information may be incorrect. [C:\ProgH\Ball\Ball.srcs\sources_1\new\Position_Calculator.vhd:]
WARNING: [filemgmt 56-199] Attempt to get parsing info during refresh. "On-the-fly" syntax checking information may be incorrect. [C:\Users\Julien\Downloads\Bijlage opdrachten\Bijlage opdrachten\Week 5 + 6 - Bounching Square - Ball\DVI.vhd:]
WARNING: [filemgmt 56-199] Attempt to get parsing info during refresh. "On-the-fly" syntax checking information may be incorrect. [C:\ProgH\Ball\Ball.srcs\sources_1\new\DVI_Display.vhd:]
WARNING: [filemgmt 56-199] Attempt to get parsing info during refresh. "On-the-fly" syntax checking information may be incorrect. [C:\ProgH\Ball\Ball.srcs\sources_1\new\DVI_Display.vhd:]
WARNING: [filemgmt 56-199] Attempt to get parsing info during refresh. "On-the-fly" syntax checking information may be incorrect. [C:\ProgH\Ball\Ball.srcs\sources_1\new\DVI_Display.vhd:]
WARNING: [filemgmt 56-199] Attempt to get parsing info during refresh. "On-the-fly" syntax checking information may be incorrect. [C:\ProgH\Ball\Ball.srcs\sources_1\new\Position_Calculator.vhd:]
WARNING: [filemgmt 56-199] Attempt to get parsing info during refresh. "On-the-fly" syntax checking information may be incorrect. [C:\Users\Julien\Downloads\Bijlage opdrachten\Bijlage opdrachten\Week 5 + 6 - Bounching Square - Ball\DVI.vhd:]
WARNING: [filemgmt 56-199] Attempt to get parsing info during refresh. "On-the-fly" syntax checking information may be incorrect. [C:\ProgH\Ball\Ball.srcs\sources_1\new\Position_Calculator.vhd:]
WARNING: [filemgmt 56-199] Attempt to get parsing info during refresh. "On-the-fly" syntax checking information may be incorrect. [C:\ProgH\Ball\Ball.srcs\sources_1\new\Position_Calculator.vhd:]
WARNING: [filemgmt 56-199] Attempt to get parsing info during refresh. "On-the-fly" syntax checking information may be incorrect. [C:\ProgH\Ball\Ball.srcs\sources_1\new\DVI_Display.vhd:]
WARNING: [filemgmt 56-199] Attempt to get parsing info during refresh. "On-the-fly" syntax checking information may be incorrect. [C:\ProgH\Ball\Ball.srcs\sources_1\new\Position_Calculator.vhd:]
WARNING: [filemgmt 56-199] Attempt to get parsing info during refresh. "On-the-fly" syntax checking information may be incorrect. [C:\Users\Julien\Downloads\Bijlage opdrachten\Bijlage opdrachten\Week 5 + 6 - Bounching Square - Ball\DVI.vhd:]
WARNING: [filemgmt 56-199] Attempt to get parsing info during refresh. "On-the-fly" syntax checking information may be incorrect. [C:\ProgH\Ball\Ball.srcs\sources_1\new\DVI_Display.vhd:]
WARNING: [filemgmt 56-199] Attempt to get parsing info during refresh. "On-the-fly" syntax checking information may be incorrect. [C:\ProgH\Ball\Ball.srcs\sources_1\new\DVI_Display.vhd:]
WARNING: [filemgmt 56-199] Attempt to get parsing info during refresh. "On-the-fly" syntax checking information may be incorrect. [C:\ProgH\Ball\Ball.srcs\sources_1\new\DVI_Display.vhd:]
WARNING: [filemgmt 56-199] Attempt to get parsing info during refresh. "On-the-fly" syntax checking information may be incorrect. [C:\ProgH\Ball\Ball.srcs\sources_1\new\Position_Calculator.vhd:]
WARNING: [filemgmt 56-199] Attempt to get parsing info during refresh. "On-the-fly" syntax checking information may be incorrect. [C:\Users\Julien\Downloads\Bijlage opdrachten\Bijlage opdrachten\Week 5 + 6 - Bounching Square - Ball\DVI.vhd:]
WARNING: [filemgmt 56-199] Attempt to get parsing info during refresh. "On-the-fly" syntax checking information may be incorrect. [C:\Users\Julien\Downloads\Bijlage opdrachten\Bijlage opdrachten\Week 5 + 6 - Bounching Square - Ball\DVI.vhd:]
WARNING: [filemgmt 56-199] Attempt to get parsing info during refresh. "On-the-fly" syntax checking information may be incorrect. [C:\Users\Julien\Downloads\Bijlage opdrachten\Bijlage opdrachten\Week 5 + 6 - Bounching Square - Ball\DVI.vhd:]
ERROR: [Common 17-180] Spawn failed: No error
update_compile_order -fileset sources_1
WARNING: [filemgmt 56-199] Attempt to get parsing info during refresh. "On-the-fly" syntax checking information may be incorrect. [C:\ProgH\Ball\Ball.srcs\sources_1\new\DVI_Display.vhd:]
WARNING: [filemgmt 56-199] Attempt to get parsing info during refresh. "On-the-fly" syntax checking information may be incorrect. [C:\ProgH\Ball\Ball.srcs\sources_1\new\Position_Calculator.vhd:]
WARNING: [filemgmt 56-199] Attempt to get parsing info during refresh. "On-the-fly" syntax checking information may be incorrect. [C:\Users\Julien\Downloads\Bijlage opdrachten\Bijlage opdrachten\Week 5 + 6 - Bounching Square - Ball\DVI.vhd:]
WARNING: [filemgmt 56-199] Attempt to get parsing info during refresh. "On-the-fly" syntax checking information may be incorrect. [C:\ProgH\Ball\Ball.srcs\sources_1\new\DVI_Display.vhd:]
WARNING: [filemgmt 56-199] Attempt to get parsing info during refresh. "On-the-fly" syntax checking information may be incorrect. [C:\ProgH\Ball\Ball.srcs\sources_1\new\DVI_Display.vhd:]
WARNING: [filemgmt 56-199] Attempt to get parsing info during refresh. "On-the-fly" syntax checking information may be incorrect. [C:\ProgH\Ball\Ball.srcs\sources_1\new\DVI_Display.vhd:]
WARNING: [filemgmt 56-199] Attempt to get parsing info during refresh. "On-the-fly" syntax checking information may be incorrect. [C:\ProgH\Ball\Ball.srcs\sources_1\new\Position_Calculator.vhd:]
WARNING: [filemgmt 56-199] Attempt to get parsing info during refresh. "On-the-fly" syntax checking information may be incorrect. [C:\Users\Julien\Downloads\Bijlage opdrachten\Bijlage opdrachten\Week 5 + 6 - Bounching Square - Ball\DVI.vhd:]
WARNING: [filemgmt 56-199] Attempt to get parsing info during refresh. "On-the-fly" syntax checking information may be incorrect. [C:\ProgH\Ball\Ball.srcs\sources_1\new\DVI_Display.vhd:]
WARNING: [filemgmt 56-199] Attempt to get parsing info during refresh. "On-the-fly" syntax checking information may be incorrect. [C:\ProgH\Ball\Ball.srcs\sources_1\new\DVI_Display.vhd:]
WARNING: [filemgmt 56-199] Attempt to get parsing info during refresh. "On-the-fly" syntax checking information may be incorrect. [C:\ProgH\Ball\Ball.srcs\sources_1\new\DVI_Display.vhd:]
WARNING: [filemgmt 56-199] Attempt to get parsing info during refresh. "On-the-fly" syntax checking information may be incorrect. [C:\ProgH\Ball\Ball.srcs\sources_1\new\Position_Calculator.vhd:]
WARNING: [filemgmt 56-199] Attempt to get parsing info during refresh. "On-the-fly" syntax checking information may be incorrect. [C:\Users\Julien\Downloads\Bijlage opdrachten\Bijlage opdrachten\Week 5 + 6 - Bounching Square - Ball\DVI.vhd:]
WARNING: [filemgmt 56-199] Attempt to get parsing info during refresh. "On-the-fly" syntax checking information may be incorrect. [C:\ProgH\Ball\Ball.srcs\sources_1\new\Position_Calculator.vhd:]
WARNING: [filemgmt 56-199] Attempt to get parsing info during refresh. "On-the-fly" syntax checking information may be incorrect. [C:\ProgH\Ball\Ball.srcs\sources_1\new\Position_Calculator.vhd:]
ERROR: [Common 17-180] Spawn failed: No error
WARNING: [filemgmt 56-199] Attempt to get parsing info during refresh. "On-the-fly" syntax checking information may be incorrect. [C:\ProgH\Ball\Ball.srcs\sources_1\new\DVI_Display.vhd:]
WARNING: [filemgmt 56-199] Attempt to get parsing info during refresh. "On-the-fly" syntax checking information may be incorrect. [C:\ProgH\Ball\Ball.srcs\sources_1\new\Position_Calculator.vhd:]
WARNING: [filemgmt 56-199] Attempt to get parsing info during refresh. "On-the-fly" syntax checking information may be incorrect. [C:\Users\Julien\Downloads\Bijlage opdrachten\Bijlage opdrachten\Week 5 + 6 - Bounching Square - Ball\DVI.vhd:]
WARNING: [filemgmt 56-199] Attempt to get parsing info during refresh. "On-the-fly" syntax checking information may be incorrect. [C:\ProgH\Ball\Ball.srcs\sources_1\new\DVI_Display.vhd:]
WARNING: [filemgmt 56-199] Attempt to get parsing info during refresh. "On-the-fly" syntax checking information may be incorrect. [C:\ProgH\Ball\Ball.srcs\sources_1\new\DVI_Display.vhd:]
WARNING: [filemgmt 56-199] Attempt to get parsing info during refresh. "On-the-fly" syntax checking information may be incorrect. [C:\ProgH\Ball\Ball.srcs\sources_1\new\DVI_Display.vhd:]
WARNING: [filemgmt 56-199] Attempt to get parsing info during refresh. "On-the-fly" syntax checking information may be incorrect. [C:\ProgH\Ball\Ball.srcs\sources_1\new\Position_Calculator.vhd:]
WARNING: [filemgmt 56-199] Attempt to get parsing info during refresh. "On-the-fly" syntax checking information may be incorrect. [C:\Users\Julien\Downloads\Bijlage opdrachten\Bijlage opdrachten\Week 5 + 6 - Bounching Square - Ball\DVI.vhd:]
WARNING: [filemgmt 56-199] Attempt to get parsing info during refresh. "On-the-fly" syntax checking information may be incorrect. [C:\ProgH\Ball\Ball.srcs\sources_1\new\Position_Calculator.vhd:]
WARNING: [filemgmt 56-199] Attempt to get parsing info during refresh. "On-the-fly" syntax checking information may be incorrect. [C:\ProgH\Ball\Ball.srcs\sources_1\new\Position_Calculator.vhd:]
WARNING: [filemgmt 56-199] Attempt to get parsing info during refresh. "On-the-fly" syntax checking information may be incorrect. [C:\ProgH\Ball\Ball.srcs\sources_1\new\DVI_Display.vhd:]
WARNING: [filemgmt 56-199] Attempt to get parsing info during refresh. "On-the-fly" syntax checking information may be incorrect. [C:\ProgH\Ball\Ball.srcs\sources_1\new\Position_Calculator.vhd:]
WARNING: [filemgmt 56-199] Attempt to get parsing info during refresh. "On-the-fly" syntax checking information may be incorrect. [C:\Users\Julien\Downloads\Bijlage opdrachten\Bijlage opdrachten\Week 5 + 6 - Bounching Square - Ball\DVI.vhd:]
WARNING: [filemgmt 56-199] Attempt to get parsing info during refresh. "On-the-fly" syntax checking information may be incorrect. [C:\ProgH\Ball\Ball.srcs\sources_1\new\Position_Calculator.vhd:]
WARNING: [filemgmt 56-199] Attempt to get parsing info during refresh. "On-the-fly" syntax checking information may be incorrect. [C:\ProgH\Ball\Ball.srcs\sources_1\new\Position_Calculator.vhd:]
WARNING: [filemgmt 56-199] Attempt to get parsing info during refresh. "On-the-fly" syntax checking information may be incorrect. [C:\ProgH\Ball\Ball.srcs\sources_1\new\DVI_Display.vhd:]
WARNING: [filemgmt 56-199] Attempt to get parsing info during refresh. "On-the-fly" syntax checking information may be incorrect. [C:\ProgH\Ball\Ball.srcs\sources_1\new\Position_Calculator.vhd:]
WARNING: [filemgmt 56-199] Attempt to get parsing info during refresh. "On-the-fly" syntax checking information may be incorrect. [C:\Users\Julien\Downloads\Bijlage opdrachten\Bijlage opdrachten\Week 5 + 6 - Bounching Square - Ball\DVI.vhd:]
WARNING: [filemgmt 56-199] Attempt to get parsing info during refresh. "On-the-fly" syntax checking information may be incorrect. [C:\ProgH\Ball\Ball.srcs\sources_1\new\DVI_Display.vhd:]
WARNING: [filemgmt 56-199] Attempt to get parsing info during refresh. "On-the-fly" syntax checking information may be incorrect. [C:\ProgH\Ball\Ball.srcs\sources_1\new\DVI_Display.vhd:]
update_compile_order -fileset sources_1
WARNING: [filemgmt 56-199] Attempt to get parsing info during refresh. "On-the-fly" syntax checking information may be incorrect. [C:\ProgH\Ball\Ball.srcs\sources_1\new\DVI_Display.vhd:]
WARNING: [filemgmt 56-199] Attempt to get parsing info during refresh. "On-the-fly" syntax checking information may be incorrect. [C:\ProgH\Ball\Ball.srcs\sources_1\new\Position_Calculator.vhd:]
WARNING: [filemgmt 56-199] Attempt to get parsing info during refresh. "On-the-fly" syntax checking information may be incorrect. [C:\Users\Julien\Downloads\Bijlage opdrachten\Bijlage opdrachten\Week 5 + 6 - Bounching Square - Ball\DVI.vhd:]
WARNING: [filemgmt 56-199] Attempt to get parsing info during refresh. "On-the-fly" syntax checking information may be incorrect. [C:\ProgH\Ball\Ball.srcs\sources_1\new\Position_Calculator.vhd:]
WARNING: [filemgmt 56-199] Attempt to get parsing info during refresh. "On-the-fly" syntax checking information may be incorrect. [C:\ProgH\Ball\Ball.srcs\sources_1\new\Position_Calculator.vhd:]
WARNING: [filemgmt 56-199] Attempt to get parsing info during refresh. "On-the-fly" syntax checking information may be incorrect. [C:\ProgH\Ball\Ball.srcs\sources_1\new\DVI_Display.vhd:]
WARNING: [filemgmt 56-199] Attempt to get parsing info during refresh. "On-the-fly" syntax checking information may be incorrect. [C:\ProgH\Ball\Ball.srcs\sources_1\new\Position_Calculator.vhd:]
WARNING: [filemgmt 56-199] Attempt to get parsing info during refresh. "On-the-fly" syntax checking information may be incorrect. [C:\Users\Julien\Downloads\Bijlage opdrachten\Bijlage opdrachten\Week 5 + 6 - Bounching Square - Ball\DVI.vhd:]
WARNING: [filemgmt 56-199] Attempt to get parsing info during refresh. "On-the-fly" syntax checking information may be incorrect. [C:\ProgH\Ball\Ball.srcs\sources_1\new\DVI_Display.vhd:]
WARNING: [filemgmt 56-199] Attempt to get parsing info during refresh. "On-the-fly" syntax checking information may be incorrect. [C:\ProgH\Ball\Ball.srcs\sources_1\new\DVI_Display.vhd:]
WARNING: [filemgmt 56-199] Attempt to get parsing info during refresh. "On-the-fly" syntax checking information may be incorrect. [C:\ProgH\Ball\Ball.srcs\sources_1\new\DVI_Display.vhd:]
WARNING: [filemgmt 56-199] Attempt to get parsing info during refresh. "On-the-fly" syntax checking information may be incorrect. [C:\ProgH\Ball\Ball.srcs\sources_1\new\Position_Calculator.vhd:]
WARNING: [filemgmt 56-199] Attempt to get parsing info during refresh. "On-the-fly" syntax checking information may be incorrect. [C:\Users\Julien\Downloads\Bijlage opdrachten\Bijlage opdrachten\Week 5 + 6 - Bounching Square - Ball\DVI.vhd:]
WARNING: [filemgmt 56-199] Attempt to get parsing info during refresh. "On-the-fly" syntax checking information may be incorrect. [C:\ProgH\Ball\Ball.srcs\sources_1\new\DVI_Display.vhd:]
WARNING: [filemgmt 56-199] Attempt to get parsing info during refresh. "On-the-fly" syntax checking information may be incorrect. [C:\ProgH\Ball\Ball.srcs\sources_1\new\DVI_Display.vhd:]
reset_run synth_1
INFO: [Project 1-1161] Replacing file C:/ProgH/Ball/Ball.srcs/utils_1/imports/synth_1/DVI.dcp with file C:/ProgH/Ball/Ball.runs/synth_1/DVI_Top.dcp
launch_runs impl_1 -to_step write_bitstream -jobs 20
WARNING: [filemgmt 56-199] Attempt to get parsing info during refresh. "On-the-fly" syntax checking information may be incorrect. [C:\ProgH\Ball\Ball.srcs\sources_1\new\DVI_Display.vhd:]
WARNING: [filemgmt 56-199] Attempt to get parsing info during refresh. "On-the-fly" syntax checking information may be incorrect. [C:\ProgH\Ball\Ball.srcs\sources_1\new\Position_Calculator.vhd:]
WARNING: [filemgmt 56-199] Attempt to get parsing info during refresh. "On-the-fly" syntax checking information may be incorrect. [C:\Users\Julien\Downloads\Bijlage opdrachten\Bijlage opdrachten\Week 5 + 6 - Bounching Square - Ball\DVI.vhd:]
WARNING: [filemgmt 56-199] Attempt to get parsing info during refresh. "On-the-fly" syntax checking information may be incorrect. [C:\ProgH\Ball\Ball.srcs\sources_1\new\Position_Calculator.vhd:]
WARNING: [filemgmt 56-199] Attempt to get parsing info during refresh. "On-the-fly" syntax checking information may be incorrect. [C:\ProgH\Ball\Ball.srcs\sources_1\new\Position_Calculator.vhd:]
WARNING: [filemgmt 56-199] Attempt to get parsing info during refresh. "On-the-fly" syntax checking information may be incorrect. [C:\ProgH\Ball\Ball.srcs\sources_1\new\DVI_Display.vhd:]
WARNING: [filemgmt 56-199] Attempt to get parsing info during refresh. "On-the-fly" syntax checking information may be incorrect. [C:\ProgH\Ball\Ball.srcs\sources_1\new\Position_Calculator.vhd:]
WARNING: [filemgmt 56-199] Attempt to get parsing info during refresh. "On-the-fly" syntax checking information may be incorrect. [C:\Users\Julien\Downloads\Bijlage opdrachten\Bijlage opdrachten\Week 5 + 6 - Bounching Square - Ball\DVI.vhd:]
WARNING: [filemgmt 56-199] Attempt to get parsing info during refresh. "On-the-fly" syntax checking information may be incorrect. [C:\Users\Julien\Downloads\Bijlage opdrachten\Bijlage opdrachten\Week 5 + 6 - Bounching Square - Ball\DVI.vhd:]
WARNING: [filemgmt 56-199] Attempt to get parsing info during refresh. "On-the-fly" syntax checking information may be incorrect. [C:\Users\Julien\Downloads\Bijlage opdrachten\Bijlage opdrachten\Week 5 + 6 - Bounching Square - Ball\DVI.vhd:]
[Mon Jan  6 12:53:42 2025] Launched synth_1...
Run output will be captured here: C:/ProgH/Ball/Ball.runs/synth_1/runme.log
[Mon Jan  6 12:53:42 2025] Launched impl_1...
Run output will be captured here: C:/ProgH/Ball/Ball.runs/impl_1/runme.log
ERROR: [Common 17-180] Spawn failed: No error
synth_design -rtl -rtl_skip_mlo -name rtl_1
Command: synth_design -rtl -rtl_skip_mlo -name rtl_1
Starting synth_design
Using part: xc7a35tcpg236-1
Top: Top_Module
INFO: [Device 21-403] Loading part xc7a35tcpg236-1
INFO: [Device 21-9227] Part: xc7a35tcpg236-1 does not have CEAM library.
INFO: [Synth 8-7079] Multithreading enabled for synth_design using a maximum of 2 processes.
INFO: [Synth 8-7078] Launching helper process for spawning children vivado processes
INFO: [Synth 8-7075] Helper process launched with PID 16364
---------------------------------------------------------------------------------
Starting RTL Elaboration : Time (s): cpu = 00:00:02 ; elapsed = 00:00:07 . Memory (MB): peak = 2312.688 ; gain = 442.430
---------------------------------------------------------------------------------
ERROR: [Synth 8-2757] this construct is only supported in VHDL 1076-2008 [C:/ProgH/Ball/Ball.srcs/sources_1/new/Position_Calculator.vhd:68]
ERROR: [Synth 8-2757] this construct is only supported in VHDL 1076-2008 [C:/ProgH/Ball/Ball.srcs/sources_1/new/Position_Calculator.vhd:69]
ERROR: [Synth 8-2757] this construct is only supported in VHDL 1076-2008 [C:/ProgH/Ball/Ball.srcs/sources_1/new/Position_Calculator.vhd:70]
INFO: [Synth 8-11252] unit 'behavioral' is ignored due to previous errors [C:/ProgH/Ball/Ball.srcs/sources_1/new/Position_Calculator.vhd:81]
INFO: [Synth 8-10443] VHDL file 'C:/ProgH/Ball/Ball.srcs/sources_1/new/Position_Calculator.vhd' is ignored due to errors
ERROR: [Synth 8-439] module 'Top_Module' not found
---------------------------------------------------------------------------------
Finished RTL Elaboration : Time (s): cpu = 00:00:03 ; elapsed = 00:00:09 . Memory (MB): peak = 2422.531 ; gain = 552.273
---------------------------------------------------------------------------------
RTL Elaboration failed
7 Infos, 0 Warnings, 0 Critical Warnings and 5 Errors encountered.
synth_design failed
ERROR: [Vivado_Tcl 4-5] Elaboration failed - please see the console for details
synth_design -rtl -rtl_skip_mlo -name rtl_1
Command: synth_design -rtl -rtl_skip_mlo -name rtl_1
Starting synth_design
Using part: xc7a35tcpg236-1
Top: Top_Module
INFO: [Synth 8-7079] Multithreading enabled for synth_design using a maximum of 2 processes.
---------------------------------------------------------------------------------
Starting RTL Elaboration : Time (s): cpu = 00:00:02 ; elapsed = 00:00:08 . Memory (MB): peak = 2422.531 ; gain = 0.000
---------------------------------------------------------------------------------
ERROR: [Synth 8-2757] this construct is only supported in VHDL 1076-2008 [C:/ProgH/Ball/Ball.srcs/sources_1/new/Position_Calculator.vhd:68]
ERROR: [Synth 8-2757] this construct is only supported in VHDL 1076-2008 [C:/ProgH/Ball/Ball.srcs/sources_1/new/Position_Calculator.vhd:69]
ERROR: [Synth 8-2757] this construct is only supported in VHDL 1076-2008 [C:/ProgH/Ball/Ball.srcs/sources_1/new/Position_Calculator.vhd:70]
INFO: [Synth 8-11252] unit 'behavioral' is ignored due to previous errors [C:/ProgH/Ball/Ball.srcs/sources_1/new/Position_Calculator.vhd:81]
INFO: [Synth 8-10443] VHDL file 'C:/ProgH/Ball/Ball.srcs/sources_1/new/Position_Calculator.vhd' is ignored due to errors
ERROR: [Synth 8-439] module 'Top_Module' not found
---------------------------------------------------------------------------------
Finished RTL Elaboration : Time (s): cpu = 00:00:02 ; elapsed = 00:00:10 . Memory (MB): peak = 2426.680 ; gain = 4.148
---------------------------------------------------------------------------------
RTL Elaboration failed
3 Infos, 0 Warnings, 0 Critical Warnings and 5 Errors encountered.
synth_design failed
ERROR: [Vivado_Tcl 4-5] Elaboration failed - please see the console for details
WARNING: [filemgmt 56-199] Attempt to get parsing info during refresh. "On-the-fly" syntax checking information may be incorrect. [C:\ProgH\Ball\Ball.srcs\sources_1\new\DVI_Display.vhd:]
WARNING: [filemgmt 56-199] Attempt to get parsing info during refresh. "On-the-fly" syntax checking information may be incorrect. [C:\ProgH\Ball\Ball.srcs\sources_1\new\Position_Calculator.vhd:]
WARNING: [filemgmt 56-199] Attempt to get parsing info during refresh. "On-the-fly" syntax checking information may be incorrect. [C:\Users\Julien\Downloads\Bijlage opdrachten\Bijlage opdrachten\Week 5 + 6 - Bounching Square - Ball\DVI.vhd:]
WARNING: [filemgmt 56-199] Attempt to get parsing info during refresh. "On-the-fly" syntax checking information may be incorrect. [C:\ProgH\Ball\Ball.srcs\sources_1\new\DVI_Display.vhd:]
WARNING: [filemgmt 56-199] Attempt to get parsing info during refresh. "On-the-fly" syntax checking information may be incorrect. [C:\ProgH\Ball\Ball.srcs\sources_1\new\DVI_Display.vhd:]
update_compile_order -fileset sources_1
WARNING: [filemgmt 56-199] Attempt to get parsing info during refresh. "On-the-fly" syntax checking information may be incorrect. [C:\ProgH\Ball\Ball.srcs\sources_1\new\DVI_Display.vhd:]
WARNING: [filemgmt 56-199] Attempt to get parsing info during refresh. "On-the-fly" syntax checking information may be incorrect. [C:\ProgH\Ball\Ball.srcs\sources_1\new\Position_Calculator.vhd:]
WARNING: [filemgmt 56-199] Attempt to get parsing info during refresh. "On-the-fly" syntax checking information may be incorrect. [C:\Users\Julien\Downloads\Bijlage opdrachten\Bijlage opdrachten\Week 5 + 6 - Bounching Square - Ball\DVI.vhd:]
WARNING: [filemgmt 56-199] Attempt to get parsing info during refresh. "On-the-fly" syntax checking information may be incorrect. [C:\ProgH\Ball\Ball.srcs\sources_1\new\Position_Calculator.vhd:]
WARNING: [filemgmt 56-199] Attempt to get parsing info during refresh. "On-the-fly" syntax checking information may be incorrect. [C:\ProgH\Ball\Ball.srcs\sources_1\new\Position_Calculator.vhd:]
WARNING: [filemgmt 56-199] Attempt to get parsing info during refresh. "On-the-fly" syntax checking information may be incorrect. [C:\ProgH\Ball\Ball.srcs\sources_1\new\DVI_Display.vhd:]
WARNING: [filemgmt 56-199] Attempt to get parsing info during refresh. "On-the-fly" syntax checking information may be incorrect. [C:\ProgH\Ball\Ball.srcs\sources_1\new\Position_Calculator.vhd:]
WARNING: [filemgmt 56-199] Attempt to get parsing info during refresh. "On-the-fly" syntax checking information may be incorrect. [C:\Users\Julien\Downloads\Bijlage opdrachten\Bijlage opdrachten\Week 5 + 6 - Bounching Square - Ball\DVI.vhd:]
WARNING: [filemgmt 56-199] Attempt to get parsing info during refresh. "On-the-fly" syntax checking information may be incorrect. [C:\Users\Julien\Downloads\Bijlage opdrachten\Bijlage opdrachten\Week 5 + 6 - Bounching Square - Ball\DVI.vhd:]
WARNING: [filemgmt 56-199] Attempt to get parsing info during refresh. "On-the-fly" syntax checking information may be incorrect. [C:\Users\Julien\Downloads\Bijlage opdrachten\Bijlage opdrachten\Week 5 + 6 - Bounching Square - Ball\DVI.vhd:]
WARNING: [filemgmt 56-199] Attempt to get parsing info during refresh. "On-the-fly" syntax checking information may be incorrect. [C:\ProgH\Ball\Ball.srcs\sources_1\new\DVI_Display.vhd:]
WARNING: [filemgmt 56-199] Attempt to get parsing info during refresh. "On-the-fly" syntax checking information may be incorrect. [C:\ProgH\Ball\Ball.srcs\sources_1\new\Position_Calculator.vhd:]
WARNING: [filemgmt 56-199] Attempt to get parsing info during refresh. "On-the-fly" syntax checking information may be incorrect. [C:\Users\Julien\Downloads\Bijlage opdrachten\Bijlage opdrachten\Week 5 + 6 - Bounching Square - Ball\DVI.vhd:]
WARNING: [filemgmt 56-199] Attempt to get parsing info during refresh. "On-the-fly" syntax checking information may be incorrect. [C:\ProgH\Ball\Ball.srcs\sources_1\new\DVI_Display.vhd:]
WARNING: [filemgmt 56-199] Attempt to get parsing info during refresh. "On-the-fly" syntax checking information may be incorrect. [C:\ProgH\Ball\Ball.srcs\sources_1\new\DVI_Display.vhd:]
update_compile_order -fileset sources_1
WARNING: [filemgmt 56-199] Attempt to get parsing info during refresh. "On-the-fly" syntax checking information may be incorrect. [C:\ProgH\Ball\Ball.srcs\sources_1\new\DVI_Display.vhd:]
WARNING: [filemgmt 56-199] Attempt to get parsing info during refresh. "On-the-fly" syntax checking information may be incorrect. [C:\ProgH\Ball\Ball.srcs\sources_1\new\Position_Calculator.vhd:]
WARNING: [filemgmt 56-199] Attempt to get parsing info during refresh. "On-the-fly" syntax checking information may be incorrect. [C:\Users\Julien\Downloads\Bijlage opdrachten\Bijlage opdrachten\Week 5 + 6 - Bounching Square - Ball\DVI.vhd:]
WARNING: [filemgmt 56-199] Attempt to get parsing info during refresh. "On-the-fly" syntax checking information may be incorrect. [C:\Users\Julien\Downloads\Bijlage opdrachten\Bijlage opdrachten\Week 5 + 6 - Bounching Square - Ball\DVI.vhd:]
WARNING: [filemgmt 56-199] Attempt to get parsing info during refresh. "On-the-fly" syntax checking information may be incorrect. [C:\Users\Julien\Downloads\Bijlage opdrachten\Bijlage opdrachten\Week 5 + 6 - Bounching Square - Ball\DVI.vhd:]
WARNING: [filemgmt 56-199] Attempt to get parsing info during refresh. "On-the-fly" syntax checking information may be incorrect. [C:\ProgH\Ball\Ball.srcs\sources_1\new\DVI_Display.vhd:]
WARNING: [filemgmt 56-199] Attempt to get parsing info during refresh. "On-the-fly" syntax checking information may be incorrect. [C:\ProgH\Ball\Ball.srcs\sources_1\new\Position_Calculator.vhd:]
WARNING: [filemgmt 56-199] Attempt to get parsing info during refresh. "On-the-fly" syntax checking information may be incorrect. [C:\Users\Julien\Downloads\Bijlage opdrachten\Bijlage opdrachten\Week 5 + 6 - Bounching Square - Ball\DVI.vhd:]
WARNING: [filemgmt 56-199] Attempt to get parsing info during refresh. "On-the-fly" syntax checking information may be incorrect. [C:\ProgH\Ball\Ball.srcs\sources_1\new\Position_Calculator.vhd:]
WARNING: [filemgmt 56-199] Attempt to get parsing info during refresh. "On-the-fly" syntax checking information may be incorrect. [C:\ProgH\Ball\Ball.srcs\sources_1\new\Position_Calculator.vhd:]
WARNING: [filemgmt 56-199] Attempt to get parsing info during refresh. "On-the-fly" syntax checking information may be incorrect. [C:\ProgH\Ball\Ball.srcs\sources_1\new\DVI_Display.vhd:]
WARNING: [filemgmt 56-199] Attempt to get parsing info during refresh. "On-the-fly" syntax checking information may be incorrect. [C:\ProgH\Ball\Ball.srcs\sources_1\new\Position_Calculator.vhd:]
WARNING: [filemgmt 56-199] Attempt to get parsing info during refresh. "On-the-fly" syntax checking information may be incorrect. [C:\Users\Julien\Downloads\Bijlage opdrachten\Bijlage opdrachten\Week 5 + 6 - Bounching Square - Ball\DVI.vhd:]
WARNING: [filemgmt 56-199] Attempt to get parsing info during refresh. "On-the-fly" syntax checking information may be incorrect. [C:\ProgH\Ball\Ball.srcs\sources_1\new\DVI_Display.vhd:]
WARNING: [filemgmt 56-199] Attempt to get parsing info during refresh. "On-the-fly" syntax checking information may be incorrect. [C:\ProgH\Ball\Ball.srcs\sources_1\new\DVI_Display.vhd:]
WARNING: [filemgmt 56-199] Attempt to get parsing info during refresh. "On-the-fly" syntax checking information may be incorrect. [C:\ProgH\Ball\Ball.srcs\sources_1\new\DVI_Display.vhd:]
WARNING: [filemgmt 56-199] Attempt to get parsing info during refresh. "On-the-fly" syntax checking information may be incorrect. [C:\ProgH\Ball\Ball.srcs\sources_1\new\Position_Calculator.vhd:]
WARNING: [filemgmt 56-199] Attempt to get parsing info during refresh. "On-the-fly" syntax checking information may be incorrect. [C:\Users\Julien\Downloads\Bijlage opdrachten\Bijlage opdrachten\Week 5 + 6 - Bounching Square - Ball\DVI.vhd:]
WARNING: [filemgmt 56-199] Attempt to get parsing info during refresh. "On-the-fly" syntax checking information may be incorrect. [C:\ProgH\Ball\Ball.srcs\sources_1\new\Position_Calculator.vhd:]
WARNING: [filemgmt 56-199] Attempt to get parsing info during refresh. "On-the-fly" syntax checking information may be incorrect. [C:\ProgH\Ball\Ball.srcs\sources_1\new\Position_Calculator.vhd:]
WARNING: [filemgmt 56-199] Attempt to get parsing info during refresh. "On-the-fly" syntax checking information may be incorrect. [C:\ProgH\Ball\Ball.srcs\sources_1\new\DVI_Display.vhd:]
WARNING: [filemgmt 56-199] Attempt to get parsing info during refresh. "On-the-fly" syntax checking information may be incorrect. [C:\ProgH\Ball\Ball.srcs\sources_1\new\Position_Calculator.vhd:]
WARNING: [filemgmt 56-199] Attempt to get parsing info during refresh. "On-the-fly" syntax checking information may be incorrect. [C:\Users\Julien\Downloads\Bijlage opdrachten\Bijlage opdrachten\Week 5 + 6 - Bounching Square - Ball\DVI.vhd:]
WARNING: [filemgmt 56-199] Attempt to get parsing info during refresh. "On-the-fly" syntax checking information may be incorrect. [C:\ProgH\Ball\Ball.srcs\sources_1\new\Position_Calculator.vhd:]
WARNING: [filemgmt 56-199] Attempt to get parsing info during refresh. "On-the-fly" syntax checking information may be incorrect. [C:\ProgH\Ball\Ball.srcs\sources_1\new\Position_Calculator.vhd:]
WARNING: [filemgmt 56-199] Attempt to get parsing info during refresh. "On-the-fly" syntax checking information may be incorrect. [C:\ProgH\Ball\Ball.srcs\sources_1\new\DVI_Display.vhd:]
WARNING: [filemgmt 56-199] Attempt to get parsing info during refresh. "On-the-fly" syntax checking information may be incorrect. [C:\ProgH\Ball\Ball.srcs\sources_1\new\Position_Calculator.vhd:]
WARNING: [filemgmt 56-199] Attempt to get parsing info during refresh. "On-the-fly" syntax checking information may be incorrect. [C:\Users\Julien\Downloads\Bijlage opdrachten\Bijlage opdrachten\Week 5 + 6 - Bounching Square - Ball\DVI.vhd:]
WARNING: [filemgmt 56-199] Attempt to get parsing info during refresh. "On-the-fly" syntax checking information may be incorrect. [C:\ProgH\Ball\Ball.srcs\sources_1\new\DVI_Display.vhd:]
WARNING: [filemgmt 56-199] Attempt to get parsing info during refresh. "On-the-fly" syntax checking information may be incorrect. [C:\ProgH\Ball\Ball.srcs\sources_1\new\DVI_Display.vhd:]
update_compile_order -fileset sources_1
WARNING: [filemgmt 56-199] Attempt to get parsing info during refresh. "On-the-fly" syntax checking information may be incorrect. [C:\ProgH\Ball\Ball.srcs\sources_1\new\DVI_Display.vhd:]
WARNING: [filemgmt 56-199] Attempt to get parsing info during refresh. "On-the-fly" syntax checking information may be incorrect. [C:\ProgH\Ball\Ball.srcs\sources_1\new\Position_Calculator.vhd:]
WARNING: [filemgmt 56-199] Attempt to get parsing info during refresh. "On-the-fly" syntax checking information may be incorrect. [C:\Users\Julien\Downloads\Bijlage opdrachten\Bijlage opdrachten\Week 5 + 6 - Bounching Square - Ball\DVI.vhd:]
WARNING: [filemgmt 56-199] Attempt to get parsing info during refresh. "On-the-fly" syntax checking information may be incorrect. [C:\Users\Julien\Downloads\Bijlage opdrachten\Bijlage opdrachten\Week 5 + 6 - Bounching Square - Ball\DVI.vhd:]
WARNING: [filemgmt 56-199] Attempt to get parsing info during refresh. "On-the-fly" syntax checking information may be incorrect. [C:\Users\Julien\Downloads\Bijlage opdrachten\Bijlage opdrachten\Week 5 + 6 - Bounching Square - Ball\DVI.vhd:]
WARNING: [filemgmt 56-199] Attempt to get parsing info during refresh. "On-the-fly" syntax checking information may be incorrect. [C:\ProgH\Ball\Ball.srcs\sources_1\new\DVI_Display.vhd:]
WARNING: [filemgmt 56-199] Attempt to get parsing info during refresh. "On-the-fly" syntax checking information may be incorrect. [C:\ProgH\Ball\Ball.srcs\sources_1\new\Position_Calculator.vhd:]
WARNING: [filemgmt 56-199] Attempt to get parsing info during refresh. "On-the-fly" syntax checking information may be incorrect. [C:\Users\Julien\Downloads\Bijlage opdrachten\Bijlage opdrachten\Week 5 + 6 - Bounching Square - Ball\DVI.vhd:]
WARNING: [filemgmt 56-199] Attempt to get parsing info during refresh. "On-the-fly" syntax checking information may be incorrect. [C:\ProgH\Ball\Ball.srcs\sources_1\new\DVI_Display.vhd:]
WARNING: [filemgmt 56-199] Attempt to get parsing info during refresh. "On-the-fly" syntax checking information may be incorrect. [C:\ProgH\Ball\Ball.srcs\sources_1\new\DVI_Display.vhd:]
update_compile_order -fileset sources_1
WARNING: [filemgmt 56-199] Attempt to get parsing info during refresh. "On-the-fly" syntax checking information may be incorrect. [C:\ProgH\Ball\Ball.srcs\sources_1\new\DVI_Display.vhd:]
WARNING: [filemgmt 56-199] Attempt to get parsing info during refresh. "On-the-fly" syntax checking information may be incorrect. [C:\ProgH\Ball\Ball.srcs\sources_1\new\Position_Calculator.vhd:]
WARNING: [filemgmt 56-199] Attempt to get parsing info during refresh. "On-the-fly" syntax checking information may be incorrect. [C:\Users\Julien\Downloads\Bijlage opdrachten\Bijlage opdrachten\Week 5 + 6 - Bounching Square - Ball\DVI.vhd:]
WARNING: [filemgmt 56-199] Attempt to get parsing info during refresh. "On-the-fly" syntax checking information may be incorrect. [C:\ProgH\Ball\Ball.srcs\sources_1\new\DVI_Display.vhd:]
WARNING: [filemgmt 56-199] Attempt to get parsing info during refresh. "On-the-fly" syntax checking information may be incorrect. [C:\ProgH\Ball\Ball.srcs\sources_1\new\DVI_Display.vhd:]
synth_design -rtl -rtl_skip_mlo -name rtl_1
Command: synth_design -rtl -rtl_skip_mlo -name rtl_1
Starting synth_design
Using part: xc7a35tcpg236-1
Top: DVI_Top
INFO: [Synth 8-7079] Multithreading enabled for synth_design using a maximum of 2 processes.
---------------------------------------------------------------------------------
Starting RTL Elaboration : Time (s): cpu = 00:00:02 ; elapsed = 00:00:07 . Memory (MB): peak = 2489.926 ; gain = 16.148
---------------------------------------------------------------------------------
INFO: [Synth 8-638] synthesizing module 'DVI_Top' [C:/Users/Julien/Downloads/Bijlage opdrachten/Bijlage opdrachten/Week 5 + 6 - Bounching Square - Ball/DVI.vhd:17]
INFO: [Synth 8-3491] module 'clkDVIprescaler' declared at 'C:/Users/Julien/AppData/Roaming/Xilinx/Vivado/.Xil/Vivado-14604-JulienPC/realtime/clkDVIprescaler_stub.v:6' bound to instance 'prescaler_instance' of component 'clkDVIprescaler' [C:/Users/Julien/Downloads/Bijlage opdrachten/Bijlage opdrachten/Week 5 + 6 - Bounching Square - Ball/DVI.vhd:57]
INFO: [Synth 8-6157] synthesizing module 'clkDVIprescaler' [C:/Users/Julien/AppData/Roaming/Xilinx/Vivado/.Xil/Vivado-14604-JulienPC/realtime/clkDVIprescaler_stub.v:6]
INFO: [Synth 8-6155] done synthesizing module 'clkDVIprescaler' (0#1) [C:/Users/Julien/AppData/Roaming/Xilinx/Vivado/.Xil/Vivado-14604-JulienPC/realtime/clkDVIprescaler_stub.v:6]
INFO: [Synth 8-3491] module 'Position_Calculator' declared at 'C:/ProgH/Ball/Ball.srcs/sources_1/new/Position_Calculator.vhd:7' bound to instance 'position_instance' of component 'Position_Calculator' [C:/Users/Julien/Downloads/Bijlage opdrachten/Bijlage opdrachten/Week 5 + 6 - Bounching Square - Ball/DVI.vhd:64]
INFO: [Synth 8-638] synthesizing module 'Position_Calculator' [C:/ProgH/Ball/Ball.srcs/sources_1/new/Position_Calculator.vhd:16]
INFO: [Synth 8-256] done synthesizing module 'Position_Calculator' (0#1) [C:/ProgH/Ball/Ball.srcs/sources_1/new/Position_Calculator.vhd:16]
INFO: [Synth 8-3491] module 'DVI_Display' declared at 'C:/ProgH/Ball/Ball.srcs/sources_1/new/DVI_Display.vhd:6' bound to instance 'display_instance' of component 'DVI_Display' [C:/Users/Julien/Downloads/Bijlage opdrachten/Bijlage opdrachten/Week 5 + 6 - Bounching Square - Ball/DVI.vhd:73]
INFO: [Synth 8-638] synthesizing module 'DVI_Display' [C:/ProgH/Ball/Ball.srcs/sources_1/new/DVI_Display.vhd:18]
INFO: [Synth 8-256] done synthesizing module 'DVI_Display' (0#1) [C:/ProgH/Ball/Ball.srcs/sources_1/new/DVI_Display.vhd:18]
INFO: [Synth 8-256] done synthesizing module 'DVI_Top' (0#1) [C:/Users/Julien/Downloads/Bijlage opdrachten/Bijlage opdrachten/Week 5 + 6 - Bounching Square - Ball/DVI.vhd:17]
---------------------------------------------------------------------------------
Finished RTL Elaboration : Time (s): cpu = 00:00:02 ; elapsed = 00:00:10 . Memory (MB): peak = 2489.926 ; gain = 16.148
---------------------------------------------------------------------------------
---------------------------------------------------------------------------------
Start Handling Custom Attributes
---------------------------------------------------------------------------------
---------------------------------------------------------------------------------
Finished Handling Custom Attributes : Time (s): cpu = 00:00:02 ; elapsed = 00:00:10 . Memory (MB): peak = 2505.676 ; gain = 31.898
---------------------------------------------------------------------------------
---------------------------------------------------------------------------------
Finished RTL Optimization Phase 1 : Time (s): cpu = 00:00:02 ; elapsed = 00:00:10 . Memory (MB): peak = 2505.676 ; gain = 31.898
---------------------------------------------------------------------------------
INFO: [Project 1-454] Reading design checkpoint 'c:/ProgH/Ball/Ball.gen/sources_1/ip/clkDVIprescaler/clkDVIprescaler.dcp' for cell 'prescaler_instance'
Netlist sorting complete. Time (s): cpu = 00:00:00 ; elapsed = 00:00:00.006 . Memory (MB): peak = 2526.328 ; gain = 0.000
INFO: [Netlist 29-17] Analyzing 1 Unisim elements for replacement
INFO: [Netlist 29-28] Unisim Transformation completed in 0 CPU seconds
INFO: [Project 1-479] Netlist was created with Vivado 2024.1
INFO: [Project 1-570] Preparing netlist for logic optimization

Processing XDC Constraints
Initializing timing engine
Parsing XDC File [c:/ProgH/Ball/Ball.gen/sources_1/ip/clkDVIprescaler/clkDVIprescaler_board.xdc] for cell 'prescaler_instance/inst'
Finished Parsing XDC File [c:/ProgH/Ball/Ball.gen/sources_1/ip/clkDVIprescaler/clkDVIprescaler_board.xdc] for cell 'prescaler_instance/inst'
Parsing XDC File [c:/ProgH/Ball/Ball.gen/sources_1/ip/clkDVIprescaler/clkDVIprescaler.xdc] for cell 'prescaler_instance/inst'
Finished Parsing XDC File [c:/ProgH/Ball/Ball.gen/sources_1/ip/clkDVIprescaler/clkDVIprescaler.xdc] for cell 'prescaler_instance/inst'
INFO: [Project 1-236] Implementation specific constraints were found while reading constraint file [c:/ProgH/Ball/Ball.gen/sources_1/ip/clkDVIprescaler/clkDVIprescaler.xdc]. These constraints will be ignored for synthesis but will be used in implementation. Impacted constraints are listed in the file [.Xil/DVI_Top_propImpl.xdc].
Resolution: To avoid this warning, move constraints listed in [.Xil/DVI_Top_propImpl.xdc] to another XDC file and exclude this new file from synthesis with the used_in_synthesis property (File Properties dialog in GUI) and re-run elaboration/synthesis.
INFO: [Timing 38-2] Deriving generated clocks
Parsing XDC File [C:/ProgH/Ball/Ball.srcs/constrs_1/new/const.xdc]
WARNING: [Vivado 12-584] No ports matched 'clk25'. [C:/ProgH/Ball/Ball.srcs/constrs_1/new/const.xdc:13]
WARNING: [Vivado 12-584] No ports matched 'clk25'. [C:/ProgH/Ball/Ball.srcs/constrs_1/new/const.xdc:20]
Finished Parsing XDC File [C:/ProgH/Ball/Ball.srcs/constrs_1/new/const.xdc]
WARNING: [Project 1-498] One or more constraints failed evaluation while reading constraint file [C:/ProgH/Ball/Ball.srcs/constrs_1/new/const.xdc] and the design contains unresolved black boxes. These constraints will be read post-synthesis (as long as their source constraint file is marked as used_in_implementation) and should be applied correctly then. You should review the constraints listed in the file [.Xil/DVI_Top_propImpl.xdc] and check the run log file to verify that these constraints were correctly applied.
Completed Processing XDC Constraints

Netlist sorting complete. Time (s): cpu = 00:00:00 ; elapsed = 00:00:00 . Memory (MB): peak = 2630.426 ; gain = 0.000
INFO: [Project 1-111] Unisim Transformation Summary:
No Unisim elements were transformed.

RTL Elaboration Complete:  : Time (s): cpu = 00:00:05 ; elapsed = 00:00:16 . Memory (MB): peak = 2653.238 ; gain = 179.461
20 Infos, 3 Warnings, 0 Critical Warnings and 0 Errors encountered.
synth_design completed successfully
synth_design: Time (s): cpu = 00:00:05 ; elapsed = 00:00:16 . Memory (MB): peak = 2653.238 ; gain = 179.461
WARNING: [filemgmt 56-199] Attempt to get parsing info during refresh. "On-the-fly" syntax checking information may be incorrect. [C:\ProgH\Ball\Ball.srcs\sources_1\new\DVI_Display.vhd:]
WARNING: [filemgmt 56-199] Attempt to get parsing info during refresh. "On-the-fly" syntax checking information may be incorrect. [C:\ProgH\Ball\Ball.srcs\sources_1\new\Position_Calculator.vhd:]
WARNING: [filemgmt 56-199] Attempt to get parsing info during refresh. "On-the-fly" syntax checking information may be incorrect. [C:\Users\Julien\Downloads\Bijlage opdrachten\Bijlage opdrachten\Week 5 + 6 - Bounching Square - Ball\DVI.vhd:]
WARNING: [filemgmt 56-199] Attempt to get parsing info during refresh. "On-the-fly" syntax checking information may be incorrect. [C:\ProgH\Ball\Ball.srcs\sources_1\new\DVI_Display.vhd:]
WARNING: [filemgmt 56-199] Attempt to get parsing info during refresh. "On-the-fly" syntax checking information may be incorrect. [C:\ProgH\Ball\Ball.srcs\sources_1\new\DVI_Display.vhd:]
WARNING: [filemgmt 56-199] Attempt to get parsing info during refresh. "On-the-fly" syntax checking information may be incorrect. [C:\ProgH\Ball\Ball.srcs\sources_1\new\DVI_Display.vhd:]
WARNING: [filemgmt 56-199] Attempt to get parsing info during refresh. "On-the-fly" syntax checking information may be incorrect. [C:\ProgH\Ball\Ball.srcs\sources_1\new\Position_Calculator.vhd:]
WARNING: [filemgmt 56-199] Attempt to get parsing info during refresh. "On-the-fly" syntax checking information may be incorrect. [C:\Users\Julien\Downloads\Bijlage opdrachten\Bijlage opdrachten\Week 5 + 6 - Bounching Square - Ball\DVI.vhd:]
WARNING: [filemgmt 56-199] Attempt to get parsing info during refresh. "On-the-fly" syntax checking information may be incorrect. [C:\Users\Julien\Downloads\Bijlage opdrachten\Bijlage opdrachten\Week 5 + 6 - Bounching Square - Ball\DVI.vhd:]
WARNING: [filemgmt 56-199] Attempt to get parsing info during refresh. "On-the-fly" syntax checking information may be incorrect. [C:\Users\Julien\Downloads\Bijlage opdrachten\Bijlage opdrachten\Week 5 + 6 - Bounching Square - Ball\DVI.vhd:]
update_compile_order -fileset sources_1
WARNING: [filemgmt 56-199] Attempt to get parsing info during refresh. "On-the-fly" syntax checking information may be incorrect. [C:\ProgH\Ball\Ball.srcs\sources_1\new\DVI_Display.vhd:]
WARNING: [filemgmt 56-199] Attempt to get parsing info during refresh. "On-the-fly" syntax checking information may be incorrect. [C:\ProgH\Ball\Ball.srcs\sources_1\new\Position_Calculator.vhd:]
WARNING: [filemgmt 56-199] Attempt to get parsing info during refresh. "On-the-fly" syntax checking information may be incorrect. [C:\Users\Julien\Downloads\Bijlage opdrachten\Bijlage opdrachten\Week 5 + 6 - Bounching Square - Ball\DVI.vhd:]
WARNING: [filemgmt 56-199] Attempt to get parsing info during refresh. "On-the-fly" syntax checking information may be incorrect. [C:\ProgH\Ball\Ball.srcs\sources_1\new\DVI_Display.vhd:]
WARNING: [filemgmt 56-199] Attempt to get parsing info during refresh. "On-the-fly" syntax checking information may be incorrect. [C:\ProgH\Ball\Ball.srcs\sources_1\new\DVI_Display.vhd:]
WARNING: [filemgmt 56-199] Attempt to get parsing info during refresh. "On-the-fly" syntax checking information may be incorrect. [C:\ProgH\Ball\Ball.srcs\sources_1\new\DVI_Display.vhd:]
WARNING: [filemgmt 56-199] Attempt to get parsing info during refresh. "On-the-fly" syntax checking information may be incorrect. [C:\ProgH\Ball\Ball.srcs\sources_1\new\Position_Calculator.vhd:]
WARNING: [filemgmt 56-199] Attempt to get parsing info during refresh. "On-the-fly" syntax checking information may be incorrect. [C:\Users\Julien\Downloads\Bijlage opdrachten\Bijlage opdrachten\Week 5 + 6 - Bounching Square - Ball\DVI.vhd:]
WARNING: [filemgmt 56-199] Attempt to get parsing info during refresh. "On-the-fly" syntax checking information may be incorrect. [C:\ProgH\Ball\Ball.srcs\sources_1\new\Position_Calculator.vhd:]
WARNING: [filemgmt 56-199] Attempt to get parsing info during refresh. "On-the-fly" syntax checking information may be incorrect. [C:\ProgH\Ball\Ball.srcs\sources_1\new\Position_Calculator.vhd:]
ERROR: [Common 17-180] Spawn failed: No error
ERROR: [Common 17-180] Spawn failed: No error
WARNING: [filemgmt 56-199] Attempt to get parsing info during refresh. "On-the-fly" syntax checking information may be incorrect. [C:\ProgH\Ball\Ball.srcs\sources_1\new\DVI_Display.vhd:]
WARNING: [filemgmt 56-199] Attempt to get parsing info during refresh. "On-the-fly" syntax checking information may be incorrect. [C:\ProgH\Ball\Ball.srcs\sources_1\new\Position_Calculator.vhd:]
WARNING: [filemgmt 56-199] Attempt to get parsing info during refresh. "On-the-fly" syntax checking information may be incorrect. [C:\Users\Julien\Downloads\Bijlage opdrachten\Bijlage opdrachten\Week 5 + 6 - Bounching Square - Ball\DVI.vhd:]
WARNING: [filemgmt 56-199] Attempt to get parsing info during refresh. "On-the-fly" syntax checking information may be incorrect. [C:\ProgH\Ball\Ball.srcs\sources_1\new\DVI_Display.vhd:]
WARNING: [filemgmt 56-199] Attempt to get parsing info during refresh. "On-the-fly" syntax checking information may be incorrect. [C:\ProgH\Ball\Ball.srcs\sources_1\new\DVI_Display.vhd:]
WARNING: [filemgmt 56-199] Attempt to get parsing info during refresh. "On-the-fly" syntax checking information may be incorrect. [C:\ProgH\Ball\Ball.srcs\sources_1\new\DVI_Display.vhd:]
WARNING: [filemgmt 56-199] Attempt to get parsing info during refresh. "On-the-fly" syntax checking information may be incorrect. [C:\ProgH\Ball\Ball.srcs\sources_1\new\Position_Calculator.vhd:]
WARNING: [filemgmt 56-199] Attempt to get parsing info during refresh. "On-the-fly" syntax checking information may be incorrect. [C:\Users\Julien\Downloads\Bijlage opdrachten\Bijlage opdrachten\Week 5 + 6 - Bounching Square - Ball\DVI.vhd:]
WARNING: [filemgmt 56-199] Attempt to get parsing info during refresh. "On-the-fly" syntax checking information may be incorrect. [C:\Users\Julien\Downloads\Bijlage opdrachten\Bijlage opdrachten\Week 5 + 6 - Bounching Square - Ball\DVI.vhd:]
WARNING: [filemgmt 56-199] Attempt to get parsing info during refresh. "On-the-fly" syntax checking information may be incorrect. [C:\Users\Julien\Downloads\Bijlage opdrachten\Bijlage opdrachten\Week 5 + 6 - Bounching Square - Ball\DVI.vhd:]
update_compile_order -fileset sources_1
WARNING: [filemgmt 56-199] Attempt to get parsing info during refresh. "On-the-fly" syntax checking information may be incorrect. [C:\ProgH\Ball\Ball.srcs\sources_1\new\DVI_Display.vhd:]
WARNING: [filemgmt 56-199] Attempt to get parsing info during refresh. "On-the-fly" syntax checking information may be incorrect. [C:\ProgH\Ball\Ball.srcs\sources_1\new\Position_Calculator.vhd:]
WARNING: [filemgmt 56-199] Attempt to get parsing info during refresh. "On-the-fly" syntax checking information may be incorrect. [C:\Users\Julien\Downloads\Bijlage opdrachten\Bijlage opdrachten\Week 5 + 6 - Bounching Square - Ball\DVI.vhd:]
WARNING: [filemgmt 56-199] Attempt to get parsing info during refresh. "On-the-fly" syntax checking information may be incorrect. [C:\ProgH\Ball\Ball.srcs\sources_1\new\DVI_Display.vhd:]
WARNING: [filemgmt 56-199] Attempt to get parsing info during refresh. "On-the-fly" syntax checking information may be incorrect. [C:\ProgH\Ball\Ball.srcs\sources_1\new\DVI_Display.vhd:]
WARNING: [filemgmt 56-199] Attempt to get parsing info during refresh. "On-the-fly" syntax checking information may be incorrect. [C:\ProgH\Ball\Ball.srcs\sources_1\new\DVI_Display.vhd:]
WARNING: [filemgmt 56-199] Attempt to get parsing info during refresh. "On-the-fly" syntax checking information may be incorrect. [C:\ProgH\Ball\Ball.srcs\sources_1\new\Position_Calculator.vhd:]
WARNING: [filemgmt 56-199] Attempt to get parsing info during refresh. "On-the-fly" syntax checking information may be incorrect. [C:\Users\Julien\Downloads\Bijlage opdrachten\Bijlage opdrachten\Week 5 + 6 - Bounching Square - Ball\DVI.vhd:]
WARNING: [filemgmt 56-199] Attempt to get parsing info during refresh. "On-the-fly" syntax checking information may be incorrect. [C:\ProgH\Ball\Ball.srcs\sources_1\new\DVI_Display.vhd:]
WARNING: [filemgmt 56-199] Attempt to get parsing info during refresh. "On-the-fly" syntax checking information may be incorrect. [C:\ProgH\Ball\Ball.srcs\sources_1\new\DVI_Display.vhd:]
WARNING: [filemgmt 56-199] Attempt to get parsing info during refresh. "On-the-fly" syntax checking information may be incorrect. [C:\ProgH\Ball\Ball.srcs\sources_1\new\DVI_Display.vhd:]
WARNING: [filemgmt 56-199] Attempt to get parsing info during refresh. "On-the-fly" syntax checking information may be incorrect. [C:\ProgH\Ball\Ball.srcs\sources_1\new\Position_Calculator.vhd:]
WARNING: [filemgmt 56-199] Attempt to get parsing info during refresh. "On-the-fly" syntax checking information may be incorrect. [C:\Users\Julien\Downloads\Bijlage opdrachten\Bijlage opdrachten\Week 5 + 6 - Bounching Square - Ball\DVI.vhd:]
WARNING: [filemgmt 56-199] Attempt to get parsing info during refresh. "On-the-fly" syntax checking information may be incorrect. [C:\ProgH\Ball\Ball.srcs\sources_1\new\Position_Calculator.vhd:]
WARNING: [filemgmt 56-199] Attempt to get parsing info during refresh. "On-the-fly" syntax checking information may be incorrect. [C:\ProgH\Ball\Ball.srcs\sources_1\new\Position_Calculator.vhd:]
ERROR: [Common 17-180] Spawn failed: No error
ERROR: [Common 17-180] Spawn failed: No error
refresh_design
INFO: [Synth 8-7079] Multithreading enabled for synth_design using a maximum of 2 processes.
---------------------------------------------------------------------------------
Starting RTL Elaboration : Time (s): cpu = 00:00:03 ; elapsed = 00:00:07 . Memory (MB): peak = 2683.625 ; gain = 30.387
---------------------------------------------------------------------------------
ERROR: [Synth 8-10097] type error near radius ; current type unsigned; expected type natural [C:/ProgH/Ball/Ball.srcs/sources_1/new/Position_Calculator.vhd:42]
INFO: [Synth 8-11252] unit 'behavioral' is ignored due to previous errors [C:/ProgH/Ball/Ball.srcs/sources_1/new/Position_Calculator.vhd:69]
INFO: [Synth 8-10443] VHDL file 'C:/ProgH/Ball/Ball.srcs/sources_1/new/Position_Calculator.vhd' is ignored due to errors
ERROR: [Synth 8-439] module 'DVI_Top' not found
---------------------------------------------------------------------------------
Finished RTL Elaboration : Time (s): cpu = 00:00:04 ; elapsed = 00:00:09 . Memory (MB): peak = 2786.336 ; gain = 133.098
---------------------------------------------------------------------------------
RTL Elaboration failed
refresh_design: Time (s): cpu = 00:00:04 ; elapsed = 00:00:10 . Memory (MB): peak = 2793.582 ; gain = 140.344
ERROR: [Common 17-39] 'refresh_design' failed due to earlier errors.
WARNING: [filemgmt 56-199] Attempt to get parsing info during refresh. "On-the-fly" syntax checking information may be incorrect. [C:\ProgH\Ball\Ball.srcs\sources_1\new\DVI_Display.vhd:]
WARNING: [filemgmt 56-199] Attempt to get parsing info during refresh. "On-the-fly" syntax checking information may be incorrect. [C:\ProgH\Ball\Ball.srcs\sources_1\new\Position_Calculator.vhd:]
WARNING: [filemgmt 56-199] Attempt to get parsing info during refresh. "On-the-fly" syntax checking information may be incorrect. [C:\Users\Julien\Downloads\Bijlage opdrachten\Bijlage opdrachten\Week 5 + 6 - Bounching Square - Ball\DVI.vhd:]
WARNING: [filemgmt 56-199] Attempt to get parsing info during refresh. "On-the-fly" syntax checking information may be incorrect. [C:\Users\Julien\Downloads\Bijlage opdrachten\Bijlage opdrachten\Week 5 + 6 - Bounching Square - Ball\DVI.vhd:]
WARNING: [filemgmt 56-199] Attempt to get parsing info during refresh. "On-the-fly" syntax checking information may be incorrect. [C:\Users\Julien\Downloads\Bijlage opdrachten\Bijlage opdrachten\Week 5 + 6 - Bounching Square - Ball\DVI.vhd:]
WARNING: [filemgmt 56-199] Attempt to get parsing info during refresh. "On-the-fly" syntax checking information may be incorrect. [C:\ProgH\Ball\Ball.srcs\sources_1\new\DVI_Display.vhd:]
WARNING: [filemgmt 56-199] Attempt to get parsing info during refresh. "On-the-fly" syntax checking information may be incorrect. [C:\ProgH\Ball\Ball.srcs\sources_1\new\Position_Calculator.vhd:]
WARNING: [filemgmt 56-199] Attempt to get parsing info during refresh. "On-the-fly" syntax checking information may be incorrect. [C:\Users\Julien\Downloads\Bijlage opdrachten\Bijlage opdrachten\Week 5 + 6 - Bounching Square - Ball\DVI.vhd:]
WARNING: [filemgmt 56-199] Attempt to get parsing info during refresh. "On-the-fly" syntax checking information may be incorrect. [C:\ProgH\Ball\Ball.srcs\sources_1\new\DVI_Display.vhd:]
WARNING: [filemgmt 56-199] Attempt to get parsing info during refresh. "On-the-fly" syntax checking information may be incorrect. [C:\ProgH\Ball\Ball.srcs\sources_1\new\DVI_Display.vhd:]
WARNING: [filemgmt 56-199] Attempt to get parsing info during refresh. "On-the-fly" syntax checking information may be incorrect. [C:\ProgH\Ball\Ball.srcs\sources_1\new\DVI_Display.vhd:]
WARNING: [filemgmt 56-199] Attempt to get parsing info during refresh. "On-the-fly" syntax checking information may be incorrect. [C:\ProgH\Ball\Ball.srcs\sources_1\new\Position_Calculator.vhd:]
WARNING: [filemgmt 56-199] Attempt to get parsing info during refresh. "On-the-fly" syntax checking information may be incorrect. [C:\Users\Julien\Downloads\Bijlage opdrachten\Bijlage opdrachten\Week 5 + 6 - Bounching Square - Ball\DVI.vhd:]
WARNING: [filemgmt 56-199] Attempt to get parsing info during refresh. "On-the-fly" syntax checking information may be incorrect. [C:\ProgH\Ball\Ball.srcs\sources_1\new\Position_Calculator.vhd:]
WARNING: [filemgmt 56-199] Attempt to get parsing info during refresh. "On-the-fly" syntax checking information may be incorrect. [C:\ProgH\Ball\Ball.srcs\sources_1\new\Position_Calculator.vhd:]
WARNING: [filemgmt 56-199] Attempt to get parsing info during refresh. "On-the-fly" syntax checking information may be incorrect. [C:\ProgH\Ball\Ball.srcs\sources_1\new\DVI_Display.vhd:]
WARNING: [filemgmt 56-199] Attempt to get parsing info during refresh. "On-the-fly" syntax checking information may be incorrect. [C:\ProgH\Ball\Ball.srcs\sources_1\new\Position_Calculator.vhd:]
WARNING: [filemgmt 56-199] Attempt to get parsing info during refresh. "On-the-fly" syntax checking information may be incorrect. [C:\Users\Julien\Downloads\Bijlage opdrachten\Bijlage opdrachten\Week 5 + 6 - Bounching Square - Ball\DVI.vhd:]
WARNING: [filemgmt 56-199] Attempt to get parsing info during refresh. "On-the-fly" syntax checking information may be incorrect. [C:\Users\Julien\Downloads\Bijlage opdrachten\Bijlage opdrachten\Week 5 + 6 - Bounching Square - Ball\DVI.vhd:]
WARNING: [filemgmt 56-199] Attempt to get parsing info during refresh. "On-the-fly" syntax checking information may be incorrect. [C:\Users\Julien\Downloads\Bijlage opdrachten\Bijlage opdrachten\Week 5 + 6 - Bounching Square - Ball\DVI.vhd:]
WARNING: [filemgmt 56-199] Attempt to get parsing info during refresh. "On-the-fly" syntax checking information may be incorrect. [C:\ProgH\Ball\Ball.srcs\sources_1\new\DVI_Display.vhd:]
WARNING: [filemgmt 56-199] Attempt to get parsing info during refresh. "On-the-fly" syntax checking information may be incorrect. [C:\ProgH\Ball\Ball.srcs\sources_1\new\Position_Calculator.vhd:]
WARNING: [filemgmt 56-199] Attempt to get parsing info during refresh. "On-the-fly" syntax checking information may be incorrect. [C:\Users\Julien\Downloads\Bijlage opdrachten\Bijlage opdrachten\Week 5 + 6 - Bounching Square - Ball\DVI.vhd:]
WARNING: [filemgmt 56-199] Attempt to get parsing info during refresh. "On-the-fly" syntax checking information may be incorrect. [C:\Users\Julien\Downloads\Bijlage opdrachten\Bijlage opdrachten\Week 5 + 6 - Bounching Square - Ball\DVI.vhd:]
WARNING: [filemgmt 56-199] Attempt to get parsing info during refresh. "On-the-fly" syntax checking information may be incorrect. [C:\Users\Julien\Downloads\Bijlage opdrachten\Bijlage opdrachten\Week 5 + 6 - Bounching Square - Ball\DVI.vhd:]
WARNING: [filemgmt 56-199] Attempt to get parsing info during refresh. "On-the-fly" syntax checking information may be incorrect. [C:\ProgH\Ball\Ball.srcs\sources_1\new\DVI_Display.vhd:]
WARNING: [filemgmt 56-199] Attempt to get parsing info during refresh. "On-the-fly" syntax checking information may be incorrect. [C:\ProgH\Ball\Ball.srcs\sources_1\new\Position_Calculator.vhd:]
WARNING: [filemgmt 56-199] Attempt to get parsing info during refresh. "On-the-fly" syntax checking information may be incorrect. [C:\Users\Julien\Downloads\Bijlage opdrachten\Bijlage opdrachten\Week 5 + 6 - Bounching Square - Ball\DVI.vhd:]
WARNING: [filemgmt 56-199] Attempt to get parsing info during refresh. "On-the-fly" syntax checking information may be incorrect. [C:\ProgH\Ball\Ball.srcs\sources_1\new\Position_Calculator.vhd:]
WARNING: [filemgmt 56-199] Attempt to get parsing info during refresh. "On-the-fly" syntax checking information may be incorrect. [C:\ProgH\Ball\Ball.srcs\sources_1\new\Position_Calculator.vhd:]
WARNING: [filemgmt 56-199] Attempt to get parsing info during refresh. "On-the-fly" syntax checking information may be incorrect. [C:\ProgH\Ball\Ball.srcs\sources_1\new\DVI_Display.vhd:]
WARNING: [filemgmt 56-199] Attempt to get parsing info during refresh. "On-the-fly" syntax checking information may be incorrect. [C:\ProgH\Ball\Ball.srcs\sources_1\new\Position_Calculator.vhd:]
WARNING: [filemgmt 56-199] Attempt to get parsing info during refresh. "On-the-fly" syntax checking information may be incorrect. [C:\Users\Julien\Downloads\Bijlage opdrachten\Bijlage opdrachten\Week 5 + 6 - Bounching Square - Ball\DVI.vhd:]
WARNING: [filemgmt 56-199] Attempt to get parsing info during refresh. "On-the-fly" syntax checking information may be incorrect. [C:\ProgH\Ball\Ball.srcs\sources_1\new\DVI_Display.vhd:]
WARNING: [filemgmt 56-199] Attempt to get parsing info during refresh. "On-the-fly" syntax checking information may be incorrect. [C:\ProgH\Ball\Ball.srcs\sources_1\new\DVI_Display.vhd:]
WARNING: [filemgmt 56-199] Attempt to get parsing info during refresh. "On-the-fly" syntax checking information may be incorrect. [C:\ProgH\Ball\Ball.srcs\sources_1\new\DVI_Display.vhd:]
WARNING: [filemgmt 56-199] Attempt to get parsing info during refresh. "On-the-fly" syntax checking information may be incorrect. [C:\ProgH\Ball\Ball.srcs\sources_1\new\Position_Calculator.vhd:]
WARNING: [filemgmt 56-199] Attempt to get parsing info during refresh. "On-the-fly" syntax checking information may be incorrect. [C:\Users\Julien\Downloads\Bijlage opdrachten\Bijlage opdrachten\Week 5 + 6 - Bounching Square - Ball\DVI.vhd:]
WARNING: [filemgmt 56-199] Attempt to get parsing info during refresh. "On-the-fly" syntax checking information may be incorrect. [C:\ProgH\Ball\Ball.srcs\sources_1\new\DVI_Display.vhd:]
WARNING: [filemgmt 56-199] Attempt to get parsing info during refresh. "On-the-fly" syntax checking information may be incorrect. [C:\ProgH\Ball\Ball.srcs\sources_1\new\DVI_Display.vhd:]
WARNING: [filemgmt 56-199] Attempt to get parsing info during refresh. "On-the-fly" syntax checking information may be incorrect. [C:\ProgH\Ball\Ball.srcs\sources_1\new\DVI_Display.vhd:]
WARNING: [filemgmt 56-199] Attempt to get parsing info during refresh. "On-the-fly" syntax checking information may be incorrect. [C:\ProgH\Ball\Ball.srcs\sources_1\new\Position_Calculator.vhd:]
WARNING: [filemgmt 56-199] Attempt to get parsing info during refresh. "On-the-fly" syntax checking information may be incorrect. [C:\Users\Julien\Downloads\Bijlage opdrachten\Bijlage opdrachten\Week 5 + 6 - Bounching Square - Ball\DVI.vhd:]
WARNING: [filemgmt 56-199] Attempt to get parsing info during refresh. "On-the-fly" syntax checking information may be incorrect. [C:\Users\Julien\Downloads\Bijlage opdrachten\Bijlage opdrachten\Week 5 + 6 - Bounching Square - Ball\DVI.vhd:]
WARNING: [filemgmt 56-199] Attempt to get parsing info during refresh. "On-the-fly" syntax checking information may be incorrect. [C:\Users\Julien\Downloads\Bijlage opdrachten\Bijlage opdrachten\Week 5 + 6 - Bounching Square - Ball\DVI.vhd:]
WARNING: [filemgmt 56-199] Attempt to get parsing info during refresh. "On-the-fly" syntax checking information may be incorrect. [C:\ProgH\Ball\Ball.srcs\sources_1\new\DVI_Display.vhd:]
WARNING: [filemgmt 56-199] Attempt to get parsing info during refresh. "On-the-fly" syntax checking information may be incorrect. [C:\ProgH\Ball\Ball.srcs\sources_1\new\Position_Calculator.vhd:]
WARNING: [filemgmt 56-199] Attempt to get parsing info during refresh. "On-the-fly" syntax checking information may be incorrect. [C:\Users\Julien\Downloads\Bijlage opdrachten\Bijlage opdrachten\Week 5 + 6 - Bounching Square - Ball\DVI.vhd:]
WARNING: [filemgmt 56-199] Attempt to get parsing info during refresh. "On-the-fly" syntax checking information may be incorrect. [C:\Users\Julien\Downloads\Bijlage opdrachten\Bijlage opdrachten\Week 5 + 6 - Bounching Square - Ball\DVI.vhd:]
WARNING: [filemgmt 56-199] Attempt to get parsing info during refresh. "On-the-fly" syntax checking information may be incorrect. [C:\Users\Julien\Downloads\Bijlage opdrachten\Bijlage opdrachten\Week 5 + 6 - Bounching Square - Ball\DVI.vhd:]
WARNING: [filemgmt 56-199] Attempt to get parsing info during refresh. "On-the-fly" syntax checking information may be incorrect. [C:\ProgH\Ball\Ball.srcs\sources_1\new\DVI_Display.vhd:]
WARNING: [filemgmt 56-199] Attempt to get parsing info during refresh. "On-the-fly" syntax checking information may be incorrect. [C:\ProgH\Ball\Ball.srcs\sources_1\new\Position_Calculator.vhd:]
WARNING: [filemgmt 56-199] Attempt to get parsing info during refresh. "On-the-fly" syntax checking information may be incorrect. [C:\Users\Julien\Downloads\Bijlage opdrachten\Bijlage opdrachten\Week 5 + 6 - Bounching Square - Ball\DVI.vhd:]
WARNING: [filemgmt 56-199] Attempt to get parsing info during refresh. "On-the-fly" syntax checking information may be incorrect. [C:\ProgH\Ball\Ball.srcs\sources_1\new\DVI_Display.vhd:]
WARNING: [filemgmt 56-199] Attempt to get parsing info during refresh. "On-the-fly" syntax checking information may be incorrect. [C:\ProgH\Ball\Ball.srcs\sources_1\new\DVI_Display.vhd:]
WARNING: [filemgmt 56-199] Attempt to get parsing info during refresh. "On-the-fly" syntax checking information may be incorrect. [C:\ProgH\Ball\Ball.srcs\sources_1\new\DVI_Display.vhd:]
WARNING: [filemgmt 56-199] Attempt to get parsing info during refresh. "On-the-fly" syntax checking information may be incorrect. [C:\ProgH\Ball\Ball.srcs\sources_1\new\Position_Calculator.vhd:]
WARNING: [filemgmt 56-199] Attempt to get parsing info during refresh. "On-the-fly" syntax checking information may be incorrect. [C:\Users\Julien\Downloads\Bijlage opdrachten\Bijlage opdrachten\Week 5 + 6 - Bounching Square - Ball\DVI.vhd:]
WARNING: [filemgmt 56-199] Attempt to get parsing info during refresh. "On-the-fly" syntax checking information may be incorrect. [C:\ProgH\Ball\Ball.srcs\sources_1\new\Position_Calculator.vhd:]
WARNING: [filemgmt 56-199] Attempt to get parsing info during refresh. "On-the-fly" syntax checking information may be incorrect. [C:\ProgH\Ball\Ball.srcs\sources_1\new\Position_Calculator.vhd:]
WARNING: [filemgmt 56-199] Attempt to get parsing info during refresh. "On-the-fly" syntax checking information may be incorrect. [C:\ProgH\Ball\Ball.srcs\sources_1\new\DVI_Display.vhd:]
WARNING: [filemgmt 56-199] Attempt to get parsing info during refresh. "On-the-fly" syntax checking information may be incorrect. [C:\ProgH\Ball\Ball.srcs\sources_1\new\Position_Calculator.vhd:]
WARNING: [filemgmt 56-199] Attempt to get parsing info during refresh. "On-the-fly" syntax checking information may be incorrect. [C:\Users\Julien\Downloads\Bijlage opdrachten\Bijlage opdrachten\Week 5 + 6 - Bounching Square - Ball\DVI.vhd:]
WARNING: [filemgmt 56-199] Attempt to get parsing info during refresh. "On-the-fly" syntax checking information may be incorrect. [C:\Users\Julien\Downloads\Bijlage opdrachten\Bijlage opdrachten\Week 5 + 6 - Bounching Square - Ball\DVI.vhd:]
WARNING: [filemgmt 56-199] Attempt to get parsing info during refresh. "On-the-fly" syntax checking information may be incorrect. [C:\Users\Julien\Downloads\Bijlage opdrachten\Bijlage opdrachten\Week 5 + 6 - Bounching Square - Ball\DVI.vhd:]
WARNING: [filemgmt 56-199] Attempt to get parsing info during refresh. "On-the-fly" syntax checking information may be incorrect. [C:\ProgH\Ball\Ball.srcs\sources_1\new\DVI_Display.vhd:]
WARNING: [filemgmt 56-199] Attempt to get parsing info during refresh. "On-the-fly" syntax checking information may be incorrect. [C:\ProgH\Ball\Ball.srcs\sources_1\new\Position_Calculator.vhd:]
WARNING: [filemgmt 56-199] Attempt to get parsing info during refresh. "On-the-fly" syntax checking information may be incorrect. [C:\Users\Julien\Downloads\Bijlage opdrachten\Bijlage opdrachten\Week 5 + 6 - Bounching Square - Ball\DVI.vhd:]
WARNING: [filemgmt 56-199] Attempt to get parsing info during refresh. "On-the-fly" syntax checking information may be incorrect. [C:\ProgH\Ball\Ball.srcs\sources_1\new\DVI_Display.vhd:]
WARNING: [filemgmt 56-199] Attempt to get parsing info during refresh. "On-the-fly" syntax checking information may be incorrect. [C:\ProgH\Ball\Ball.srcs\sources_1\new\DVI_Display.vhd:]
ERROR: [Common 17-180] Spawn failed: No error
WARNING: [filemgmt 56-199] Attempt to get parsing info during refresh. "On-the-fly" syntax checking information may be incorrect. [C:\ProgH\Ball\Ball.srcs\sources_1\new\DVI_Display.vhd:]
WARNING: [filemgmt 56-199] Attempt to get parsing info during refresh. "On-the-fly" syntax checking information may be incorrect. [C:\ProgH\Ball\Ball.srcs\sources_1\new\Position_Calculator.vhd:]
WARNING: [filemgmt 56-199] Attempt to get parsing info during refresh. "On-the-fly" syntax checking information may be incorrect. [C:\Users\Julien\Downloads\Bijlage opdrachten\Bijlage opdrachten\Week 5 + 6 - Bounching Square - Ball\DVI.vhd:]
WARNING: [filemgmt 56-199] Attempt to get parsing info during refresh. "On-the-fly" syntax checking information may be incorrect. [C:\ProgH\Ball\Ball.srcs\sources_1\new\DVI_Display.vhd:]
WARNING: [filemgmt 56-199] Attempt to get parsing info during refresh. "On-the-fly" syntax checking information may be incorrect. [C:\ProgH\Ball\Ball.srcs\sources_1\new\DVI_Display.vhd:]
ERROR: [Common 17-180] Spawn failed: No error
WARNING: [filemgmt 56-199] Attempt to get parsing info during refresh. "On-the-fly" syntax checking information may be incorrect. [C:\ProgH\Ball\Ball.srcs\sources_1\new\DVI_Display.vhd:]
WARNING: [filemgmt 56-199] Attempt to get parsing info during refresh. "On-the-fly" syntax checking information may be incorrect. [C:\ProgH\Ball\Ball.srcs\sources_1\new\Position_Calculator.vhd:]
WARNING: [filemgmt 56-199] Attempt to get parsing info during refresh. "On-the-fly" syntax checking information may be incorrect. [C:\Users\Julien\Downloads\Bijlage opdrachten\Bijlage opdrachten\Week 5 + 6 - Bounching Square - Ball\DVI.vhd:]
WARNING: [filemgmt 56-199] Attempt to get parsing info during refresh. "On-the-fly" syntax checking information may be incorrect. [C:\ProgH\Ball\Ball.srcs\sources_1\new\Position_Calculator.vhd:]
WARNING: [filemgmt 56-199] Attempt to get parsing info during refresh. "On-the-fly" syntax checking information may be incorrect. [C:\ProgH\Ball\Ball.srcs\sources_1\new\Position_Calculator.vhd:]
update_compile_order -fileset sources_1
WARNING: [filemgmt 56-199] Attempt to get parsing info during refresh. "On-the-fly" syntax checking information may be incorrect. [C:\ProgH\Ball\Ball.srcs\sources_1\new\DVI_Display.vhd:]
WARNING: [filemgmt 56-199] Attempt to get parsing info during refresh. "On-the-fly" syntax checking information may be incorrect. [C:\ProgH\Ball\Ball.srcs\sources_1\new\Position_Calculator.vhd:]
WARNING: [filemgmt 56-199] Attempt to get parsing info during refresh. "On-the-fly" syntax checking information may be incorrect. [C:\Users\Julien\Downloads\Bijlage opdrachten\Bijlage opdrachten\Week 5 + 6 - Bounching Square - Ball\DVI.vhd:]
WARNING: [filemgmt 56-199] Attempt to get parsing info during refresh. "On-the-fly" syntax checking information may be incorrect. [C:\ProgH\Ball\Ball.srcs\sources_1\new\DVI_Display.vhd:]
WARNING: [filemgmt 56-199] Attempt to get parsing info during refresh. "On-the-fly" syntax checking information may be incorrect. [C:\ProgH\Ball\Ball.srcs\sources_1\new\DVI_Display.vhd:]
WARNING: [filemgmt 56-199] Attempt to get parsing info during refresh. "On-the-fly" syntax checking information may be incorrect. [C:\ProgH\Ball\Ball.srcs\sources_1\new\DVI_Display.vhd:]
WARNING: [filemgmt 56-199] Attempt to get parsing info during refresh. "On-the-fly" syntax checking information may be incorrect. [C:\ProgH\Ball\Ball.srcs\sources_1\new\Position_Calculator.vhd:]
WARNING: [filemgmt 56-199] Attempt to get parsing info during refresh. "On-the-fly" syntax checking information may be incorrect. [C:\Users\Julien\Downloads\Bijlage opdrachten\Bijlage opdrachten\Week 5 + 6 - Bounching Square - Ball\DVI.vhd:]
WARNING: [filemgmt 56-199] Attempt to get parsing info during refresh. "On-the-fly" syntax checking information may be incorrect. [C:\ProgH\Ball\Ball.srcs\sources_1\new\Position_Calculator.vhd:]
WARNING: [filemgmt 56-199] Attempt to get parsing info during refresh. "On-the-fly" syntax checking information may be incorrect. [C:\ProgH\Ball\Ball.srcs\sources_1\new\Position_Calculator.vhd:]
WARNING: [filemgmt 56-199] Attempt to get parsing info during refresh. "On-the-fly" syntax checking information may be incorrect. [C:\ProgH\Ball\Ball.srcs\sources_1\new\DVI_Display.vhd:]
WARNING: [filemgmt 56-199] Attempt to get parsing info during refresh. "On-the-fly" syntax checking information may be incorrect. [C:\ProgH\Ball\Ball.srcs\sources_1\new\Position_Calculator.vhd:]
WARNING: [filemgmt 56-199] Attempt to get parsing info during refresh. "On-the-fly" syntax checking information may be incorrect. [C:\Users\Julien\Downloads\Bijlage opdrachten\Bijlage opdrachten\Week 5 + 6 - Bounching Square - Ball\DVI.vhd:]
WARNING: [filemgmt 56-199] Attempt to get parsing info during refresh. "On-the-fly" syntax checking information may be incorrect. [C:\ProgH\Ball\Ball.srcs\sources_1\new\DVI_Display.vhd:]
WARNING: [filemgmt 56-199] Attempt to get parsing info during refresh. "On-the-fly" syntax checking information may be incorrect. [C:\ProgH\Ball\Ball.srcs\sources_1\new\DVI_Display.vhd:]
update_compile_order -fileset sources_1
WARNING: [filemgmt 56-199] Attempt to get parsing info during refresh. "On-the-fly" syntax checking information may be incorrect. [C:\ProgH\Ball\Ball.srcs\sources_1\new\DVI_Display.vhd:]
WARNING: [filemgmt 56-199] Attempt to get parsing info during refresh. "On-the-fly" syntax checking information may be incorrect. [C:\ProgH\Ball\Ball.srcs\sources_1\new\Position_Calculator.vhd:]
WARNING: [filemgmt 56-199] Attempt to get parsing info during refresh. "On-the-fly" syntax checking information may be incorrect. [C:\Users\Julien\Downloads\Bijlage opdrachten\Bijlage opdrachten\Week 5 + 6 - Bounching Square - Ball\DVI.vhd:]
WARNING: [filemgmt 56-199] Attempt to get parsing info during refresh. "On-the-fly" syntax checking information may be incorrect. [C:\ProgH\Ball\Ball.srcs\sources_1\new\Position_Calculator.vhd:]
WARNING: [filemgmt 56-199] Attempt to get parsing info during refresh. "On-the-fly" syntax checking information may be incorrect. [C:\ProgH\Ball\Ball.srcs\sources_1\new\Position_Calculator.vhd:]
WARNING: [filemgmt 56-199] Attempt to get parsing info during refresh. "On-the-fly" syntax checking information may be incorrect. [C:\ProgH\Ball\Ball.srcs\sources_1\new\DVI_Display.vhd:]
WARNING: [filemgmt 56-199] Attempt to get parsing info during refresh. "On-the-fly" syntax checking information may be incorrect. [C:\ProgH\Ball\Ball.srcs\sources_1\new\Position_Calculator.vhd:]
WARNING: [filemgmt 56-199] Attempt to get parsing info during refresh. "On-the-fly" syntax checking information may be incorrect. [C:\Users\Julien\Downloads\Bijlage opdrachten\Bijlage opdrachten\Week 5 + 6 - Bounching Square - Ball\DVI.vhd:]
WARNING: [filemgmt 56-199] Attempt to get parsing info during refresh. "On-the-fly" syntax checking information may be incorrect. [C:\ProgH\Ball\Ball.srcs\sources_1\new\DVI_Display.vhd:]
WARNING: [filemgmt 56-199] Attempt to get parsing info during refresh. "On-the-fly" syntax checking information may be incorrect. [C:\ProgH\Ball\Ball.srcs\sources_1\new\DVI_Display.vhd:]
WARNING: [filemgmt 56-199] Attempt to get parsing info during refresh. "On-the-fly" syntax checking information may be incorrect. [C:\ProgH\Ball\Ball.srcs\sources_1\new\DVI_Display.vhd:]
WARNING: [filemgmt 56-199] Attempt to get parsing info during refresh. "On-the-fly" syntax checking information may be incorrect. [C:\ProgH\Ball\Ball.srcs\sources_1\new\Position_Calculator.vhd:]
WARNING: [filemgmt 56-199] Attempt to get parsing info during refresh. "On-the-fly" syntax checking information may be incorrect. [C:\Users\Julien\Downloads\Bijlage opdrachten\Bijlage opdrachten\Week 5 + 6 - Bounching Square - Ball\DVI.vhd:]
WARNING: [filemgmt 56-199] Attempt to get parsing info during refresh. "On-the-fly" syntax checking information may be incorrect. [C:\ProgH\Ball\Ball.srcs\sources_1\new\Position_Calculator.vhd:]
WARNING: [filemgmt 56-199] Attempt to get parsing info during refresh. "On-the-fly" syntax checking information may be incorrect. [C:\ProgH\Ball\Ball.srcs\sources_1\new\Position_Calculator.vhd:]
refresh_design
INFO: [Synth 8-7079] Multithreading enabled for synth_design using a maximum of 2 processes.
---------------------------------------------------------------------------------
Starting RTL Elaboration : Time (s): cpu = 00:00:03 ; elapsed = 00:00:07 . Memory (MB): peak = 2811.457 ; gain = 9.898
---------------------------------------------------------------------------------
ERROR: [Synth 8-10097] type error near radius ; current type unsigned; expected type natural [C:/ProgH/Ball/Ball.srcs/sources_1/new/DVI_Display.vhd:42]
INFO: [Synth 8-11252] unit 'behavioral' is ignored due to previous errors [C:/ProgH/Ball/Ball.srcs/sources_1/new/DVI_Display.vhd:69]
INFO: [Synth 8-10443] VHDL file 'C:/ProgH/Ball/Ball.srcs/sources_1/new/DVI_Display.vhd' is ignored due to errors
ERROR: [Synth 8-439] module 'DVI_Top' not found
---------------------------------------------------------------------------------
Finished RTL Elaboration : Time (s): cpu = 00:00:03 ; elapsed = 00:00:09 . Memory (MB): peak = 2811.457 ; gain = 9.898
---------------------------------------------------------------------------------
RTL Elaboration failed
refresh_design: Time (s): cpu = 00:00:04 ; elapsed = 00:00:10 . Memory (MB): peak = 2811.457 ; gain = 14.570
ERROR: [Common 17-39] 'refresh_design' failed due to earlier errors.
WARNING: [filemgmt 56-199] Attempt to get parsing info during refresh. "On-the-fly" syntax checking information may be incorrect. [C:\ProgH\Ball\Ball.srcs\sources_1\new\DVI_Display.vhd:]
WARNING: [filemgmt 56-199] Attempt to get parsing info during refresh. "On-the-fly" syntax checking information may be incorrect. [C:\ProgH\Ball\Ball.srcs\sources_1\new\Position_Calculator.vhd:]
WARNING: [filemgmt 56-199] Attempt to get parsing info during refresh. "On-the-fly" syntax checking information may be incorrect. [C:\Users\Julien\Downloads\Bijlage opdrachten\Bijlage opdrachten\Week 5 + 6 - Bounching Square - Ball\DVI.vhd:]
WARNING: [filemgmt 56-199] Attempt to get parsing info during refresh. "On-the-fly" syntax checking information may be incorrect. [C:\Users\Julien\Downloads\Bijlage opdrachten\Bijlage opdrachten\Week 5 + 6 - Bounching Square - Ball\DVI.vhd:]
WARNING: [filemgmt 56-199] Attempt to get parsing info during refresh. "On-the-fly" syntax checking information may be incorrect. [C:\Users\Julien\Downloads\Bijlage opdrachten\Bijlage opdrachten\Week 5 + 6 - Bounching Square - Ball\DVI.vhd:]
WARNING: [filemgmt 56-199] Attempt to get parsing info during refresh. "On-the-fly" syntax checking information may be incorrect. [C:\ProgH\Ball\Ball.srcs\sources_1\new\DVI_Display.vhd:]
WARNING: [filemgmt 56-199] Attempt to get parsing info during refresh. "On-the-fly" syntax checking information may be incorrect. [C:\ProgH\Ball\Ball.srcs\sources_1\new\Position_Calculator.vhd:]
WARNING: [filemgmt 56-199] Attempt to get parsing info during refresh. "On-the-fly" syntax checking information may be incorrect. [C:\Users\Julien\Downloads\Bijlage opdrachten\Bijlage opdrachten\Week 5 + 6 - Bounching Square - Ball\DVI.vhd:]
WARNING: [filemgmt 56-199] Attempt to get parsing info during refresh. "On-the-fly" syntax checking information may be incorrect. [C:\ProgH\Ball\Ball.srcs\sources_1\new\Position_Calculator.vhd:]
WARNING: [filemgmt 56-199] Attempt to get parsing info during refresh. "On-the-fly" syntax checking information may be incorrect. [C:\ProgH\Ball\Ball.srcs\sources_1\new\Position_Calculator.vhd:]
WARNING: [filemgmt 56-199] Attempt to get parsing info during refresh. "On-the-fly" syntax checking information may be incorrect. [C:\ProgH\Ball\Ball.srcs\sources_1\new\DVI_Display.vhd:]
WARNING: [filemgmt 56-199] Attempt to get parsing info during refresh. "On-the-fly" syntax checking information may be incorrect. [C:\ProgH\Ball\Ball.srcs\sources_1\new\Position_Calculator.vhd:]
WARNING: [filemgmt 56-199] Attempt to get parsing info during refresh. "On-the-fly" syntax checking information may be incorrect. [C:\Users\Julien\Downloads\Bijlage opdrachten\Bijlage opdrachten\Week 5 + 6 - Bounching Square - Ball\DVI.vhd:]
WARNING: [filemgmt 56-199] Attempt to get parsing info during refresh. "On-the-fly" syntax checking information may be incorrect. [C:\ProgH\Ball\Ball.srcs\sources_1\new\DVI_Display.vhd:]
WARNING: [filemgmt 56-199] Attempt to get parsing info during refresh. "On-the-fly" syntax checking information may be incorrect. [C:\ProgH\Ball\Ball.srcs\sources_1\new\DVI_Display.vhd:]
WARNING: [filemgmt 56-199] Attempt to get parsing info during refresh. "On-the-fly" syntax checking information may be incorrect. [C:\ProgH\Ball\Ball.srcs\sources_1\new\DVI_Display.vhd:]
WARNING: [filemgmt 56-199] Attempt to get parsing info during refresh. "On-the-fly" syntax checking information may be incorrect. [C:\ProgH\Ball\Ball.srcs\sources_1\new\Position_Calculator.vhd:]
WARNING: [filemgmt 56-199] Attempt to get parsing info during refresh. "On-the-fly" syntax checking information may be incorrect. [C:\Users\Julien\Downloads\Bijlage opdrachten\Bijlage opdrachten\Week 5 + 6 - Bounching Square - Ball\DVI.vhd:]
WARNING: [filemgmt 56-199] Attempt to get parsing info during refresh. "On-the-fly" syntax checking information may be incorrect. [C:\ProgH\Ball\Ball.srcs\sources_1\new\Position_Calculator.vhd:]
WARNING: [filemgmt 56-199] Attempt to get parsing info during refresh. "On-the-fly" syntax checking information may be incorrect. [C:\ProgH\Ball\Ball.srcs\sources_1\new\Position_Calculator.vhd:]
WARNING: [filemgmt 56-199] Attempt to get parsing info during refresh. "On-the-fly" syntax checking information may be incorrect. [C:\ProgH\Ball\Ball.srcs\sources_1\new\DVI_Display.vhd:]
WARNING: [filemgmt 56-199] Attempt to get parsing info during refresh. "On-the-fly" syntax checking information may be incorrect. [C:\ProgH\Ball\Ball.srcs\sources_1\new\Position_Calculator.vhd:]
WARNING: [filemgmt 56-199] Attempt to get parsing info during refresh. "On-the-fly" syntax checking information may be incorrect. [C:\Users\Julien\Downloads\Bijlage opdrachten\Bijlage opdrachten\Week 5 + 6 - Bounching Square - Ball\DVI.vhd:]
WARNING: [filemgmt 56-199] Attempt to get parsing info during refresh. "On-the-fly" syntax checking information may be incorrect. [C:\Users\Julien\Downloads\Bijlage opdrachten\Bijlage opdrachten\Week 5 + 6 - Bounching Square - Ball\DVI.vhd:]
WARNING: [filemgmt 56-199] Attempt to get parsing info during refresh. "On-the-fly" syntax checking information may be incorrect. [C:\Users\Julien\Downloads\Bijlage opdrachten\Bijlage opdrachten\Week 5 + 6 - Bounching Square - Ball\DVI.vhd:]
WARNING: [filemgmt 56-199] Attempt to get parsing info during refresh. "On-the-fly" syntax checking information may be incorrect. [C:\ProgH\Ball\Ball.srcs\sources_1\new\DVI_Display.vhd:]
WARNING: [filemgmt 56-199] Attempt to get parsing info during refresh. "On-the-fly" syntax checking information may be incorrect. [C:\ProgH\Ball\Ball.srcs\sources_1\new\Position_Calculator.vhd:]
WARNING: [filemgmt 56-199] Attempt to get parsing info during refresh. "On-the-fly" syntax checking information may be incorrect. [C:\Users\Julien\Downloads\Bijlage opdrachten\Bijlage opdrachten\Week 5 + 6 - Bounching Square - Ball\DVI.vhd:]
WARNING: [filemgmt 56-199] Attempt to get parsing info during refresh. "On-the-fly" syntax checking information may be incorrect. [C:\ProgH\Ball\Ball.srcs\sources_1\new\DVI_Display.vhd:]
WARNING: [filemgmt 56-199] Attempt to get parsing info during refresh. "On-the-fly" syntax checking information may be incorrect. [C:\ProgH\Ball\Ball.srcs\sources_1\new\DVI_Display.vhd:]
ERROR: [Common 17-180] Spawn failed: No error
update_compile_order -fileset sources_1
WARNING: [filemgmt 56-199] Attempt to get parsing info during refresh. "On-the-fly" syntax checking information may be incorrect. [C:\ProgH\Ball\Ball.srcs\sources_1\new\DVI_Display.vhd:]
WARNING: [filemgmt 56-199] Attempt to get parsing info during refresh. "On-the-fly" syntax checking information may be incorrect. [C:\ProgH\Ball\Ball.srcs\sources_1\new\Position_Calculator.vhd:]
WARNING: [filemgmt 56-199] Attempt to get parsing info during refresh. "On-the-fly" syntax checking information may be incorrect. [C:\Users\Julien\Downloads\Bijlage opdrachten\Bijlage opdrachten\Week 5 + 6 - Bounching Square - Ball\DVI.vhd:]
WARNING: [filemgmt 56-199] Attempt to get parsing info during refresh. "On-the-fly" syntax checking information may be incorrect. [C:\ProgH\Ball\Ball.srcs\sources_1\new\DVI_Display.vhd:]
WARNING: [filemgmt 56-199] Attempt to get parsing info during refresh. "On-the-fly" syntax checking information may be incorrect. [C:\ProgH\Ball\Ball.srcs\sources_1\new\DVI_Display.vhd:]
WARNING: [filemgmt 56-199] Attempt to get parsing info during refresh. "On-the-fly" syntax checking information may be incorrect. [C:\ProgH\Ball\Ball.srcs\sources_1\new\DVI_Display.vhd:]
WARNING: [filemgmt 56-199] Attempt to get parsing info during refresh. "On-the-fly" syntax checking information may be incorrect. [C:\ProgH\Ball\Ball.srcs\sources_1\new\Position_Calculator.vhd:]
WARNING: [filemgmt 56-199] Attempt to get parsing info during refresh. "On-the-fly" syntax checking information may be incorrect. [C:\Users\Julien\Downloads\Bijlage opdrachten\Bijlage opdrachten\Week 5 + 6 - Bounching Square - Ball\DVI.vhd:]
WARNING: [filemgmt 56-199] Attempt to get parsing info during refresh. "On-the-fly" syntax checking information may be incorrect. [C:\Users\Julien\Downloads\Bijlage opdrachten\Bijlage opdrachten\Week 5 + 6 - Bounching Square - Ball\DVI.vhd:]
WARNING: [filemgmt 56-199] Attempt to get parsing info during refresh. "On-the-fly" syntax checking information may be incorrect. [C:\Users\Julien\Downloads\Bijlage opdrachten\Bijlage opdrachten\Week 5 + 6 - Bounching Square - Ball\DVI.vhd:]
WARNING: [filemgmt 56-199] Attempt to get parsing info during refresh. "On-the-fly" syntax checking information may be incorrect. [C:\ProgH\Ball\Ball.srcs\sources_1\new\DVI_Display.vhd:]
WARNING: [filemgmt 56-199] Attempt to get parsing info during refresh. "On-the-fly" syntax checking information may be incorrect. [C:\ProgH\Ball\Ball.srcs\sources_1\new\Position_Calculator.vhd:]
WARNING: [filemgmt 56-199] Attempt to get parsing info during refresh. "On-the-fly" syntax checking information may be incorrect. [C:\Users\Julien\Downloads\Bijlage opdrachten\Bijlage opdrachten\Week 5 + 6 - Bounching Square - Ball\DVI.vhd:]
WARNING: [filemgmt 56-199] Attempt to get parsing info during refresh. "On-the-fly" syntax checking information may be incorrect. [C:\ProgH\Ball\Ball.srcs\sources_1\new\DVI_Display.vhd:]
WARNING: [filemgmt 56-199] Attempt to get parsing info during refresh. "On-the-fly" syntax checking information may be incorrect. [C:\ProgH\Ball\Ball.srcs\sources_1\new\DVI_Display.vhd:]
WARNING: [filemgmt 56-199] Attempt to get parsing info during refresh. "On-the-fly" syntax checking information may be incorrect. [C:\ProgH\Ball\Ball.srcs\sources_1\new\DVI_Display.vhd:]
WARNING: [filemgmt 56-199] Attempt to get parsing info during refresh. "On-the-fly" syntax checking information may be incorrect. [C:\ProgH\Ball\Ball.srcs\sources_1\new\Position_Calculator.vhd:]
WARNING: [filemgmt 56-199] Attempt to get parsing info during refresh. "On-the-fly" syntax checking information may be incorrect. [C:\Users\Julien\Downloads\Bijlage opdrachten\Bijlage opdrachten\Week 5 + 6 - Bounching Square - Ball\DVI.vhd:]
WARNING: [filemgmt 56-199] Attempt to get parsing info during refresh. "On-the-fly" syntax checking information may be incorrect. [C:\ProgH\Ball\Ball.srcs\sources_1\new\Position_Calculator.vhd:]
WARNING: [filemgmt 56-199] Attempt to get parsing info during refresh. "On-the-fly" syntax checking information may be incorrect. [C:\ProgH\Ball\Ball.srcs\sources_1\new\Position_Calculator.vhd:]
update_compile_order -fileset sources_1
WARNING: [filemgmt 56-199] Attempt to get parsing info during refresh. "On-the-fly" syntax checking information may be incorrect. [C:\ProgH\Ball\Ball.srcs\sources_1\new\DVI_Display.vhd:]
WARNING: [filemgmt 56-199] Attempt to get parsing info during refresh. "On-the-fly" syntax checking information may be incorrect. [C:\ProgH\Ball\Ball.srcs\sources_1\new\Position_Calculator.vhd:]
WARNING: [filemgmt 56-199] Attempt to get parsing info during refresh. "On-the-fly" syntax checking information may be incorrect. [C:\Users\Julien\Downloads\Bijlage opdrachten\Bijlage opdrachten\Week 5 + 6 - Bounching Square - Ball\DVI.vhd:]
WARNING: [filemgmt 56-199] Attempt to get parsing info during refresh. "On-the-fly" syntax checking information may be incorrect. [C:\ProgH\Ball\Ball.srcs\sources_1\new\DVI_Display.vhd:]
WARNING: [filemgmt 56-199] Attempt to get parsing info during refresh. "On-the-fly" syntax checking information may be incorrect. [C:\ProgH\Ball\Ball.srcs\sources_1\new\DVI_Display.vhd:]
WARNING: [filemgmt 56-199] Attempt to get parsing info during refresh. "On-the-fly" syntax checking information may be incorrect. [C:\ProgH\Ball\Ball.srcs\sources_1\new\DVI_Display.vhd:]
WARNING: [filemgmt 56-199] Attempt to get parsing info during refresh. "On-the-fly" syntax checking information may be incorrect. [C:\ProgH\Ball\Ball.srcs\sources_1\new\Position_Calculator.vhd:]
WARNING: [filemgmt 56-199] Attempt to get parsing info during refresh. "On-the-fly" syntax checking information may be incorrect. [C:\Users\Julien\Downloads\Bijlage opdrachten\Bijlage opdrachten\Week 5 + 6 - Bounching Square - Ball\DVI.vhd:]
WARNING: [filemgmt 56-199] Attempt to get parsing info during refresh. "On-the-fly" syntax checking information may be incorrect. [C:\ProgH\Ball\Ball.srcs\sources_1\new\Position_Calculator.vhd:]
WARNING: [filemgmt 56-199] Attempt to get parsing info during refresh. "On-the-fly" syntax checking information may be incorrect. [C:\ProgH\Ball\Ball.srcs\sources_1\new\Position_Calculator.vhd:]
WARNING: [filemgmt 56-199] Attempt to get parsing info during refresh. "On-the-fly" syntax checking information may be incorrect. [C:\ProgH\Ball\Ball.srcs\sources_1\new\DVI_Display.vhd:]
WARNING: [filemgmt 56-199] Attempt to get parsing info during refresh. "On-the-fly" syntax checking information may be incorrect. [C:\ProgH\Ball\Ball.srcs\sources_1\new\Position_Calculator.vhd:]
WARNING: [filemgmt 56-199] Attempt to get parsing info during refresh. "On-the-fly" syntax checking information may be incorrect. [C:\Users\Julien\Downloads\Bijlage opdrachten\Bijlage opdrachten\Week 5 + 6 - Bounching Square - Ball\DVI.vhd:]
WARNING: [filemgmt 56-199] Attempt to get parsing info during refresh. "On-the-fly" syntax checking information may be incorrect. [C:\Users\Julien\Downloads\Bijlage opdrachten\Bijlage opdrachten\Week 5 + 6 - Bounching Square - Ball\DVI.vhd:]
WARNING: [filemgmt 56-199] Attempt to get parsing info during refresh. "On-the-fly" syntax checking information may be incorrect. [C:\Users\Julien\Downloads\Bijlage opdrachten\Bijlage opdrachten\Week 5 + 6 - Bounching Square - Ball\DVI.vhd:]
WARNING: [filemgmt 56-199] Attempt to get parsing info during refresh. "On-the-fly" syntax checking information may be incorrect. [C:\ProgH\Ball\Ball.srcs\sources_1\new\DVI_Display.vhd:]
WARNING: [filemgmt 56-199] Attempt to get parsing info during refresh. "On-the-fly" syntax checking information may be incorrect. [C:\ProgH\Ball\Ball.srcs\sources_1\new\Position_Calculator.vhd:]
WARNING: [filemgmt 56-199] Attempt to get parsing info during refresh. "On-the-fly" syntax checking information may be incorrect. [C:\Users\Julien\Downloads\Bijlage opdrachten\Bijlage opdrachten\Week 5 + 6 - Bounching Square - Ball\DVI.vhd:]
WARNING: [filemgmt 56-199] Attempt to get parsing info during refresh. "On-the-fly" syntax checking information may be incorrect. [C:\ProgH\Ball\Ball.srcs\sources_1\new\Position_Calculator.vhd:]
WARNING: [filemgmt 56-199] Attempt to get parsing info during refresh. "On-the-fly" syntax checking information may be incorrect. [C:\ProgH\Ball\Ball.srcs\sources_1\new\Position_Calculator.vhd:]
WARNING: [filemgmt 56-199] Attempt to get parsing info during refresh. "On-the-fly" syntax checking information may be incorrect. [C:\ProgH\Ball\Ball.srcs\sources_1\new\DVI_Display.vhd:]
WARNING: [filemgmt 56-199] Attempt to get parsing info during refresh. "On-the-fly" syntax checking information may be incorrect. [C:\ProgH\Ball\Ball.srcs\sources_1\new\Position_Calculator.vhd:]
WARNING: [filemgmt 56-199] Attempt to get parsing info during refresh. "On-the-fly" syntax checking information may be incorrect. [C:\Users\Julien\Downloads\Bijlage opdrachten\Bijlage opdrachten\Week 5 + 6 - Bounching Square - Ball\DVI.vhd:]
WARNING: [filemgmt 56-199] Attempt to get parsing info during refresh. "On-the-fly" syntax checking information may be incorrect. [C:\ProgH\Ball\Ball.srcs\sources_1\new\DVI_Display.vhd:]
WARNING: [filemgmt 56-199] Attempt to get parsing info during refresh. "On-the-fly" syntax checking information may be incorrect. [C:\ProgH\Ball\Ball.srcs\sources_1\new\DVI_Display.vhd:]
WARNING: [filemgmt 56-199] Attempt to get parsing info during refresh. "On-the-fly" syntax checking information may be incorrect. [C:\ProgH\Ball\Ball.srcs\sources_1\new\DVI_Display.vhd:]
WARNING: [filemgmt 56-199] Attempt to get parsing info during refresh. "On-the-fly" syntax checking information may be incorrect. [C:\ProgH\Ball\Ball.srcs\sources_1\new\Position_Calculator.vhd:]
WARNING: [filemgmt 56-199] Attempt to get parsing info during refresh. "On-the-fly" syntax checking information may be incorrect. [C:\Users\Julien\Downloads\Bijlage opdrachten\Bijlage opdrachten\Week 5 + 6 - Bounching Square - Ball\DVI.vhd:]
WARNING: [filemgmt 56-199] Attempt to get parsing info during refresh. "On-the-fly" syntax checking information may be incorrect. [C:\ProgH\Ball\Ball.srcs\sources_1\new\Position_Calculator.vhd:]
WARNING: [filemgmt 56-199] Attempt to get parsing info during refresh. "On-the-fly" syntax checking information may be incorrect. [C:\ProgH\Ball\Ball.srcs\sources_1\new\Position_Calculator.vhd:]
WARNING: [filemgmt 56-199] Attempt to get parsing info during refresh. "On-the-fly" syntax checking information may be incorrect. [C:\ProgH\Ball\Ball.srcs\sources_1\new\DVI_Display.vhd:]
WARNING: [filemgmt 56-199] Attempt to get parsing info during refresh. "On-the-fly" syntax checking information may be incorrect. [C:\ProgH\Ball\Ball.srcs\sources_1\new\Position_Calculator.vhd:]
WARNING: [filemgmt 56-199] Attempt to get parsing info during refresh. "On-the-fly" syntax checking information may be incorrect. [C:\Users\Julien\Downloads\Bijlage opdrachten\Bijlage opdrachten\Week 5 + 6 - Bounching Square - Ball\DVI.vhd:]
WARNING: [filemgmt 56-199] Attempt to get parsing info during refresh. "On-the-fly" syntax checking information may be incorrect. [C:\ProgH\Ball\Ball.srcs\sources_1\new\DVI_Display.vhd:]
WARNING: [filemgmt 56-199] Attempt to get parsing info during refresh. "On-the-fly" syntax checking information may be incorrect. [C:\ProgH\Ball\Ball.srcs\sources_1\new\DVI_Display.vhd:]
WARNING: [filemgmt 56-199] Attempt to get parsing info during refresh. "On-the-fly" syntax checking information may be incorrect. [C:\ProgH\Ball\Ball.srcs\sources_1\new\DVI_Display.vhd:]
WARNING: [filemgmt 56-199] Attempt to get parsing info during refresh. "On-the-fly" syntax checking information may be incorrect. [C:\ProgH\Ball\Ball.srcs\sources_1\new\Position_Calculator.vhd:]
WARNING: [filemgmt 56-199] Attempt to get parsing info during refresh. "On-the-fly" syntax checking information may be incorrect. [C:\Users\Julien\Downloads\Bijlage opdrachten\Bijlage opdrachten\Week 5 + 6 - Bounching Square - Ball\DVI.vhd:]
WARNING: [filemgmt 56-199] Attempt to get parsing info during refresh. "On-the-fly" syntax checking information may be incorrect. [C:\ProgH\Ball\Ball.srcs\sources_1\new\DVI_Display.vhd:]
WARNING: [filemgmt 56-199] Attempt to get parsing info during refresh. "On-the-fly" syntax checking information may be incorrect. [C:\ProgH\Ball\Ball.srcs\sources_1\new\DVI_Display.vhd:]
WARNING: [filemgmt 56-199] Attempt to get parsing info during refresh. "On-the-fly" syntax checking information may be incorrect. [C:\ProgH\Ball\Ball.srcs\sources_1\new\DVI_Display.vhd:]
WARNING: [filemgmt 56-199] Attempt to get parsing info during refresh. "On-the-fly" syntax checking information may be incorrect. [C:\ProgH\Ball\Ball.srcs\sources_1\new\Position_Calculator.vhd:]
WARNING: [filemgmt 56-199] Attempt to get parsing info during refresh. "On-the-fly" syntax checking information may be incorrect. [C:\Users\Julien\Downloads\Bijlage opdrachten\Bijlage opdrachten\Week 5 + 6 - Bounching Square - Ball\DVI.vhd:]
WARNING: [filemgmt 56-199] Attempt to get parsing info during refresh. "On-the-fly" syntax checking information may be incorrect. [C:\Users\Julien\Downloads\Bijlage opdrachten\Bijlage opdrachten\Week 5 + 6 - Bounching Square - Ball\DVI.vhd:]
WARNING: [filemgmt 56-199] Attempt to get parsing info during refresh. "On-the-fly" syntax checking information may be incorrect. [C:\Users\Julien\Downloads\Bijlage opdrachten\Bijlage opdrachten\Week 5 + 6 - Bounching Square - Ball\DVI.vhd:]
update_compile_order -fileset sources_1
WARNING: [filemgmt 56-199] Attempt to get parsing info during refresh. "On-the-fly" syntax checking information may be incorrect. [C:\ProgH\Ball\Ball.srcs\sources_1\new\DVI_Display.vhd:]
WARNING: [filemgmt 56-199] Attempt to get parsing info during refresh. "On-the-fly" syntax checking information may be incorrect. [C:\ProgH\Ball\Ball.srcs\sources_1\new\Position_Calculator.vhd:]
WARNING: [filemgmt 56-199] Attempt to get parsing info during refresh. "On-the-fly" syntax checking information may be incorrect. [C:\Users\Julien\Downloads\Bijlage opdrachten\Bijlage opdrachten\Week 5 + 6 - Bounching Square - Ball\DVI.vhd:]
WARNING: [filemgmt 56-199] Attempt to get parsing info during refresh. "On-the-fly" syntax checking information may be incorrect. [C:\ProgH\Ball\Ball.srcs\sources_1\new\DVI_Display.vhd:]
WARNING: [filemgmt 56-199] Attempt to get parsing info during refresh. "On-the-fly" syntax checking information may be incorrect. [C:\ProgH\Ball\Ball.srcs\sources_1\new\DVI_Display.vhd:]
WARNING: [filemgmt 56-199] Attempt to get parsing info during refresh. "On-the-fly" syntax checking information may be incorrect. [C:\ProgH\Ball\Ball.srcs\sources_1\new\DVI_Display.vhd:]
WARNING: [filemgmt 56-199] Attempt to get parsing info during refresh. "On-the-fly" syntax checking information may be incorrect. [C:\ProgH\Ball\Ball.srcs\sources_1\new\Position_Calculator.vhd:]
WARNING: [filemgmt 56-199] Attempt to get parsing info during refresh. "On-the-fly" syntax checking information may be incorrect. [C:\Users\Julien\Downloads\Bijlage opdrachten\Bijlage opdrachten\Week 5 + 6 - Bounching Square - Ball\DVI.vhd:]
WARNING: [filemgmt 56-199] Attempt to get parsing info during refresh. "On-the-fly" syntax checking information may be incorrect. [C:\Users\Julien\Downloads\Bijlage opdrachten\Bijlage opdrachten\Week 5 + 6 - Bounching Square - Ball\DVI.vhd:]
WARNING: [filemgmt 56-199] Attempt to get parsing info during refresh. "On-the-fly" syntax checking information may be incorrect. [C:\Users\Julien\Downloads\Bijlage opdrachten\Bijlage opdrachten\Week 5 + 6 - Bounching Square - Ball\DVI.vhd:]
WARNING: [filemgmt 56-199] Attempt to get parsing info during refresh. "On-the-fly" syntax checking information may be incorrect. [C:\ProgH\Ball\Ball.srcs\sources_1\new\DVI_Display.vhd:]
WARNING: [filemgmt 56-199] Attempt to get parsing info during refresh. "On-the-fly" syntax checking information may be incorrect. [C:\ProgH\Ball\Ball.srcs\sources_1\new\Position_Calculator.vhd:]
WARNING: [filemgmt 56-199] Attempt to get parsing info during refresh. "On-the-fly" syntax checking information may be incorrect. [C:\Users\Julien\Downloads\Bijlage opdrachten\Bijlage opdrachten\Week 5 + 6 - Bounching Square - Ball\DVI.vhd:]
WARNING: [filemgmt 56-199] Attempt to get parsing info during refresh. "On-the-fly" syntax checking information may be incorrect. [C:\ProgH\Ball\Ball.srcs\sources_1\new\DVI_Display.vhd:]
WARNING: [filemgmt 56-199] Attempt to get parsing info during refresh. "On-the-fly" syntax checking information may be incorrect. [C:\ProgH\Ball\Ball.srcs\sources_1\new\DVI_Display.vhd:]
WARNING: [filemgmt 56-199] Attempt to get parsing info during refresh. "On-the-fly" syntax checking information may be incorrect. [C:\ProgH\Ball\Ball.srcs\sources_1\new\DVI_Display.vhd:]
WARNING: [filemgmt 56-199] Attempt to get parsing info during refresh. "On-the-fly" syntax checking information may be incorrect. [C:\ProgH\Ball\Ball.srcs\sources_1\new\Position_Calculator.vhd:]
WARNING: [filemgmt 56-199] Attempt to get parsing info during refresh. "On-the-fly" syntax checking information may be incorrect. [C:\Users\Julien\Downloads\Bijlage opdrachten\Bijlage opdrachten\Week 5 + 6 - Bounching Square - Ball\DVI.vhd:]
WARNING: [filemgmt 56-199] Attempt to get parsing info during refresh. "On-the-fly" syntax checking information may be incorrect. [C:\Users\Julien\Downloads\Bijlage opdrachten\Bijlage opdrachten\Week 5 + 6 - Bounching Square - Ball\DVI.vhd:]
WARNING: [filemgmt 56-199] Attempt to get parsing info during refresh. "On-the-fly" syntax checking information may be incorrect. [C:\Users\Julien\Downloads\Bijlage opdrachten\Bijlage opdrachten\Week 5 + 6 - Bounching Square - Ball\DVI.vhd:]
ERROR: [Labtoolstcl 44-513] HW Target shutdown. Closing target: localhost:3121/xilinx_tcf/Digilent/210183A38734A
INFO: [Labtoolstcl 44-466] Opening hw_target localhost:3121/xilinx_tcf/Digilent/210183A38734A
INFO: [Labtools 27-1434] Device xc7a35t (JTAG device index = 0) is programmed with a design that has no supported debug core(s) in it.
WARNING: [Labtoolstcl 44-129] No matching hw_ila_data was found.
WARNING: [filemgmt 56-199] Attempt to get parsing info during refresh. "On-the-fly" syntax checking information may be incorrect. [C:\ProgH\Ball\Ball.srcs\sources_1\new\DVI_Display.vhd:]
WARNING: [filemgmt 56-199] Attempt to get parsing info during refresh. "On-the-fly" syntax checking information may be incorrect. [C:\ProgH\Ball\Ball.srcs\sources_1\new\Position_Calculator.vhd:]
WARNING: [filemgmt 56-199] Attempt to get parsing info during refresh. "On-the-fly" syntax checking information may be incorrect. [C:\Users\Julien\Downloads\Bijlage opdrachten\Bijlage opdrachten\Week 5 + 6 - Bounching Square - Ball\DVI.vhd:]
WARNING: [filemgmt 56-199] Attempt to get parsing info during refresh. "On-the-fly" syntax checking information may be incorrect. [C:\ProgH\Ball\Ball.srcs\sources_1\new\DVI_Display.vhd:]
WARNING: [filemgmt 56-199] Attempt to get parsing info during refresh. "On-the-fly" syntax checking information may be incorrect. [C:\ProgH\Ball\Ball.srcs\sources_1\new\DVI_Display.vhd:]
WARNING: [filemgmt 56-199] Attempt to get parsing info during refresh. "On-the-fly" syntax checking information may be incorrect. [C:\ProgH\Ball\Ball.srcs\sources_1\new\DVI_Display.vhd:]
WARNING: [filemgmt 56-199] Attempt to get parsing info during refresh. "On-the-fly" syntax checking information may be incorrect. [C:\ProgH\Ball\Ball.srcs\sources_1\new\Position_Calculator.vhd:]
WARNING: [filemgmt 56-199] Attempt to get parsing info during refresh. "On-the-fly" syntax checking information may be incorrect. [C:\Users\Julien\Downloads\Bijlage opdrachten\Bijlage opdrachten\Week 5 + 6 - Bounching Square - Ball\DVI.vhd:]
WARNING: [filemgmt 56-199] Attempt to get parsing info during refresh. "On-the-fly" syntax checking information may be incorrect. [C:\ProgH\Ball\Ball.srcs\sources_1\new\Position_Calculator.vhd:]
WARNING: [filemgmt 56-199] Attempt to get parsing info during refresh. "On-the-fly" syntax checking information may be incorrect. [C:\ProgH\Ball\Ball.srcs\sources_1\new\Position_Calculator.vhd:]
WARNING: [filemgmt 56-199] Attempt to get parsing info during refresh. "On-the-fly" syntax checking information may be incorrect. [C:\ProgH\Ball\Ball.srcs\sources_1\new\DVI_Display.vhd:]
WARNING: [filemgmt 56-199] Attempt to get parsing info during refresh. "On-the-fly" syntax checking information may be incorrect. [C:\ProgH\Ball\Ball.srcs\sources_1\new\Position_Calculator.vhd:]
WARNING: [filemgmt 56-199] Attempt to get parsing info during refresh. "On-the-fly" syntax checking information may be incorrect. [C:\Users\Julien\Downloads\Bijlage opdrachten\Bijlage opdrachten\Week 5 + 6 - Bounching Square - Ball\DVI.vhd:]
WARNING: [filemgmt 56-199] Attempt to get parsing info during refresh. "On-the-fly" syntax checking information may be incorrect. [C:\ProgH\Ball\Ball.srcs\sources_1\new\DVI_Display.vhd:]
WARNING: [filemgmt 56-199] Attempt to get parsing info during refresh. "On-the-fly" syntax checking information may be incorrect. [C:\ProgH\Ball\Ball.srcs\sources_1\new\DVI_Display.vhd:]
WARNING: [filemgmt 56-199] Attempt to get parsing info during refresh. "On-the-fly" syntax checking information may be incorrect. [C:\ProgH\Ball\Ball.srcs\sources_1\new\DVI_Display.vhd:]
WARNING: [filemgmt 56-199] Attempt to get parsing info during refresh. "On-the-fly" syntax checking information may be incorrect. [C:\ProgH\Ball\Ball.srcs\sources_1\new\Position_Calculator.vhd:]
WARNING: [filemgmt 56-199] Attempt to get parsing info during refresh. "On-the-fly" syntax checking information may be incorrect. [C:\Users\Julien\Downloads\Bijlage opdrachten\Bijlage opdrachten\Week 5 + 6 - Bounching Square - Ball\DVI.vhd:]
WARNING: [filemgmt 56-199] Attempt to get parsing info during refresh. "On-the-fly" syntax checking information may be incorrect. [C:\Users\Julien\Downloads\Bijlage opdrachten\Bijlage opdrachten\Week 5 + 6 - Bounching Square - Ball\DVI.vhd:]
WARNING: [filemgmt 56-199] Attempt to get parsing info during refresh. "On-the-fly" syntax checking information may be incorrect. [C:\Users\Julien\Downloads\Bijlage opdrachten\Bijlage opdrachten\Week 5 + 6 - Bounching Square - Ball\DVI.vhd:]
update_compile_order -fileset sources_1
WARNING: [filemgmt 56-199] Attempt to get parsing info during refresh. "On-the-fly" syntax checking information may be incorrect. [C:\ProgH\Ball\Ball.srcs\sources_1\new\DVI_Display.vhd:]
WARNING: [filemgmt 56-199] Attempt to get parsing info during refresh. "On-the-fly" syntax checking information may be incorrect. [C:\ProgH\Ball\Ball.srcs\sources_1\new\Position_Calculator.vhd:]
WARNING: [filemgmt 56-199] Attempt to get parsing info during refresh. "On-the-fly" syntax checking information may be incorrect. [C:\Users\Julien\Downloads\Bijlage opdrachten\Bijlage opdrachten\Week 5 + 6 - Bounching Square - Ball\DVI.vhd:]
WARNING: [filemgmt 56-199] Attempt to get parsing info during refresh. "On-the-fly" syntax checking information may be incorrect. [C:\ProgH\Ball\Ball.srcs\sources_1\new\DVI_Display.vhd:]
WARNING: [filemgmt 56-199] Attempt to get parsing info during refresh. "On-the-fly" syntax checking information may be incorrect. [C:\ProgH\Ball\Ball.srcs\sources_1\new\DVI_Display.vhd:]
WARNING: [filemgmt 56-199] Attempt to get parsing info during refresh. "On-the-fly" syntax checking information may be incorrect. [C:\ProgH\Ball\Ball.srcs\sources_1\new\DVI_Display.vhd:]
WARNING: [filemgmt 56-199] Attempt to get parsing info during refresh. "On-the-fly" syntax checking information may be incorrect. [C:\ProgH\Ball\Ball.srcs\sources_1\new\Position_Calculator.vhd:]
WARNING: [filemgmt 56-199] Attempt to get parsing info during refresh. "On-the-fly" syntax checking information may be incorrect. [C:\Users\Julien\Downloads\Bijlage opdrachten\Bijlage opdrachten\Week 5 + 6 - Bounching Square - Ball\DVI.vhd:]
WARNING: [filemgmt 56-199] Attempt to get parsing info during refresh. "On-the-fly" syntax checking information may be incorrect. [C:\ProgH\Ball\Ball.srcs\sources_1\new\Position_Calculator.vhd:]
WARNING: [filemgmt 56-199] Attempt to get parsing info during refresh. "On-the-fly" syntax checking information may be incorrect. [C:\ProgH\Ball\Ball.srcs\sources_1\new\Position_Calculator.vhd:]
reset_run synth_1
launch_runs impl_1 -to_step write_bitstream -jobs 20
[Mon Jan  6 13:40:58 2025] Launched synth_1...
Run output will be captured here: C:/ProgH/Ball/Ball.runs/synth_1/runme.log
[Mon Jan  6 13:40:59 2025] Launched impl_1...
Run output will be captured here: C:/ProgH/Ball/Ball.runs/impl_1/runme.log
WARNING: [filemgmt 56-199] Attempt to get parsing info during refresh. "On-the-fly" syntax checking information may be incorrect. [C:\ProgH\Ball\Ball.srcs\sources_1\new\DVI_Display.vhd:]
WARNING: [filemgmt 56-199] Attempt to get parsing info during refresh. "On-the-fly" syntax checking information may be incorrect. [C:\ProgH\Ball\Ball.srcs\sources_1\new\Position_Calculator.vhd:]
WARNING: [filemgmt 56-199] Attempt to get parsing info during refresh. "On-the-fly" syntax checking information may be incorrect. [C:\Users\Julien\Downloads\Bijlage opdrachten\Bijlage opdrachten\Week 5 + 6 - Bounching Square - Ball\DVI.vhd:]
WARNING: [filemgmt 56-199] Attempt to get parsing info during refresh. "On-the-fly" syntax checking information may be incorrect. [C:\ProgH\Ball\Ball.srcs\sources_1\new\DVI_Display.vhd:]
WARNING: [filemgmt 56-199] Attempt to get parsing info during refresh. "On-the-fly" syntax checking information may be incorrect. [C:\ProgH\Ball\Ball.srcs\sources_1\new\DVI_Display.vhd:]
WARNING: [filemgmt 56-199] Attempt to get parsing info during refresh. "On-the-fly" syntax checking information may be incorrect. [C:\ProgH\Ball\Ball.srcs\sources_1\new\DVI_Display.vhd:]
WARNING: [filemgmt 56-199] Attempt to get parsing info during refresh. "On-the-fly" syntax checking information may be incorrect. [C:\ProgH\Ball\Ball.srcs\sources_1\new\Position_Calculator.vhd:]
WARNING: [filemgmt 56-199] Attempt to get parsing info during refresh. "On-the-fly" syntax checking information may be incorrect. [C:\Users\Julien\Downloads\Bijlage opdrachten\Bijlage opdrachten\Week 5 + 6 - Bounching Square - Ball\DVI.vhd:]
WARNING: [filemgmt 56-199] Attempt to get parsing info during refresh. "On-the-fly" syntax checking information may be incorrect. [C:\Users\Julien\Downloads\Bijlage opdrachten\Bijlage opdrachten\Week 5 + 6 - Bounching Square - Ball\DVI.vhd:]
WARNING: [filemgmt 56-199] Attempt to get parsing info during refresh. "On-the-fly" syntax checking information may be incorrect. [C:\Users\Julien\Downloads\Bijlage opdrachten\Bijlage opdrachten\Week 5 + 6 - Bounching Square - Ball\DVI.vhd:]
update_compile_order -fileset sources_1
WARNING: [filemgmt 56-199] Attempt to get parsing info during refresh. "On-the-fly" syntax checking information may be incorrect. [C:\ProgH\Ball\Ball.srcs\sources_1\new\DVI_Display.vhd:]
WARNING: [filemgmt 56-199] Attempt to get parsing info during refresh. "On-the-fly" syntax checking information may be incorrect. [C:\ProgH\Ball\Ball.srcs\sources_1\new\Position_Calculator.vhd:]
WARNING: [filemgmt 56-199] Attempt to get parsing info during refresh. "On-the-fly" syntax checking information may be incorrect. [C:\Users\Julien\Downloads\Bijlage opdrachten\Bijlage opdrachten\Week 5 + 6 - Bounching Square - Ball\DVI.vhd:]
WARNING: [filemgmt 56-199] Attempt to get parsing info during refresh. "On-the-fly" syntax checking information may be incorrect. [C:\ProgH\Ball\Ball.srcs\sources_1\new\DVI_Display.vhd:]
WARNING: [filemgmt 56-199] Attempt to get parsing info during refresh. "On-the-fly" syntax checking information may be incorrect. [C:\ProgH\Ball\Ball.srcs\sources_1\new\DVI_Display.vhd:]
WARNING: [filemgmt 56-199] Attempt to get parsing info during refresh. "On-the-fly" syntax checking information may be incorrect. [C:\ProgH\Ball\Ball.srcs\sources_1\new\DVI_Display.vhd:]
WARNING: [filemgmt 56-199] Attempt to get parsing info during refresh. "On-the-fly" syntax checking information may be incorrect. [C:\ProgH\Ball\Ball.srcs\sources_1\new\Position_Calculator.vhd:]
WARNING: [filemgmt 56-199] Attempt to get parsing info during refresh. "On-the-fly" syntax checking information may be incorrect. [C:\Users\Julien\Downloads\Bijlage opdrachten\Bijlage opdrachten\Week 5 + 6 - Bounching Square - Ball\DVI.vhd:]
WARNING: [filemgmt 56-199] Attempt to get parsing info during refresh. "On-the-fly" syntax checking information may be incorrect. [C:\ProgH\Ball\Ball.srcs\sources_1\new\Position_Calculator.vhd:]
WARNING: [filemgmt 56-199] Attempt to get parsing info during refresh. "On-the-fly" syntax checking information may be incorrect. [C:\ProgH\Ball\Ball.srcs\sources_1\new\Position_Calculator.vhd:]
refresh_design
INFO: [Synth 8-7079] Multithreading enabled for synth_design using a maximum of 2 processes.
---------------------------------------------------------------------------------
Starting RTL Elaboration : Time (s): cpu = 00:00:02 ; elapsed = 00:00:07 . Memory (MB): peak = 2834.746 ; gain = 0.000
---------------------------------------------------------------------------------
INFO: [Synth 8-638] synthesizing module 'DVI_Top' [C:/Users/Julien/Downloads/Bijlage opdrachten/Bijlage opdrachten/Week 5 + 6 - Bounching Square - Ball/DVI.vhd:17]
INFO: [Synth 8-3491] module 'clkDVIprescaler' declared at 'C:/Users/Julien/AppData/Roaming/Xilinx/Vivado/.Xil/Vivado-14604-JulienPC/realtime/clkDVIprescaler_stub.v:6' bound to instance 'prescaler_instance' of component 'clkDVIprescaler' [C:/Users/Julien/Downloads/Bijlage opdrachten/Bijlage opdrachten/Week 5 + 6 - Bounching Square - Ball/DVI.vhd:57]
INFO: [Synth 8-6157] synthesizing module 'clkDVIprescaler' [C:/Users/Julien/AppData/Roaming/Xilinx/Vivado/.Xil/Vivado-14604-JulienPC/realtime/clkDVIprescaler_stub.v:6]
INFO: [Synth 8-6155] done synthesizing module 'clkDVIprescaler' (0#1) [C:/Users/Julien/AppData/Roaming/Xilinx/Vivado/.Xil/Vivado-14604-JulienPC/realtime/clkDVIprescaler_stub.v:6]
INFO: [Synth 8-3491] module 'Position_Calculator' declared at 'C:/ProgH/Ball/Ball.srcs/sources_1/new/Position_Calculator.vhd:7' bound to instance 'position_instance' of component 'Position_Calculator' [C:/Users/Julien/Downloads/Bijlage opdrachten/Bijlage opdrachten/Week 5 + 6 - Bounching Square - Ball/DVI.vhd:64]
INFO: [Synth 8-638] synthesizing module 'Position_Calculator' [C:/ProgH/Ball/Ball.srcs/sources_1/new/Position_Calculator.vhd:16]
INFO: [Synth 8-256] done synthesizing module 'Position_Calculator' (0#1) [C:/ProgH/Ball/Ball.srcs/sources_1/new/Position_Calculator.vhd:16]
INFO: [Synth 8-3491] module 'DVI_Display' declared at 'C:/ProgH/Ball/Ball.srcs/sources_1/new/DVI_Display.vhd:6' bound to instance 'display_instance' of component 'DVI_Display' [C:/Users/Julien/Downloads/Bijlage opdrachten/Bijlage opdrachten/Week 5 + 6 - Bounching Square - Ball/DVI.vhd:73]
INFO: [Synth 8-638] synthesizing module 'DVI_Display' [C:/ProgH/Ball/Ball.srcs/sources_1/new/DVI_Display.vhd:18]
INFO: [Synth 8-256] done synthesizing module 'DVI_Display' (0#1) [C:/ProgH/Ball/Ball.srcs/sources_1/new/DVI_Display.vhd:18]
INFO: [Synth 8-256] done synthesizing module 'DVI_Top' (0#1) [C:/Users/Julien/Downloads/Bijlage opdrachten/Bijlage opdrachten/Week 5 + 6 - Bounching Square - Ball/DVI.vhd:17]
WARNING: [Synth 8-6014] Unused sequential element blue_reg was removed.  [C:/ProgH/Ball/Ball.srcs/sources_1/new/DVI_Display.vhd:59]
---------------------------------------------------------------------------------
Finished RTL Elaboration : Time (s): cpu = 00:00:03 ; elapsed = 00:00:10 . Memory (MB): peak = 2834.746 ; gain = 0.000
---------------------------------------------------------------------------------
---------------------------------------------------------------------------------
Start Handling Custom Attributes
---------------------------------------------------------------------------------
---------------------------------------------------------------------------------
Finished Handling Custom Attributes : Time (s): cpu = 00:00:03 ; elapsed = 00:00:10 . Memory (MB): peak = 2834.746 ; gain = 0.000
---------------------------------------------------------------------------------
---------------------------------------------------------------------------------
Finished RTL Optimization Phase 1 : Time (s): cpu = 00:00:03 ; elapsed = 00:00:10 . Memory (MB): peak = 2834.746 ; gain = 0.000
---------------------------------------------------------------------------------
INFO: [Project 1-454] Reading design checkpoint 'c:/ProgH/Ball/Ball.gen/sources_1/ip/clkDVIprescaler/clkDVIprescaler.dcp' for cell 'prescaler_instance'
Netlist sorting complete. Time (s): cpu = 00:00:00 ; elapsed = 00:00:00.008 . Memory (MB): peak = 2851.176 ; gain = 0.000
INFO: [Netlist 29-17] Analyzing 1 Unisim elements for replacement
INFO: [Netlist 29-28] Unisim Transformation completed in 0 CPU seconds
INFO: [Project 1-479] Netlist was created with Vivado 2024.1
INFO: [Project 1-570] Preparing netlist for logic optimization

Processing XDC Constraints
Initializing timing engine
Parsing XDC File [c:/ProgH/Ball/Ball.gen/sources_1/ip/clkDVIprescaler/clkDVIprescaler_board.xdc] for cell 'prescaler_instance/inst'
Finished Parsing XDC File [c:/ProgH/Ball/Ball.gen/sources_1/ip/clkDVIprescaler/clkDVIprescaler_board.xdc] for cell 'prescaler_instance/inst'
Parsing XDC File [c:/ProgH/Ball/Ball.gen/sources_1/ip/clkDVIprescaler/clkDVIprescaler.xdc] for cell 'prescaler_instance/inst'
Finished Parsing XDC File [c:/ProgH/Ball/Ball.gen/sources_1/ip/clkDVIprescaler/clkDVIprescaler.xdc] for cell 'prescaler_instance/inst'
INFO: [Project 1-236] Implementation specific constraints were found while reading constraint file [c:/ProgH/Ball/Ball.gen/sources_1/ip/clkDVIprescaler/clkDVIprescaler.xdc]. These constraints will be ignored for synthesis but will be used in implementation. Impacted constraints are listed in the file [.Xil/DVI_Top_propImpl.xdc].
Resolution: To avoid this warning, move constraints listed in [.Xil/DVI_Top_propImpl.xdc] to another XDC file and exclude this new file from synthesis with the used_in_synthesis property (File Properties dialog in GUI) and re-run elaboration/synthesis.
INFO: [Timing 38-2] Deriving generated clocks
Parsing XDC File [C:/ProgH/Ball/Ball.srcs/constrs_1/new/const.xdc]
WARNING: [Vivado 12-584] No ports matched 'clk25'. [C:/ProgH/Ball/Ball.srcs/constrs_1/new/const.xdc:13]
WARNING: [Vivado 12-584] No ports matched 'clk25'. [C:/ProgH/Ball/Ball.srcs/constrs_1/new/const.xdc:20]
Finished Parsing XDC File [C:/ProgH/Ball/Ball.srcs/constrs_1/new/const.xdc]
WARNING: [Project 1-498] One or more constraints failed evaluation while reading constraint file [C:/ProgH/Ball/Ball.srcs/constrs_1/new/const.xdc] and the design contains unresolved black boxes. These constraints will be read post-synthesis (as long as their source constraint file is marked as used_in_implementation) and should be applied correctly then. You should review the constraints listed in the file [.Xil/DVI_Top_propImpl.xdc] and check the run log file to verify that these constraints were correctly applied.
Completed Processing XDC Constraints

refresh_design: Time (s): cpu = 00:00:05 ; elapsed = 00:00:14 . Memory (MB): peak = 2851.176 ; gain = 16.430
reset_run synth_1
INFO: [Project 1-1161] Replacing file C:/ProgH/Ball/Ball.srcs/utils_1/imports/synth_1/DVI.dcp with file C:/ProgH/Ball/Ball.runs/synth_1/DVI_Top.dcp
launch_runs impl_1 -to_step write_bitstream -jobs 20
[Mon Jan  6 13:47:25 2025] Launched synth_1...
Run output will be captured here: C:/ProgH/Ball/Ball.runs/synth_1/runme.log
[Mon Jan  6 13:47:25 2025] Launched impl_1...
Run output will be captured here: C:/ProgH/Ball/Ball.runs/impl_1/runme.log
WARNING: [filemgmt 56-199] Attempt to get parsing info during refresh. "On-the-fly" syntax checking information may be incorrect. [C:\ProgH\Ball\Ball.srcs\sources_1\new\DVI_Display.vhd:]
WARNING: [filemgmt 56-199] Attempt to get parsing info during refresh. "On-the-fly" syntax checking information may be incorrect. [C:\ProgH\Ball\Ball.srcs\sources_1\new\Position_Calculator.vhd:]
WARNING: [filemgmt 56-199] Attempt to get parsing info during refresh. "On-the-fly" syntax checking information may be incorrect. [C:\Users\Julien\Downloads\Bijlage opdrachten\Bijlage opdrachten\Week 5 + 6 - Bounching Square - Ball\DVI.vhd:]
WARNING: [filemgmt 56-199] Attempt to get parsing info during refresh. "On-the-fly" syntax checking information may be incorrect. [C:\ProgH\Ball\Ball.srcs\sources_1\new\DVI_Display.vhd:]
WARNING: [filemgmt 56-199] Attempt to get parsing info during refresh. "On-the-fly" syntax checking information may be incorrect. [C:\ProgH\Ball\Ball.srcs\sources_1\new\DVI_Display.vhd:]
WARNING: [filemgmt 56-199] Attempt to get parsing info during refresh. "On-the-fly" syntax checking information may be incorrect. [C:\ProgH\Ball\Ball.srcs\sources_1\new\DVI_Display.vhd:]
WARNING: [filemgmt 56-199] Attempt to get parsing info during refresh. "On-the-fly" syntax checking information may be incorrect. [C:\ProgH\Ball\Ball.srcs\sources_1\new\Position_Calculator.vhd:]
WARNING: [filemgmt 56-199] Attempt to get parsing info during refresh. "On-the-fly" syntax checking information may be incorrect. [C:\Users\Julien\Downloads\Bijlage opdrachten\Bijlage opdrachten\Week 5 + 6 - Bounching Square - Ball\DVI.vhd:]
WARNING: [filemgmt 56-199] Attempt to get parsing info during refresh. "On-the-fly" syntax checking information may be incorrect. [C:\ProgH\Ball\Ball.srcs\sources_1\new\Position_Calculator.vhd:]
WARNING: [filemgmt 56-199] Attempt to get parsing info during refresh. "On-the-fly" syntax checking information may be incorrect. [C:\ProgH\Ball\Ball.srcs\sources_1\new\Position_Calculator.vhd:]
ERROR: [Common 17-180] Spawn failed: No error
set_property PROBES.FILE {} [get_hw_devices xc7a35t_0]
set_property FULL_PROBES.FILE {} [get_hw_devices xc7a35t_0]
set_property PROGRAM.FILE {C:/ProgH/Ball/Ball.runs/impl_1/DVI_Top.bit} [get_hw_devices xc7a35t_0]
program_hw_devices [get_hw_devices xc7a35t_0]
INFO: [Labtools 27-3164] End of startup status: HIGH
refresh_hw_device [lindex [get_hw_devices xc7a35t_0] 0]
INFO: [Labtools 27-1434] Device xc7a35t (JTAG device index = 0) is programmed with a design that has no supported debug core(s) in it.
WARNING: [filemgmt 56-199] Attempt to get parsing info during refresh. "On-the-fly" syntax checking information may be incorrect. [C:\ProgH\Ball\Ball.srcs\sources_1\new\DVI_Display.vhd:]
WARNING: [filemgmt 56-199] Attempt to get parsing info during refresh. "On-the-fly" syntax checking information may be incorrect. [C:\ProgH\Ball\Ball.srcs\sources_1\new\Position_Calculator.vhd:]
WARNING: [filemgmt 56-199] Attempt to get parsing info during refresh. "On-the-fly" syntax checking information may be incorrect. [C:\Users\Julien\Downloads\Bijlage opdrachten\Bijlage opdrachten\Week 5 + 6 - Bounching Square - Ball\DVI.vhd:]
WARNING: [filemgmt 56-199] Attempt to get parsing info during refresh. "On-the-fly" syntax checking information may be incorrect. [C:\ProgH\Ball\Ball.srcs\sources_1\new\Position_Calculator.vhd:]
WARNING: [filemgmt 56-199] Attempt to get parsing info during refresh. "On-the-fly" syntax checking information may be incorrect. [C:\ProgH\Ball\Ball.srcs\sources_1\new\Position_Calculator.vhd:]
WARNING: [filemgmt 56-199] Attempt to get parsing info during refresh. "On-the-fly" syntax checking information may be incorrect. [C:\ProgH\Ball\Ball.srcs\sources_1\new\DVI_Display.vhd:]
WARNING: [filemgmt 56-199] Attempt to get parsing info during refresh. "On-the-fly" syntax checking information may be incorrect. [C:\ProgH\Ball\Ball.srcs\sources_1\new\Position_Calculator.vhd:]
WARNING: [filemgmt 56-199] Attempt to get parsing info during refresh. "On-the-fly" syntax checking information may be incorrect. [C:\Users\Julien\Downloads\Bijlage opdrachten\Bijlage opdrachten\Week 5 + 6 - Bounching Square - Ball\DVI.vhd:]
WARNING: [filemgmt 56-199] Attempt to get parsing info during refresh. "On-the-fly" syntax checking information may be incorrect. [C:\Users\Julien\Downloads\Bijlage opdrachten\Bijlage opdrachten\Week 5 + 6 - Bounching Square - Ball\DVI.vhd:]
WARNING: [filemgmt 56-199] Attempt to get parsing info during refresh. "On-the-fly" syntax checking information may be incorrect. [C:\Users\Julien\Downloads\Bijlage opdrachten\Bijlage opdrachten\Week 5 + 6 - Bounching Square - Ball\DVI.vhd:]
refresh_design
INFO: [Synth 8-7079] Multithreading enabled for synth_design using a maximum of 2 processes.
---------------------------------------------------------------------------------
Starting RTL Elaboration : Time (s): cpu = 00:00:03 ; elapsed = 00:00:08 . Memory (MB): peak = 2851.176 ; gain = 0.000
---------------------------------------------------------------------------------
INFO: [Synth 8-638] synthesizing module 'DVI_Top' [C:/Users/Julien/Downloads/Bijlage opdrachten/Bijlage opdrachten/Week 5 + 6 - Bounching Square - Ball/DVI.vhd:17]
INFO: [Synth 8-3491] module 'clkDVIprescaler' declared at 'C:/Users/Julien/AppData/Roaming/Xilinx/Vivado/.Xil/Vivado-14604-JulienPC/realtime/clkDVIprescaler_stub.v:6' bound to instance 'prescaler_instance' of component 'clkDVIprescaler' [C:/Users/Julien/Downloads/Bijlage opdrachten/Bijlage opdrachten/Week 5 + 6 - Bounching Square - Ball/DVI.vhd:57]
INFO: [Synth 8-6157] synthesizing module 'clkDVIprescaler' [C:/Users/Julien/AppData/Roaming/Xilinx/Vivado/.Xil/Vivado-14604-JulienPC/realtime/clkDVIprescaler_stub.v:6]
INFO: [Synth 8-6155] done synthesizing module 'clkDVIprescaler' (0#1) [C:/Users/Julien/AppData/Roaming/Xilinx/Vivado/.Xil/Vivado-14604-JulienPC/realtime/clkDVIprescaler_stub.v:6]
INFO: [Synth 8-3491] module 'Position_Calculator' declared at 'C:/ProgH/Ball/Ball.srcs/sources_1/new/Position_Calculator.vhd:7' bound to instance 'position_instance' of component 'Position_Calculator' [C:/Users/Julien/Downloads/Bijlage opdrachten/Bijlage opdrachten/Week 5 + 6 - Bounching Square - Ball/DVI.vhd:64]
INFO: [Synth 8-638] synthesizing module 'Position_Calculator' [C:/ProgH/Ball/Ball.srcs/sources_1/new/Position_Calculator.vhd:16]
INFO: [Synth 8-256] done synthesizing module 'Position_Calculator' (0#1) [C:/ProgH/Ball/Ball.srcs/sources_1/new/Position_Calculator.vhd:16]
INFO: [Synth 8-3491] module 'DVI_Display' declared at 'C:/ProgH/Ball/Ball.srcs/sources_1/new/DVI_Display.vhd:6' bound to instance 'display_instance' of component 'DVI_Display' [C:/Users/Julien/Downloads/Bijlage opdrachten/Bijlage opdrachten/Week 5 + 6 - Bounching Square - Ball/DVI.vhd:73]
INFO: [Synth 8-638] synthesizing module 'DVI_Display' [C:/ProgH/Ball/Ball.srcs/sources_1/new/DVI_Display.vhd:18]
INFO: [Synth 8-256] done synthesizing module 'DVI_Display' (0#1) [C:/ProgH/Ball/Ball.srcs/sources_1/new/DVI_Display.vhd:18]
INFO: [Synth 8-256] done synthesizing module 'DVI_Top' (0#1) [C:/Users/Julien/Downloads/Bijlage opdrachten/Bijlage opdrachten/Week 5 + 6 - Bounching Square - Ball/DVI.vhd:17]
WARNING: [Synth 8-6014] Unused sequential element blue_reg was removed.  [C:/ProgH/Ball/Ball.srcs/sources_1/new/DVI_Display.vhd:59]
---------------------------------------------------------------------------------
Finished RTL Elaboration : Time (s): cpu = 00:00:04 ; elapsed = 00:00:10 . Memory (MB): peak = 2851.176 ; gain = 0.000
---------------------------------------------------------------------------------
---------------------------------------------------------------------------------
Start Handling Custom Attributes
---------------------------------------------------------------------------------
---------------------------------------------------------------------------------
Finished Handling Custom Attributes : Time (s): cpu = 00:00:04 ; elapsed = 00:00:10 . Memory (MB): peak = 2851.176 ; gain = 0.000
---------------------------------------------------------------------------------
---------------------------------------------------------------------------------
Finished RTL Optimization Phase 1 : Time (s): cpu = 00:00:04 ; elapsed = 00:00:10 . Memory (MB): peak = 2851.176 ; gain = 0.000
---------------------------------------------------------------------------------
INFO: [Project 1-454] Reading design checkpoint 'c:/ProgH/Ball/Ball.gen/sources_1/ip/clkDVIprescaler/clkDVIprescaler.dcp' for cell 'prescaler_instance'
Netlist sorting complete. Time (s): cpu = 00:00:00 ; elapsed = 00:00:00.007 . Memory (MB): peak = 2859.484 ; gain = 0.000
INFO: [Netlist 29-17] Analyzing 1 Unisim elements for replacement
INFO: [Netlist 29-28] Unisim Transformation completed in 0 CPU seconds
INFO: [Project 1-479] Netlist was created with Vivado 2024.1
INFO: [Project 1-570] Preparing netlist for logic optimization

Processing XDC Constraints
Initializing timing engine
Parsing XDC File [c:/ProgH/Ball/Ball.gen/sources_1/ip/clkDVIprescaler/clkDVIprescaler_board.xdc] for cell 'prescaler_instance/inst'
Finished Parsing XDC File [c:/ProgH/Ball/Ball.gen/sources_1/ip/clkDVIprescaler/clkDVIprescaler_board.xdc] for cell 'prescaler_instance/inst'
Parsing XDC File [c:/ProgH/Ball/Ball.gen/sources_1/ip/clkDVIprescaler/clkDVIprescaler.xdc] for cell 'prescaler_instance/inst'
Finished Parsing XDC File [c:/ProgH/Ball/Ball.gen/sources_1/ip/clkDVIprescaler/clkDVIprescaler.xdc] for cell 'prescaler_instance/inst'
INFO: [Project 1-236] Implementation specific constraints were found while reading constraint file [c:/ProgH/Ball/Ball.gen/sources_1/ip/clkDVIprescaler/clkDVIprescaler.xdc]. These constraints will be ignored for synthesis but will be used in implementation. Impacted constraints are listed in the file [.Xil/DVI_Top_propImpl.xdc].
Resolution: To avoid this warning, move constraints listed in [.Xil/DVI_Top_propImpl.xdc] to another XDC file and exclude this new file from synthesis with the used_in_synthesis property (File Properties dialog in GUI) and re-run elaboration/synthesis.
INFO: [Timing 38-2] Deriving generated clocks
Parsing XDC File [C:/ProgH/Ball/Ball.srcs/constrs_1/new/const.xdc]
WARNING: [Vivado 12-584] No ports matched 'clk25'. [C:/ProgH/Ball/Ball.srcs/constrs_1/new/const.xdc:13]
WARNING: [Vivado 12-584] No ports matched 'clk25'. [C:/ProgH/Ball/Ball.srcs/constrs_1/new/const.xdc:20]
Finished Parsing XDC File [C:/ProgH/Ball/Ball.srcs/constrs_1/new/const.xdc]
WARNING: [Project 1-498] One or more constraints failed evaluation while reading constraint file [C:/ProgH/Ball/Ball.srcs/constrs_1/new/const.xdc] and the design contains unresolved black boxes. These constraints will be read post-synthesis (as long as their source constraint file is marked as used_in_implementation) and should be applied correctly then. You should review the constraints listed in the file [.Xil/DVI_Top_propImpl.xdc] and check the run log file to verify that these constraints were correctly applied.
Completed Processing XDC Constraints

refresh_design: Time (s): cpu = 00:00:06 ; elapsed = 00:00:13 . Memory (MB): peak = 2859.484 ; gain = 8.309
reset_run synth_1
INFO: [Project 1-1161] Replacing file C:/ProgH/Ball/Ball.srcs/utils_1/imports/synth_1/DVI.dcp with file C:/ProgH/Ball/Ball.runs/synth_1/DVI_Top.dcp
launch_runs impl_1 -to_step write_bitstream -jobs 20
[Mon Jan  6 13:53:07 2025] Launched synth_1...
Run output will be captured here: C:/ProgH/Ball/Ball.runs/synth_1/runme.log
[Mon Jan  6 13:53:08 2025] Launched impl_1...
Run output will be captured here: C:/ProgH/Ball/Ball.runs/impl_1/runme.log
WARNING: [filemgmt 56-199] Attempt to get parsing info during refresh. "On-the-fly" syntax checking information may be incorrect. [C:\ProgH\Ball\Ball.srcs\sources_1\new\DVI_Display.vhd:]
WARNING: [filemgmt 56-199] Attempt to get parsing info during refresh. "On-the-fly" syntax checking information may be incorrect. [C:\ProgH\Ball\Ball.srcs\sources_1\new\Position_Calculator.vhd:]
WARNING: [filemgmt 56-199] Attempt to get parsing info during refresh. "On-the-fly" syntax checking information may be incorrect. [C:\Users\Julien\Downloads\Bijlage opdrachten\Bijlage opdrachten\Week 5 + 6 - Bounching Square - Ball\DVI.vhd:]
WARNING: [filemgmt 56-199] Attempt to get parsing info during refresh. "On-the-fly" syntax checking information may be incorrect. [C:\Users\Julien\Downloads\Bijlage opdrachten\Bijlage opdrachten\Week 5 + 6 - Bounching Square - Ball\DVI.vhd:]
WARNING: [filemgmt 56-199] Attempt to get parsing info during refresh. "On-the-fly" syntax checking information may be incorrect. [C:\Users\Julien\Downloads\Bijlage opdrachten\Bijlage opdrachten\Week 5 + 6 - Bounching Square - Ball\DVI.vhd:]
WARNING: [filemgmt 56-199] Attempt to get parsing info during refresh. "On-the-fly" syntax checking information may be incorrect. [C:\ProgH\Ball\Ball.srcs\sources_1\new\DVI_Display.vhd:]
WARNING: [filemgmt 56-199] Attempt to get parsing info during refresh. "On-the-fly" syntax checking information may be incorrect. [C:\ProgH\Ball\Ball.srcs\sources_1\new\Position_Calculator.vhd:]
WARNING: [filemgmt 56-199] Attempt to get parsing info during refresh. "On-the-fly" syntax checking information may be incorrect. [C:\Users\Julien\Downloads\Bijlage opdrachten\Bijlage opdrachten\Week 5 + 6 - Bounching Square - Ball\DVI.vhd:]
WARNING: [filemgmt 56-199] Attempt to get parsing info during refresh. "On-the-fly" syntax checking information may be incorrect. [C:\ProgH\Ball\Ball.srcs\sources_1\new\DVI_Display.vhd:]
WARNING: [filemgmt 56-199] Attempt to get parsing info during refresh. "On-the-fly" syntax checking information may be incorrect. [C:\ProgH\Ball\Ball.srcs\sources_1\new\DVI_Display.vhd:]
set_property PROBES.FILE {} [get_hw_devices xc7a35t_0]
set_property FULL_PROBES.FILE {} [get_hw_devices xc7a35t_0]
set_property PROGRAM.FILE {C:/ProgH/Ball/Ball.runs/impl_1/DVI_Top.bit} [get_hw_devices xc7a35t_0]
program_hw_devices [get_hw_devices xc7a35t_0]
INFO: [Labtools 27-3164] End of startup status: HIGH
refresh_hw_device [lindex [get_hw_devices xc7a35t_0] 0]
INFO: [Labtools 27-1434] Device xc7a35t (JTAG device index = 0) is programmed with a design that has no supported debug core(s) in it.
WARNING: [filemgmt 56-199] Attempt to get parsing info during refresh. "On-the-fly" syntax checking information may be incorrect. [C:\ProgH\Ball\Ball.srcs\sources_1\new\DVI_Display.vhd:]
WARNING: [filemgmt 56-199] Attempt to get parsing info during refresh. "On-the-fly" syntax checking information may be incorrect. [C:\ProgH\Ball\Ball.srcs\sources_1\new\Position_Calculator.vhd:]
WARNING: [filemgmt 56-199] Attempt to get parsing info during refresh. "On-the-fly" syntax checking information may be incorrect. [C:\Users\Julien\Downloads\Bijlage opdrachten\Bijlage opdrachten\Week 5 + 6 - Bounching Square - Ball\DVI.vhd:]
WARNING: [filemgmt 56-199] Attempt to get parsing info during refresh. "On-the-fly" syntax checking information may be incorrect. [C:\ProgH\Ball\Ball.srcs\sources_1\new\Position_Calculator.vhd:]
WARNING: [filemgmt 56-199] Attempt to get parsing info during refresh. "On-the-fly" syntax checking information may be incorrect. [C:\ProgH\Ball\Ball.srcs\sources_1\new\Position_Calculator.vhd:]
ERROR: [Common 17-180] Spawn failed: No error
WARNING: [filemgmt 56-199] Attempt to get parsing info during refresh. "On-the-fly" syntax checking information may be incorrect. [C:\ProgH\Ball\Ball.srcs\sources_1\new\DVI_Display.vhd:]
WARNING: [filemgmt 56-199] Attempt to get parsing info during refresh. "On-the-fly" syntax checking information may be incorrect. [C:\ProgH\Ball\Ball.srcs\sources_1\new\Position_Calculator.vhd:]
WARNING: [filemgmt 56-199] Attempt to get parsing info during refresh. "On-the-fly" syntax checking information may be incorrect. [C:\Users\Julien\Downloads\Bijlage opdrachten\Bijlage opdrachten\Week 5 + 6 - Bounching Square - Ball\DVI.vhd:]
WARNING: [filemgmt 56-199] Attempt to get parsing info during refresh. "On-the-fly" syntax checking information may be incorrect. [C:\ProgH\Ball\Ball.srcs\sources_1\new\Position_Calculator.vhd:]
WARNING: [filemgmt 56-199] Attempt to get parsing info during refresh. "On-the-fly" syntax checking information may be incorrect. [C:\ProgH\Ball\Ball.srcs\sources_1\new\Position_Calculator.vhd:]
WARNING: [filemgmt 56-199] Attempt to get parsing info during refresh. "On-the-fly" syntax checking information may be incorrect. [C:\ProgH\Ball\Ball.srcs\sources_1\new\DVI_Display.vhd:]
WARNING: [filemgmt 56-199] Attempt to get parsing info during refresh. "On-the-fly" syntax checking information may be incorrect. [C:\ProgH\Ball\Ball.srcs\sources_1\new\Position_Calculator.vhd:]
WARNING: [filemgmt 56-199] Attempt to get parsing info during refresh. "On-the-fly" syntax checking information may be incorrect. [C:\Users\Julien\Downloads\Bijlage opdrachten\Bijlage opdrachten\Week 5 + 6 - Bounching Square - Ball\DVI.vhd:]
WARNING: [filemgmt 56-199] Attempt to get parsing info during refresh. "On-the-fly" syntax checking information may be incorrect. [C:\ProgH\Ball\Ball.srcs\sources_1\new\DVI_Display.vhd:]
WARNING: [filemgmt 56-199] Attempt to get parsing info during refresh. "On-the-fly" syntax checking information may be incorrect. [C:\ProgH\Ball\Ball.srcs\sources_1\new\DVI_Display.vhd:]
ERROR: [Common 17-180] Spawn failed: No error
WARNING: [filemgmt 56-199] Attempt to get parsing info during refresh. "On-the-fly" syntax checking information may be incorrect. [C:\ProgH\Ball\Ball.srcs\sources_1\new\DVI_Display.vhd:]
WARNING: [filemgmt 56-199] Attempt to get parsing info during refresh. "On-the-fly" syntax checking information may be incorrect. [C:\ProgH\Ball\Ball.srcs\sources_1\new\Position_Calculator.vhd:]
WARNING: [filemgmt 56-199] Attempt to get parsing info during refresh. "On-the-fly" syntax checking information may be incorrect. [C:\Users\Julien\Downloads\Bijlage opdrachten\Bijlage opdrachten\Week 5 + 6 - Bounching Square - Ball\DVI.vhd:]
WARNING: [filemgmt 56-199] Attempt to get parsing info during refresh. "On-the-fly" syntax checking information may be incorrect. [C:\Users\Julien\Downloads\Bijlage opdrachten\Bijlage opdrachten\Week 5 + 6 - Bounching Square - Ball\DVI.vhd:]
WARNING: [filemgmt 56-199] Attempt to get parsing info during refresh. "On-the-fly" syntax checking information may be incorrect. [C:\Users\Julien\Downloads\Bijlage opdrachten\Bijlage opdrachten\Week 5 + 6 - Bounching Square - Ball\DVI.vhd:]
ERROR: [Common 17-180] Spawn failed: No error
WARNING: [filemgmt 56-199] Attempt to get parsing info during refresh. "On-the-fly" syntax checking information may be incorrect. [C:\ProgH\Ball\Ball.srcs\sources_1\new\DVI_Display.vhd:]
WARNING: [filemgmt 56-199] Attempt to get parsing info during refresh. "On-the-fly" syntax checking information may be incorrect. [C:\ProgH\Ball\Ball.srcs\sources_1\new\Position_Calculator.vhd:]
WARNING: [filemgmt 56-199] Attempt to get parsing info during refresh. "On-the-fly" syntax checking information may be incorrect. [C:\Users\Julien\Downloads\Bijlage opdrachten\Bijlage opdrachten\Week 5 + 6 - Bounching Square - Ball\DVI.vhd:]
WARNING: [filemgmt 56-199] Attempt to get parsing info during refresh. "On-the-fly" syntax checking information may be incorrect. [C:\ProgH\Ball\Ball.srcs\sources_1\new\DVI_Display.vhd:]
WARNING: [filemgmt 56-199] Attempt to get parsing info during refresh. "On-the-fly" syntax checking information may be incorrect. [C:\ProgH\Ball\Ball.srcs\sources_1\new\DVI_Display.vhd:]
WARNING: [filemgmt 56-199] Attempt to get parsing info during refresh. "On-the-fly" syntax checking information may be incorrect. [C:\ProgH\Ball\Ball.srcs\sources_1\new\DVI_Display.vhd:]
WARNING: [filemgmt 56-199] Attempt to get parsing info during refresh. "On-the-fly" syntax checking information may be incorrect. [C:\ProgH\Ball\Ball.srcs\sources_1\new\Position_Calculator.vhd:]
WARNING: [filemgmt 56-199] Attempt to get parsing info during refresh. "On-the-fly" syntax checking information may be incorrect. [C:\Users\Julien\Downloads\Bijlage opdrachten\Bijlage opdrachten\Week 5 + 6 - Bounching Square - Ball\DVI.vhd:]
WARNING: [filemgmt 56-199] Attempt to get parsing info during refresh. "On-the-fly" syntax checking information may be incorrect. [C:\Users\Julien\Downloads\Bijlage opdrachten\Bijlage opdrachten\Week 5 + 6 - Bounching Square - Ball\DVI.vhd:]
WARNING: [filemgmt 56-199] Attempt to get parsing info during refresh. "On-the-fly" syntax checking information may be incorrect. [C:\Users\Julien\Downloads\Bijlage opdrachten\Bijlage opdrachten\Week 5 + 6 - Bounching Square - Ball\DVI.vhd:]
WARNING: [filemgmt 56-199] Attempt to get parsing info during refresh. "On-the-fly" syntax checking information may be incorrect. [C:\ProgH\Ball\Ball.srcs\sources_1\new\DVI_Display.vhd:]
WARNING: [filemgmt 56-199] Attempt to get parsing info during refresh. "On-the-fly" syntax checking information may be incorrect. [C:\ProgH\Ball\Ball.srcs\sources_1\new\Position_Calculator.vhd:]
WARNING: [filemgmt 56-199] Attempt to get parsing info during refresh. "On-the-fly" syntax checking information may be incorrect. [C:\Users\Julien\Downloads\Bijlage opdrachten\Bijlage opdrachten\Week 5 + 6 - Bounching Square - Ball\DVI.vhd:]
WARNING: [filemgmt 56-199] Attempt to get parsing info during refresh. "On-the-fly" syntax checking information may be incorrect. [C:\ProgH\Ball\Ball.srcs\sources_1\new\DVI_Display.vhd:]
WARNING: [filemgmt 56-199] Attempt to get parsing info during refresh. "On-the-fly" syntax checking information may be incorrect. [C:\ProgH\Ball\Ball.srcs\sources_1\new\DVI_Display.vhd:]
WARNING: [filemgmt 56-199] Attempt to get parsing info during refresh. "On-the-fly" syntax checking information may be incorrect. [C:\ProgH\Ball\Ball.srcs\sources_1\new\DVI_Display.vhd:]
WARNING: [filemgmt 56-199] Attempt to get parsing info during refresh. "On-the-fly" syntax checking information may be incorrect. [C:\ProgH\Ball\Ball.srcs\sources_1\new\Position_Calculator.vhd:]
WARNING: [filemgmt 56-199] Attempt to get parsing info during refresh. "On-the-fly" syntax checking information may be incorrect. [C:\Users\Julien\Downloads\Bijlage opdrachten\Bijlage opdrachten\Week 5 + 6 - Bounching Square - Ball\DVI.vhd:]
WARNING: [filemgmt 56-199] Attempt to get parsing info during refresh. "On-the-fly" syntax checking information may be incorrect. [C:\ProgH\Ball\Ball.srcs\sources_1\new\Position_Calculator.vhd:]
WARNING: [filemgmt 56-199] Attempt to get parsing info during refresh. "On-the-fly" syntax checking information may be incorrect. [C:\ProgH\Ball\Ball.srcs\sources_1\new\Position_Calculator.vhd:]
update_compile_order -fileset sources_1
WARNING: [filemgmt 56-199] Attempt to get parsing info during refresh. "On-the-fly" syntax checking information may be incorrect. [C:\ProgH\Ball\Ball.srcs\sources_1\new\DVI_Display.vhd:]
WARNING: [filemgmt 56-199] Attempt to get parsing info during refresh. "On-the-fly" syntax checking information may be incorrect. [C:\ProgH\Ball\Ball.srcs\sources_1\new\Position_Calculator.vhd:]
WARNING: [filemgmt 56-199] Attempt to get parsing info during refresh. "On-the-fly" syntax checking information may be incorrect. [C:\Users\Julien\Downloads\Bijlage opdrachten\Bijlage opdrachten\Week 5 + 6 - Bounching Square - Ball\DVI.vhd:]
WARNING: [filemgmt 56-199] Attempt to get parsing info during refresh. "On-the-fly" syntax checking information may be incorrect. [C:\ProgH\Ball\Ball.srcs\sources_1\new\DVI_Display.vhd:]
WARNING: [filemgmt 56-199] Attempt to get parsing info during refresh. "On-the-fly" syntax checking information may be incorrect. [C:\ProgH\Ball\Ball.srcs\sources_1\new\DVI_Display.vhd:]
WARNING: [filemgmt 56-199] Attempt to get parsing info during refresh. "On-the-fly" syntax checking information may be incorrect. [C:\ProgH\Ball\Ball.srcs\sources_1\new\DVI_Display.vhd:]
WARNING: [filemgmt 56-199] Attempt to get parsing info during refresh. "On-the-fly" syntax checking information may be incorrect. [C:\ProgH\Ball\Ball.srcs\sources_1\new\Position_Calculator.vhd:]
WARNING: [filemgmt 56-199] Attempt to get parsing info during refresh. "On-the-fly" syntax checking information may be incorrect. [C:\Users\Julien\Downloads\Bijlage opdrachten\Bijlage opdrachten\Week 5 + 6 - Bounching Square - Ball\DVI.vhd:]
WARNING: [filemgmt 56-199] Attempt to get parsing info during refresh. "On-the-fly" syntax checking information may be incorrect. [C:\ProgH\Ball\Ball.srcs\sources_1\new\Position_Calculator.vhd:]
WARNING: [filemgmt 56-199] Attempt to get parsing info during refresh. "On-the-fly" syntax checking information may be incorrect. [C:\ProgH\Ball\Ball.srcs\sources_1\new\Position_Calculator.vhd:]
WARNING: [filemgmt 56-199] Attempt to get parsing info during refresh. "On-the-fly" syntax checking information may be incorrect. [C:\ProgH\Ball\Ball.srcs\sources_1\new\DVI_Display.vhd:]
WARNING: [filemgmt 56-199] Attempt to get parsing info during refresh. "On-the-fly" syntax checking information may be incorrect. [C:\ProgH\Ball\Ball.srcs\sources_1\new\Position_Calculator.vhd:]
WARNING: [filemgmt 56-199] Attempt to get parsing info during refresh. "On-the-fly" syntax checking information may be incorrect. [C:\Users\Julien\Downloads\Bijlage opdrachten\Bijlage opdrachten\Week 5 + 6 - Bounching Square - Ball\DVI.vhd:]
WARNING: [filemgmt 56-199] Attempt to get parsing info during refresh. "On-the-fly" syntax checking information may be incorrect. [C:\Users\Julien\Downloads\Bijlage opdrachten\Bijlage opdrachten\Week 5 + 6 - Bounching Square - Ball\DVI.vhd:]
WARNING: [filemgmt 56-199] Attempt to get parsing info during refresh. "On-the-fly" syntax checking information may be incorrect. [C:\Users\Julien\Downloads\Bijlage opdrachten\Bijlage opdrachten\Week 5 + 6 - Bounching Square - Ball\DVI.vhd:]
WARNING: [filemgmt 56-199] Attempt to get parsing info during refresh. "On-the-fly" syntax checking information may be incorrect. [C:\ProgH\Ball\Ball.srcs\sources_1\new\DVI_Display.vhd:]
WARNING: [filemgmt 56-199] Attempt to get parsing info during refresh. "On-the-fly" syntax checking information may be incorrect. [C:\ProgH\Ball\Ball.srcs\sources_1\new\Position_Calculator.vhd:]
WARNING: [filemgmt 56-199] Attempt to get parsing info during refresh. "On-the-fly" syntax checking information may be incorrect. [C:\Users\Julien\Downloads\Bijlage opdrachten\Bijlage opdrachten\Week 5 + 6 - Bounching Square - Ball\DVI.vhd:]
WARNING: [filemgmt 56-199] Attempt to get parsing info during refresh. "On-the-fly" syntax checking information may be incorrect. [C:\ProgH\Ball\Ball.srcs\sources_1\new\Position_Calculator.vhd:]
WARNING: [filemgmt 56-199] Attempt to get parsing info during refresh. "On-the-fly" syntax checking information may be incorrect. [C:\ProgH\Ball\Ball.srcs\sources_1\new\Position_Calculator.vhd:]
update_compile_order -fileset sources_1
WARNING: [filemgmt 56-199] Attempt to get parsing info during refresh. "On-the-fly" syntax checking information may be incorrect. [C:\ProgH\Ball\Ball.srcs\sources_1\new\DVI_Display.vhd:]
WARNING: [filemgmt 56-199] Attempt to get parsing info during refresh. "On-the-fly" syntax checking information may be incorrect. [C:\ProgH\Ball\Ball.srcs\sources_1\new\Position_Calculator.vhd:]
WARNING: [filemgmt 56-199] Attempt to get parsing info during refresh. "On-the-fly" syntax checking information may be incorrect. [C:\Users\Julien\Downloads\Bijlage opdrachten\Bijlage opdrachten\Week 5 + 6 - Bounching Square - Ball\DVI.vhd:]
WARNING: [filemgmt 56-199] Attempt to get parsing info during refresh. "On-the-fly" syntax checking information may be incorrect. [C:\ProgH\Ball\Ball.srcs\sources_1\new\DVI_Display.vhd:]
WARNING: [filemgmt 56-199] Attempt to get parsing info during refresh. "On-the-fly" syntax checking information may be incorrect. [C:\ProgH\Ball\Ball.srcs\sources_1\new\DVI_Display.vhd:]
WARNING: [filemgmt 56-199] Attempt to get parsing info during refresh. "On-the-fly" syntax checking information may be incorrect. [C:\ProgH\Ball\Ball.srcs\sources_1\new\DVI_Display.vhd:]
WARNING: [filemgmt 56-199] Attempt to get parsing info during refresh. "On-the-fly" syntax checking information may be incorrect. [C:\ProgH\Ball\Ball.srcs\sources_1\new\Position_Calculator.vhd:]
WARNING: [filemgmt 56-199] Attempt to get parsing info during refresh. "On-the-fly" syntax checking information may be incorrect. [C:\Users\Julien\Downloads\Bijlage opdrachten\Bijlage opdrachten\Week 5 + 6 - Bounching Square - Ball\DVI.vhd:]
WARNING: [filemgmt 56-199] Attempt to get parsing info during refresh. "On-the-fly" syntax checking information may be incorrect. [C:\ProgH\Ball\Ball.srcs\sources_1\new\Position_Calculator.vhd:]
WARNING: [filemgmt 56-199] Attempt to get parsing info during refresh. "On-the-fly" syntax checking information may be incorrect. [C:\ProgH\Ball\Ball.srcs\sources_1\new\Position_Calculator.vhd:]
WARNING: [filemgmt 56-199] Attempt to get parsing info during refresh. "On-the-fly" syntax checking information may be incorrect. [C:\ProgH\Ball\Ball.srcs\sources_1\new\DVI_Display.vhd:]
WARNING: [filemgmt 56-199] Attempt to get parsing info during refresh. "On-the-fly" syntax checking information may be incorrect. [C:\ProgH\Ball\Ball.srcs\sources_1\new\Position_Calculator.vhd:]
WARNING: [filemgmt 56-199] Attempt to get parsing info during refresh. "On-the-fly" syntax checking information may be incorrect. [C:\Users\Julien\Downloads\Bijlage opdrachten\Bijlage opdrachten\Week 5 + 6 - Bounching Square - Ball\DVI.vhd:]
WARNING: [filemgmt 56-199] Attempt to get parsing info during refresh. "On-the-fly" syntax checking information may be incorrect. [C:\Users\Julien\Downloads\Bijlage opdrachten\Bijlage opdrachten\Week 5 + 6 - Bounching Square - Ball\DVI.vhd:]
WARNING: [filemgmt 56-199] Attempt to get parsing info during refresh. "On-the-fly" syntax checking information may be incorrect. [C:\Users\Julien\Downloads\Bijlage opdrachten\Bijlage opdrachten\Week 5 + 6 - Bounching Square - Ball\DVI.vhd:]
WARNING: [filemgmt 56-199] Attempt to get parsing info during refresh. "On-the-fly" syntax checking information may be incorrect. [C:\ProgH\Ball\Ball.srcs\sources_1\new\DVI_Display.vhd:]
WARNING: [filemgmt 56-199] Attempt to get parsing info during refresh. "On-the-fly" syntax checking information may be incorrect. [C:\ProgH\Ball\Ball.srcs\sources_1\new\Position_Calculator.vhd:]
WARNING: [filemgmt 56-199] Attempt to get parsing info during refresh. "On-the-fly" syntax checking information may be incorrect. [C:\Users\Julien\Downloads\Bijlage opdrachten\Bijlage opdrachten\Week 5 + 6 - Bounching Square - Ball\DVI.vhd:]
WARNING: [filemgmt 56-199] Attempt to get parsing info during refresh. "On-the-fly" syntax checking information may be incorrect. [C:\ProgH\Ball\Ball.srcs\sources_1\new\DVI_Display.vhd:]
WARNING: [filemgmt 56-199] Attempt to get parsing info during refresh. "On-the-fly" syntax checking information may be incorrect. [C:\ProgH\Ball\Ball.srcs\sources_1\new\DVI_Display.vhd:]
refresh_design
INFO: [Synth 8-7079] Multithreading enabled for synth_design using a maximum of 2 processes.
---------------------------------------------------------------------------------
Starting RTL Elaboration : Time (s): cpu = 00:00:02 ; elapsed = 00:00:08 . Memory (MB): peak = 2859.484 ; gain = 0.000
---------------------------------------------------------------------------------
INFO: [Synth 8-638] synthesizing module 'DVI_Top' [C:/Users/Julien/Downloads/Bijlage opdrachten/Bijlage opdrachten/Week 5 + 6 - Bounching Square - Ball/DVI.vhd:17]
INFO: [Synth 8-3491] module 'clkDVIprescaler' declared at 'C:/Users/Julien/AppData/Roaming/Xilinx/Vivado/.Xil/Vivado-14604-JulienPC/realtime/clkDVIprescaler_stub.v:6' bound to instance 'prescaler_instance' of component 'clkDVIprescaler' [C:/Users/Julien/Downloads/Bijlage opdrachten/Bijlage opdrachten/Week 5 + 6 - Bounching Square - Ball/DVI.vhd:57]
INFO: [Synth 8-6157] synthesizing module 'clkDVIprescaler' [C:/Users/Julien/AppData/Roaming/Xilinx/Vivado/.Xil/Vivado-14604-JulienPC/realtime/clkDVIprescaler_stub.v:6]
INFO: [Synth 8-6155] done synthesizing module 'clkDVIprescaler' (0#1) [C:/Users/Julien/AppData/Roaming/Xilinx/Vivado/.Xil/Vivado-14604-JulienPC/realtime/clkDVIprescaler_stub.v:6]
INFO: [Synth 8-3491] module 'Position_Calculator' declared at 'C:/ProgH/Ball/Ball.srcs/sources_1/new/Position_Calculator.vhd:7' bound to instance 'position_instance' of component 'Position_Calculator' [C:/Users/Julien/Downloads/Bijlage opdrachten/Bijlage opdrachten/Week 5 + 6 - Bounching Square - Ball/DVI.vhd:64]
INFO: [Synth 8-638] synthesizing module 'Position_Calculator' [C:/ProgH/Ball/Ball.srcs/sources_1/new/Position_Calculator.vhd:16]
INFO: [Synth 8-256] done synthesizing module 'Position_Calculator' (0#1) [C:/ProgH/Ball/Ball.srcs/sources_1/new/Position_Calculator.vhd:16]
INFO: [Synth 8-3491] module 'DVI_Display' declared at 'C:/ProgH/Ball/Ball.srcs/sources_1/new/DVI_Display.vhd:6' bound to instance 'display_instance' of component 'DVI_Display' [C:/Users/Julien/Downloads/Bijlage opdrachten/Bijlage opdrachten/Week 5 + 6 - Bounching Square - Ball/DVI.vhd:73]
INFO: [Synth 8-638] synthesizing module 'DVI_Display' [C:/ProgH/Ball/Ball.srcs/sources_1/new/DVI_Display.vhd:18]
INFO: [Synth 8-256] done synthesizing module 'DVI_Display' (0#1) [C:/ProgH/Ball/Ball.srcs/sources_1/new/DVI_Display.vhd:18]
INFO: [Synth 8-256] done synthesizing module 'DVI_Top' (0#1) [C:/Users/Julien/Downloads/Bijlage opdrachten/Bijlage opdrachten/Week 5 + 6 - Bounching Square - Ball/DVI.vhd:17]
WARNING: [Synth 8-6014] Unused sequential element blue_reg was removed.  [C:/ProgH/Ball/Ball.srcs/sources_1/new/DVI_Display.vhd:59]
---------------------------------------------------------------------------------
Finished RTL Elaboration : Time (s): cpu = 00:00:02 ; elapsed = 00:00:10 . Memory (MB): peak = 2859.484 ; gain = 0.000
---------------------------------------------------------------------------------
---------------------------------------------------------------------------------
Start Handling Custom Attributes
---------------------------------------------------------------------------------
---------------------------------------------------------------------------------
Finished Handling Custom Attributes : Time (s): cpu = 00:00:02 ; elapsed = 00:00:10 . Memory (MB): peak = 2859.484 ; gain = 0.000
---------------------------------------------------------------------------------
---------------------------------------------------------------------------------
Finished RTL Optimization Phase 1 : Time (s): cpu = 00:00:02 ; elapsed = 00:00:10 . Memory (MB): peak = 2859.484 ; gain = 0.000
---------------------------------------------------------------------------------
INFO: [Project 1-454] Reading design checkpoint 'c:/ProgH/Ball/Ball.gen/sources_1/ip/clkDVIprescaler/clkDVIprescaler.dcp' for cell 'prescaler_instance'
Netlist sorting complete. Time (s): cpu = 00:00:00 ; elapsed = 00:00:00.006 . Memory (MB): peak = 2868.402 ; gain = 0.000
INFO: [Netlist 29-17] Analyzing 1 Unisim elements for replacement
INFO: [Netlist 29-28] Unisim Transformation completed in 0 CPU seconds
INFO: [Project 1-479] Netlist was created with Vivado 2024.1
INFO: [Project 1-570] Preparing netlist for logic optimization

Processing XDC Constraints
Initializing timing engine
Parsing XDC File [c:/ProgH/Ball/Ball.gen/sources_1/ip/clkDVIprescaler/clkDVIprescaler_board.xdc] for cell 'prescaler_instance/inst'
Finished Parsing XDC File [c:/ProgH/Ball/Ball.gen/sources_1/ip/clkDVIprescaler/clkDVIprescaler_board.xdc] for cell 'prescaler_instance/inst'
Parsing XDC File [c:/ProgH/Ball/Ball.gen/sources_1/ip/clkDVIprescaler/clkDVIprescaler.xdc] for cell 'prescaler_instance/inst'
Finished Parsing XDC File [c:/ProgH/Ball/Ball.gen/sources_1/ip/clkDVIprescaler/clkDVIprescaler.xdc] for cell 'prescaler_instance/inst'
INFO: [Project 1-236] Implementation specific constraints were found while reading constraint file [c:/ProgH/Ball/Ball.gen/sources_1/ip/clkDVIprescaler/clkDVIprescaler.xdc]. These constraints will be ignored for synthesis but will be used in implementation. Impacted constraints are listed in the file [.Xil/DVI_Top_propImpl.xdc].
Resolution: To avoid this warning, move constraints listed in [.Xil/DVI_Top_propImpl.xdc] to another XDC file and exclude this new file from synthesis with the used_in_synthesis property (File Properties dialog in GUI) and re-run elaboration/synthesis.
INFO: [Timing 38-2] Deriving generated clocks
Parsing XDC File [C:/ProgH/Ball/Ball.srcs/constrs_1/new/const.xdc]
WARNING: [Vivado 12-584] No ports matched 'clk25'. [C:/ProgH/Ball/Ball.srcs/constrs_1/new/const.xdc:13]
WARNING: [Vivado 12-584] No ports matched 'clk25'. [C:/ProgH/Ball/Ball.srcs/constrs_1/new/const.xdc:20]
Finished Parsing XDC File [C:/ProgH/Ball/Ball.srcs/constrs_1/new/const.xdc]
WARNING: [Project 1-498] One or more constraints failed evaluation while reading constraint file [C:/ProgH/Ball/Ball.srcs/constrs_1/new/const.xdc] and the design contains unresolved black boxes. These constraints will be read post-synthesis (as long as their source constraint file is marked as used_in_implementation) and should be applied correctly then. You should review the constraints listed in the file [.Xil/DVI_Top_propImpl.xdc] and check the run log file to verify that these constraints were correctly applied.
Completed Processing XDC Constraints

refresh_design: Time (s): cpu = 00:00:04 ; elapsed = 00:00:14 . Memory (MB): peak = 2868.402 ; gain = 8.918
reset_run synth_1
INFO: [Project 1-1161] Replacing file C:/ProgH/Ball/Ball.srcs/utils_1/imports/synth_1/DVI.dcp with file C:/ProgH/Ball/Ball.runs/synth_1/DVI_Top.dcp
launch_runs impl_1 -to_step write_bitstream -jobs 20
[Mon Jan  6 14:02:19 2025] Launched synth_1...
Run output will be captured here: C:/ProgH/Ball/Ball.runs/synth_1/runme.log
[Mon Jan  6 14:02:19 2025] Launched impl_1...
Run output will be captured here: C:/ProgH/Ball/Ball.runs/impl_1/runme.log
WARNING: [filemgmt 56-199] Attempt to get parsing info during refresh. "On-the-fly" syntax checking information may be incorrect. [C:\ProgH\Ball\Ball.srcs\sources_1\new\DVI_Display.vhd:]
WARNING: [filemgmt 56-199] Attempt to get parsing info during refresh. "On-the-fly" syntax checking information may be incorrect. [C:\ProgH\Ball\Ball.srcs\sources_1\new\Position_Calculator.vhd:]
WARNING: [filemgmt 56-199] Attempt to get parsing info during refresh. "On-the-fly" syntax checking information may be incorrect. [C:\Users\Julien\Downloads\Bijlage opdrachten\Bijlage opdrachten\Week 5 + 6 - Bounching Square - Ball\DVI.vhd:]
WARNING: [filemgmt 56-199] Attempt to get parsing info during refresh. "On-the-fly" syntax checking information may be incorrect. [C:\ProgH\Ball\Ball.srcs\sources_1\new\Position_Calculator.vhd:]
WARNING: [filemgmt 56-199] Attempt to get parsing info during refresh. "On-the-fly" syntax checking information may be incorrect. [C:\ProgH\Ball\Ball.srcs\sources_1\new\Position_Calculator.vhd:]
WARNING: [filemgmt 56-199] Attempt to get parsing info during refresh. "On-the-fly" syntax checking information may be incorrect. [C:\ProgH\Ball\Ball.srcs\sources_1\new\DVI_Display.vhd:]
WARNING: [filemgmt 56-199] Attempt to get parsing info during refresh. "On-the-fly" syntax checking information may be incorrect. [C:\ProgH\Ball\Ball.srcs\sources_1\new\Position_Calculator.vhd:]
WARNING: [filemgmt 56-199] Attempt to get parsing info during refresh. "On-the-fly" syntax checking information may be incorrect. [C:\Users\Julien\Downloads\Bijlage opdrachten\Bijlage opdrachten\Week 5 + 6 - Bounching Square - Ball\DVI.vhd:]
WARNING: [filemgmt 56-199] Attempt to get parsing info during refresh. "On-the-fly" syntax checking information may be incorrect. [C:\ProgH\Ball\Ball.srcs\sources_1\new\DVI_Display.vhd:]
WARNING: [filemgmt 56-199] Attempt to get parsing info during refresh. "On-the-fly" syntax checking information may be incorrect. [C:\ProgH\Ball\Ball.srcs\sources_1\new\DVI_Display.vhd:]
set_property PROBES.FILE {} [get_hw_devices xc7a35t_0]
set_property FULL_PROBES.FILE {} [get_hw_devices xc7a35t_0]
set_property PROGRAM.FILE {C:/ProgH/Ball/Ball.runs/impl_1/DVI_Top.bit} [get_hw_devices xc7a35t_0]
program_hw_devices [get_hw_devices xc7a35t_0]
INFO: [Labtools 27-3164] End of startup status: HIGH
refresh_hw_device [lindex [get_hw_devices xc7a35t_0] 0]
INFO: [Labtools 27-1434] Device xc7a35t (JTAG device index = 0) is programmed with a design that has no supported debug core(s) in it.
WARNING: [filemgmt 56-199] Attempt to get parsing info during refresh. "On-the-fly" syntax checking information may be incorrect. [C:\ProgH\Ball\Ball.srcs\sources_1\new\DVI_Display.vhd:]
WARNING: [filemgmt 56-199] Attempt to get parsing info during refresh. "On-the-fly" syntax checking information may be incorrect. [C:\ProgH\Ball\Ball.srcs\sources_1\new\Position_Calculator.vhd:]
WARNING: [filemgmt 56-199] Attempt to get parsing info during refresh. "On-the-fly" syntax checking information may be incorrect. [C:\Users\Julien\Downloads\Bijlage opdrachten\Bijlage opdrachten\Week 5 + 6 - Bounching Square - Ball\DVI.vhd:]
WARNING: [filemgmt 56-199] Attempt to get parsing info during refresh. "On-the-fly" syntax checking information may be incorrect. [C:\ProgH\Ball\Ball.srcs\sources_1\new\DVI_Display.vhd:]
WARNING: [filemgmt 56-199] Attempt to get parsing info during refresh. "On-the-fly" syntax checking information may be incorrect. [C:\ProgH\Ball\Ball.srcs\sources_1\new\DVI_Display.vhd:]
update_compile_order -fileset sources_1
WARNING: [filemgmt 56-199] Attempt to get parsing info during refresh. "On-the-fly" syntax checking information may be incorrect. [C:\ProgH\Ball\Ball.srcs\sources_1\new\DVI_Display.vhd:]
WARNING: [filemgmt 56-199] Attempt to get parsing info during refresh. "On-the-fly" syntax checking information may be incorrect. [C:\ProgH\Ball\Ball.srcs\sources_1\new\Position_Calculator.vhd:]
WARNING: [filemgmt 56-199] Attempt to get parsing info during refresh. "On-the-fly" syntax checking information may be incorrect. [C:\Users\Julien\Downloads\Bijlage opdrachten\Bijlage opdrachten\Week 5 + 6 - Bounching Square - Ball\DVI.vhd:]
WARNING: [filemgmt 56-199] Attempt to get parsing info during refresh. "On-the-fly" syntax checking information may be incorrect. [C:\Users\Julien\Downloads\Bijlage opdrachten\Bijlage opdrachten\Week 5 + 6 - Bounching Square - Ball\DVI.vhd:]
WARNING: [filemgmt 56-199] Attempt to get parsing info during refresh. "On-the-fly" syntax checking information may be incorrect. [C:\Users\Julien\Downloads\Bijlage opdrachten\Bijlage opdrachten\Week 5 + 6 - Bounching Square - Ball\DVI.vhd:]
ERROR: [Common 17-180] Spawn failed: No error
WARNING: [filemgmt 56-199] Attempt to get parsing info during refresh. "On-the-fly" syntax checking information may be incorrect. [C:\ProgH\Ball\Ball.srcs\sources_1\new\DVI_Display.vhd:]
WARNING: [filemgmt 56-199] Attempt to get parsing info during refresh. "On-the-fly" syntax checking information may be incorrect. [C:\ProgH\Ball\Ball.srcs\sources_1\new\Position_Calculator.vhd:]
WARNING: [filemgmt 56-199] Attempt to get parsing info during refresh. "On-the-fly" syntax checking information may be incorrect. [C:\Users\Julien\Downloads\Bijlage opdrachten\Bijlage opdrachten\Week 5 + 6 - Bounching Square - Ball\DVI.vhd:]
WARNING: [filemgmt 56-199] Attempt to get parsing info during refresh. "On-the-fly" syntax checking information may be incorrect. [C:\ProgH\Ball\Ball.srcs\sources_1\new\DVI_Display.vhd:]
WARNING: [filemgmt 56-199] Attempt to get parsing info during refresh. "On-the-fly" syntax checking information may be incorrect. [C:\ProgH\Ball\Ball.srcs\sources_1\new\DVI_Display.vhd:]
WARNING: [filemgmt 56-199] Attempt to get parsing info during refresh. "On-the-fly" syntax checking information may be incorrect. [C:\ProgH\Ball\Ball.srcs\sources_1\new\DVI_Display.vhd:]
WARNING: [filemgmt 56-199] Attempt to get parsing info during refresh. "On-the-fly" syntax checking information may be incorrect. [C:\ProgH\Ball\Ball.srcs\sources_1\new\Position_Calculator.vhd:]
WARNING: [filemgmt 56-199] Attempt to get parsing info during refresh. "On-the-fly" syntax checking information may be incorrect. [C:\Users\Julien\Downloads\Bijlage opdrachten\Bijlage opdrachten\Week 5 + 6 - Bounching Square - Ball\DVI.vhd:]
WARNING: [filemgmt 56-199] Attempt to get parsing info during refresh. "On-the-fly" syntax checking information may be incorrect. [C:\ProgH\Ball\Ball.srcs\sources_1\new\Position_Calculator.vhd:]
WARNING: [filemgmt 56-199] Attempt to get parsing info during refresh. "On-the-fly" syntax checking information may be incorrect. [C:\ProgH\Ball\Ball.srcs\sources_1\new\Position_Calculator.vhd:]
reset_run synth_1
INFO: [Project 1-1161] Replacing file C:/ProgH/Ball/Ball.srcs/utils_1/imports/synth_1/DVI.dcp with file C:/ProgH/Ball/Ball.runs/synth_1/DVI_Top.dcp
launch_runs impl_1 -to_step write_bitstream -jobs 20
[Mon Jan  6 14:07:49 2025] Launched synth_1...
Run output will be captured here: C:/ProgH/Ball/Ball.runs/synth_1/runme.log
[Mon Jan  6 14:07:49 2025] Launched impl_1...
Run output will be captured here: C:/ProgH/Ball/Ball.runs/impl_1/runme.log
WARNING: [filemgmt 56-199] Attempt to get parsing info during refresh. "On-the-fly" syntax checking information may be incorrect. [C:\ProgH\Ball\Ball.srcs\sources_1\new\DVI_Display.vhd:]
WARNING: [filemgmt 56-199] Attempt to get parsing info during refresh. "On-the-fly" syntax checking information may be incorrect. [C:\ProgH\Ball\Ball.srcs\sources_1\new\Position_Calculator.vhd:]
WARNING: [filemgmt 56-199] Attempt to get parsing info during refresh. "On-the-fly" syntax checking information may be incorrect. [C:\Users\Julien\Downloads\Bijlage opdrachten\Bijlage opdrachten\Week 5 + 6 - Bounching Square - Ball\DVI.vhd:]
WARNING: [filemgmt 56-199] Attempt to get parsing info during refresh. "On-the-fly" syntax checking information may be incorrect. [C:\ProgH\Ball\Ball.srcs\sources_1\new\DVI_Display.vhd:]
WARNING: [filemgmt 56-199] Attempt to get parsing info during refresh. "On-the-fly" syntax checking information may be incorrect. [C:\ProgH\Ball\Ball.srcs\sources_1\new\DVI_Display.vhd:]
WARNING: [filemgmt 56-199] Attempt to get parsing info during refresh. "On-the-fly" syntax checking information may be incorrect. [C:\ProgH\Ball\Ball.srcs\sources_1\new\DVI_Display.vhd:]
WARNING: [filemgmt 56-199] Attempt to get parsing info during refresh. "On-the-fly" syntax checking information may be incorrect. [C:\ProgH\Ball\Ball.srcs\sources_1\new\Position_Calculator.vhd:]
WARNING: [filemgmt 56-199] Attempt to get parsing info during refresh. "On-the-fly" syntax checking information may be incorrect. [C:\Users\Julien\Downloads\Bijlage opdrachten\Bijlage opdrachten\Week 5 + 6 - Bounching Square - Ball\DVI.vhd:]
WARNING: [filemgmt 56-199] Attempt to get parsing info during refresh. "On-the-fly" syntax checking information may be incorrect. [C:\ProgH\Ball\Ball.srcs\sources_1\new\Position_Calculator.vhd:]
WARNING: [filemgmt 56-199] Attempt to get parsing info during refresh. "On-the-fly" syntax checking information may be incorrect. [C:\ProgH\Ball\Ball.srcs\sources_1\new\Position_Calculator.vhd:]
WARNING: [filemgmt 56-199] Attempt to get parsing info during refresh. "On-the-fly" syntax checking information may be incorrect. [C:\ProgH\Ball\Ball.srcs\sources_1\new\DVI_Display.vhd:]
WARNING: [filemgmt 56-199] Attempt to get parsing info during refresh. "On-the-fly" syntax checking information may be incorrect. [C:\ProgH\Ball\Ball.srcs\sources_1\new\Position_Calculator.vhd:]
WARNING: [filemgmt 56-199] Attempt to get parsing info during refresh. "On-the-fly" syntax checking information may be incorrect. [C:\Users\Julien\Downloads\Bijlage opdrachten\Bijlage opdrachten\Week 5 + 6 - Bounching Square - Ball\DVI.vhd:]
WARNING: [filemgmt 56-199] Attempt to get parsing info during refresh. "On-the-fly" syntax checking information may be incorrect. [C:\ProgH\Ball\Ball.srcs\sources_1\new\DVI_Display.vhd:]
WARNING: [filemgmt 56-199] Attempt to get parsing info during refresh. "On-the-fly" syntax checking information may be incorrect. [C:\ProgH\Ball\Ball.srcs\sources_1\new\DVI_Display.vhd:]
WARNING: [filemgmt 56-199] Attempt to get parsing info during refresh. "On-the-fly" syntax checking information may be incorrect. [C:\ProgH\Ball\Ball.srcs\sources_1\new\DVI_Display.vhd:]
WARNING: [filemgmt 56-199] Attempt to get parsing info during refresh. "On-the-fly" syntax checking information may be incorrect. [C:\ProgH\Ball\Ball.srcs\sources_1\new\Position_Calculator.vhd:]
WARNING: [filemgmt 56-199] Attempt to get parsing info during refresh. "On-the-fly" syntax checking information may be incorrect. [C:\Users\Julien\Downloads\Bijlage opdrachten\Bijlage opdrachten\Week 5 + 6 - Bounching Square - Ball\DVI.vhd:]
WARNING: [filemgmt 56-199] Attempt to get parsing info during refresh. "On-the-fly" syntax checking information may be incorrect. [C:\Users\Julien\Downloads\Bijlage opdrachten\Bijlage opdrachten\Week 5 + 6 - Bounching Square - Ball\DVI.vhd:]
WARNING: [filemgmt 56-199] Attempt to get parsing info during refresh. "On-the-fly" syntax checking information may be incorrect. [C:\Users\Julien\Downloads\Bijlage opdrachten\Bijlage opdrachten\Week 5 + 6 - Bounching Square - Ball\DVI.vhd:]
update_compile_order -fileset sources_1
WARNING: [filemgmt 56-199] Attempt to get parsing info during refresh. "On-the-fly" syntax checking information may be incorrect. [C:\ProgH\Ball\Ball.srcs\sources_1\new\DVI_Display.vhd:]
WARNING: [filemgmt 56-199] Attempt to get parsing info during refresh. "On-the-fly" syntax checking information may be incorrect. [C:\ProgH\Ball\Ball.srcs\sources_1\new\Position_Calculator.vhd:]
WARNING: [filemgmt 56-199] Attempt to get parsing info during refresh. "On-the-fly" syntax checking information may be incorrect. [C:\Users\Julien\Downloads\Bijlage opdrachten\Bijlage opdrachten\Week 5 + 6 - Bounching Square - Ball\DVI.vhd:]
WARNING: [filemgmt 56-199] Attempt to get parsing info during refresh. "On-the-fly" syntax checking information may be incorrect. [C:\ProgH\Ball\Ball.srcs\sources_1\new\DVI_Display.vhd:]
WARNING: [filemgmt 56-199] Attempt to get parsing info during refresh. "On-the-fly" syntax checking information may be incorrect. [C:\ProgH\Ball\Ball.srcs\sources_1\new\DVI_Display.vhd:]
WARNING: [filemgmt 56-199] Attempt to get parsing info during refresh. "On-the-fly" syntax checking information may be incorrect. [C:\ProgH\Ball\Ball.srcs\sources_1\new\DVI_Display.vhd:]
WARNING: [filemgmt 56-199] Attempt to get parsing info during refresh. "On-the-fly" syntax checking information may be incorrect. [C:\ProgH\Ball\Ball.srcs\sources_1\new\Position_Calculator.vhd:]
WARNING: [filemgmt 56-199] Attempt to get parsing info during refresh. "On-the-fly" syntax checking information may be incorrect. [C:\Users\Julien\Downloads\Bijlage opdrachten\Bijlage opdrachten\Week 5 + 6 - Bounching Square - Ball\DVI.vhd:]
WARNING: [filemgmt 56-199] Attempt to get parsing info during refresh. "On-the-fly" syntax checking information may be incorrect. [C:\ProgH\Ball\Ball.srcs\sources_1\new\Position_Calculator.vhd:]
WARNING: [filemgmt 56-199] Attempt to get parsing info during refresh. "On-the-fly" syntax checking information may be incorrect. [C:\ProgH\Ball\Ball.srcs\sources_1\new\Position_Calculator.vhd:]
WARNING: [filemgmt 56-199] Attempt to get parsing info during refresh. "On-the-fly" syntax checking information may be incorrect. [C:\ProgH\Ball\Ball.srcs\sources_1\new\DVI_Display.vhd:]
WARNING: [filemgmt 56-199] Attempt to get parsing info during refresh. "On-the-fly" syntax checking information may be incorrect. [C:\ProgH\Ball\Ball.srcs\sources_1\new\Position_Calculator.vhd:]
WARNING: [filemgmt 56-199] Attempt to get parsing info during refresh. "On-the-fly" syntax checking information may be incorrect. [C:\Users\Julien\Downloads\Bijlage opdrachten\Bijlage opdrachten\Week 5 + 6 - Bounching Square - Ball\DVI.vhd:]
WARNING: [filemgmt 56-199] Attempt to get parsing info during refresh. "On-the-fly" syntax checking information may be incorrect. [C:\ProgH\Ball\Ball.srcs\sources_1\new\DVI_Display.vhd:]
WARNING: [filemgmt 56-199] Attempt to get parsing info during refresh. "On-the-fly" syntax checking information may be incorrect. [C:\ProgH\Ball\Ball.srcs\sources_1\new\DVI_Display.vhd:]
WARNING: [filemgmt 56-199] Attempt to get parsing info during refresh. "On-the-fly" syntax checking information may be incorrect. [C:\ProgH\Ball\Ball.srcs\sources_1\new\DVI_Display.vhd:]
WARNING: [filemgmt 56-199] Attempt to get parsing info during refresh. "On-the-fly" syntax checking information may be incorrect. [C:\ProgH\Ball\Ball.srcs\sources_1\new\Position_Calculator.vhd:]
WARNING: [filemgmt 56-199] Attempt to get parsing info during refresh. "On-the-fly" syntax checking information may be incorrect. [C:\Users\Julien\Downloads\Bijlage opdrachten\Bijlage opdrachten\Week 5 + 6 - Bounching Square - Ball\DVI.vhd:]
WARNING: [filemgmt 56-199] Attempt to get parsing info during refresh. "On-the-fly" syntax checking information may be incorrect. [C:\Users\Julien\Downloads\Bijlage opdrachten\Bijlage opdrachten\Week 5 + 6 - Bounching Square - Ball\DVI.vhd:]
WARNING: [filemgmt 56-199] Attempt to get parsing info during refresh. "On-the-fly" syntax checking information may be incorrect. [C:\Users\Julien\Downloads\Bijlage opdrachten\Bijlage opdrachten\Week 5 + 6 - Bounching Square - Ball\DVI.vhd:]
update_compile_order -fileset sources_1
WARNING: [filemgmt 56-199] Attempt to get parsing info during refresh. "On-the-fly" syntax checking information may be incorrect. [C:\ProgH\Ball\Ball.srcs\sources_1\new\DVI_Display.vhd:]
WARNING: [filemgmt 56-199] Attempt to get parsing info during refresh. "On-the-fly" syntax checking information may be incorrect. [C:\ProgH\Ball\Ball.srcs\sources_1\new\Position_Calculator.vhd:]
WARNING: [filemgmt 56-199] Attempt to get parsing info during refresh. "On-the-fly" syntax checking information may be incorrect. [C:\Users\Julien\Downloads\Bijlage opdrachten\Bijlage opdrachten\Week 5 + 6 - Bounching Square - Ball\DVI.vhd:]
WARNING: [filemgmt 56-199] Attempt to get parsing info during refresh. "On-the-fly" syntax checking information may be incorrect. [C:\ProgH\Ball\Ball.srcs\sources_1\new\DVI_Display.vhd:]
WARNING: [filemgmt 56-199] Attempt to get parsing info during refresh. "On-the-fly" syntax checking information may be incorrect. [C:\ProgH\Ball\Ball.srcs\sources_1\new\DVI_Display.vhd:]
WARNING: [filemgmt 56-199] Attempt to get parsing info during refresh. "On-the-fly" syntax checking information may be incorrect. [C:\ProgH\Ball\Ball.srcs\sources_1\new\DVI_Display.vhd:]
WARNING: [filemgmt 56-199] Attempt to get parsing info during refresh. "On-the-fly" syntax checking information may be incorrect. [C:\ProgH\Ball\Ball.srcs\sources_1\new\Position_Calculator.vhd:]
WARNING: [filemgmt 56-199] Attempt to get parsing info during refresh. "On-the-fly" syntax checking information may be incorrect. [C:\Users\Julien\Downloads\Bijlage opdrachten\Bijlage opdrachten\Week 5 + 6 - Bounching Square - Ball\DVI.vhd:]
WARNING: [filemgmt 56-199] Attempt to get parsing info during refresh. "On-the-fly" syntax checking information may be incorrect. [C:\Users\Julien\Downloads\Bijlage opdrachten\Bijlage opdrachten\Week 5 + 6 - Bounching Square - Ball\DVI.vhd:]
WARNING: [filemgmt 56-199] Attempt to get parsing info during refresh. "On-the-fly" syntax checking information may be incorrect. [C:\Users\Julien\Downloads\Bijlage opdrachten\Bijlage opdrachten\Week 5 + 6 - Bounching Square - Ball\DVI.vhd:]
WARNING: [filemgmt 56-199] Attempt to get parsing info during refresh. "On-the-fly" syntax checking information may be incorrect. [C:\ProgH\Ball\Ball.srcs\sources_1\new\DVI_Display.vhd:]
WARNING: [filemgmt 56-199] Attempt to get parsing info during refresh. "On-the-fly" syntax checking information may be incorrect. [C:\ProgH\Ball\Ball.srcs\sources_1\new\Position_Calculator.vhd:]
WARNING: [filemgmt 56-199] Attempt to get parsing info during refresh. "On-the-fly" syntax checking information may be incorrect. [C:\Users\Julien\Downloads\Bijlage opdrachten\Bijlage opdrachten\Week 5 + 6 - Bounching Square - Ball\DVI.vhd:]
WARNING: [filemgmt 56-199] Attempt to get parsing info during refresh. "On-the-fly" syntax checking information may be incorrect. [C:\ProgH\Ball\Ball.srcs\sources_1\new\DVI_Display.vhd:]
WARNING: [filemgmt 56-199] Attempt to get parsing info during refresh. "On-the-fly" syntax checking information may be incorrect. [C:\ProgH\Ball\Ball.srcs\sources_1\new\DVI_Display.vhd:]
WARNING: [filemgmt 56-199] Attempt to get parsing info during refresh. "On-the-fly" syntax checking information may be incorrect. [C:\ProgH\Ball\Ball.srcs\sources_1\new\DVI_Display.vhd:]
WARNING: [filemgmt 56-199] Attempt to get parsing info during refresh. "On-the-fly" syntax checking information may be incorrect. [C:\ProgH\Ball\Ball.srcs\sources_1\new\Position_Calculator.vhd:]
WARNING: [filemgmt 56-199] Attempt to get parsing info during refresh. "On-the-fly" syntax checking information may be incorrect. [C:\Users\Julien\Downloads\Bijlage opdrachten\Bijlage opdrachten\Week 5 + 6 - Bounching Square - Ball\DVI.vhd:]
WARNING: [filemgmt 56-199] Attempt to get parsing info during refresh. "On-the-fly" syntax checking information may be incorrect. [C:\Users\Julien\Downloads\Bijlage opdrachten\Bijlage opdrachten\Week 5 + 6 - Bounching Square - Ball\DVI.vhd:]
WARNING: [filemgmt 56-199] Attempt to get parsing info during refresh. "On-the-fly" syntax checking information may be incorrect. [C:\Users\Julien\Downloads\Bijlage opdrachten\Bijlage opdrachten\Week 5 + 6 - Bounching Square - Ball\DVI.vhd:]
WARNING: [filemgmt 56-199] Attempt to get parsing info during refresh. "On-the-fly" syntax checking information may be incorrect. [C:\ProgH\Ball\Ball.srcs\sources_1\new\DVI_Display.vhd:]
WARNING: [filemgmt 56-199] Attempt to get parsing info during refresh. "On-the-fly" syntax checking information may be incorrect. [C:\ProgH\Ball\Ball.srcs\sources_1\new\Position_Calculator.vhd:]
WARNING: [filemgmt 56-199] Attempt to get parsing info during refresh. "On-the-fly" syntax checking information may be incorrect. [C:\Users\Julien\Downloads\Bijlage opdrachten\Bijlage opdrachten\Week 5 + 6 - Bounching Square - Ball\DVI.vhd:]
WARNING: [filemgmt 56-199] Attempt to get parsing info during refresh. "On-the-fly" syntax checking information may be incorrect. [C:\ProgH\Ball\Ball.srcs\sources_1\new\Position_Calculator.vhd:]
WARNING: [filemgmt 56-199] Attempt to get parsing info during refresh. "On-the-fly" syntax checking information may be incorrect. [C:\ProgH\Ball\Ball.srcs\sources_1\new\Position_Calculator.vhd:]
WARNING: [filemgmt 56-199] Attempt to get parsing info during refresh. "On-the-fly" syntax checking information may be incorrect. [C:\ProgH\Ball\Ball.srcs\sources_1\new\DVI_Display.vhd:]
WARNING: [filemgmt 56-199] Attempt to get parsing info during refresh. "On-the-fly" syntax checking information may be incorrect. [C:\ProgH\Ball\Ball.srcs\sources_1\new\Position_Calculator.vhd:]
WARNING: [filemgmt 56-199] Attempt to get parsing info during refresh. "On-the-fly" syntax checking information may be incorrect. [C:\Users\Julien\Downloads\Bijlage opdrachten\Bijlage opdrachten\Week 5 + 6 - Bounching Square - Ball\DVI.vhd:]
WARNING: [filemgmt 56-199] Attempt to get parsing info during refresh. "On-the-fly" syntax checking information may be incorrect. [C:\ProgH\Ball\Ball.srcs\sources_1\new\DVI_Display.vhd:]
WARNING: [filemgmt 56-199] Attempt to get parsing info during refresh. "On-the-fly" syntax checking information may be incorrect. [C:\ProgH\Ball\Ball.srcs\sources_1\new\DVI_Display.vhd:]
update_compile_order -fileset sources_1
WARNING: [filemgmt 56-199] Attempt to get parsing info during refresh. "On-the-fly" syntax checking information may be incorrect. [C:\ProgH\Ball\Ball.srcs\sources_1\new\DVI_Display.vhd:]
WARNING: [filemgmt 56-199] Attempt to get parsing info during refresh. "On-the-fly" syntax checking information may be incorrect. [C:\ProgH\Ball\Ball.srcs\sources_1\new\Position_Calculator.vhd:]
WARNING: [filemgmt 56-199] Attempt to get parsing info during refresh. "On-the-fly" syntax checking information may be incorrect. [C:\Users\Julien\Downloads\Bijlage opdrachten\Bijlage opdrachten\Week 5 + 6 - Bounching Square - Ball\DVI.vhd:]
WARNING: [filemgmt 56-199] Attempt to get parsing info during refresh. "On-the-fly" syntax checking information may be incorrect. [C:\ProgH\Ball\Ball.srcs\sources_1\new\Position_Calculator.vhd:]
WARNING: [filemgmt 56-199] Attempt to get parsing info during refresh. "On-the-fly" syntax checking information may be incorrect. [C:\ProgH\Ball\Ball.srcs\sources_1\new\Position_Calculator.vhd:]
WARNING: [filemgmt 56-199] Attempt to get parsing info during refresh. "On-the-fly" syntax checking information may be incorrect. [C:\ProgH\Ball\Ball.srcs\sources_1\new\DVI_Display.vhd:]
WARNING: [filemgmt 56-199] Attempt to get parsing info during refresh. "On-the-fly" syntax checking information may be incorrect. [C:\ProgH\Ball\Ball.srcs\sources_1\new\Position_Calculator.vhd:]
WARNING: [filemgmt 56-199] Attempt to get parsing info during refresh. "On-the-fly" syntax checking information may be incorrect. [C:\Users\Julien\Downloads\Bijlage opdrachten\Bijlage opdrachten\Week 5 + 6 - Bounching Square - Ball\DVI.vhd:]
WARNING: [filemgmt 56-199] Attempt to get parsing info during refresh. "On-the-fly" syntax checking information may be incorrect. [C:\ProgH\Ball\Ball.srcs\sources_1\new\DVI_Display.vhd:]
WARNING: [filemgmt 56-199] Attempt to get parsing info during refresh. "On-the-fly" syntax checking information may be incorrect. [C:\ProgH\Ball\Ball.srcs\sources_1\new\DVI_Display.vhd:]
WARNING: [filemgmt 56-199] Attempt to get parsing info during refresh. "On-the-fly" syntax checking information may be incorrect. [C:\ProgH\Ball\Ball.srcs\sources_1\new\DVI_Display.vhd:]
WARNING: [filemgmt 56-199] Attempt to get parsing info during refresh. "On-the-fly" syntax checking information may be incorrect. [C:\ProgH\Ball\Ball.srcs\sources_1\new\Position_Calculator.vhd:]
WARNING: [filemgmt 56-199] Attempt to get parsing info during refresh. "On-the-fly" syntax checking information may be incorrect. [C:\Users\Julien\Downloads\Bijlage opdrachten\Bijlage opdrachten\Week 5 + 6 - Bounching Square - Ball\DVI.vhd:]
WARNING: [filemgmt 56-199] Attempt to get parsing info during refresh. "On-the-fly" syntax checking information may be incorrect. [C:\ProgH\Ball\Ball.srcs\sources_1\new\DVI_Display.vhd:]
WARNING: [filemgmt 56-199] Attempt to get parsing info during refresh. "On-the-fly" syntax checking information may be incorrect. [C:\ProgH\Ball\Ball.srcs\sources_1\new\DVI_Display.vhd:]
refresh_design
INFO: [Synth 8-7079] Multithreading enabled for synth_design using a maximum of 2 processes.
---------------------------------------------------------------------------------
Starting RTL Elaboration : Time (s): cpu = 00:00:03 ; elapsed = 00:00:08 . Memory (MB): peak = 2868.402 ; gain = 0.000
---------------------------------------------------------------------------------
INFO: [Synth 8-638] synthesizing module 'DVI_Top' [C:/Users/Julien/Downloads/Bijlage opdrachten/Bijlage opdrachten/Week 5 + 6 - Bounching Square - Ball/DVI.vhd:17]
INFO: [Synth 8-3491] module 'clkDVIprescaler' declared at 'C:/Users/Julien/AppData/Roaming/Xilinx/Vivado/.Xil/Vivado-14604-JulienPC/realtime/clkDVIprescaler_stub.v:6' bound to instance 'prescaler_instance' of component 'clkDVIprescaler' [C:/Users/Julien/Downloads/Bijlage opdrachten/Bijlage opdrachten/Week 5 + 6 - Bounching Square - Ball/DVI.vhd:57]
INFO: [Synth 8-6157] synthesizing module 'clkDVIprescaler' [C:/Users/Julien/AppData/Roaming/Xilinx/Vivado/.Xil/Vivado-14604-JulienPC/realtime/clkDVIprescaler_stub.v:6]
INFO: [Synth 8-6155] done synthesizing module 'clkDVIprescaler' (0#1) [C:/Users/Julien/AppData/Roaming/Xilinx/Vivado/.Xil/Vivado-14604-JulienPC/realtime/clkDVIprescaler_stub.v:6]
INFO: [Synth 8-3491] module 'Position_Calculator' declared at 'C:/ProgH/Ball/Ball.srcs/sources_1/new/Position_Calculator.vhd:5' bound to instance 'position_instance' of component 'Position_Calculator' [C:/Users/Julien/Downloads/Bijlage opdrachten/Bijlage opdrachten/Week 5 + 6 - Bounching Square - Ball/DVI.vhd:64]
INFO: [Synth 8-638] synthesizing module 'Position_Calculator' [C:/ProgH/Ball/Ball.srcs/sources_1/new/Position_Calculator.vhd:14]
INFO: [Synth 8-256] done synthesizing module 'Position_Calculator' (0#1) [C:/ProgH/Ball/Ball.srcs/sources_1/new/Position_Calculator.vhd:14]
INFO: [Synth 8-3491] module 'DVI_Display' declared at 'C:/ProgH/Ball/Ball.srcs/sources_1/new/DVI_Display.vhd:6' bound to instance 'display_instance' of component 'DVI_Display' [C:/Users/Julien/Downloads/Bijlage opdrachten/Bijlage opdrachten/Week 5 + 6 - Bounching Square - Ball/DVI.vhd:73]
INFO: [Synth 8-638] synthesizing module 'DVI_Display' [C:/ProgH/Ball/Ball.srcs/sources_1/new/DVI_Display.vhd:18]
INFO: [Synth 8-256] done synthesizing module 'DVI_Display' (0#1) [C:/ProgH/Ball/Ball.srcs/sources_1/new/DVI_Display.vhd:18]
INFO: [Synth 8-256] done synthesizing module 'DVI_Top' (0#1) [C:/Users/Julien/Downloads/Bijlage opdrachten/Bijlage opdrachten/Week 5 + 6 - Bounching Square - Ball/DVI.vhd:17]
WARNING: [Synth 8-6014] Unused sequential element blue_reg was removed.  [C:/ProgH/Ball/Ball.srcs/sources_1/new/DVI_Display.vhd:59]
---------------------------------------------------------------------------------
Finished RTL Elaboration : Time (s): cpu = 00:00:03 ; elapsed = 00:00:10 . Memory (MB): peak = 2868.402 ; gain = 0.000
---------------------------------------------------------------------------------
---------------------------------------------------------------------------------
Start Handling Custom Attributes
---------------------------------------------------------------------------------
---------------------------------------------------------------------------------
Finished Handling Custom Attributes : Time (s): cpu = 00:00:03 ; elapsed = 00:00:10 . Memory (MB): peak = 2868.402 ; gain = 0.000
---------------------------------------------------------------------------------
---------------------------------------------------------------------------------
Finished RTL Optimization Phase 1 : Time (s): cpu = 00:00:03 ; elapsed = 00:00:10 . Memory (MB): peak = 2868.402 ; gain = 0.000
---------------------------------------------------------------------------------
INFO: [Project 1-454] Reading design checkpoint 'c:/ProgH/Ball/Ball.gen/sources_1/ip/clkDVIprescaler/clkDVIprescaler.dcp' for cell 'prescaler_instance'
Netlist sorting complete. Time (s): cpu = 00:00:00 ; elapsed = 00:00:00.009 . Memory (MB): peak = 2879.652 ; gain = 0.000
INFO: [Netlist 29-17] Analyzing 1 Unisim elements for replacement
INFO: [Netlist 29-28] Unisim Transformation completed in 0 CPU seconds
INFO: [Project 1-479] Netlist was created with Vivado 2024.1
INFO: [Project 1-570] Preparing netlist for logic optimization

Processing XDC Constraints
Initializing timing engine
Parsing XDC File [c:/ProgH/Ball/Ball.gen/sources_1/ip/clkDVIprescaler/clkDVIprescaler_board.xdc] for cell 'prescaler_instance/inst'
Finished Parsing XDC File [c:/ProgH/Ball/Ball.gen/sources_1/ip/clkDVIprescaler/clkDVIprescaler_board.xdc] for cell 'prescaler_instance/inst'
Parsing XDC File [c:/ProgH/Ball/Ball.gen/sources_1/ip/clkDVIprescaler/clkDVIprescaler.xdc] for cell 'prescaler_instance/inst'
Finished Parsing XDC File [c:/ProgH/Ball/Ball.gen/sources_1/ip/clkDVIprescaler/clkDVIprescaler.xdc] for cell 'prescaler_instance/inst'
INFO: [Project 1-236] Implementation specific constraints were found while reading constraint file [c:/ProgH/Ball/Ball.gen/sources_1/ip/clkDVIprescaler/clkDVIprescaler.xdc]. These constraints will be ignored for synthesis but will be used in implementation. Impacted constraints are listed in the file [.Xil/DVI_Top_propImpl.xdc].
Resolution: To avoid this warning, move constraints listed in [.Xil/DVI_Top_propImpl.xdc] to another XDC file and exclude this new file from synthesis with the used_in_synthesis property (File Properties dialog in GUI) and re-run elaboration/synthesis.
INFO: [Timing 38-2] Deriving generated clocks
Parsing XDC File [C:/ProgH/Ball/Ball.srcs/constrs_1/new/const.xdc]
WARNING: [Vivado 12-584] No ports matched 'clk25'. [C:/ProgH/Ball/Ball.srcs/constrs_1/new/const.xdc:13]
WARNING: [Vivado 12-584] No ports matched 'clk25'. [C:/ProgH/Ball/Ball.srcs/constrs_1/new/const.xdc:20]
Finished Parsing XDC File [C:/ProgH/Ball/Ball.srcs/constrs_1/new/const.xdc]
WARNING: [Project 1-498] One or more constraints failed evaluation while reading constraint file [C:/ProgH/Ball/Ball.srcs/constrs_1/new/const.xdc] and the design contains unresolved black boxes. These constraints will be read post-synthesis (as long as their source constraint file is marked as used_in_implementation) and should be applied correctly then. You should review the constraints listed in the file [.Xil/DVI_Top_propImpl.xdc] and check the run log file to verify that these constraints were correctly applied.
Completed Processing XDC Constraints

refresh_design: Time (s): cpu = 00:00:06 ; elapsed = 00:00:14 . Memory (MB): peak = 2879.652 ; gain = 11.250
reset_run synth_1
INFO: [Project 1-1161] Replacing file C:/ProgH/Ball/Ball.srcs/utils_1/imports/synth_1/DVI.dcp with file C:/ProgH/Ball/Ball.runs/synth_1/DVI_Top.dcp
launch_runs impl_1 -to_step write_bitstream -jobs 20
[Mon Jan  6 14:12:39 2025] Launched synth_1...
Run output will be captured here: C:/ProgH/Ball/Ball.runs/synth_1/runme.log
[Mon Jan  6 14:12:40 2025] Launched impl_1...
Run output will be captured here: C:/ProgH/Ball/Ball.runs/impl_1/runme.log
WARNING: [filemgmt 56-199] Attempt to get parsing info during refresh. "On-the-fly" syntax checking information may be incorrect. [C:\ProgH\Ball\Ball.srcs\sources_1\new\DVI_Display.vhd:]
WARNING: [filemgmt 56-199] Attempt to get parsing info during refresh. "On-the-fly" syntax checking information may be incorrect. [C:\ProgH\Ball\Ball.srcs\sources_1\new\Position_Calculator.vhd:]
WARNING: [filemgmt 56-199] Attempt to get parsing info during refresh. "On-the-fly" syntax checking information may be incorrect. [C:\Users\Julien\Downloads\Bijlage opdrachten\Bijlage opdrachten\Week 5 + 6 - Bounching Square - Ball\DVI.vhd:]
WARNING: [filemgmt 56-199] Attempt to get parsing info during refresh. "On-the-fly" syntax checking information may be incorrect. [C:\ProgH\Ball\Ball.srcs\sources_1\new\Position_Calculator.vhd:]
WARNING: [filemgmt 56-199] Attempt to get parsing info during refresh. "On-the-fly" syntax checking information may be incorrect. [C:\ProgH\Ball\Ball.srcs\sources_1\new\Position_Calculator.vhd:]
WARNING: [filemgmt 56-199] Attempt to get parsing info during refresh. "On-the-fly" syntax checking information may be incorrect. [C:\ProgH\Ball\Ball.srcs\sources_1\new\DVI_Display.vhd:]
WARNING: [filemgmt 56-199] Attempt to get parsing info during refresh. "On-the-fly" syntax checking information may be incorrect. [C:\ProgH\Ball\Ball.srcs\sources_1\new\Position_Calculator.vhd:]
WARNING: [filemgmt 56-199] Attempt to get parsing info during refresh. "On-the-fly" syntax checking information may be incorrect. [C:\Users\Julien\Downloads\Bijlage opdrachten\Bijlage opdrachten\Week 5 + 6 - Bounching Square - Ball\DVI.vhd:]
WARNING: [filemgmt 56-199] Attempt to get parsing info during refresh. "On-the-fly" syntax checking information may be incorrect. [C:\Users\Julien\Downloads\Bijlage opdrachten\Bijlage opdrachten\Week 5 + 6 - Bounching Square - Ball\DVI.vhd:]
WARNING: [filemgmt 56-199] Attempt to get parsing info during refresh. "On-the-fly" syntax checking information may be incorrect. [C:\Users\Julien\Downloads\Bijlage opdrachten\Bijlage opdrachten\Week 5 + 6 - Bounching Square - Ball\DVI.vhd:]
ERROR: [Common 17-180] Spawn failed: No error
set_property PROBES.FILE {} [get_hw_devices xc7a35t_0]
set_property FULL_PROBES.FILE {} [get_hw_devices xc7a35t_0]
set_property PROGRAM.FILE {C:/ProgH/Ball/Ball.runs/impl_1/DVI_Top.bit} [get_hw_devices xc7a35t_0]
program_hw_devices [get_hw_devices xc7a35t_0]
INFO: [Labtools 27-3164] End of startup status: HIGH
refresh_hw_device [lindex [get_hw_devices xc7a35t_0] 0]
INFO: [Labtools 27-1434] Device xc7a35t (JTAG device index = 0) is programmed with a design that has no supported debug core(s) in it.
WARNING: [filemgmt 56-199] Attempt to get parsing info during refresh. "On-the-fly" syntax checking information may be incorrect. [C:\ProgH\Ball\Ball.srcs\sources_1\new\DVI_Display.vhd:]
WARNING: [filemgmt 56-199] Attempt to get parsing info during refresh. "On-the-fly" syntax checking information may be incorrect. [C:\ProgH\Ball\Ball.srcs\sources_1\new\Position_Calculator.vhd:]
WARNING: [filemgmt 56-199] Attempt to get parsing info during refresh. "On-the-fly" syntax checking information may be incorrect. [C:\Users\Julien\Downloads\Bijlage opdrachten\Bijlage opdrachten\Week 5 + 6 - Bounching Square - Ball\DVI.vhd:]
WARNING: [filemgmt 56-199] Attempt to get parsing info during refresh. "On-the-fly" syntax checking information may be incorrect. [C:\ProgH\Ball\Ball.srcs\sources_1\new\DVI_Display.vhd:]
WARNING: [filemgmt 56-199] Attempt to get parsing info during refresh. "On-the-fly" syntax checking information may be incorrect. [C:\ProgH\Ball\Ball.srcs\sources_1\new\DVI_Display.vhd:]
WARNING: [filemgmt 56-199] Attempt to get parsing info during refresh. "On-the-fly" syntax checking information may be incorrect. [C:\ProgH\Ball\Ball.srcs\sources_1\new\DVI_Display.vhd:]
WARNING: [filemgmt 56-199] Attempt to get parsing info during refresh. "On-the-fly" syntax checking information may be incorrect. [C:\ProgH\Ball\Ball.srcs\sources_1\new\Position_Calculator.vhd:]
WARNING: [filemgmt 56-199] Attempt to get parsing info during refresh. "On-the-fly" syntax checking information may be incorrect. [C:\Users\Julien\Downloads\Bijlage opdrachten\Bijlage opdrachten\Week 5 + 6 - Bounching Square - Ball\DVI.vhd:]
WARNING: [filemgmt 56-199] Attempt to get parsing info during refresh. "On-the-fly" syntax checking information may be incorrect. [C:\ProgH\Ball\Ball.srcs\sources_1\new\Position_Calculator.vhd:]
WARNING: [filemgmt 56-199] Attempt to get parsing info during refresh. "On-the-fly" syntax checking information may be incorrect. [C:\ProgH\Ball\Ball.srcs\sources_1\new\Position_Calculator.vhd:]
WARNING: [filemgmt 56-199] Attempt to get parsing info during refresh. "On-the-fly" syntax checking information may be incorrect. [C:\ProgH\Ball\Ball.srcs\sources_1\new\DVI_Display.vhd:]
WARNING: [filemgmt 56-199] Attempt to get parsing info during refresh. "On-the-fly" syntax checking information may be incorrect. [C:\ProgH\Ball\Ball.srcs\sources_1\new\Position_Calculator.vhd:]
WARNING: [filemgmt 56-199] Attempt to get parsing info during refresh. "On-the-fly" syntax checking information may be incorrect. [C:\Users\Julien\Downloads\Bijlage opdrachten\Bijlage opdrachten\Week 5 + 6 - Bounching Square - Ball\DVI.vhd:]
WARNING: [filemgmt 56-199] Attempt to get parsing info during refresh. "On-the-fly" syntax checking information may be incorrect. [C:\ProgH\Ball\Ball.srcs\sources_1\new\DVI_Display.vhd:]
WARNING: [filemgmt 56-199] Attempt to get parsing info during refresh. "On-the-fly" syntax checking information may be incorrect. [C:\ProgH\Ball\Ball.srcs\sources_1\new\DVI_Display.vhd:]
WARNING: [filemgmt 56-199] Attempt to get parsing info during refresh. "On-the-fly" syntax checking information may be incorrect. [C:\ProgH\Ball\Ball.srcs\sources_1\new\DVI_Display.vhd:]
WARNING: [filemgmt 56-199] Attempt to get parsing info during refresh. "On-the-fly" syntax checking information may be incorrect. [C:\ProgH\Ball\Ball.srcs\sources_1\new\Position_Calculator.vhd:]
WARNING: [filemgmt 56-199] Attempt to get parsing info during refresh. "On-the-fly" syntax checking information may be incorrect. [C:\Users\Julien\Downloads\Bijlage opdrachten\Bijlage opdrachten\Week 5 + 6 - Bounching Square - Ball\DVI.vhd:]
WARNING: [filemgmt 56-199] Attempt to get parsing info during refresh. "On-the-fly" syntax checking information may be incorrect. [C:\ProgH\Ball\Ball.srcs\sources_1\new\Position_Calculator.vhd:]
WARNING: [filemgmt 56-199] Attempt to get parsing info during refresh. "On-the-fly" syntax checking information may be incorrect. [C:\ProgH\Ball\Ball.srcs\sources_1\new\Position_Calculator.vhd:]
reset_run synth_1
INFO: [Project 1-1161] Replacing file C:/ProgH/Ball/Ball.srcs/utils_1/imports/synth_1/DVI.dcp with file C:/ProgH/Ball/Ball.runs/synth_1/DVI_Top.dcp
launch_runs impl_1 -to_step write_bitstream -jobs 20
[Mon Jan  6 14:17:30 2025] Launched synth_1...
Run output will be captured here: C:/ProgH/Ball/Ball.runs/synth_1/runme.log
[Mon Jan  6 14:17:30 2025] Launched impl_1...
Run output will be captured here: C:/ProgH/Ball/Ball.runs/impl_1/runme.log
WARNING: [filemgmt 56-199] Attempt to get parsing info during refresh. "On-the-fly" syntax checking information may be incorrect. [C:\ProgH\Ball\Ball.srcs\sources_1\new\DVI_Display.vhd:]
WARNING: [filemgmt 56-199] Attempt to get parsing info during refresh. "On-the-fly" syntax checking information may be incorrect. [C:\ProgH\Ball\Ball.srcs\sources_1\new\Position_Calculator.vhd:]
WARNING: [filemgmt 56-199] Attempt to get parsing info during refresh. "On-the-fly" syntax checking information may be incorrect. [C:\Users\Julien\Downloads\Bijlage opdrachten\Bijlage opdrachten\Week 5 + 6 - Bounching Square - Ball\DVI.vhd:]
WARNING: [filemgmt 56-199] Attempt to get parsing info during refresh. "On-the-fly" syntax checking information may be incorrect. [C:\ProgH\Ball\Ball.srcs\sources_1\new\DVI_Display.vhd:]
WARNING: [filemgmt 56-199] Attempt to get parsing info during refresh. "On-the-fly" syntax checking information may be incorrect. [C:\ProgH\Ball\Ball.srcs\sources_1\new\DVI_Display.vhd:]
WARNING: [filemgmt 56-199] Attempt to get parsing info during refresh. "On-the-fly" syntax checking information may be incorrect. [C:\ProgH\Ball\Ball.srcs\sources_1\new\DVI_Display.vhd:]
WARNING: [filemgmt 56-199] Attempt to get parsing info during refresh. "On-the-fly" syntax checking information may be incorrect. [C:\ProgH\Ball\Ball.srcs\sources_1\new\Position_Calculator.vhd:]
WARNING: [filemgmt 56-199] Attempt to get parsing info during refresh. "On-the-fly" syntax checking information may be incorrect. [C:\Users\Julien\Downloads\Bijlage opdrachten\Bijlage opdrachten\Week 5 + 6 - Bounching Square - Ball\DVI.vhd:]
WARNING: [filemgmt 56-199] Attempt to get parsing info during refresh. "On-the-fly" syntax checking information may be incorrect. [C:\ProgH\Ball\Ball.srcs\sources_1\new\Position_Calculator.vhd:]
WARNING: [filemgmt 56-199] Attempt to get parsing info during refresh. "On-the-fly" syntax checking information may be incorrect. [C:\ProgH\Ball\Ball.srcs\sources_1\new\Position_Calculator.vhd:]
set_property PROBES.FILE {} [get_hw_devices xc7a35t_0]
set_property FULL_PROBES.FILE {} [get_hw_devices xc7a35t_0]
set_property PROGRAM.FILE {C:/ProgH/Ball/Ball.runs/impl_1/DVI_Top.bit} [get_hw_devices xc7a35t_0]
program_hw_devices [get_hw_devices xc7a35t_0]
INFO: [Labtools 27-3164] End of startup status: HIGH
refresh_hw_device [lindex [get_hw_devices xc7a35t_0] 0]
INFO: [Labtools 27-1434] Device xc7a35t (JTAG device index = 0) is programmed with a design that has no supported debug core(s) in it.
WARNING: [filemgmt 56-199] Attempt to get parsing info during refresh. "On-the-fly" syntax checking information may be incorrect. [C:\ProgH\Ball\Ball.srcs\sources_1\new\DVI_Display.vhd:]
WARNING: [filemgmt 56-199] Attempt to get parsing info during refresh. "On-the-fly" syntax checking information may be incorrect. [C:\ProgH\Ball\Ball.srcs\sources_1\new\Position_Calculator.vhd:]
WARNING: [filemgmt 56-199] Attempt to get parsing info during refresh. "On-the-fly" syntax checking information may be incorrect. [C:\Users\Julien\Downloads\Bijlage opdrachten\Bijlage opdrachten\Week 5 + 6 - Bounching Square - Ball\DVI.vhd:]
WARNING: [filemgmt 56-199] Attempt to get parsing info during refresh. "On-the-fly" syntax checking information may be incorrect. [C:\Users\Julien\Downloads\Bijlage opdrachten\Bijlage opdrachten\Week 5 + 6 - Bounching Square - Ball\DVI.vhd:]
WARNING: [filemgmt 56-199] Attempt to get parsing info during refresh. "On-the-fly" syntax checking information may be incorrect. [C:\Users\Julien\Downloads\Bijlage opdrachten\Bijlage opdrachten\Week 5 + 6 - Bounching Square - Ball\DVI.vhd:]
WARNING: [filemgmt 56-199] Attempt to get parsing info during refresh. "On-the-fly" syntax checking information may be incorrect. [C:\ProgH\Ball\Ball.srcs\sources_1\new\DVI_Display.vhd:]
WARNING: [filemgmt 56-199] Attempt to get parsing info during refresh. "On-the-fly" syntax checking information may be incorrect. [C:\ProgH\Ball\Ball.srcs\sources_1\new\Position_Calculator.vhd:]
WARNING: [filemgmt 56-199] Attempt to get parsing info during refresh. "On-the-fly" syntax checking information may be incorrect. [C:\Users\Julien\Downloads\Bijlage opdrachten\Bijlage opdrachten\Week 5 + 6 - Bounching Square - Ball\DVI.vhd:]
WARNING: [filemgmt 56-199] Attempt to get parsing info during refresh. "On-the-fly" syntax checking information may be incorrect. [C:\ProgH\Ball\Ball.srcs\sources_1\new\Position_Calculator.vhd:]
WARNING: [filemgmt 56-199] Attempt to get parsing info during refresh. "On-the-fly" syntax checking information may be incorrect. [C:\ProgH\Ball\Ball.srcs\sources_1\new\Position_Calculator.vhd:]
WARNING: [filemgmt 56-199] Attempt to get parsing info during refresh. "On-the-fly" syntax checking information may be incorrect. [C:\ProgH\Ball\Ball.srcs\sources_1\new\DVI_Display.vhd:]
WARNING: [filemgmt 56-199] Attempt to get parsing info during refresh. "On-the-fly" syntax checking information may be incorrect. [C:\ProgH\Ball\Ball.srcs\sources_1\new\Position_Calculator.vhd:]
WARNING: [filemgmt 56-199] Attempt to get parsing info during refresh. "On-the-fly" syntax checking information may be incorrect. [C:\Users\Julien\Downloads\Bijlage opdrachten\Bijlage opdrachten\Week 5 + 6 - Bounching Square - Ball\DVI.vhd:]
WARNING: [filemgmt 56-199] Attempt to get parsing info during refresh. "On-the-fly" syntax checking information may be incorrect. [C:\ProgH\Ball\Ball.srcs\sources_1\new\DVI_Display.vhd:]
WARNING: [filemgmt 56-199] Attempt to get parsing info during refresh. "On-the-fly" syntax checking information may be incorrect. [C:\ProgH\Ball\Ball.srcs\sources_1\new\DVI_Display.vhd:]
WARNING: [filemgmt 56-199] Attempt to get parsing info during refresh. "On-the-fly" syntax checking information may be incorrect. [C:\ProgH\Ball\Ball.srcs\sources_1\new\DVI_Display.vhd:]
WARNING: [filemgmt 56-199] Attempt to get parsing info during refresh. "On-the-fly" syntax checking information may be incorrect. [C:\ProgH\Ball\Ball.srcs\sources_1\new\Position_Calculator.vhd:]
WARNING: [filemgmt 56-199] Attempt to get parsing info during refresh. "On-the-fly" syntax checking information may be incorrect. [C:\Users\Julien\Downloads\Bijlage opdrachten\Bijlage opdrachten\Week 5 + 6 - Bounching Square - Ball\DVI.vhd:]
WARNING: [filemgmt 56-199] Attempt to get parsing info during refresh. "On-the-fly" syntax checking information may be incorrect. [C:\Users\Julien\Downloads\Bijlage opdrachten\Bijlage opdrachten\Week 5 + 6 - Bounching Square - Ball\DVI.vhd:]
WARNING: [filemgmt 56-199] Attempt to get parsing info during refresh. "On-the-fly" syntax checking information may be incorrect. [C:\Users\Julien\Downloads\Bijlage opdrachten\Bijlage opdrachten\Week 5 + 6 - Bounching Square - Ball\DVI.vhd:]
reset_run synth_1
INFO: [Project 1-1161] Replacing file C:/ProgH/Ball/Ball.srcs/utils_1/imports/synth_1/DVI.dcp with file C:/ProgH/Ball/Ball.runs/synth_1/DVI_Top.dcp
launch_runs impl_1 -to_step write_bitstream -jobs 20
[Mon Jan  6 14:26:40 2025] Launched synth_1...
Run output will be captured here: C:/ProgH/Ball/Ball.runs/synth_1/runme.log
[Mon Jan  6 14:26:40 2025] Launched impl_1...
Run output will be captured here: C:/ProgH/Ball/Ball.runs/impl_1/runme.log
WARNING: [filemgmt 56-199] Attempt to get parsing info during refresh. "On-the-fly" syntax checking information may be incorrect. [C:\ProgH\Ball\Ball.srcs\sources_1\new\DVI_Display.vhd:]
WARNING: [filemgmt 56-199] Attempt to get parsing info during refresh. "On-the-fly" syntax checking information may be incorrect. [C:\ProgH\Ball\Ball.srcs\sources_1\new\Position_Calculator.vhd:]
WARNING: [filemgmt 56-199] Attempt to get parsing info during refresh. "On-the-fly" syntax checking information may be incorrect. [C:\Users\Julien\Downloads\Bijlage opdrachten\Bijlage opdrachten\Week 5 + 6 - Bounching Square - Ball\DVI.vhd:]
WARNING: [filemgmt 56-199] Attempt to get parsing info during refresh. "On-the-fly" syntax checking information may be incorrect. [C:\ProgH\Ball\Ball.srcs\sources_1\new\DVI_Display.vhd:]
WARNING: [filemgmt 56-199] Attempt to get parsing info during refresh. "On-the-fly" syntax checking information may be incorrect. [C:\ProgH\Ball\Ball.srcs\sources_1\new\DVI_Display.vhd:]
WARNING: [filemgmt 56-199] Attempt to get parsing info during refresh. "On-the-fly" syntax checking information may be incorrect. [C:\ProgH\Ball\Ball.srcs\sources_1\new\DVI_Display.vhd:]
WARNING: [filemgmt 56-199] Attempt to get parsing info during refresh. "On-the-fly" syntax checking information may be incorrect. [C:\ProgH\Ball\Ball.srcs\sources_1\new\Position_Calculator.vhd:]
WARNING: [filemgmt 56-199] Attempt to get parsing info during refresh. "On-the-fly" syntax checking information may be incorrect. [C:\Users\Julien\Downloads\Bijlage opdrachten\Bijlage opdrachten\Week 5 + 6 - Bounching Square - Ball\DVI.vhd:]
WARNING: [filemgmt 56-199] Attempt to get parsing info during refresh. "On-the-fly" syntax checking information may be incorrect. [C:\Users\Julien\Downloads\Bijlage opdrachten\Bijlage opdrachten\Week 5 + 6 - Bounching Square - Ball\DVI.vhd:]
WARNING: [filemgmt 56-199] Attempt to get parsing info during refresh. "On-the-fly" syntax checking information may be incorrect. [C:\Users\Julien\Downloads\Bijlage opdrachten\Bijlage opdrachten\Week 5 + 6 - Bounching Square - Ball\DVI.vhd:]
WARNING: [filemgmt 56-199] Attempt to get parsing info during refresh. "On-the-fly" syntax checking information may be incorrect. [C:\ProgH\Ball\Ball.srcs\sources_1\new\DVI_Display.vhd:]
WARNING: [filemgmt 56-199] Attempt to get parsing info during refresh. "On-the-fly" syntax checking information may be incorrect. [C:\ProgH\Ball\Ball.srcs\sources_1\new\Position_Calculator.vhd:]
WARNING: [filemgmt 56-199] Attempt to get parsing info during refresh. "On-the-fly" syntax checking information may be incorrect. [C:\Users\Julien\Downloads\Bijlage opdrachten\Bijlage opdrachten\Week 5 + 6 - Bounching Square - Ball\DVI.vhd:]
WARNING: [filemgmt 56-199] Attempt to get parsing info during refresh. "On-the-fly" syntax checking information may be incorrect. [C:\ProgH\Ball\Ball.srcs\sources_1\new\DVI_Display.vhd:]
WARNING: [filemgmt 56-199] Attempt to get parsing info during refresh. "On-the-fly" syntax checking information may be incorrect. [C:\ProgH\Ball\Ball.srcs\sources_1\new\DVI_Display.vhd:]
WARNING: [filemgmt 56-199] Attempt to get parsing info during refresh. "On-the-fly" syntax checking information may be incorrect. [C:\ProgH\Ball\Ball.srcs\sources_1\new\DVI_Display.vhd:]
WARNING: [filemgmt 56-199] Attempt to get parsing info during refresh. "On-the-fly" syntax checking information may be incorrect. [C:\ProgH\Ball\Ball.srcs\sources_1\new\Position_Calculator.vhd:]
WARNING: [filemgmt 56-199] Attempt to get parsing info during refresh. "On-the-fly" syntax checking information may be incorrect. [C:\Users\Julien\Downloads\Bijlage opdrachten\Bijlage opdrachten\Week 5 + 6 - Bounching Square - Ball\DVI.vhd:]
WARNING: [filemgmt 56-199] Attempt to get parsing info during refresh. "On-the-fly" syntax checking information may be incorrect. [C:\ProgH\Ball\Ball.srcs\sources_1\new\Position_Calculator.vhd:]
WARNING: [filemgmt 56-199] Attempt to get parsing info during refresh. "On-the-fly" syntax checking information may be incorrect. [C:\ProgH\Ball\Ball.srcs\sources_1\new\Position_Calculator.vhd:]
set_property PROBES.FILE {} [get_hw_devices xc7a35t_0]
set_property FULL_PROBES.FILE {} [get_hw_devices xc7a35t_0]
set_property PROGRAM.FILE {C:/ProgH/Ball/Ball.runs/impl_1/DVI_Top.bit} [get_hw_devices xc7a35t_0]
program_hw_devices [get_hw_devices xc7a35t_0]
INFO: [Labtools 27-3164] End of startup status: HIGH
refresh_hw_device [lindex [get_hw_devices xc7a35t_0] 0]
INFO: [Labtools 27-1434] Device xc7a35t (JTAG device index = 0) is programmed with a design that has no supported debug core(s) in it.
WARNING: [filemgmt 56-199] Attempt to get parsing info during refresh. "On-the-fly" syntax checking information may be incorrect. [C:\ProgH\Ball\Ball.srcs\sources_1\new\DVI_Display.vhd:]
WARNING: [filemgmt 56-199] Attempt to get parsing info during refresh. "On-the-fly" syntax checking information may be incorrect. [C:\ProgH\Ball\Ball.srcs\sources_1\new\Position_Calculator.vhd:]
WARNING: [filemgmt 56-199] Attempt to get parsing info during refresh. "On-the-fly" syntax checking information may be incorrect. [C:\Users\Julien\Downloads\Bijlage opdrachten\Bijlage opdrachten\Week 5 + 6 - Bounching Square - Ball\DVI.vhd:]
WARNING: [filemgmt 56-199] Attempt to get parsing info during refresh. "On-the-fly" syntax checking information may be incorrect. [C:\Users\Julien\Downloads\Bijlage opdrachten\Bijlage opdrachten\Week 5 + 6 - Bounching Square - Ball\DVI.vhd:]
WARNING: [filemgmt 56-199] Attempt to get parsing info during refresh. "On-the-fly" syntax checking information may be incorrect. [C:\Users\Julien\Downloads\Bijlage opdrachten\Bijlage opdrachten\Week 5 + 6 - Bounching Square - Ball\DVI.vhd:]
WARNING: [filemgmt 56-199] Attempt to get parsing info during refresh. "On-the-fly" syntax checking information may be incorrect. [C:\ProgH\Ball\Ball.srcs\sources_1\new\DVI_Display.vhd:]
WARNING: [filemgmt 56-199] Attempt to get parsing info during refresh. "On-the-fly" syntax checking information may be incorrect. [C:\ProgH\Ball\Ball.srcs\sources_1\new\Position_Calculator.vhd:]
WARNING: [filemgmt 56-199] Attempt to get parsing info during refresh. "On-the-fly" syntax checking information may be incorrect. [C:\Users\Julien\Downloads\Bijlage opdrachten\Bijlage opdrachten\Week 5 + 6 - Bounching Square - Ball\DVI.vhd:]
WARNING: [filemgmt 56-199] Attempt to get parsing info during refresh. "On-the-fly" syntax checking information may be incorrect. [C:\Users\Julien\Downloads\Bijlage opdrachten\Bijlage opdrachten\Week 5 + 6 - Bounching Square - Ball\DVI.vhd:]
WARNING: [filemgmt 56-199] Attempt to get parsing info during refresh. "On-the-fly" syntax checking information may be incorrect. [C:\Users\Julien\Downloads\Bijlage opdrachten\Bijlage opdrachten\Week 5 + 6 - Bounching Square - Ball\DVI.vhd:]
WARNING: [filemgmt 56-199] Attempt to get parsing info during refresh. "On-the-fly" syntax checking information may be incorrect. [C:\ProgH\Ball\Ball.srcs\sources_1\new\DVI_Display.vhd:]
WARNING: [filemgmt 56-199] Attempt to get parsing info during refresh. "On-the-fly" syntax checking information may be incorrect. [C:\ProgH\Ball\Ball.srcs\sources_1\new\Position_Calculator.vhd:]
WARNING: [filemgmt 56-199] Attempt to get parsing info during refresh. "On-the-fly" syntax checking information may be incorrect. [C:\Users\Julien\Downloads\Bijlage opdrachten\Bijlage opdrachten\Week 5 + 6 - Bounching Square - Ball\DVI.vhd:]
WARNING: [filemgmt 56-199] Attempt to get parsing info during refresh. "On-the-fly" syntax checking information may be incorrect. [C:\ProgH\Ball\Ball.srcs\sources_1\new\DVI_Display.vhd:]
WARNING: [filemgmt 56-199] Attempt to get parsing info during refresh. "On-the-fly" syntax checking information may be incorrect. [C:\ProgH\Ball\Ball.srcs\sources_1\new\DVI_Display.vhd:]
WARNING: [filemgmt 56-199] Attempt to get parsing info during refresh. "On-the-fly" syntax checking information may be incorrect. [C:\ProgH\Ball\Ball.srcs\sources_1\new\DVI_Display.vhd:]
WARNING: [filemgmt 56-199] Attempt to get parsing info during refresh. "On-the-fly" syntax checking information may be incorrect. [C:\ProgH\Ball\Ball.srcs\sources_1\new\Position_Calculator.vhd:]
WARNING: [filemgmt 56-199] Attempt to get parsing info during refresh. "On-the-fly" syntax checking information may be incorrect. [C:\Users\Julien\Downloads\Bijlage opdrachten\Bijlage opdrachten\Week 5 + 6 - Bounching Square - Ball\DVI.vhd:]
WARNING: [filemgmt 56-199] Attempt to get parsing info during refresh. "On-the-fly" syntax checking information may be incorrect. [C:\ProgH\Ball\Ball.srcs\sources_1\new\DVI_Display.vhd:]
WARNING: [filemgmt 56-199] Attempt to get parsing info during refresh. "On-the-fly" syntax checking information may be incorrect. [C:\ProgH\Ball\Ball.srcs\sources_1\new\DVI_Display.vhd:]
WARNING: [filemgmt 56-199] Attempt to get parsing info during refresh. "On-the-fly" syntax checking information may be incorrect. [C:\ProgH\Ball\Ball.srcs\sources_1\new\DVI_Display.vhd:]
WARNING: [filemgmt 56-199] Attempt to get parsing info during refresh. "On-the-fly" syntax checking information may be incorrect. [C:\ProgH\Ball\Ball.srcs\sources_1\new\Position_Calculator.vhd:]
WARNING: [filemgmt 56-199] Attempt to get parsing info during refresh. "On-the-fly" syntax checking information may be incorrect. [C:\Users\Julien\Downloads\Bijlage opdrachten\Bijlage opdrachten\Week 5 + 6 - Bounching Square - Ball\DVI.vhd:]
WARNING: [filemgmt 56-199] Attempt to get parsing info during refresh. "On-the-fly" syntax checking information may be incorrect. [C:\ProgH\Ball\Ball.srcs\sources_1\new\DVI_Display.vhd:]
WARNING: [filemgmt 56-199] Attempt to get parsing info during refresh. "On-the-fly" syntax checking information may be incorrect. [C:\ProgH\Ball\Ball.srcs\sources_1\new\DVI_Display.vhd:]
WARNING: [filemgmt 56-199] Attempt to get parsing info during refresh. "On-the-fly" syntax checking information may be incorrect. [C:\ProgH\Ball\Ball.srcs\sources_1\new\DVI_Display.vhd:]
WARNING: [filemgmt 56-199] Attempt to get parsing info during refresh. "On-the-fly" syntax checking information may be incorrect. [C:\ProgH\Ball\Ball.srcs\sources_1\new\Position_Calculator.vhd:]
WARNING: [filemgmt 56-199] Attempt to get parsing info during refresh. "On-the-fly" syntax checking information may be incorrect. [C:\Users\Julien\Downloads\Bijlage opdrachten\Bijlage opdrachten\Week 5 + 6 - Bounching Square - Ball\DVI.vhd:]
WARNING: [filemgmt 56-199] Attempt to get parsing info during refresh. "On-the-fly" syntax checking information may be incorrect. [C:\ProgH\Ball\Ball.srcs\sources_1\new\Position_Calculator.vhd:]
WARNING: [filemgmt 56-199] Attempt to get parsing info during refresh. "On-the-fly" syntax checking information may be incorrect. [C:\ProgH\Ball\Ball.srcs\sources_1\new\Position_Calculator.vhd:]
archive_project C:/ProgH/Ball.xpr.zip -temp_dir C:/Users/Julien/AppData/Roaming/Xilinx/Vivado/.Xil/Vivado-14604-JulienPC -force -include_local_ip_cache
INFO: [Coretcl 2-137] starting archive...
INFO: [Coretcl 2-1499] Saving project copy to temporary location 'C:/Users/Julien/AppData/Roaming/Xilinx/Vivado/.Xil/Vivado-14604-JulienPC' for archiving project
Scanning sources...
Finished scanning sources
INFO: [IP_Flow 19-234] Refreshing IP repositories
INFO: [IP_Flow 19-1704] No user IP repositories specified
WARNING: [filemgmt 56-199] Attempt to get parsing info during refresh. "On-the-fly" syntax checking information may be incorrect. [C:\ProgH\Ball\Ball.srcs\sources_1\new\DVI_Display.vhd:]
WARNING: [filemgmt 56-199] Attempt to get parsing info during refresh. "On-the-fly" syntax checking information may be incorrect. [C:\ProgH\Ball\Ball.srcs\sources_1\new\Position_Calculator.vhd:]
WARNING: [filemgmt 56-199] Attempt to get parsing info during refresh. "On-the-fly" syntax checking information may be incorrect. [C:\Users\Julien\Downloads\Bijlage opdrachten\Bijlage opdrachten\Week 5 + 6 - Bounching Square - Ball\DVI.vhd:]
WARNING: [filemgmt 56-199] Attempt to get parsing info during refresh. "On-the-fly" syntax checking information may be incorrect. [C:\ProgH\Ball\Ball.srcs\sources_1\new\Position_Calculator.vhd:]
WARNING: [filemgmt 56-199] Attempt to get parsing info during refresh. "On-the-fly" syntax checking information may be incorrect. [C:\ProgH\Ball\Ball.srcs\sources_1\new\Position_Calculator.vhd:]
INFO: [IP_Flow 19-2313] Loaded Vivado IP repository 'C:/Xilinx/Vivado/2024.1/data/ip'.
INFO: [Coretcl 2-1211] Creating project copy for archival...
WARNING: [filemgmt 56-199] Attempt to get parsing info during refresh. "On-the-fly" syntax checking information may be incorrect. [C:\ProgH\Ball\Ball.srcs\sources_1\new\DVI_Display.vhd:]
WARNING: [filemgmt 56-199] Attempt to get parsing info during refresh. "On-the-fly" syntax checking information may be incorrect. [C:\ProgH\Ball\Ball.srcs\sources_1\new\Position_Calculator.vhd:]
WARNING: [filemgmt 56-199] Attempt to get parsing info during refresh. "On-the-fly" syntax checking information may be incorrect. [C:\Users\Julien\Downloads\Bijlage opdrachten\Bijlage opdrachten\Week 5 + 6 - Bounching Square - Ball\DVI.vhd:]
WARNING: [filemgmt 56-199] Attempt to get parsing info during refresh. "On-the-fly" syntax checking information may be incorrect. [C:\ProgH\Ball\Ball.srcs\sources_1\new\DVI_Display.vhd:]
WARNING: [filemgmt 56-199] Attempt to get parsing info during refresh. "On-the-fly" syntax checking information may be incorrect. [C:\ProgH\Ball\Ball.srcs\sources_1\new\DVI_Display.vhd:]
INFO: [ProjectBase 1-495] The host OS only allows 260 characters in a normal path. The project is stored in a path with more than 80 characters. If you experience any problem with archiving the project, please consider setting environment variable $TEMP to a shorter path.
Current project path is 'C:/Users/Julien/AppData/Roaming/Xilinx/Vivado/.Xil/Vivado-14604-JulienPC/PrjAr/_X_'.
WARNING: [IP_Flow 19-4995] The host OS only allows 260 characters in a normal path. The IP cache path is more than 80 characters. If you experience issues with IP caching, please consider changing the IP cache to a location with a shorter path. Alternately consider using the OS subst command to map part of the path to a drive letter. 
Current IP cache path is C:/Users/Julien/AppData/Roaming/Xilinx/Vivado/.Xil/Vivado-14604-JulienPC/PrjAr/_X_/Ball.cache/ip 
WARNING: [filemgmt 56-199] Attempt to get parsing info during refresh. "On-the-fly" syntax checking information may be incorrect. [C:\ProgH\Ball\Ball.srcs\sources_1\new\DVI_Display.vhd:]
WARNING: [filemgmt 56-199] Attempt to get parsing info during refresh. "On-the-fly" syntax checking information may be incorrect. [C:\ProgH\Ball\Ball.srcs\sources_1\new\Position_Calculator.vhd:]
WARNING: [filemgmt 56-199] Attempt to get parsing info during refresh. "On-the-fly" syntax checking information may be incorrect. [C:\Users\Julien\Downloads\Bijlage opdrachten\Bijlage opdrachten\Week 5 + 6 - Bounching Square - Ball\DVI.vhd:]
WARNING: [filemgmt 56-199] Attempt to get parsing info during refresh. "On-the-fly" syntax checking information may be incorrect. [C:\ProgH\Ball\Ball.srcs\sources_1\new\DVI_Display.vhd:]
WARNING: [filemgmt 56-199] Attempt to get parsing info during refresh. "On-the-fly" syntax checking information may be incorrect. [C:\ProgH\Ball\Ball.srcs\sources_1\new\DVI_Display.vhd:]
INFO: [Coretcl 2-1213] Including run results for 'synth_1'
INFO: [Coretcl 2-1213] Including run results for 'clkDVIprescaler_synth_1'
INFO: [Coretcl 2-1213] Including run results for 'impl_1'
INFO: [Coretcl 2-133] re-setting run 'clkDVIprescaler_impl_1'...
WARNING: [filemgmt 56-199] Attempt to get parsing info during refresh. "On-the-fly" syntax checking information may be incorrect. [C:\ProgH\Ball\Ball.srcs\sources_1\new\DVI_Display.vhd:]
WARNING: [filemgmt 56-199] Attempt to get parsing info during refresh. "On-the-fly" syntax checking information may be incorrect. [C:\ProgH\Ball\Ball.srcs\sources_1\new\Position_Calculator.vhd:]
WARNING: [filemgmt 56-199] Attempt to get parsing info during refresh. "On-the-fly" syntax checking information may be incorrect. [C:\Users\Julien\Downloads\Bijlage opdrachten\Bijlage opdrachten\Week 5 + 6 - Bounching Square - Ball\DVI.vhd:]
WARNING: [filemgmt 56-199] Attempt to get parsing info during refresh. "On-the-fly" syntax checking information may be incorrect. [C:\ProgH\Ball\Ball.srcs\sources_1\new\Position_Calculator.vhd:]
WARNING: [filemgmt 56-199] Attempt to get parsing info during refresh. "On-the-fly" syntax checking information may be incorrect. [C:\ProgH\Ball\Ball.srcs\sources_1\new\Position_Calculator.vhd:]
INFO: [Coretcl 2-1212] Importing remotely added design sources and verilog include files (if any)...
INFO: [filemgmt 20-334] All file(s) are already imported in fileset: 'clkDVIprescaler'
INFO: [filemgmt 20-348] Importing the appropriate files for fileset: 'clkDVIprescaler'
INFO: [filemgmt 20-334] All file(s) are already imported in fileset: 'constrs_1'
INFO: [filemgmt 20-348] Importing the appropriate files for fileset: 'constrs_1'
INFO: [filemgmt 20-348] Importing the appropriate files for fileset: 'sources_1'
INFO: [filemgmt 20-334] All file(s) are already imported in fileset: 'utils_1'
INFO: [filemgmt 20-348] Importing the appropriate files for fileset: 'utils_1'
