Copyright 1986-2022 Xilinx, Inc. All Rights Reserved. Copyright 2022-2024 Advanced Micro Devices, Inc. All Rights Reserved.
------------------------------------------------------------------------------------------------------------------------------------------------------------------------------------------------------------------
| Tool Version : Vivado v.2024.1 (win64) Build 5076996 Wed May 22 18:37:14 MDT 2024
| Date         : Wed Feb 26 14:14:33 2025
| Host         : DESKTOP-H0VVJ00 running 64-bit major release  (build 9200)
| Command      : report_timing_summary -max_paths 10 -report_unconstrained -file DVI_Top_timing_summary_routed.rpt -pb DVI_Top_timing_summary_routed.pb -rpx DVI_Top_timing_summary_routed.rpx -warn_on_violation
| Design       : DVI_Top
| Device       : 7a35t-cpg236
| Speed File   : -1  PRODUCTION 1.23 2018-06-13
| Design State : Routed
------------------------------------------------------------------------------------------------------------------------------------------------------------------------------------------------------------------

Timing Summary Report

------------------------------------------------------------------------------------------------
| Timer Settings
| --------------
------------------------------------------------------------------------------------------------

  Enable Multi Corner Analysis               :  Yes
  Enable Pessimism Removal                   :  Yes
  Pessimism Removal Resolution               :  Nearest Common Node
  Enable Input Delay Default Clock           :  No
  Enable Preset / Clear Arcs                 :  No
  Disable Flight Delays                      :  No
  Ignore I/O Paths                           :  No
  Timing Early Launch at Borrowing Latches   :  No
  Borrow Time for Max Delay Exceptions       :  Yes
  Merge Timing Exceptions                    :  Yes
  Inter-SLR Compensation                     :  Conservative

  Corner  Analyze    Analyze    
  Name    Max Paths  Min Paths  
  ------  ---------  ---------  
  Slow    Yes        Yes        
  Fast    Yes        Yes        


------------------------------------------------------------------------------------------------
| Report Methodology
| ------------------
------------------------------------------------------------------------------------------------

Rule      Severity  Description                               Violations  
--------  --------  ----------------------------------------  ----------  
SYNTH-10  Warning   Wide multiplier                           30          
SYNTH-14  Warning   DSP cannot absorb non-zero init register  9           

Note: This report is based on the most recent report_methodology run and may not be up-to-date. Run report_methodology on the current design for the latest report.



check_timing report

Table of Contents
-----------------
1. checking no_clock (0)
2. checking constant_clock (0)
3. checking pulse_width_clock (0)
4. checking unconstrained_internal_endpoints (0)
5. checking no_input_delay (0)
6. checking no_output_delay (12)
7. checking multiple_clock (0)
8. checking generated_clocks (0)
9. checking loops (0)
10. checking partial_input_delay (0)
11. checking partial_output_delay (0)
12. checking latch_loops (0)

1. checking no_clock (0)
------------------------
 There are 0 register/latch pins with no clock.


2. checking constant_clock (0)
------------------------------
 There are 0 register/latch pins with constant_clock.


3. checking pulse_width_clock (0)
---------------------------------
 There are 0 register/latch pins which need pulse_width check


4. checking unconstrained_internal_endpoints (0)
------------------------------------------------
 There are 0 pins that are not constrained for maximum delay.

 There are 0 pins that are not constrained for maximum delay due to constant clock.


5. checking no_input_delay (0)
------------------------------
 There are 0 input ports with no input delay specified.

 There are 0 input ports with no input delay but user has a false path constraint.


6. checking no_output_delay (12)
--------------------------------
 There are 12 ports with no output delay specified. (HIGH)

 There are 0 ports with no output delay but user has a false path constraint

 There are 0 ports with no output delay but with a timing clock defined on it or propagating through it


7. checking multiple_clock (0)
------------------------------
 There are 0 register/latch pins with multiple clocks.


8. checking generated_clocks (0)
--------------------------------
 There are 0 generated clocks that are not connected to a clock source.


9. checking loops (0)
---------------------
 There are 0 combinational loops in the design.


10. checking partial_input_delay (0)
------------------------------------
 There are 0 input ports with partial input delay specified.


11. checking partial_output_delay (0)
-------------------------------------
 There are 0 ports with partial output delay specified.


12. checking latch_loops (0)
----------------------------
 There are 0 combinational latch loops in the design through latch input



------------------------------------------------------------------------------------------------
| Design Timing Summary
| ---------------------
------------------------------------------------------------------------------------------------

    WNS(ns)      TNS(ns)  TNS Failing Endpoints  TNS Total Endpoints      WHS(ns)      THS(ns)  THS Failing Endpoints  THS Total Endpoints     WPWS(ns)     TPWS(ns)  TPWS Failing Endpoints  TPWS Total Endpoints  
    -------      -------  ---------------------  -------------------      -------      -------  ---------------------  -------------------     --------     --------  ----------------------  --------------------  
     14.299        0.000                      0                  118        0.066        0.000                      0                  118        3.000        0.000                       0                    73  


All user specified timing constraints are met.


------------------------------------------------------------------------------------------------
| Clock Summary
| -------------
------------------------------------------------------------------------------------------------

Clock                       Waveform(ns)       Period(ns)      Frequency(MHz)
-----                       ------------       ----------      --------------
clk100                      {0.000 5.000}      10.000          100.000         
  clk_25_clkDVIprescaler    {0.000 20.000}     40.000          25.000          
  clkfbout_clkDVIprescaler  {0.000 5.000}      10.000          100.000         


------------------------------------------------------------------------------------------------
| Intra Clock Table
| -----------------
------------------------------------------------------------------------------------------------

Clock                           WNS(ns)      TNS(ns)  TNS Failing Endpoints  TNS Total Endpoints      WHS(ns)      THS(ns)  THS Failing Endpoints  THS Total Endpoints     WPWS(ns)     TPWS(ns)  TPWS Failing Endpoints  TPWS Total Endpoints  
-----                           -------      -------  ---------------------  -------------------      -------      -------  ---------------------  -------------------     --------     --------  ----------------------  --------------------  
clk100                                                                                                                                                                        3.000        0.000                       0                     1  
  clk_25_clkDVIprescaler         14.299        0.000                      0                  118        0.066        0.000                      0                  118       19.500        0.000                       0                    69  
  clkfbout_clkDVIprescaler                                                                                                                                                    7.845        0.000                       0                     3  


------------------------------------------------------------------------------------------------
| Inter Clock Table
| -----------------
------------------------------------------------------------------------------------------------

From Clock    To Clock          WNS(ns)      TNS(ns)  TNS Failing Endpoints  TNS Total Endpoints      WHS(ns)      THS(ns)  THS Failing Endpoints  THS Total Endpoints  
----------    --------          -------      -------  ---------------------  -------------------      -------      -------  ---------------------  -------------------  


------------------------------------------------------------------------------------------------
| Other Path Groups Table
| -----------------------
------------------------------------------------------------------------------------------------

Path Group    From Clock    To Clock          WNS(ns)      TNS(ns)  TNS Failing Endpoints  TNS Total Endpoints      WHS(ns)      THS(ns)  THS Failing Endpoints  THS Total Endpoints  
----------    ----------    --------          -------      -------  ---------------------  -------------------      -------      -------  ---------------------  -------------------  


------------------------------------------------------------------------------------------------
| User Ignored Path Table
| -----------------------
------------------------------------------------------------------------------------------------

Path Group    From Clock    To Clock    
----------    ----------    --------    


------------------------------------------------------------------------------------------------
| Unconstrained Path Table
| ------------------------
------------------------------------------------------------------------------------------------

Path Group                From Clock                To Clock                
----------                ----------                --------                
(none)                    clk_25_clkDVIprescaler                              
(none)                    clkfbout_clkDVIprescaler                            


------------------------------------------------------------------------------------------------
| Timing Details
| --------------
------------------------------------------------------------------------------------------------


---------------------------------------------------------------------------------------------------
From Clock:  clk100
  To Clock:  clk100

Setup :           NA  Failing Endpoints,  Worst Slack           NA  ,  Total Violation           NA
Hold  :           NA  Failing Endpoints,  Worst Slack           NA  ,  Total Violation           NA
PW    :            0  Failing Endpoints,  Worst Slack        3.000ns,  Total Violation        0.000ns
---------------------------------------------------------------------------------------------------


Pulse Width Checks
--------------------------------------------------------------------------------------
Clock Name:         clk100
Waveform(ns):       { 0.000 5.000 }
Period(ns):         10.000
Sources:            { clk100 }

Check Type        Corner  Lib Pin            Reference Pin  Required(ns)  Actual(ns)  Slack(ns)  Location         Pin
Min Period        n/a     MMCME2_ADV/CLKIN1  n/a            1.249         10.000      8.751      MMCME2_ADV_X1Y0  prescaler_instance/inst/mmcm_adv_inst/CLKIN1
Max Period        n/a     MMCME2_ADV/CLKIN1  n/a            100.000       10.000      90.000     MMCME2_ADV_X1Y0  prescaler_instance/inst/mmcm_adv_inst/CLKIN1
Low Pulse Width   Slow    MMCME2_ADV/CLKIN1  n/a            2.000         5.000       3.000      MMCME2_ADV_X1Y0  prescaler_instance/inst/mmcm_adv_inst/CLKIN1
Low Pulse Width   Fast    MMCME2_ADV/CLKIN1  n/a            2.000         5.000       3.000      MMCME2_ADV_X1Y0  prescaler_instance/inst/mmcm_adv_inst/CLKIN1
High Pulse Width  Slow    MMCME2_ADV/CLKIN1  n/a            2.000         5.000       3.000      MMCME2_ADV_X1Y0  prescaler_instance/inst/mmcm_adv_inst/CLKIN1
High Pulse Width  Fast    MMCME2_ADV/CLKIN1  n/a            2.000         5.000       3.000      MMCME2_ADV_X1Y0  prescaler_instance/inst/mmcm_adv_inst/CLKIN1



---------------------------------------------------------------------------------------------------
From Clock:  clk_25_clkDVIprescaler
  To Clock:  clk_25_clkDVIprescaler

Setup :            0  Failing Endpoints,  Worst Slack       14.299ns,  Total Violation        0.000ns
Hold  :            0  Failing Endpoints,  Worst Slack        0.066ns,  Total Violation        0.000ns
PW    :            0  Failing Endpoints,  Worst Slack       19.500ns,  Total Violation        0.000ns
---------------------------------------------------------------------------------------------------


Max Delay Paths
--------------------------------------------------------------------------------------
Slack (MET) :             14.299ns  (required time - arrival time)
  Source:                 pixel_gen_inst/square_x_reg[7]/C
                            (rising edge-triggered cell FDRE clocked by clk_25_clkDVIprescaler  {rise@0.000ns fall@20.000ns period=40.000ns})
  Destination:            pixel_gen_inst/ball_vx_reg[8]/CE
                            (rising edge-triggered cell FDRE clocked by clk_25_clkDVIprescaler  {rise@0.000ns fall@20.000ns period=40.000ns})
  Path Group:             clk_25_clkDVIprescaler
  Path Type:              Setup (Max at Slow Process Corner)
  Requirement:            40.000ns  (clk_25_clkDVIprescaler rise@40.000ns - clk_25_clkDVIprescaler rise@0.000ns)
  Data Path Delay:        25.374ns  (logic 10.507ns (41.409%)  route 14.867ns (58.591%))
  Logic Levels:           19  (CARRY4=8 DSP48E1=2 LUT2=3 LUT4=2 LUT5=2 LUT6=2)
  Clock Path Skew:        -0.025ns (DCD - SCD + CPR)
    Destination Clock Delay (DCD):    -1.560ns = ( 38.440 - 40.000 ) 
    Source Clock Delay      (SCD):    -0.958ns
    Clock Pessimism Removal (CPR):    0.577ns
  Clock Uncertainty:      0.098ns  ((TSJ^2 + DJ^2)^1/2) / 2 + PE
    Total System Jitter     (TSJ):    0.071ns
    Discrete Jitter          (DJ):    0.182ns
    Phase Error              (PE):    0.000ns

    Location             Delay type                Incr(ns)  Path(ns)    Netlist Resource(s)
  -------------------------------------------------------------------    -------------------
                         (clock clk_25_clkDVIprescaler rise edge)
                                                      0.000     0.000 r  
    W5                                                0.000     0.000 r  clk100 (IN)
                         net (fo=0)                   0.000     0.000    prescaler_instance/inst/clk_100
    W5                   IBUF (Prop_ibuf_I_O)         1.458     1.458 r  prescaler_instance/inst/clkin1_ibufg/O
                         net (fo=1, routed)           1.233     2.691    prescaler_instance/inst/clk_100_clkDVIprescaler
    MMCME2_ADV_X1Y0      MMCME2_ADV (Prop_mmcme2_adv_CLKIN1_CLKOUT0)
                                                     -6.961    -4.269 r  prescaler_instance/inst/mmcm_adv_inst/CLKOUT0
                         net (fo=1, routed)           1.661    -2.608    prescaler_instance/inst/clk_25_clkDVIprescaler
    BUFGCTRL_X0Y0        BUFG (Prop_bufg_I_O)         0.096    -2.512 r  prescaler_instance/inst/clkout1_buf/O
                         net (fo=69, routed)          1.554    -0.958    pixel_gen_inst/clk_25
    SLICE_X32Y50         FDRE                                         r  pixel_gen_inst/square_x_reg[7]/C
  -------------------------------------------------------------------    -------------------
    SLICE_X32Y50         FDRE (Prop_fdre_C_Q)         0.456    -0.502 r  pixel_gen_inst/square_x_reg[7]/Q
                         net (fo=28, routed)          2.914     2.412    pixel_gen_inst/square_x_reg[9]_0[7]
    SLICE_X47Y31         LUT4 (Prop_lut4_I2_O)        0.124     2.536 r  pixel_gen_inst/i__carry_i_7__7/O
                         net (fo=2, routed)           0.738     3.274    pixel_gen_inst/i__carry_i_7__7_n_0
    SLICE_X48Y31         LUT5 (Prop_lut5_I4_O)        0.124     3.398 r  pixel_gen_inst/i__carry_i_5__10/O
                         net (fo=8, routed)           0.458     3.856    pixel_gen_inst/i__carry_i_5__10_n_0
    SLICE_X48Y31         LUT4 (Prop_lut4_I0_O)        0.124     3.980 f  pixel_gen_inst/i__carry_i_5__4/O
                         net (fo=5, routed)           1.954     5.934    pixel_gen_inst/i__carry_i_5__4_n_0
    SLICE_X12Y29         LUT5 (Prop_lut5_I3_O)        0.124     6.058 r  pixel_gen_inst/i__carry_i_1__24/O
                         net (fo=1, routed)           0.000     6.058    pixel_gen_inst/i__carry_i_1__24_n_0
    SLICE_X12Y29         CARRY4 (Prop_carry4_S[3]_CO[3])
                                                      0.376     6.434 r  pixel_gen_inst/circle_rect_collision2_inferred__4/i__carry/CO[3]
                         net (fo=1, routed)           0.000     6.434    pixel_gen_inst/circle_rect_collision2_inferred__4/i__carry_n_0
    SLICE_X12Y30         CARRY4 (Prop_carry4_CI_CO[3])
                                                      0.117     6.551 r  pixel_gen_inst/circle_rect_collision2_inferred__4/i__carry__0/CO[3]
                         net (fo=1, routed)           0.000     6.551    pixel_gen_inst/circle_rect_collision2_inferred__4/i__carry__0_n_0
    SLICE_X12Y31         CARRY4 (Prop_carry4_CI_O[1])
                                                      0.323     6.874 r  pixel_gen_inst/circle_rect_collision2_inferred__4/i__carry__1/O[1]
                         net (fo=68, routed)          1.129     8.003    pixel_gen_inst/circle_rect_collision2_inferred__4/i__carry__1_n_6
    DSP48_X0Y12          DSP48E1 (Prop_dsp48e1_B[13]_PCOUT[47])
                                                      4.033    12.036 r  pixel_gen_inst/circle_rect_collision1__15/PCOUT[47]
                         net (fo=1, routed)           0.002    12.038    pixel_gen_inst/circle_rect_collision1__15_n_106
    DSP48_X0Y13          DSP48E1 (Prop_dsp48e1_PCIN[47]_P[3])
                                                      1.518    13.556 r  pixel_gen_inst/circle_rect_collision1__16/P[3]
                         net (fo=2, routed)           1.380    14.936    pixel_gen_inst/circle_rect_collision1__16_n_102
    SLICE_X12Y36         LUT2 (Prop_lut2_I0_O)        0.124    15.060 r  pixel_gen_inst/i__carry__0_i_4__11/O
                         net (fo=1, routed)           0.000    15.060    pixel_gen_inst/i__carry__0_i_4__11_n_0
    SLICE_X12Y36         CARRY4 (Prop_carry4_S[0]_CO[3])
                                                      0.513    15.573 r  pixel_gen_inst/circle_rect_collision1_inferred__3/i__carry__0/CO[3]
                         net (fo=1, routed)           0.000    15.573    pixel_gen_inst/circle_rect_collision1_inferred__3/i__carry__0_n_0
    SLICE_X12Y37         CARRY4 (Prop_carry4_CI_O[3])
                                                      0.315    15.888 r  pixel_gen_inst/circle_rect_collision1_inferred__3/i__carry__1/O[3]
                         net (fo=2, routed)           0.847    16.735    pixel_gen_inst/circle_rect_collision1_inferred__3/i__carry__1_n_4
    SLICE_X11Y37         LUT2 (Prop_lut2_I0_O)        0.307    17.042 r  pixel_gen_inst/i__carry__5_i_1__0/O
                         net (fo=1, routed)           0.000    17.042    pixel_gen_inst/i__carry__5_i_1__0_n_0
    SLICE_X11Y37         CARRY4 (Prop_carry4_S[3]_CO[3])
                                                      0.401    17.443 r  pixel_gen_inst/circle_rect_collision0_inferred__1/i__carry__5/CO[3]
                         net (fo=1, routed)           0.000    17.443    pixel_gen_inst/circle_rect_collision0_inferred__1/i__carry__5_n_0
    SLICE_X11Y38         CARRY4 (Prop_carry4_CI_O[0])
                                                      0.222    17.665 f  pixel_gen_inst/circle_rect_collision0_inferred__1/i__carry__6/O[0]
                         net (fo=1, routed)           0.948    18.613    pixel_gen_inst/circle_rect_collision0_inferred__1/i__carry__6_n_7
    SLICE_X9Y36          LUT2 (Prop_lut2_I0_O)        0.299    18.912 r  pixel_gen_inst/i__carry__2_i_2__0/O
                         net (fo=1, routed)           0.000    18.912    pixel_gen_inst/i__carry__2_i_2__0_n_0
    SLICE_X9Y36          CARRY4 (Prop_carry4_S[1]_CO[2])
                                                      0.570    19.482 r  pixel_gen_inst/circle_rect_collision_inferred__1/i__carry__2/CO[2]
                         net (fo=1, routed)           2.409    21.891    pixel_gen_inst/circle_rect_collision_inferred__1/i__carry__2_n_1
    SLICE_X51Y48         LUT6 (Prop_lut6_I5_O)        0.313    22.204 r  pixel_gen_inst/ball_vy[9]_i_4/O
                         net (fo=2, routed)           1.158    23.361    pixel_gen_inst/ball_vy[9]_i_4_n_0
    SLICE_X36Y49         LUT6 (Prop_lut6_I1_O)        0.124    23.485 r  pixel_gen_inst/ball_vx[9]_i_1/O
                         net (fo=10, routed)          0.931    24.416    pixel_gen_inst/ball_vx[9]_i_1_n_0
    SLICE_X33Y51         FDRE                                         r  pixel_gen_inst/ball_vx_reg[8]/CE
  -------------------------------------------------------------------    -------------------

                         (clock clk_25_clkDVIprescaler rise edge)
                                                     40.000    40.000 r  
    W5                                                0.000    40.000 r  clk100 (IN)
                         net (fo=0)                   0.000    40.000    prescaler_instance/inst/clk_100
    W5                   IBUF (Prop_ibuf_I_O)         1.388    41.388 r  prescaler_instance/inst/clkin1_ibufg/O
                         net (fo=1, routed)           1.162    42.550    prescaler_instance/inst/clk_100_clkDVIprescaler
    MMCME2_ADV_X1Y0      MMCME2_ADV (Prop_mmcme2_adv_CLKIN1_CLKOUT0)
                                                     -7.217    35.332 r  prescaler_instance/inst/mmcm_adv_inst/CLKOUT0
                         net (fo=1, routed)           1.581    36.914    prescaler_instance/inst/clk_25_clkDVIprescaler
    BUFGCTRL_X0Y0        BUFG (Prop_bufg_I_O)         0.091    37.005 r  prescaler_instance/inst/clkout1_buf/O
                         net (fo=69, routed)          1.436    38.440    pixel_gen_inst/clk_25
    SLICE_X33Y51         FDRE                                         r  pixel_gen_inst/ball_vx_reg[8]/C
                         clock pessimism              0.577    39.017    
                         clock uncertainty           -0.098    38.920    
    SLICE_X33Y51         FDRE (Setup_fdre_C_CE)      -0.205    38.715    pixel_gen_inst/ball_vx_reg[8]
  -------------------------------------------------------------------
                         required time                         38.715    
                         arrival time                         -24.416    
  -------------------------------------------------------------------
                         slack                                 14.299    

Slack (MET) :             14.299ns  (required time - arrival time)
  Source:                 pixel_gen_inst/square_x_reg[7]/C
                            (rising edge-triggered cell FDRE clocked by clk_25_clkDVIprescaler  {rise@0.000ns fall@20.000ns period=40.000ns})
  Destination:            pixel_gen_inst/ball_vx_reg[9]/CE
                            (rising edge-triggered cell FDRE clocked by clk_25_clkDVIprescaler  {rise@0.000ns fall@20.000ns period=40.000ns})
  Path Group:             clk_25_clkDVIprescaler
  Path Type:              Setup (Max at Slow Process Corner)
  Requirement:            40.000ns  (clk_25_clkDVIprescaler rise@40.000ns - clk_25_clkDVIprescaler rise@0.000ns)
  Data Path Delay:        25.374ns  (logic 10.507ns (41.409%)  route 14.867ns (58.591%))
  Logic Levels:           19  (CARRY4=8 DSP48E1=2 LUT2=3 LUT4=2 LUT5=2 LUT6=2)
  Clock Path Skew:        -0.025ns (DCD - SCD + CPR)
    Destination Clock Delay (DCD):    -1.560ns = ( 38.440 - 40.000 ) 
    Source Clock Delay      (SCD):    -0.958ns
    Clock Pessimism Removal (CPR):    0.577ns
  Clock Uncertainty:      0.098ns  ((TSJ^2 + DJ^2)^1/2) / 2 + PE
    Total System Jitter     (TSJ):    0.071ns
    Discrete Jitter          (DJ):    0.182ns
    Phase Error              (PE):    0.000ns

    Location             Delay type                Incr(ns)  Path(ns)    Netlist Resource(s)
  -------------------------------------------------------------------    -------------------
                         (clock clk_25_clkDVIprescaler rise edge)
                                                      0.000     0.000 r  
    W5                                                0.000     0.000 r  clk100 (IN)
                         net (fo=0)                   0.000     0.000    prescaler_instance/inst/clk_100
    W5                   IBUF (Prop_ibuf_I_O)         1.458     1.458 r  prescaler_instance/inst/clkin1_ibufg/O
                         net (fo=1, routed)           1.233     2.691    prescaler_instance/inst/clk_100_clkDVIprescaler
    MMCME2_ADV_X1Y0      MMCME2_ADV (Prop_mmcme2_adv_CLKIN1_CLKOUT0)
                                                     -6.961    -4.269 r  prescaler_instance/inst/mmcm_adv_inst/CLKOUT0
                         net (fo=1, routed)           1.661    -2.608    prescaler_instance/inst/clk_25_clkDVIprescaler
    BUFGCTRL_X0Y0        BUFG (Prop_bufg_I_O)         0.096    -2.512 r  prescaler_instance/inst/clkout1_buf/O
                         net (fo=69, routed)          1.554    -0.958    pixel_gen_inst/clk_25
    SLICE_X32Y50         FDRE                                         r  pixel_gen_inst/square_x_reg[7]/C
  -------------------------------------------------------------------    -------------------
    SLICE_X32Y50         FDRE (Prop_fdre_C_Q)         0.456    -0.502 r  pixel_gen_inst/square_x_reg[7]/Q
                         net (fo=28, routed)          2.914     2.412    pixel_gen_inst/square_x_reg[9]_0[7]
    SLICE_X47Y31         LUT4 (Prop_lut4_I2_O)        0.124     2.536 r  pixel_gen_inst/i__carry_i_7__7/O
                         net (fo=2, routed)           0.738     3.274    pixel_gen_inst/i__carry_i_7__7_n_0
    SLICE_X48Y31         LUT5 (Prop_lut5_I4_O)        0.124     3.398 r  pixel_gen_inst/i__carry_i_5__10/O
                         net (fo=8, routed)           0.458     3.856    pixel_gen_inst/i__carry_i_5__10_n_0
    SLICE_X48Y31         LUT4 (Prop_lut4_I0_O)        0.124     3.980 f  pixel_gen_inst/i__carry_i_5__4/O
                         net (fo=5, routed)           1.954     5.934    pixel_gen_inst/i__carry_i_5__4_n_0
    SLICE_X12Y29         LUT5 (Prop_lut5_I3_O)        0.124     6.058 r  pixel_gen_inst/i__carry_i_1__24/O
                         net (fo=1, routed)           0.000     6.058    pixel_gen_inst/i__carry_i_1__24_n_0
    SLICE_X12Y29         CARRY4 (Prop_carry4_S[3]_CO[3])
                                                      0.376     6.434 r  pixel_gen_inst/circle_rect_collision2_inferred__4/i__carry/CO[3]
                         net (fo=1, routed)           0.000     6.434    pixel_gen_inst/circle_rect_collision2_inferred__4/i__carry_n_0
    SLICE_X12Y30         CARRY4 (Prop_carry4_CI_CO[3])
                                                      0.117     6.551 r  pixel_gen_inst/circle_rect_collision2_inferred__4/i__carry__0/CO[3]
                         net (fo=1, routed)           0.000     6.551    pixel_gen_inst/circle_rect_collision2_inferred__4/i__carry__0_n_0
    SLICE_X12Y31         CARRY4 (Prop_carry4_CI_O[1])
                                                      0.323     6.874 r  pixel_gen_inst/circle_rect_collision2_inferred__4/i__carry__1/O[1]
                         net (fo=68, routed)          1.129     8.003    pixel_gen_inst/circle_rect_collision2_inferred__4/i__carry__1_n_6
    DSP48_X0Y12          DSP48E1 (Prop_dsp48e1_B[13]_PCOUT[47])
                                                      4.033    12.036 r  pixel_gen_inst/circle_rect_collision1__15/PCOUT[47]
                         net (fo=1, routed)           0.002    12.038    pixel_gen_inst/circle_rect_collision1__15_n_106
    DSP48_X0Y13          DSP48E1 (Prop_dsp48e1_PCIN[47]_P[3])
                                                      1.518    13.556 r  pixel_gen_inst/circle_rect_collision1__16/P[3]
                         net (fo=2, routed)           1.380    14.936    pixel_gen_inst/circle_rect_collision1__16_n_102
    SLICE_X12Y36         LUT2 (Prop_lut2_I0_O)        0.124    15.060 r  pixel_gen_inst/i__carry__0_i_4__11/O
                         net (fo=1, routed)           0.000    15.060    pixel_gen_inst/i__carry__0_i_4__11_n_0
    SLICE_X12Y36         CARRY4 (Prop_carry4_S[0]_CO[3])
                                                      0.513    15.573 r  pixel_gen_inst/circle_rect_collision1_inferred__3/i__carry__0/CO[3]
                         net (fo=1, routed)           0.000    15.573    pixel_gen_inst/circle_rect_collision1_inferred__3/i__carry__0_n_0
    SLICE_X12Y37         CARRY4 (Prop_carry4_CI_O[3])
                                                      0.315    15.888 r  pixel_gen_inst/circle_rect_collision1_inferred__3/i__carry__1/O[3]
                         net (fo=2, routed)           0.847    16.735    pixel_gen_inst/circle_rect_collision1_inferred__3/i__carry__1_n_4
    SLICE_X11Y37         LUT2 (Prop_lut2_I0_O)        0.307    17.042 r  pixel_gen_inst/i__carry__5_i_1__0/O
                         net (fo=1, routed)           0.000    17.042    pixel_gen_inst/i__carry__5_i_1__0_n_0
    SLICE_X11Y37         CARRY4 (Prop_carry4_S[3]_CO[3])
                                                      0.401    17.443 r  pixel_gen_inst/circle_rect_collision0_inferred__1/i__carry__5/CO[3]
                         net (fo=1, routed)           0.000    17.443    pixel_gen_inst/circle_rect_collision0_inferred__1/i__carry__5_n_0
    SLICE_X11Y38         CARRY4 (Prop_carry4_CI_O[0])
                                                      0.222    17.665 f  pixel_gen_inst/circle_rect_collision0_inferred__1/i__carry__6/O[0]
                         net (fo=1, routed)           0.948    18.613    pixel_gen_inst/circle_rect_collision0_inferred__1/i__carry__6_n_7
    SLICE_X9Y36          LUT2 (Prop_lut2_I0_O)        0.299    18.912 r  pixel_gen_inst/i__carry__2_i_2__0/O
                         net (fo=1, routed)           0.000    18.912    pixel_gen_inst/i__carry__2_i_2__0_n_0
    SLICE_X9Y36          CARRY4 (Prop_carry4_S[1]_CO[2])
                                                      0.570    19.482 r  pixel_gen_inst/circle_rect_collision_inferred__1/i__carry__2/CO[2]
                         net (fo=1, routed)           2.409    21.891    pixel_gen_inst/circle_rect_collision_inferred__1/i__carry__2_n_1
    SLICE_X51Y48         LUT6 (Prop_lut6_I5_O)        0.313    22.204 r  pixel_gen_inst/ball_vy[9]_i_4/O
                         net (fo=2, routed)           1.158    23.361    pixel_gen_inst/ball_vy[9]_i_4_n_0
    SLICE_X36Y49         LUT6 (Prop_lut6_I1_O)        0.124    23.485 r  pixel_gen_inst/ball_vx[9]_i_1/O
                         net (fo=10, routed)          0.931    24.416    pixel_gen_inst/ball_vx[9]_i_1_n_0
    SLICE_X33Y51         FDRE                                         r  pixel_gen_inst/ball_vx_reg[9]/CE
  -------------------------------------------------------------------    -------------------

                         (clock clk_25_clkDVIprescaler rise edge)
                                                     40.000    40.000 r  
    W5                                                0.000    40.000 r  clk100 (IN)
                         net (fo=0)                   0.000    40.000    prescaler_instance/inst/clk_100
    W5                   IBUF (Prop_ibuf_I_O)         1.388    41.388 r  prescaler_instance/inst/clkin1_ibufg/O
                         net (fo=1, routed)           1.162    42.550    prescaler_instance/inst/clk_100_clkDVIprescaler
    MMCME2_ADV_X1Y0      MMCME2_ADV (Prop_mmcme2_adv_CLKIN1_CLKOUT0)
                                                     -7.217    35.332 r  prescaler_instance/inst/mmcm_adv_inst/CLKOUT0
                         net (fo=1, routed)           1.581    36.914    prescaler_instance/inst/clk_25_clkDVIprescaler
    BUFGCTRL_X0Y0        BUFG (Prop_bufg_I_O)         0.091    37.005 r  prescaler_instance/inst/clkout1_buf/O
                         net (fo=69, routed)          1.436    38.440    pixel_gen_inst/clk_25
    SLICE_X33Y51         FDRE                                         r  pixel_gen_inst/ball_vx_reg[9]/C
                         clock pessimism              0.577    39.017    
                         clock uncertainty           -0.098    38.920    
    SLICE_X33Y51         FDRE (Setup_fdre_C_CE)      -0.205    38.715    pixel_gen_inst/ball_vx_reg[9]
  -------------------------------------------------------------------
                         required time                         38.715    
                         arrival time                         -24.416    
  -------------------------------------------------------------------
                         slack                                 14.299    

Slack (MET) :             14.442ns  (required time - arrival time)
  Source:                 pixel_gen_inst/square_x_reg[7]/C
                            (rising edge-triggered cell FDRE clocked by clk_25_clkDVIprescaler  {rise@0.000ns fall@20.000ns period=40.000ns})
  Destination:            pixel_gen_inst/ball_vx_reg[4]/CE
                            (rising edge-triggered cell FDRE clocked by clk_25_clkDVIprescaler  {rise@0.000ns fall@20.000ns period=40.000ns})
  Path Group:             clk_25_clkDVIprescaler
  Path Type:              Setup (Max at Slow Process Corner)
  Requirement:            40.000ns  (clk_25_clkDVIprescaler rise@40.000ns - clk_25_clkDVIprescaler rise@0.000ns)
  Data Path Delay:        25.233ns  (logic 10.507ns (41.640%)  route 14.726ns (58.360%))
  Logic Levels:           19  (CARRY4=8 DSP48E1=2 LUT2=3 LUT4=2 LUT5=2 LUT6=2)
  Clock Path Skew:        -0.022ns (DCD - SCD + CPR)
    Destination Clock Delay (DCD):    -1.560ns = ( 38.440 - 40.000 ) 
    Source Clock Delay      (SCD):    -0.958ns
    Clock Pessimism Removal (CPR):    0.580ns
  Clock Uncertainty:      0.098ns  ((TSJ^2 + DJ^2)^1/2) / 2 + PE
    Total System Jitter     (TSJ):    0.071ns
    Discrete Jitter          (DJ):    0.182ns
    Phase Error              (PE):    0.000ns

    Location             Delay type                Incr(ns)  Path(ns)    Netlist Resource(s)
  -------------------------------------------------------------------    -------------------
                         (clock clk_25_clkDVIprescaler rise edge)
                                                      0.000     0.000 r  
    W5                                                0.000     0.000 r  clk100 (IN)
                         net (fo=0)                   0.000     0.000    prescaler_instance/inst/clk_100
    W5                   IBUF (Prop_ibuf_I_O)         1.458     1.458 r  prescaler_instance/inst/clkin1_ibufg/O
                         net (fo=1, routed)           1.233     2.691    prescaler_instance/inst/clk_100_clkDVIprescaler
    MMCME2_ADV_X1Y0      MMCME2_ADV (Prop_mmcme2_adv_CLKIN1_CLKOUT0)
                                                     -6.961    -4.269 r  prescaler_instance/inst/mmcm_adv_inst/CLKOUT0
                         net (fo=1, routed)           1.661    -2.608    prescaler_instance/inst/clk_25_clkDVIprescaler
    BUFGCTRL_X0Y0        BUFG (Prop_bufg_I_O)         0.096    -2.512 r  prescaler_instance/inst/clkout1_buf/O
                         net (fo=69, routed)          1.554    -0.958    pixel_gen_inst/clk_25
    SLICE_X32Y50         FDRE                                         r  pixel_gen_inst/square_x_reg[7]/C
  -------------------------------------------------------------------    -------------------
    SLICE_X32Y50         FDRE (Prop_fdre_C_Q)         0.456    -0.502 r  pixel_gen_inst/square_x_reg[7]/Q
                         net (fo=28, routed)          2.914     2.412    pixel_gen_inst/square_x_reg[9]_0[7]
    SLICE_X47Y31         LUT4 (Prop_lut4_I2_O)        0.124     2.536 r  pixel_gen_inst/i__carry_i_7__7/O
                         net (fo=2, routed)           0.738     3.274    pixel_gen_inst/i__carry_i_7__7_n_0
    SLICE_X48Y31         LUT5 (Prop_lut5_I4_O)        0.124     3.398 r  pixel_gen_inst/i__carry_i_5__10/O
                         net (fo=8, routed)           0.458     3.856    pixel_gen_inst/i__carry_i_5__10_n_0
    SLICE_X48Y31         LUT4 (Prop_lut4_I0_O)        0.124     3.980 f  pixel_gen_inst/i__carry_i_5__4/O
                         net (fo=5, routed)           1.954     5.934    pixel_gen_inst/i__carry_i_5__4_n_0
    SLICE_X12Y29         LUT5 (Prop_lut5_I3_O)        0.124     6.058 r  pixel_gen_inst/i__carry_i_1__24/O
                         net (fo=1, routed)           0.000     6.058    pixel_gen_inst/i__carry_i_1__24_n_0
    SLICE_X12Y29         CARRY4 (Prop_carry4_S[3]_CO[3])
                                                      0.376     6.434 r  pixel_gen_inst/circle_rect_collision2_inferred__4/i__carry/CO[3]
                         net (fo=1, routed)           0.000     6.434    pixel_gen_inst/circle_rect_collision2_inferred__4/i__carry_n_0
    SLICE_X12Y30         CARRY4 (Prop_carry4_CI_CO[3])
                                                      0.117     6.551 r  pixel_gen_inst/circle_rect_collision2_inferred__4/i__carry__0/CO[3]
                         net (fo=1, routed)           0.000     6.551    pixel_gen_inst/circle_rect_collision2_inferred__4/i__carry__0_n_0
    SLICE_X12Y31         CARRY4 (Prop_carry4_CI_O[1])
                                                      0.323     6.874 r  pixel_gen_inst/circle_rect_collision2_inferred__4/i__carry__1/O[1]
                         net (fo=68, routed)          1.129     8.003    pixel_gen_inst/circle_rect_collision2_inferred__4/i__carry__1_n_6
    DSP48_X0Y12          DSP48E1 (Prop_dsp48e1_B[13]_PCOUT[47])
                                                      4.033    12.036 r  pixel_gen_inst/circle_rect_collision1__15/PCOUT[47]
                         net (fo=1, routed)           0.002    12.038    pixel_gen_inst/circle_rect_collision1__15_n_106
    DSP48_X0Y13          DSP48E1 (Prop_dsp48e1_PCIN[47]_P[3])
                                                      1.518    13.556 r  pixel_gen_inst/circle_rect_collision1__16/P[3]
                         net (fo=2, routed)           1.380    14.936    pixel_gen_inst/circle_rect_collision1__16_n_102
    SLICE_X12Y36         LUT2 (Prop_lut2_I0_O)        0.124    15.060 r  pixel_gen_inst/i__carry__0_i_4__11/O
                         net (fo=1, routed)           0.000    15.060    pixel_gen_inst/i__carry__0_i_4__11_n_0
    SLICE_X12Y36         CARRY4 (Prop_carry4_S[0]_CO[3])
                                                      0.513    15.573 r  pixel_gen_inst/circle_rect_collision1_inferred__3/i__carry__0/CO[3]
                         net (fo=1, routed)           0.000    15.573    pixel_gen_inst/circle_rect_collision1_inferred__3/i__carry__0_n_0
    SLICE_X12Y37         CARRY4 (Prop_carry4_CI_O[3])
                                                      0.315    15.888 r  pixel_gen_inst/circle_rect_collision1_inferred__3/i__carry__1/O[3]
                         net (fo=2, routed)           0.847    16.735    pixel_gen_inst/circle_rect_collision1_inferred__3/i__carry__1_n_4
    SLICE_X11Y37         LUT2 (Prop_lut2_I0_O)        0.307    17.042 r  pixel_gen_inst/i__carry__5_i_1__0/O
                         net (fo=1, routed)           0.000    17.042    pixel_gen_inst/i__carry__5_i_1__0_n_0
    SLICE_X11Y37         CARRY4 (Prop_carry4_S[3]_CO[3])
                                                      0.401    17.443 r  pixel_gen_inst/circle_rect_collision0_inferred__1/i__carry__5/CO[3]
                         net (fo=1, routed)           0.000    17.443    pixel_gen_inst/circle_rect_collision0_inferred__1/i__carry__5_n_0
    SLICE_X11Y38         CARRY4 (Prop_carry4_CI_O[0])
                                                      0.222    17.665 f  pixel_gen_inst/circle_rect_collision0_inferred__1/i__carry__6/O[0]
                         net (fo=1, routed)           0.948    18.613    pixel_gen_inst/circle_rect_collision0_inferred__1/i__carry__6_n_7
    SLICE_X9Y36          LUT2 (Prop_lut2_I0_O)        0.299    18.912 r  pixel_gen_inst/i__carry__2_i_2__0/O
                         net (fo=1, routed)           0.000    18.912    pixel_gen_inst/i__carry__2_i_2__0_n_0
    SLICE_X9Y36          CARRY4 (Prop_carry4_S[1]_CO[2])
                                                      0.570    19.482 r  pixel_gen_inst/circle_rect_collision_inferred__1/i__carry__2/CO[2]
                         net (fo=1, routed)           2.409    21.891    pixel_gen_inst/circle_rect_collision_inferred__1/i__carry__2_n_1
    SLICE_X51Y48         LUT6 (Prop_lut6_I5_O)        0.313    22.204 r  pixel_gen_inst/ball_vy[9]_i_4/O
                         net (fo=2, routed)           1.158    23.361    pixel_gen_inst/ball_vy[9]_i_4_n_0
    SLICE_X36Y49         LUT6 (Prop_lut6_I1_O)        0.124    23.485 r  pixel_gen_inst/ball_vx[9]_i_1/O
                         net (fo=10, routed)          0.790    24.275    pixel_gen_inst/ball_vx[9]_i_1_n_0
    SLICE_X33Y50         FDRE                                         r  pixel_gen_inst/ball_vx_reg[4]/CE
  -------------------------------------------------------------------    -------------------

                         (clock clk_25_clkDVIprescaler rise edge)
                                                     40.000    40.000 r  
    W5                                                0.000    40.000 r  clk100 (IN)
                         net (fo=0)                   0.000    40.000    prescaler_instance/inst/clk_100
    W5                   IBUF (Prop_ibuf_I_O)         1.388    41.388 r  prescaler_instance/inst/clkin1_ibufg/O
                         net (fo=1, routed)           1.162    42.550    prescaler_instance/inst/clk_100_clkDVIprescaler
    MMCME2_ADV_X1Y0      MMCME2_ADV (Prop_mmcme2_adv_CLKIN1_CLKOUT0)
                                                     -7.217    35.332 r  prescaler_instance/inst/mmcm_adv_inst/CLKOUT0
                         net (fo=1, routed)           1.581    36.914    prescaler_instance/inst/clk_25_clkDVIprescaler
    BUFGCTRL_X0Y0        BUFG (Prop_bufg_I_O)         0.091    37.005 r  prescaler_instance/inst/clkout1_buf/O
                         net (fo=69, routed)          1.436    38.440    pixel_gen_inst/clk_25
    SLICE_X33Y50         FDRE                                         r  pixel_gen_inst/ball_vx_reg[4]/C
                         clock pessimism              0.580    39.020    
                         clock uncertainty           -0.098    38.923    
    SLICE_X33Y50         FDRE (Setup_fdre_C_CE)      -0.205    38.718    pixel_gen_inst/ball_vx_reg[4]
  -------------------------------------------------------------------
                         required time                         38.718    
                         arrival time                         -24.275    
  -------------------------------------------------------------------
                         slack                                 14.442    

Slack (MET) :             14.442ns  (required time - arrival time)
  Source:                 pixel_gen_inst/square_x_reg[7]/C
                            (rising edge-triggered cell FDRE clocked by clk_25_clkDVIprescaler  {rise@0.000ns fall@20.000ns period=40.000ns})
  Destination:            pixel_gen_inst/ball_vx_reg[5]/CE
                            (rising edge-triggered cell FDRE clocked by clk_25_clkDVIprescaler  {rise@0.000ns fall@20.000ns period=40.000ns})
  Path Group:             clk_25_clkDVIprescaler
  Path Type:              Setup (Max at Slow Process Corner)
  Requirement:            40.000ns  (clk_25_clkDVIprescaler rise@40.000ns - clk_25_clkDVIprescaler rise@0.000ns)
  Data Path Delay:        25.233ns  (logic 10.507ns (41.640%)  route 14.726ns (58.360%))
  Logic Levels:           19  (CARRY4=8 DSP48E1=2 LUT2=3 LUT4=2 LUT5=2 LUT6=2)
  Clock Path Skew:        -0.022ns (DCD - SCD + CPR)
    Destination Clock Delay (DCD):    -1.560ns = ( 38.440 - 40.000 ) 
    Source Clock Delay      (SCD):    -0.958ns
    Clock Pessimism Removal (CPR):    0.580ns
  Clock Uncertainty:      0.098ns  ((TSJ^2 + DJ^2)^1/2) / 2 + PE
    Total System Jitter     (TSJ):    0.071ns
    Discrete Jitter          (DJ):    0.182ns
    Phase Error              (PE):    0.000ns

    Location             Delay type                Incr(ns)  Path(ns)    Netlist Resource(s)
  -------------------------------------------------------------------    -------------------
                         (clock clk_25_clkDVIprescaler rise edge)
                                                      0.000     0.000 r  
    W5                                                0.000     0.000 r  clk100 (IN)
                         net (fo=0)                   0.000     0.000    prescaler_instance/inst/clk_100
    W5                   IBUF (Prop_ibuf_I_O)         1.458     1.458 r  prescaler_instance/inst/clkin1_ibufg/O
                         net (fo=1, routed)           1.233     2.691    prescaler_instance/inst/clk_100_clkDVIprescaler
    MMCME2_ADV_X1Y0      MMCME2_ADV (Prop_mmcme2_adv_CLKIN1_CLKOUT0)
                                                     -6.961    -4.269 r  prescaler_instance/inst/mmcm_adv_inst/CLKOUT0
                         net (fo=1, routed)           1.661    -2.608    prescaler_instance/inst/clk_25_clkDVIprescaler
    BUFGCTRL_X0Y0        BUFG (Prop_bufg_I_O)         0.096    -2.512 r  prescaler_instance/inst/clkout1_buf/O
                         net (fo=69, routed)          1.554    -0.958    pixel_gen_inst/clk_25
    SLICE_X32Y50         FDRE                                         r  pixel_gen_inst/square_x_reg[7]/C
  -------------------------------------------------------------------    -------------------
    SLICE_X32Y50         FDRE (Prop_fdre_C_Q)         0.456    -0.502 r  pixel_gen_inst/square_x_reg[7]/Q
                         net (fo=28, routed)          2.914     2.412    pixel_gen_inst/square_x_reg[9]_0[7]
    SLICE_X47Y31         LUT4 (Prop_lut4_I2_O)        0.124     2.536 r  pixel_gen_inst/i__carry_i_7__7/O
                         net (fo=2, routed)           0.738     3.274    pixel_gen_inst/i__carry_i_7__7_n_0
    SLICE_X48Y31         LUT5 (Prop_lut5_I4_O)        0.124     3.398 r  pixel_gen_inst/i__carry_i_5__10/O
                         net (fo=8, routed)           0.458     3.856    pixel_gen_inst/i__carry_i_5__10_n_0
    SLICE_X48Y31         LUT4 (Prop_lut4_I0_O)        0.124     3.980 f  pixel_gen_inst/i__carry_i_5__4/O
                         net (fo=5, routed)           1.954     5.934    pixel_gen_inst/i__carry_i_5__4_n_0
    SLICE_X12Y29         LUT5 (Prop_lut5_I3_O)        0.124     6.058 r  pixel_gen_inst/i__carry_i_1__24/O
                         net (fo=1, routed)           0.000     6.058    pixel_gen_inst/i__carry_i_1__24_n_0
    SLICE_X12Y29         CARRY4 (Prop_carry4_S[3]_CO[3])
                                                      0.376     6.434 r  pixel_gen_inst/circle_rect_collision2_inferred__4/i__carry/CO[3]
                         net (fo=1, routed)           0.000     6.434    pixel_gen_inst/circle_rect_collision2_inferred__4/i__carry_n_0
    SLICE_X12Y30         CARRY4 (Prop_carry4_CI_CO[3])
                                                      0.117     6.551 r  pixel_gen_inst/circle_rect_collision2_inferred__4/i__carry__0/CO[3]
                         net (fo=1, routed)           0.000     6.551    pixel_gen_inst/circle_rect_collision2_inferred__4/i__carry__0_n_0
    SLICE_X12Y31         CARRY4 (Prop_carry4_CI_O[1])
                                                      0.323     6.874 r  pixel_gen_inst/circle_rect_collision2_inferred__4/i__carry__1/O[1]
                         net (fo=68, routed)          1.129     8.003    pixel_gen_inst/circle_rect_collision2_inferred__4/i__carry__1_n_6
    DSP48_X0Y12          DSP48E1 (Prop_dsp48e1_B[13]_PCOUT[47])
                                                      4.033    12.036 r  pixel_gen_inst/circle_rect_collision1__15/PCOUT[47]
                         net (fo=1, routed)           0.002    12.038    pixel_gen_inst/circle_rect_collision1__15_n_106
    DSP48_X0Y13          DSP48E1 (Prop_dsp48e1_PCIN[47]_P[3])
                                                      1.518    13.556 r  pixel_gen_inst/circle_rect_collision1__16/P[3]
                         net (fo=2, routed)           1.380    14.936    pixel_gen_inst/circle_rect_collision1__16_n_102
    SLICE_X12Y36         LUT2 (Prop_lut2_I0_O)        0.124    15.060 r  pixel_gen_inst/i__carry__0_i_4__11/O
                         net (fo=1, routed)           0.000    15.060    pixel_gen_inst/i__carry__0_i_4__11_n_0
    SLICE_X12Y36         CARRY4 (Prop_carry4_S[0]_CO[3])
                                                      0.513    15.573 r  pixel_gen_inst/circle_rect_collision1_inferred__3/i__carry__0/CO[3]
                         net (fo=1, routed)           0.000    15.573    pixel_gen_inst/circle_rect_collision1_inferred__3/i__carry__0_n_0
    SLICE_X12Y37         CARRY4 (Prop_carry4_CI_O[3])
                                                      0.315    15.888 r  pixel_gen_inst/circle_rect_collision1_inferred__3/i__carry__1/O[3]
                         net (fo=2, routed)           0.847    16.735    pixel_gen_inst/circle_rect_collision1_inferred__3/i__carry__1_n_4
    SLICE_X11Y37         LUT2 (Prop_lut2_I0_O)        0.307    17.042 r  pixel_gen_inst/i__carry__5_i_1__0/O
                         net (fo=1, routed)           0.000    17.042    pixel_gen_inst/i__carry__5_i_1__0_n_0
    SLICE_X11Y37         CARRY4 (Prop_carry4_S[3]_CO[3])
                                                      0.401    17.443 r  pixel_gen_inst/circle_rect_collision0_inferred__1/i__carry__5/CO[3]
                         net (fo=1, routed)           0.000    17.443    pixel_gen_inst/circle_rect_collision0_inferred__1/i__carry__5_n_0
    SLICE_X11Y38         CARRY4 (Prop_carry4_CI_O[0])
                                                      0.222    17.665 f  pixel_gen_inst/circle_rect_collision0_inferred__1/i__carry__6/O[0]
                         net (fo=1, routed)           0.948    18.613    pixel_gen_inst/circle_rect_collision0_inferred__1/i__carry__6_n_7
    SLICE_X9Y36          LUT2 (Prop_lut2_I0_O)        0.299    18.912 r  pixel_gen_inst/i__carry__2_i_2__0/O
                         net (fo=1, routed)           0.000    18.912    pixel_gen_inst/i__carry__2_i_2__0_n_0
    SLICE_X9Y36          CARRY4 (Prop_carry4_S[1]_CO[2])
                                                      0.570    19.482 r  pixel_gen_inst/circle_rect_collision_inferred__1/i__carry__2/CO[2]
                         net (fo=1, routed)           2.409    21.891    pixel_gen_inst/circle_rect_collision_inferred__1/i__carry__2_n_1
    SLICE_X51Y48         LUT6 (Prop_lut6_I5_O)        0.313    22.204 r  pixel_gen_inst/ball_vy[9]_i_4/O
                         net (fo=2, routed)           1.158    23.361    pixel_gen_inst/ball_vy[9]_i_4_n_0
    SLICE_X36Y49         LUT6 (Prop_lut6_I1_O)        0.124    23.485 r  pixel_gen_inst/ball_vx[9]_i_1/O
                         net (fo=10, routed)          0.790    24.275    pixel_gen_inst/ball_vx[9]_i_1_n_0
    SLICE_X33Y50         FDRE                                         r  pixel_gen_inst/ball_vx_reg[5]/CE
  -------------------------------------------------------------------    -------------------

                         (clock clk_25_clkDVIprescaler rise edge)
                                                     40.000    40.000 r  
    W5                                                0.000    40.000 r  clk100 (IN)
                         net (fo=0)                   0.000    40.000    prescaler_instance/inst/clk_100
    W5                   IBUF (Prop_ibuf_I_O)         1.388    41.388 r  prescaler_instance/inst/clkin1_ibufg/O
                         net (fo=1, routed)           1.162    42.550    prescaler_instance/inst/clk_100_clkDVIprescaler
    MMCME2_ADV_X1Y0      MMCME2_ADV (Prop_mmcme2_adv_CLKIN1_CLKOUT0)
                                                     -7.217    35.332 r  prescaler_instance/inst/mmcm_adv_inst/CLKOUT0
                         net (fo=1, routed)           1.581    36.914    prescaler_instance/inst/clk_25_clkDVIprescaler
    BUFGCTRL_X0Y0        BUFG (Prop_bufg_I_O)         0.091    37.005 r  prescaler_instance/inst/clkout1_buf/O
                         net (fo=69, routed)          1.436    38.440    pixel_gen_inst/clk_25
    SLICE_X33Y50         FDRE                                         r  pixel_gen_inst/ball_vx_reg[5]/C
                         clock pessimism              0.580    39.020    
                         clock uncertainty           -0.098    38.923    
    SLICE_X33Y50         FDRE (Setup_fdre_C_CE)      -0.205    38.718    pixel_gen_inst/ball_vx_reg[5]
  -------------------------------------------------------------------
                         required time                         38.718    
                         arrival time                         -24.275    
  -------------------------------------------------------------------
                         slack                                 14.442    

Slack (MET) :             14.442ns  (required time - arrival time)
  Source:                 pixel_gen_inst/square_x_reg[7]/C
                            (rising edge-triggered cell FDRE clocked by clk_25_clkDVIprescaler  {rise@0.000ns fall@20.000ns period=40.000ns})
  Destination:            pixel_gen_inst/ball_vx_reg[6]/CE
                            (rising edge-triggered cell FDRE clocked by clk_25_clkDVIprescaler  {rise@0.000ns fall@20.000ns period=40.000ns})
  Path Group:             clk_25_clkDVIprescaler
  Path Type:              Setup (Max at Slow Process Corner)
  Requirement:            40.000ns  (clk_25_clkDVIprescaler rise@40.000ns - clk_25_clkDVIprescaler rise@0.000ns)
  Data Path Delay:        25.233ns  (logic 10.507ns (41.640%)  route 14.726ns (58.360%))
  Logic Levels:           19  (CARRY4=8 DSP48E1=2 LUT2=3 LUT4=2 LUT5=2 LUT6=2)
  Clock Path Skew:        -0.022ns (DCD - SCD + CPR)
    Destination Clock Delay (DCD):    -1.560ns = ( 38.440 - 40.000 ) 
    Source Clock Delay      (SCD):    -0.958ns
    Clock Pessimism Removal (CPR):    0.580ns
  Clock Uncertainty:      0.098ns  ((TSJ^2 + DJ^2)^1/2) / 2 + PE
    Total System Jitter     (TSJ):    0.071ns
    Discrete Jitter          (DJ):    0.182ns
    Phase Error              (PE):    0.000ns

    Location             Delay type                Incr(ns)  Path(ns)    Netlist Resource(s)
  -------------------------------------------------------------------    -------------------
                         (clock clk_25_clkDVIprescaler rise edge)
                                                      0.000     0.000 r  
    W5                                                0.000     0.000 r  clk100 (IN)
                         net (fo=0)                   0.000     0.000    prescaler_instance/inst/clk_100
    W5                   IBUF (Prop_ibuf_I_O)         1.458     1.458 r  prescaler_instance/inst/clkin1_ibufg/O
                         net (fo=1, routed)           1.233     2.691    prescaler_instance/inst/clk_100_clkDVIprescaler
    MMCME2_ADV_X1Y0      MMCME2_ADV (Prop_mmcme2_adv_CLKIN1_CLKOUT0)
                                                     -6.961    -4.269 r  prescaler_instance/inst/mmcm_adv_inst/CLKOUT0
                         net (fo=1, routed)           1.661    -2.608    prescaler_instance/inst/clk_25_clkDVIprescaler
    BUFGCTRL_X0Y0        BUFG (Prop_bufg_I_O)         0.096    -2.512 r  prescaler_instance/inst/clkout1_buf/O
                         net (fo=69, routed)          1.554    -0.958    pixel_gen_inst/clk_25
    SLICE_X32Y50         FDRE                                         r  pixel_gen_inst/square_x_reg[7]/C
  -------------------------------------------------------------------    -------------------
    SLICE_X32Y50         FDRE (Prop_fdre_C_Q)         0.456    -0.502 r  pixel_gen_inst/square_x_reg[7]/Q
                         net (fo=28, routed)          2.914     2.412    pixel_gen_inst/square_x_reg[9]_0[7]
    SLICE_X47Y31         LUT4 (Prop_lut4_I2_O)        0.124     2.536 r  pixel_gen_inst/i__carry_i_7__7/O
                         net (fo=2, routed)           0.738     3.274    pixel_gen_inst/i__carry_i_7__7_n_0
    SLICE_X48Y31         LUT5 (Prop_lut5_I4_O)        0.124     3.398 r  pixel_gen_inst/i__carry_i_5__10/O
                         net (fo=8, routed)           0.458     3.856    pixel_gen_inst/i__carry_i_5__10_n_0
    SLICE_X48Y31         LUT4 (Prop_lut4_I0_O)        0.124     3.980 f  pixel_gen_inst/i__carry_i_5__4/O
                         net (fo=5, routed)           1.954     5.934    pixel_gen_inst/i__carry_i_5__4_n_0
    SLICE_X12Y29         LUT5 (Prop_lut5_I3_O)        0.124     6.058 r  pixel_gen_inst/i__carry_i_1__24/O
                         net (fo=1, routed)           0.000     6.058    pixel_gen_inst/i__carry_i_1__24_n_0
    SLICE_X12Y29         CARRY4 (Prop_carry4_S[3]_CO[3])
                                                      0.376     6.434 r  pixel_gen_inst/circle_rect_collision2_inferred__4/i__carry/CO[3]
                         net (fo=1, routed)           0.000     6.434    pixel_gen_inst/circle_rect_collision2_inferred__4/i__carry_n_0
    SLICE_X12Y30         CARRY4 (Prop_carry4_CI_CO[3])
                                                      0.117     6.551 r  pixel_gen_inst/circle_rect_collision2_inferred__4/i__carry__0/CO[3]
                         net (fo=1, routed)           0.000     6.551    pixel_gen_inst/circle_rect_collision2_inferred__4/i__carry__0_n_0
    SLICE_X12Y31         CARRY4 (Prop_carry4_CI_O[1])
                                                      0.323     6.874 r  pixel_gen_inst/circle_rect_collision2_inferred__4/i__carry__1/O[1]
                         net (fo=68, routed)          1.129     8.003    pixel_gen_inst/circle_rect_collision2_inferred__4/i__carry__1_n_6
    DSP48_X0Y12          DSP48E1 (Prop_dsp48e1_B[13]_PCOUT[47])
                                                      4.033    12.036 r  pixel_gen_inst/circle_rect_collision1__15/PCOUT[47]
                         net (fo=1, routed)           0.002    12.038    pixel_gen_inst/circle_rect_collision1__15_n_106
    DSP48_X0Y13          DSP48E1 (Prop_dsp48e1_PCIN[47]_P[3])
                                                      1.518    13.556 r  pixel_gen_inst/circle_rect_collision1__16/P[3]
                         net (fo=2, routed)           1.380    14.936    pixel_gen_inst/circle_rect_collision1__16_n_102
    SLICE_X12Y36         LUT2 (Prop_lut2_I0_O)        0.124    15.060 r  pixel_gen_inst/i__carry__0_i_4__11/O
                         net (fo=1, routed)           0.000    15.060    pixel_gen_inst/i__carry__0_i_4__11_n_0
    SLICE_X12Y36         CARRY4 (Prop_carry4_S[0]_CO[3])
                                                      0.513    15.573 r  pixel_gen_inst/circle_rect_collision1_inferred__3/i__carry__0/CO[3]
                         net (fo=1, routed)           0.000    15.573    pixel_gen_inst/circle_rect_collision1_inferred__3/i__carry__0_n_0
    SLICE_X12Y37         CARRY4 (Prop_carry4_CI_O[3])
                                                      0.315    15.888 r  pixel_gen_inst/circle_rect_collision1_inferred__3/i__carry__1/O[3]
                         net (fo=2, routed)           0.847    16.735    pixel_gen_inst/circle_rect_collision1_inferred__3/i__carry__1_n_4
    SLICE_X11Y37         LUT2 (Prop_lut2_I0_O)        0.307    17.042 r  pixel_gen_inst/i__carry__5_i_1__0/O
                         net (fo=1, routed)           0.000    17.042    pixel_gen_inst/i__carry__5_i_1__0_n_0
    SLICE_X11Y37         CARRY4 (Prop_carry4_S[3]_CO[3])
                                                      0.401    17.443 r  pixel_gen_inst/circle_rect_collision0_inferred__1/i__carry__5/CO[3]
                         net (fo=1, routed)           0.000    17.443    pixel_gen_inst/circle_rect_collision0_inferred__1/i__carry__5_n_0
    SLICE_X11Y38         CARRY4 (Prop_carry4_CI_O[0])
                                                      0.222    17.665 f  pixel_gen_inst/circle_rect_collision0_inferred__1/i__carry__6/O[0]
                         net (fo=1, routed)           0.948    18.613    pixel_gen_inst/circle_rect_collision0_inferred__1/i__carry__6_n_7
    SLICE_X9Y36          LUT2 (Prop_lut2_I0_O)        0.299    18.912 r  pixel_gen_inst/i__carry__2_i_2__0/O
                         net (fo=1, routed)           0.000    18.912    pixel_gen_inst/i__carry__2_i_2__0_n_0
    SLICE_X9Y36          CARRY4 (Prop_carry4_S[1]_CO[2])
                                                      0.570    19.482 r  pixel_gen_inst/circle_rect_collision_inferred__1/i__carry__2/CO[2]
                         net (fo=1, routed)           2.409    21.891    pixel_gen_inst/circle_rect_collision_inferred__1/i__carry__2_n_1
    SLICE_X51Y48         LUT6 (Prop_lut6_I5_O)        0.313    22.204 r  pixel_gen_inst/ball_vy[9]_i_4/O
                         net (fo=2, routed)           1.158    23.361    pixel_gen_inst/ball_vy[9]_i_4_n_0
    SLICE_X36Y49         LUT6 (Prop_lut6_I1_O)        0.124    23.485 r  pixel_gen_inst/ball_vx[9]_i_1/O
                         net (fo=10, routed)          0.790    24.275    pixel_gen_inst/ball_vx[9]_i_1_n_0
    SLICE_X33Y50         FDRE                                         r  pixel_gen_inst/ball_vx_reg[6]/CE
  -------------------------------------------------------------------    -------------------

                         (clock clk_25_clkDVIprescaler rise edge)
                                                     40.000    40.000 r  
    W5                                                0.000    40.000 r  clk100 (IN)
                         net (fo=0)                   0.000    40.000    prescaler_instance/inst/clk_100
    W5                   IBUF (Prop_ibuf_I_O)         1.388    41.388 r  prescaler_instance/inst/clkin1_ibufg/O
                         net (fo=1, routed)           1.162    42.550    prescaler_instance/inst/clk_100_clkDVIprescaler
    MMCME2_ADV_X1Y0      MMCME2_ADV (Prop_mmcme2_adv_CLKIN1_CLKOUT0)
                                                     -7.217    35.332 r  prescaler_instance/inst/mmcm_adv_inst/CLKOUT0
                         net (fo=1, routed)           1.581    36.914    prescaler_instance/inst/clk_25_clkDVIprescaler
    BUFGCTRL_X0Y0        BUFG (Prop_bufg_I_O)         0.091    37.005 r  prescaler_instance/inst/clkout1_buf/O
                         net (fo=69, routed)          1.436    38.440    pixel_gen_inst/clk_25
    SLICE_X33Y50         FDRE                                         r  pixel_gen_inst/ball_vx_reg[6]/C
                         clock pessimism              0.580    39.020    
                         clock uncertainty           -0.098    38.923    
    SLICE_X33Y50         FDRE (Setup_fdre_C_CE)      -0.205    38.718    pixel_gen_inst/ball_vx_reg[6]
  -------------------------------------------------------------------
                         required time                         38.718    
                         arrival time                         -24.275    
  -------------------------------------------------------------------
                         slack                                 14.442    

Slack (MET) :             14.442ns  (required time - arrival time)
  Source:                 pixel_gen_inst/square_x_reg[7]/C
                            (rising edge-triggered cell FDRE clocked by clk_25_clkDVIprescaler  {rise@0.000ns fall@20.000ns period=40.000ns})
  Destination:            pixel_gen_inst/ball_vx_reg[7]/CE
                            (rising edge-triggered cell FDRE clocked by clk_25_clkDVIprescaler  {rise@0.000ns fall@20.000ns period=40.000ns})
  Path Group:             clk_25_clkDVIprescaler
  Path Type:              Setup (Max at Slow Process Corner)
  Requirement:            40.000ns  (clk_25_clkDVIprescaler rise@40.000ns - clk_25_clkDVIprescaler rise@0.000ns)
  Data Path Delay:        25.233ns  (logic 10.507ns (41.640%)  route 14.726ns (58.360%))
  Logic Levels:           19  (CARRY4=8 DSP48E1=2 LUT2=3 LUT4=2 LUT5=2 LUT6=2)
  Clock Path Skew:        -0.022ns (DCD - SCD + CPR)
    Destination Clock Delay (DCD):    -1.560ns = ( 38.440 - 40.000 ) 
    Source Clock Delay      (SCD):    -0.958ns
    Clock Pessimism Removal (CPR):    0.580ns
  Clock Uncertainty:      0.098ns  ((TSJ^2 + DJ^2)^1/2) / 2 + PE
    Total System Jitter     (TSJ):    0.071ns
    Discrete Jitter          (DJ):    0.182ns
    Phase Error              (PE):    0.000ns

    Location             Delay type                Incr(ns)  Path(ns)    Netlist Resource(s)
  -------------------------------------------------------------------    -------------------
                         (clock clk_25_clkDVIprescaler rise edge)
                                                      0.000     0.000 r  
    W5                                                0.000     0.000 r  clk100 (IN)
                         net (fo=0)                   0.000     0.000    prescaler_instance/inst/clk_100
    W5                   IBUF (Prop_ibuf_I_O)         1.458     1.458 r  prescaler_instance/inst/clkin1_ibufg/O
                         net (fo=1, routed)           1.233     2.691    prescaler_instance/inst/clk_100_clkDVIprescaler
    MMCME2_ADV_X1Y0      MMCME2_ADV (Prop_mmcme2_adv_CLKIN1_CLKOUT0)
                                                     -6.961    -4.269 r  prescaler_instance/inst/mmcm_adv_inst/CLKOUT0
                         net (fo=1, routed)           1.661    -2.608    prescaler_instance/inst/clk_25_clkDVIprescaler
    BUFGCTRL_X0Y0        BUFG (Prop_bufg_I_O)         0.096    -2.512 r  prescaler_instance/inst/clkout1_buf/O
                         net (fo=69, routed)          1.554    -0.958    pixel_gen_inst/clk_25
    SLICE_X32Y50         FDRE                                         r  pixel_gen_inst/square_x_reg[7]/C
  -------------------------------------------------------------------    -------------------
    SLICE_X32Y50         FDRE (Prop_fdre_C_Q)         0.456    -0.502 r  pixel_gen_inst/square_x_reg[7]/Q
                         net (fo=28, routed)          2.914     2.412    pixel_gen_inst/square_x_reg[9]_0[7]
    SLICE_X47Y31         LUT4 (Prop_lut4_I2_O)        0.124     2.536 r  pixel_gen_inst/i__carry_i_7__7/O
                         net (fo=2, routed)           0.738     3.274    pixel_gen_inst/i__carry_i_7__7_n_0
    SLICE_X48Y31         LUT5 (Prop_lut5_I4_O)        0.124     3.398 r  pixel_gen_inst/i__carry_i_5__10/O
                         net (fo=8, routed)           0.458     3.856    pixel_gen_inst/i__carry_i_5__10_n_0
    SLICE_X48Y31         LUT4 (Prop_lut4_I0_O)        0.124     3.980 f  pixel_gen_inst/i__carry_i_5__4/O
                         net (fo=5, routed)           1.954     5.934    pixel_gen_inst/i__carry_i_5__4_n_0
    SLICE_X12Y29         LUT5 (Prop_lut5_I3_O)        0.124     6.058 r  pixel_gen_inst/i__carry_i_1__24/O
                         net (fo=1, routed)           0.000     6.058    pixel_gen_inst/i__carry_i_1__24_n_0
    SLICE_X12Y29         CARRY4 (Prop_carry4_S[3]_CO[3])
                                                      0.376     6.434 r  pixel_gen_inst/circle_rect_collision2_inferred__4/i__carry/CO[3]
                         net (fo=1, routed)           0.000     6.434    pixel_gen_inst/circle_rect_collision2_inferred__4/i__carry_n_0
    SLICE_X12Y30         CARRY4 (Prop_carry4_CI_CO[3])
                                                      0.117     6.551 r  pixel_gen_inst/circle_rect_collision2_inferred__4/i__carry__0/CO[3]
                         net (fo=1, routed)           0.000     6.551    pixel_gen_inst/circle_rect_collision2_inferred__4/i__carry__0_n_0
    SLICE_X12Y31         CARRY4 (Prop_carry4_CI_O[1])
                                                      0.323     6.874 r  pixel_gen_inst/circle_rect_collision2_inferred__4/i__carry__1/O[1]
                         net (fo=68, routed)          1.129     8.003    pixel_gen_inst/circle_rect_collision2_inferred__4/i__carry__1_n_6
    DSP48_X0Y12          DSP48E1 (Prop_dsp48e1_B[13]_PCOUT[47])
                                                      4.033    12.036 r  pixel_gen_inst/circle_rect_collision1__15/PCOUT[47]
                         net (fo=1, routed)           0.002    12.038    pixel_gen_inst/circle_rect_collision1__15_n_106
    DSP48_X0Y13          DSP48E1 (Prop_dsp48e1_PCIN[47]_P[3])
                                                      1.518    13.556 r  pixel_gen_inst/circle_rect_collision1__16/P[3]
                         net (fo=2, routed)           1.380    14.936    pixel_gen_inst/circle_rect_collision1__16_n_102
    SLICE_X12Y36         LUT2 (Prop_lut2_I0_O)        0.124    15.060 r  pixel_gen_inst/i__carry__0_i_4__11/O
                         net (fo=1, routed)           0.000    15.060    pixel_gen_inst/i__carry__0_i_4__11_n_0
    SLICE_X12Y36         CARRY4 (Prop_carry4_S[0]_CO[3])
                                                      0.513    15.573 r  pixel_gen_inst/circle_rect_collision1_inferred__3/i__carry__0/CO[3]
                         net (fo=1, routed)           0.000    15.573    pixel_gen_inst/circle_rect_collision1_inferred__3/i__carry__0_n_0
    SLICE_X12Y37         CARRY4 (Prop_carry4_CI_O[3])
                                                      0.315    15.888 r  pixel_gen_inst/circle_rect_collision1_inferred__3/i__carry__1/O[3]
                         net (fo=2, routed)           0.847    16.735    pixel_gen_inst/circle_rect_collision1_inferred__3/i__carry__1_n_4
    SLICE_X11Y37         LUT2 (Prop_lut2_I0_O)        0.307    17.042 r  pixel_gen_inst/i__carry__5_i_1__0/O
                         net (fo=1, routed)           0.000    17.042    pixel_gen_inst/i__carry__5_i_1__0_n_0
    SLICE_X11Y37         CARRY4 (Prop_carry4_S[3]_CO[3])
                                                      0.401    17.443 r  pixel_gen_inst/circle_rect_collision0_inferred__1/i__carry__5/CO[3]
                         net (fo=1, routed)           0.000    17.443    pixel_gen_inst/circle_rect_collision0_inferred__1/i__carry__5_n_0
    SLICE_X11Y38         CARRY4 (Prop_carry4_CI_O[0])
                                                      0.222    17.665 f  pixel_gen_inst/circle_rect_collision0_inferred__1/i__carry__6/O[0]
                         net (fo=1, routed)           0.948    18.613    pixel_gen_inst/circle_rect_collision0_inferred__1/i__carry__6_n_7
    SLICE_X9Y36          LUT2 (Prop_lut2_I0_O)        0.299    18.912 r  pixel_gen_inst/i__carry__2_i_2__0/O
                         net (fo=1, routed)           0.000    18.912    pixel_gen_inst/i__carry__2_i_2__0_n_0
    SLICE_X9Y36          CARRY4 (Prop_carry4_S[1]_CO[2])
                                                      0.570    19.482 r  pixel_gen_inst/circle_rect_collision_inferred__1/i__carry__2/CO[2]
                         net (fo=1, routed)           2.409    21.891    pixel_gen_inst/circle_rect_collision_inferred__1/i__carry__2_n_1
    SLICE_X51Y48         LUT6 (Prop_lut6_I5_O)        0.313    22.204 r  pixel_gen_inst/ball_vy[9]_i_4/O
                         net (fo=2, routed)           1.158    23.361    pixel_gen_inst/ball_vy[9]_i_4_n_0
    SLICE_X36Y49         LUT6 (Prop_lut6_I1_O)        0.124    23.485 r  pixel_gen_inst/ball_vx[9]_i_1/O
                         net (fo=10, routed)          0.790    24.275    pixel_gen_inst/ball_vx[9]_i_1_n_0
    SLICE_X33Y50         FDRE                                         r  pixel_gen_inst/ball_vx_reg[7]/CE
  -------------------------------------------------------------------    -------------------

                         (clock clk_25_clkDVIprescaler rise edge)
                                                     40.000    40.000 r  
    W5                                                0.000    40.000 r  clk100 (IN)
                         net (fo=0)                   0.000    40.000    prescaler_instance/inst/clk_100
    W5                   IBUF (Prop_ibuf_I_O)         1.388    41.388 r  prescaler_instance/inst/clkin1_ibufg/O
                         net (fo=1, routed)           1.162    42.550    prescaler_instance/inst/clk_100_clkDVIprescaler
    MMCME2_ADV_X1Y0      MMCME2_ADV (Prop_mmcme2_adv_CLKIN1_CLKOUT0)
                                                     -7.217    35.332 r  prescaler_instance/inst/mmcm_adv_inst/CLKOUT0
                         net (fo=1, routed)           1.581    36.914    prescaler_instance/inst/clk_25_clkDVIprescaler
    BUFGCTRL_X0Y0        BUFG (Prop_bufg_I_O)         0.091    37.005 r  prescaler_instance/inst/clkout1_buf/O
                         net (fo=69, routed)          1.436    38.440    pixel_gen_inst/clk_25
    SLICE_X33Y50         FDRE                                         r  pixel_gen_inst/ball_vx_reg[7]/C
                         clock pessimism              0.580    39.020    
                         clock uncertainty           -0.098    38.923    
    SLICE_X33Y50         FDRE (Setup_fdre_C_CE)      -0.205    38.718    pixel_gen_inst/ball_vx_reg[7]
  -------------------------------------------------------------------
                         required time                         38.718    
                         arrival time                         -24.275    
  -------------------------------------------------------------------
                         slack                                 14.442    

Slack (MET) :             14.524ns  (required time - arrival time)
  Source:                 pixel_gen_inst/square_x_reg[7]/C
                            (rising edge-triggered cell FDRE clocked by clk_25_clkDVIprescaler  {rise@0.000ns fall@20.000ns period=40.000ns})
  Destination:            pixel_gen_inst/ball_vy_reg[8]/CE
                            (rising edge-triggered cell FDRE clocked by clk_25_clkDVIprescaler  {rise@0.000ns fall@20.000ns period=40.000ns})
  Path Group:             clk_25_clkDVIprescaler
  Path Type:              Setup (Max at Slow Process Corner)
  Requirement:            40.000ns  (clk_25_clkDVIprescaler rise@40.000ns - clk_25_clkDVIprescaler rise@0.000ns)
  Data Path Delay:        25.066ns  (logic 10.507ns (41.917%)  route 14.559ns (58.083%))
  Logic Levels:           19  (CARRY4=8 DSP48E1=2 LUT2=3 LUT4=2 LUT5=2 LUT6=2)
  Clock Path Skew:        -0.108ns (DCD - SCD + CPR)
    Destination Clock Delay (DCD):    -1.549ns = ( 38.451 - 40.000 ) 
    Source Clock Delay      (SCD):    -0.958ns
    Clock Pessimism Removal (CPR):    0.484ns
  Clock Uncertainty:      0.098ns  ((TSJ^2 + DJ^2)^1/2) / 2 + PE
    Total System Jitter     (TSJ):    0.071ns
    Discrete Jitter          (DJ):    0.182ns
    Phase Error              (PE):    0.000ns

    Location             Delay type                Incr(ns)  Path(ns)    Netlist Resource(s)
  -------------------------------------------------------------------    -------------------
                         (clock clk_25_clkDVIprescaler rise edge)
                                                      0.000     0.000 r  
    W5                                                0.000     0.000 r  clk100 (IN)
                         net (fo=0)                   0.000     0.000    prescaler_instance/inst/clk_100
    W5                   IBUF (Prop_ibuf_I_O)         1.458     1.458 r  prescaler_instance/inst/clkin1_ibufg/O
                         net (fo=1, routed)           1.233     2.691    prescaler_instance/inst/clk_100_clkDVIprescaler
    MMCME2_ADV_X1Y0      MMCME2_ADV (Prop_mmcme2_adv_CLKIN1_CLKOUT0)
                                                     -6.961    -4.269 r  prescaler_instance/inst/mmcm_adv_inst/CLKOUT0
                         net (fo=1, routed)           1.661    -2.608    prescaler_instance/inst/clk_25_clkDVIprescaler
    BUFGCTRL_X0Y0        BUFG (Prop_bufg_I_O)         0.096    -2.512 r  prescaler_instance/inst/clkout1_buf/O
                         net (fo=69, routed)          1.554    -0.958    pixel_gen_inst/clk_25
    SLICE_X32Y50         FDRE                                         r  pixel_gen_inst/square_x_reg[7]/C
  -------------------------------------------------------------------    -------------------
    SLICE_X32Y50         FDRE (Prop_fdre_C_Q)         0.456    -0.502 r  pixel_gen_inst/square_x_reg[7]/Q
                         net (fo=28, routed)          2.914     2.412    pixel_gen_inst/square_x_reg[9]_0[7]
    SLICE_X47Y31         LUT4 (Prop_lut4_I2_O)        0.124     2.536 r  pixel_gen_inst/i__carry_i_7__7/O
                         net (fo=2, routed)           0.738     3.274    pixel_gen_inst/i__carry_i_7__7_n_0
    SLICE_X48Y31         LUT5 (Prop_lut5_I4_O)        0.124     3.398 r  pixel_gen_inst/i__carry_i_5__10/O
                         net (fo=8, routed)           0.458     3.856    pixel_gen_inst/i__carry_i_5__10_n_0
    SLICE_X48Y31         LUT4 (Prop_lut4_I0_O)        0.124     3.980 f  pixel_gen_inst/i__carry_i_5__4/O
                         net (fo=5, routed)           1.954     5.934    pixel_gen_inst/i__carry_i_5__4_n_0
    SLICE_X12Y29         LUT5 (Prop_lut5_I3_O)        0.124     6.058 r  pixel_gen_inst/i__carry_i_1__24/O
                         net (fo=1, routed)           0.000     6.058    pixel_gen_inst/i__carry_i_1__24_n_0
    SLICE_X12Y29         CARRY4 (Prop_carry4_S[3]_CO[3])
                                                      0.376     6.434 r  pixel_gen_inst/circle_rect_collision2_inferred__4/i__carry/CO[3]
                         net (fo=1, routed)           0.000     6.434    pixel_gen_inst/circle_rect_collision2_inferred__4/i__carry_n_0
    SLICE_X12Y30         CARRY4 (Prop_carry4_CI_CO[3])
                                                      0.117     6.551 r  pixel_gen_inst/circle_rect_collision2_inferred__4/i__carry__0/CO[3]
                         net (fo=1, routed)           0.000     6.551    pixel_gen_inst/circle_rect_collision2_inferred__4/i__carry__0_n_0
    SLICE_X12Y31         CARRY4 (Prop_carry4_CI_O[1])
                                                      0.323     6.874 r  pixel_gen_inst/circle_rect_collision2_inferred__4/i__carry__1/O[1]
                         net (fo=68, routed)          1.129     8.003    pixel_gen_inst/circle_rect_collision2_inferred__4/i__carry__1_n_6
    DSP48_X0Y12          DSP48E1 (Prop_dsp48e1_B[13]_PCOUT[47])
                                                      4.033    12.036 r  pixel_gen_inst/circle_rect_collision1__15/PCOUT[47]
                         net (fo=1, routed)           0.002    12.038    pixel_gen_inst/circle_rect_collision1__15_n_106
    DSP48_X0Y13          DSP48E1 (Prop_dsp48e1_PCIN[47]_P[3])
                                                      1.518    13.556 r  pixel_gen_inst/circle_rect_collision1__16/P[3]
                         net (fo=2, routed)           1.380    14.936    pixel_gen_inst/circle_rect_collision1__16_n_102
    SLICE_X12Y36         LUT2 (Prop_lut2_I0_O)        0.124    15.060 r  pixel_gen_inst/i__carry__0_i_4__11/O
                         net (fo=1, routed)           0.000    15.060    pixel_gen_inst/i__carry__0_i_4__11_n_0
    SLICE_X12Y36         CARRY4 (Prop_carry4_S[0]_CO[3])
                                                      0.513    15.573 r  pixel_gen_inst/circle_rect_collision1_inferred__3/i__carry__0/CO[3]
                         net (fo=1, routed)           0.000    15.573    pixel_gen_inst/circle_rect_collision1_inferred__3/i__carry__0_n_0
    SLICE_X12Y37         CARRY4 (Prop_carry4_CI_O[3])
                                                      0.315    15.888 r  pixel_gen_inst/circle_rect_collision1_inferred__3/i__carry__1/O[3]
                         net (fo=2, routed)           0.847    16.735    pixel_gen_inst/circle_rect_collision1_inferred__3/i__carry__1_n_4
    SLICE_X11Y37         LUT2 (Prop_lut2_I0_O)        0.307    17.042 r  pixel_gen_inst/i__carry__5_i_1__0/O
                         net (fo=1, routed)           0.000    17.042    pixel_gen_inst/i__carry__5_i_1__0_n_0
    SLICE_X11Y37         CARRY4 (Prop_carry4_S[3]_CO[3])
                                                      0.401    17.443 r  pixel_gen_inst/circle_rect_collision0_inferred__1/i__carry__5/CO[3]
                         net (fo=1, routed)           0.000    17.443    pixel_gen_inst/circle_rect_collision0_inferred__1/i__carry__5_n_0
    SLICE_X11Y38         CARRY4 (Prop_carry4_CI_O[0])
                                                      0.222    17.665 f  pixel_gen_inst/circle_rect_collision0_inferred__1/i__carry__6/O[0]
                         net (fo=1, routed)           0.948    18.613    pixel_gen_inst/circle_rect_collision0_inferred__1/i__carry__6_n_7
    SLICE_X9Y36          LUT2 (Prop_lut2_I0_O)        0.299    18.912 r  pixel_gen_inst/i__carry__2_i_2__0/O
                         net (fo=1, routed)           0.000    18.912    pixel_gen_inst/i__carry__2_i_2__0_n_0
    SLICE_X9Y36          CARRY4 (Prop_carry4_S[1]_CO[2])
                                                      0.570    19.482 r  pixel_gen_inst/circle_rect_collision_inferred__1/i__carry__2/CO[2]
                         net (fo=1, routed)           2.409    21.891    pixel_gen_inst/circle_rect_collision_inferred__1/i__carry__2_n_1
    SLICE_X51Y48         LUT6 (Prop_lut6_I5_O)        0.313    22.204 r  pixel_gen_inst/ball_vy[9]_i_4/O
                         net (fo=2, routed)           1.064    23.268    pixel_gen_inst/ball_vy[9]_i_4_n_0
    SLICE_X34Y45         LUT6 (Prop_lut6_I4_O)        0.124    23.392 r  pixel_gen_inst/ball_vy[9]_i_1/O
                         net (fo=10, routed)          0.716    24.108    pixel_gen_inst/ball_vy[9]_i_1_n_0
    SLICE_X32Y47         FDRE                                         r  pixel_gen_inst/ball_vy_reg[8]/CE
  -------------------------------------------------------------------    -------------------

                         (clock clk_25_clkDVIprescaler rise edge)
                                                     40.000    40.000 r  
    W5                                                0.000    40.000 r  clk100 (IN)
                         net (fo=0)                   0.000    40.000    prescaler_instance/inst/clk_100
    W5                   IBUF (Prop_ibuf_I_O)         1.388    41.388 r  prescaler_instance/inst/clkin1_ibufg/O
                         net (fo=1, routed)           1.162    42.550    prescaler_instance/inst/clk_100_clkDVIprescaler
    MMCME2_ADV_X1Y0      MMCME2_ADV (Prop_mmcme2_adv_CLKIN1_CLKOUT0)
                                                     -7.217    35.332 r  prescaler_instance/inst/mmcm_adv_inst/CLKOUT0
                         net (fo=1, routed)           1.581    36.914    prescaler_instance/inst/clk_25_clkDVIprescaler
    BUFGCTRL_X0Y0        BUFG (Prop_bufg_I_O)         0.091    37.005 r  prescaler_instance/inst/clkout1_buf/O
                         net (fo=69, routed)          1.446    38.451    pixel_gen_inst/clk_25
    SLICE_X32Y47         FDRE                                         r  pixel_gen_inst/ball_vy_reg[8]/C
                         clock pessimism              0.484    38.934    
                         clock uncertainty           -0.098    38.837    
    SLICE_X32Y47         FDRE (Setup_fdre_C_CE)      -0.205    38.632    pixel_gen_inst/ball_vy_reg[8]
  -------------------------------------------------------------------
                         required time                         38.632    
                         arrival time                         -24.108    
  -------------------------------------------------------------------
                         slack                                 14.524    

Slack (MET) :             14.524ns  (required time - arrival time)
  Source:                 pixel_gen_inst/square_x_reg[7]/C
                            (rising edge-triggered cell FDRE clocked by clk_25_clkDVIprescaler  {rise@0.000ns fall@20.000ns period=40.000ns})
  Destination:            pixel_gen_inst/ball_vy_reg[9]/CE
                            (rising edge-triggered cell FDRE clocked by clk_25_clkDVIprescaler  {rise@0.000ns fall@20.000ns period=40.000ns})
  Path Group:             clk_25_clkDVIprescaler
  Path Type:              Setup (Max at Slow Process Corner)
  Requirement:            40.000ns  (clk_25_clkDVIprescaler rise@40.000ns - clk_25_clkDVIprescaler rise@0.000ns)
  Data Path Delay:        25.066ns  (logic 10.507ns (41.917%)  route 14.559ns (58.083%))
  Logic Levels:           19  (CARRY4=8 DSP48E1=2 LUT2=3 LUT4=2 LUT5=2 LUT6=2)
  Clock Path Skew:        -0.108ns (DCD - SCD + CPR)
    Destination Clock Delay (DCD):    -1.549ns = ( 38.451 - 40.000 ) 
    Source Clock Delay      (SCD):    -0.958ns
    Clock Pessimism Removal (CPR):    0.484ns
  Clock Uncertainty:      0.098ns  ((TSJ^2 + DJ^2)^1/2) / 2 + PE
    Total System Jitter     (TSJ):    0.071ns
    Discrete Jitter          (DJ):    0.182ns
    Phase Error              (PE):    0.000ns

    Location             Delay type                Incr(ns)  Path(ns)    Netlist Resource(s)
  -------------------------------------------------------------------    -------------------
                         (clock clk_25_clkDVIprescaler rise edge)
                                                      0.000     0.000 r  
    W5                                                0.000     0.000 r  clk100 (IN)
                         net (fo=0)                   0.000     0.000    prescaler_instance/inst/clk_100
    W5                   IBUF (Prop_ibuf_I_O)         1.458     1.458 r  prescaler_instance/inst/clkin1_ibufg/O
                         net (fo=1, routed)           1.233     2.691    prescaler_instance/inst/clk_100_clkDVIprescaler
    MMCME2_ADV_X1Y0      MMCME2_ADV (Prop_mmcme2_adv_CLKIN1_CLKOUT0)
                                                     -6.961    -4.269 r  prescaler_instance/inst/mmcm_adv_inst/CLKOUT0
                         net (fo=1, routed)           1.661    -2.608    prescaler_instance/inst/clk_25_clkDVIprescaler
    BUFGCTRL_X0Y0        BUFG (Prop_bufg_I_O)         0.096    -2.512 r  prescaler_instance/inst/clkout1_buf/O
                         net (fo=69, routed)          1.554    -0.958    pixel_gen_inst/clk_25
    SLICE_X32Y50         FDRE                                         r  pixel_gen_inst/square_x_reg[7]/C
  -------------------------------------------------------------------    -------------------
    SLICE_X32Y50         FDRE (Prop_fdre_C_Q)         0.456    -0.502 r  pixel_gen_inst/square_x_reg[7]/Q
                         net (fo=28, routed)          2.914     2.412    pixel_gen_inst/square_x_reg[9]_0[7]
    SLICE_X47Y31         LUT4 (Prop_lut4_I2_O)        0.124     2.536 r  pixel_gen_inst/i__carry_i_7__7/O
                         net (fo=2, routed)           0.738     3.274    pixel_gen_inst/i__carry_i_7__7_n_0
    SLICE_X48Y31         LUT5 (Prop_lut5_I4_O)        0.124     3.398 r  pixel_gen_inst/i__carry_i_5__10/O
                         net (fo=8, routed)           0.458     3.856    pixel_gen_inst/i__carry_i_5__10_n_0
    SLICE_X48Y31         LUT4 (Prop_lut4_I0_O)        0.124     3.980 f  pixel_gen_inst/i__carry_i_5__4/O
                         net (fo=5, routed)           1.954     5.934    pixel_gen_inst/i__carry_i_5__4_n_0
    SLICE_X12Y29         LUT5 (Prop_lut5_I3_O)        0.124     6.058 r  pixel_gen_inst/i__carry_i_1__24/O
                         net (fo=1, routed)           0.000     6.058    pixel_gen_inst/i__carry_i_1__24_n_0
    SLICE_X12Y29         CARRY4 (Prop_carry4_S[3]_CO[3])
                                                      0.376     6.434 r  pixel_gen_inst/circle_rect_collision2_inferred__4/i__carry/CO[3]
                         net (fo=1, routed)           0.000     6.434    pixel_gen_inst/circle_rect_collision2_inferred__4/i__carry_n_0
    SLICE_X12Y30         CARRY4 (Prop_carry4_CI_CO[3])
                                                      0.117     6.551 r  pixel_gen_inst/circle_rect_collision2_inferred__4/i__carry__0/CO[3]
                         net (fo=1, routed)           0.000     6.551    pixel_gen_inst/circle_rect_collision2_inferred__4/i__carry__0_n_0
    SLICE_X12Y31         CARRY4 (Prop_carry4_CI_O[1])
                                                      0.323     6.874 r  pixel_gen_inst/circle_rect_collision2_inferred__4/i__carry__1/O[1]
                         net (fo=68, routed)          1.129     8.003    pixel_gen_inst/circle_rect_collision2_inferred__4/i__carry__1_n_6
    DSP48_X0Y12          DSP48E1 (Prop_dsp48e1_B[13]_PCOUT[47])
                                                      4.033    12.036 r  pixel_gen_inst/circle_rect_collision1__15/PCOUT[47]
                         net (fo=1, routed)           0.002    12.038    pixel_gen_inst/circle_rect_collision1__15_n_106
    DSP48_X0Y13          DSP48E1 (Prop_dsp48e1_PCIN[47]_P[3])
                                                      1.518    13.556 r  pixel_gen_inst/circle_rect_collision1__16/P[3]
                         net (fo=2, routed)           1.380    14.936    pixel_gen_inst/circle_rect_collision1__16_n_102
    SLICE_X12Y36         LUT2 (Prop_lut2_I0_O)        0.124    15.060 r  pixel_gen_inst/i__carry__0_i_4__11/O
                         net (fo=1, routed)           0.000    15.060    pixel_gen_inst/i__carry__0_i_4__11_n_0
    SLICE_X12Y36         CARRY4 (Prop_carry4_S[0]_CO[3])
                                                      0.513    15.573 r  pixel_gen_inst/circle_rect_collision1_inferred__3/i__carry__0/CO[3]
                         net (fo=1, routed)           0.000    15.573    pixel_gen_inst/circle_rect_collision1_inferred__3/i__carry__0_n_0
    SLICE_X12Y37         CARRY4 (Prop_carry4_CI_O[3])
                                                      0.315    15.888 r  pixel_gen_inst/circle_rect_collision1_inferred__3/i__carry__1/O[3]
                         net (fo=2, routed)           0.847    16.735    pixel_gen_inst/circle_rect_collision1_inferred__3/i__carry__1_n_4
    SLICE_X11Y37         LUT2 (Prop_lut2_I0_O)        0.307    17.042 r  pixel_gen_inst/i__carry__5_i_1__0/O
                         net (fo=1, routed)           0.000    17.042    pixel_gen_inst/i__carry__5_i_1__0_n_0
    SLICE_X11Y37         CARRY4 (Prop_carry4_S[3]_CO[3])
                                                      0.401    17.443 r  pixel_gen_inst/circle_rect_collision0_inferred__1/i__carry__5/CO[3]
                         net (fo=1, routed)           0.000    17.443    pixel_gen_inst/circle_rect_collision0_inferred__1/i__carry__5_n_0
    SLICE_X11Y38         CARRY4 (Prop_carry4_CI_O[0])
                                                      0.222    17.665 f  pixel_gen_inst/circle_rect_collision0_inferred__1/i__carry__6/O[0]
                         net (fo=1, routed)           0.948    18.613    pixel_gen_inst/circle_rect_collision0_inferred__1/i__carry__6_n_7
    SLICE_X9Y36          LUT2 (Prop_lut2_I0_O)        0.299    18.912 r  pixel_gen_inst/i__carry__2_i_2__0/O
                         net (fo=1, routed)           0.000    18.912    pixel_gen_inst/i__carry__2_i_2__0_n_0
    SLICE_X9Y36          CARRY4 (Prop_carry4_S[1]_CO[2])
                                                      0.570    19.482 r  pixel_gen_inst/circle_rect_collision_inferred__1/i__carry__2/CO[2]
                         net (fo=1, routed)           2.409    21.891    pixel_gen_inst/circle_rect_collision_inferred__1/i__carry__2_n_1
    SLICE_X51Y48         LUT6 (Prop_lut6_I5_O)        0.313    22.204 r  pixel_gen_inst/ball_vy[9]_i_4/O
                         net (fo=2, routed)           1.064    23.268    pixel_gen_inst/ball_vy[9]_i_4_n_0
    SLICE_X34Y45         LUT6 (Prop_lut6_I4_O)        0.124    23.392 r  pixel_gen_inst/ball_vy[9]_i_1/O
                         net (fo=10, routed)          0.716    24.108    pixel_gen_inst/ball_vy[9]_i_1_n_0
    SLICE_X32Y47         FDRE                                         r  pixel_gen_inst/ball_vy_reg[9]/CE
  -------------------------------------------------------------------    -------------------

                         (clock clk_25_clkDVIprescaler rise edge)
                                                     40.000    40.000 r  
    W5                                                0.000    40.000 r  clk100 (IN)
                         net (fo=0)                   0.000    40.000    prescaler_instance/inst/clk_100
    W5                   IBUF (Prop_ibuf_I_O)         1.388    41.388 r  prescaler_instance/inst/clkin1_ibufg/O
                         net (fo=1, routed)           1.162    42.550    prescaler_instance/inst/clk_100_clkDVIprescaler
    MMCME2_ADV_X1Y0      MMCME2_ADV (Prop_mmcme2_adv_CLKIN1_CLKOUT0)
                                                     -7.217    35.332 r  prescaler_instance/inst/mmcm_adv_inst/CLKOUT0
                         net (fo=1, routed)           1.581    36.914    prescaler_instance/inst/clk_25_clkDVIprescaler
    BUFGCTRL_X0Y0        BUFG (Prop_bufg_I_O)         0.091    37.005 r  prescaler_instance/inst/clkout1_buf/O
                         net (fo=69, routed)          1.446    38.451    pixel_gen_inst/clk_25
    SLICE_X32Y47         FDRE                                         r  pixel_gen_inst/ball_vy_reg[9]/C
                         clock pessimism              0.484    38.934    
                         clock uncertainty           -0.098    38.837    
    SLICE_X32Y47         FDRE (Setup_fdre_C_CE)      -0.205    38.632    pixel_gen_inst/ball_vy_reg[9]
  -------------------------------------------------------------------
                         required time                         38.632    
                         arrival time                         -24.108    
  -------------------------------------------------------------------
                         slack                                 14.524    

Slack (MET) :             14.651ns  (required time - arrival time)
  Source:                 pixel_gen_inst/square_x_reg[7]/C
                            (rising edge-triggered cell FDRE clocked by clk_25_clkDVIprescaler  {rise@0.000ns fall@20.000ns period=40.000ns})
  Destination:            pixel_gen_inst/ball_vx_reg[0]/CE
                            (rising edge-triggered cell FDRE clocked by clk_25_clkDVIprescaler  {rise@0.000ns fall@20.000ns period=40.000ns})
  Path Group:             clk_25_clkDVIprescaler
  Path Type:              Setup (Max at Slow Process Corner)
  Requirement:            40.000ns  (clk_25_clkDVIprescaler rise@40.000ns - clk_25_clkDVIprescaler rise@0.000ns)
  Data Path Delay:        24.939ns  (logic 10.507ns (42.131%)  route 14.432ns (57.869%))
  Logic Levels:           19  (CARRY4=8 DSP48E1=2 LUT2=3 LUT4=2 LUT5=2 LUT6=2)
  Clock Path Skew:        -0.108ns (DCD - SCD + CPR)
    Destination Clock Delay (DCD):    -1.549ns = ( 38.451 - 40.000 ) 
    Source Clock Delay      (SCD):    -0.958ns
    Clock Pessimism Removal (CPR):    0.484ns
  Clock Uncertainty:      0.098ns  ((TSJ^2 + DJ^2)^1/2) / 2 + PE
    Total System Jitter     (TSJ):    0.071ns
    Discrete Jitter          (DJ):    0.182ns
    Phase Error              (PE):    0.000ns

    Location             Delay type                Incr(ns)  Path(ns)    Netlist Resource(s)
  -------------------------------------------------------------------    -------------------
                         (clock clk_25_clkDVIprescaler rise edge)
                                                      0.000     0.000 r  
    W5                                                0.000     0.000 r  clk100 (IN)
                         net (fo=0)                   0.000     0.000    prescaler_instance/inst/clk_100
    W5                   IBUF (Prop_ibuf_I_O)         1.458     1.458 r  prescaler_instance/inst/clkin1_ibufg/O
                         net (fo=1, routed)           1.233     2.691    prescaler_instance/inst/clk_100_clkDVIprescaler
    MMCME2_ADV_X1Y0      MMCME2_ADV (Prop_mmcme2_adv_CLKIN1_CLKOUT0)
                                                     -6.961    -4.269 r  prescaler_instance/inst/mmcm_adv_inst/CLKOUT0
                         net (fo=1, routed)           1.661    -2.608    prescaler_instance/inst/clk_25_clkDVIprescaler
    BUFGCTRL_X0Y0        BUFG (Prop_bufg_I_O)         0.096    -2.512 r  prescaler_instance/inst/clkout1_buf/O
                         net (fo=69, routed)          1.554    -0.958    pixel_gen_inst/clk_25
    SLICE_X32Y50         FDRE                                         r  pixel_gen_inst/square_x_reg[7]/C
  -------------------------------------------------------------------    -------------------
    SLICE_X32Y50         FDRE (Prop_fdre_C_Q)         0.456    -0.502 r  pixel_gen_inst/square_x_reg[7]/Q
                         net (fo=28, routed)          2.914     2.412    pixel_gen_inst/square_x_reg[9]_0[7]
    SLICE_X47Y31         LUT4 (Prop_lut4_I2_O)        0.124     2.536 r  pixel_gen_inst/i__carry_i_7__7/O
                         net (fo=2, routed)           0.738     3.274    pixel_gen_inst/i__carry_i_7__7_n_0
    SLICE_X48Y31         LUT5 (Prop_lut5_I4_O)        0.124     3.398 r  pixel_gen_inst/i__carry_i_5__10/O
                         net (fo=8, routed)           0.458     3.856    pixel_gen_inst/i__carry_i_5__10_n_0
    SLICE_X48Y31         LUT4 (Prop_lut4_I0_O)        0.124     3.980 f  pixel_gen_inst/i__carry_i_5__4/O
                         net (fo=5, routed)           1.954     5.934    pixel_gen_inst/i__carry_i_5__4_n_0
    SLICE_X12Y29         LUT5 (Prop_lut5_I3_O)        0.124     6.058 r  pixel_gen_inst/i__carry_i_1__24/O
                         net (fo=1, routed)           0.000     6.058    pixel_gen_inst/i__carry_i_1__24_n_0
    SLICE_X12Y29         CARRY4 (Prop_carry4_S[3]_CO[3])
                                                      0.376     6.434 r  pixel_gen_inst/circle_rect_collision2_inferred__4/i__carry/CO[3]
                         net (fo=1, routed)           0.000     6.434    pixel_gen_inst/circle_rect_collision2_inferred__4/i__carry_n_0
    SLICE_X12Y30         CARRY4 (Prop_carry4_CI_CO[3])
                                                      0.117     6.551 r  pixel_gen_inst/circle_rect_collision2_inferred__4/i__carry__0/CO[3]
                         net (fo=1, routed)           0.000     6.551    pixel_gen_inst/circle_rect_collision2_inferred__4/i__carry__0_n_0
    SLICE_X12Y31         CARRY4 (Prop_carry4_CI_O[1])
                                                      0.323     6.874 r  pixel_gen_inst/circle_rect_collision2_inferred__4/i__carry__1/O[1]
                         net (fo=68, routed)          1.129     8.003    pixel_gen_inst/circle_rect_collision2_inferred__4/i__carry__1_n_6
    DSP48_X0Y12          DSP48E1 (Prop_dsp48e1_B[13]_PCOUT[47])
                                                      4.033    12.036 r  pixel_gen_inst/circle_rect_collision1__15/PCOUT[47]
                         net (fo=1, routed)           0.002    12.038    pixel_gen_inst/circle_rect_collision1__15_n_106
    DSP48_X0Y13          DSP48E1 (Prop_dsp48e1_PCIN[47]_P[3])
                                                      1.518    13.556 r  pixel_gen_inst/circle_rect_collision1__16/P[3]
                         net (fo=2, routed)           1.380    14.936    pixel_gen_inst/circle_rect_collision1__16_n_102
    SLICE_X12Y36         LUT2 (Prop_lut2_I0_O)        0.124    15.060 r  pixel_gen_inst/i__carry__0_i_4__11/O
                         net (fo=1, routed)           0.000    15.060    pixel_gen_inst/i__carry__0_i_4__11_n_0
    SLICE_X12Y36         CARRY4 (Prop_carry4_S[0]_CO[3])
                                                      0.513    15.573 r  pixel_gen_inst/circle_rect_collision1_inferred__3/i__carry__0/CO[3]
                         net (fo=1, routed)           0.000    15.573    pixel_gen_inst/circle_rect_collision1_inferred__3/i__carry__0_n_0
    SLICE_X12Y37         CARRY4 (Prop_carry4_CI_O[3])
                                                      0.315    15.888 r  pixel_gen_inst/circle_rect_collision1_inferred__3/i__carry__1/O[3]
                         net (fo=2, routed)           0.847    16.735    pixel_gen_inst/circle_rect_collision1_inferred__3/i__carry__1_n_4
    SLICE_X11Y37         LUT2 (Prop_lut2_I0_O)        0.307    17.042 r  pixel_gen_inst/i__carry__5_i_1__0/O
                         net (fo=1, routed)           0.000    17.042    pixel_gen_inst/i__carry__5_i_1__0_n_0
    SLICE_X11Y37         CARRY4 (Prop_carry4_S[3]_CO[3])
                                                      0.401    17.443 r  pixel_gen_inst/circle_rect_collision0_inferred__1/i__carry__5/CO[3]
                         net (fo=1, routed)           0.000    17.443    pixel_gen_inst/circle_rect_collision0_inferred__1/i__carry__5_n_0
    SLICE_X11Y38         CARRY4 (Prop_carry4_CI_O[0])
                                                      0.222    17.665 f  pixel_gen_inst/circle_rect_collision0_inferred__1/i__carry__6/O[0]
                         net (fo=1, routed)           0.948    18.613    pixel_gen_inst/circle_rect_collision0_inferred__1/i__carry__6_n_7
    SLICE_X9Y36          LUT2 (Prop_lut2_I0_O)        0.299    18.912 r  pixel_gen_inst/i__carry__2_i_2__0/O
                         net (fo=1, routed)           0.000    18.912    pixel_gen_inst/i__carry__2_i_2__0_n_0
    SLICE_X9Y36          CARRY4 (Prop_carry4_S[1]_CO[2])
                                                      0.570    19.482 r  pixel_gen_inst/circle_rect_collision_inferred__1/i__carry__2/CO[2]
                         net (fo=1, routed)           2.409    21.891    pixel_gen_inst/circle_rect_collision_inferred__1/i__carry__2_n_1
    SLICE_X51Y48         LUT6 (Prop_lut6_I5_O)        0.313    22.204 r  pixel_gen_inst/ball_vy[9]_i_4/O
                         net (fo=2, routed)           1.158    23.361    pixel_gen_inst/ball_vy[9]_i_4_n_0
    SLICE_X36Y49         LUT6 (Prop_lut6_I1_O)        0.124    23.485 r  pixel_gen_inst/ball_vx[9]_i_1/O
                         net (fo=10, routed)          0.496    23.981    pixel_gen_inst/ball_vx[9]_i_1_n_0
    SLICE_X33Y49         FDRE                                         r  pixel_gen_inst/ball_vx_reg[0]/CE
  -------------------------------------------------------------------    -------------------

                         (clock clk_25_clkDVIprescaler rise edge)
                                                     40.000    40.000 r  
    W5                                                0.000    40.000 r  clk100 (IN)
                         net (fo=0)                   0.000    40.000    prescaler_instance/inst/clk_100
    W5                   IBUF (Prop_ibuf_I_O)         1.388    41.388 r  prescaler_instance/inst/clkin1_ibufg/O
                         net (fo=1, routed)           1.162    42.550    prescaler_instance/inst/clk_100_clkDVIprescaler
    MMCME2_ADV_X1Y0      MMCME2_ADV (Prop_mmcme2_adv_CLKIN1_CLKOUT0)
                                                     -7.217    35.332 r  prescaler_instance/inst/mmcm_adv_inst/CLKOUT0
                         net (fo=1, routed)           1.581    36.914    prescaler_instance/inst/clk_25_clkDVIprescaler
    BUFGCTRL_X0Y0        BUFG (Prop_bufg_I_O)         0.091    37.005 r  prescaler_instance/inst/clkout1_buf/O
                         net (fo=69, routed)          1.446    38.451    pixel_gen_inst/clk_25
    SLICE_X33Y49         FDRE                                         r  pixel_gen_inst/ball_vx_reg[0]/C
                         clock pessimism              0.484    38.934    
                         clock uncertainty           -0.098    38.837    
    SLICE_X33Y49         FDRE (Setup_fdre_C_CE)      -0.205    38.632    pixel_gen_inst/ball_vx_reg[0]
  -------------------------------------------------------------------
                         required time                         38.632    
                         arrival time                         -23.981    
  -------------------------------------------------------------------
                         slack                                 14.651    

Slack (MET) :             14.651ns  (required time - arrival time)
  Source:                 pixel_gen_inst/square_x_reg[7]/C
                            (rising edge-triggered cell FDRE clocked by clk_25_clkDVIprescaler  {rise@0.000ns fall@20.000ns period=40.000ns})
  Destination:            pixel_gen_inst/ball_vx_reg[1]/CE
                            (rising edge-triggered cell FDRE clocked by clk_25_clkDVIprescaler  {rise@0.000ns fall@20.000ns period=40.000ns})
  Path Group:             clk_25_clkDVIprescaler
  Path Type:              Setup (Max at Slow Process Corner)
  Requirement:            40.000ns  (clk_25_clkDVIprescaler rise@40.000ns - clk_25_clkDVIprescaler rise@0.000ns)
  Data Path Delay:        24.939ns  (logic 10.507ns (42.131%)  route 14.432ns (57.869%))
  Logic Levels:           19  (CARRY4=8 DSP48E1=2 LUT2=3 LUT4=2 LUT5=2 LUT6=2)
  Clock Path Skew:        -0.108ns (DCD - SCD + CPR)
    Destination Clock Delay (DCD):    -1.549ns = ( 38.451 - 40.000 ) 
    Source Clock Delay      (SCD):    -0.958ns
    Clock Pessimism Removal (CPR):    0.484ns
  Clock Uncertainty:      0.098ns  ((TSJ^2 + DJ^2)^1/2) / 2 + PE
    Total System Jitter     (TSJ):    0.071ns
    Discrete Jitter          (DJ):    0.182ns
    Phase Error              (PE):    0.000ns

    Location             Delay type                Incr(ns)  Path(ns)    Netlist Resource(s)
  -------------------------------------------------------------------    -------------------
                         (clock clk_25_clkDVIprescaler rise edge)
                                                      0.000     0.000 r  
    W5                                                0.000     0.000 r  clk100 (IN)
                         net (fo=0)                   0.000     0.000    prescaler_instance/inst/clk_100
    W5                   IBUF (Prop_ibuf_I_O)         1.458     1.458 r  prescaler_instance/inst/clkin1_ibufg/O
                         net (fo=1, routed)           1.233     2.691    prescaler_instance/inst/clk_100_clkDVIprescaler
    MMCME2_ADV_X1Y0      MMCME2_ADV (Prop_mmcme2_adv_CLKIN1_CLKOUT0)
                                                     -6.961    -4.269 r  prescaler_instance/inst/mmcm_adv_inst/CLKOUT0
                         net (fo=1, routed)           1.661    -2.608    prescaler_instance/inst/clk_25_clkDVIprescaler
    BUFGCTRL_X0Y0        BUFG (Prop_bufg_I_O)         0.096    -2.512 r  prescaler_instance/inst/clkout1_buf/O
                         net (fo=69, routed)          1.554    -0.958    pixel_gen_inst/clk_25
    SLICE_X32Y50         FDRE                                         r  pixel_gen_inst/square_x_reg[7]/C
  -------------------------------------------------------------------    -------------------
    SLICE_X32Y50         FDRE (Prop_fdre_C_Q)         0.456    -0.502 r  pixel_gen_inst/square_x_reg[7]/Q
                         net (fo=28, routed)          2.914     2.412    pixel_gen_inst/square_x_reg[9]_0[7]
    SLICE_X47Y31         LUT4 (Prop_lut4_I2_O)        0.124     2.536 r  pixel_gen_inst/i__carry_i_7__7/O
                         net (fo=2, routed)           0.738     3.274    pixel_gen_inst/i__carry_i_7__7_n_0
    SLICE_X48Y31         LUT5 (Prop_lut5_I4_O)        0.124     3.398 r  pixel_gen_inst/i__carry_i_5__10/O
                         net (fo=8, routed)           0.458     3.856    pixel_gen_inst/i__carry_i_5__10_n_0
    SLICE_X48Y31         LUT4 (Prop_lut4_I0_O)        0.124     3.980 f  pixel_gen_inst/i__carry_i_5__4/O
                         net (fo=5, routed)           1.954     5.934    pixel_gen_inst/i__carry_i_5__4_n_0
    SLICE_X12Y29         LUT5 (Prop_lut5_I3_O)        0.124     6.058 r  pixel_gen_inst/i__carry_i_1__24/O
                         net (fo=1, routed)           0.000     6.058    pixel_gen_inst/i__carry_i_1__24_n_0
    SLICE_X12Y29         CARRY4 (Prop_carry4_S[3]_CO[3])
                                                      0.376     6.434 r  pixel_gen_inst/circle_rect_collision2_inferred__4/i__carry/CO[3]
                         net (fo=1, routed)           0.000     6.434    pixel_gen_inst/circle_rect_collision2_inferred__4/i__carry_n_0
    SLICE_X12Y30         CARRY4 (Prop_carry4_CI_CO[3])
                                                      0.117     6.551 r  pixel_gen_inst/circle_rect_collision2_inferred__4/i__carry__0/CO[3]
                         net (fo=1, routed)           0.000     6.551    pixel_gen_inst/circle_rect_collision2_inferred__4/i__carry__0_n_0
    SLICE_X12Y31         CARRY4 (Prop_carry4_CI_O[1])
                                                      0.323     6.874 r  pixel_gen_inst/circle_rect_collision2_inferred__4/i__carry__1/O[1]
                         net (fo=68, routed)          1.129     8.003    pixel_gen_inst/circle_rect_collision2_inferred__4/i__carry__1_n_6
    DSP48_X0Y12          DSP48E1 (Prop_dsp48e1_B[13]_PCOUT[47])
                                                      4.033    12.036 r  pixel_gen_inst/circle_rect_collision1__15/PCOUT[47]
                         net (fo=1, routed)           0.002    12.038    pixel_gen_inst/circle_rect_collision1__15_n_106
    DSP48_X0Y13          DSP48E1 (Prop_dsp48e1_PCIN[47]_P[3])
                                                      1.518    13.556 r  pixel_gen_inst/circle_rect_collision1__16/P[3]
                         net (fo=2, routed)           1.380    14.936    pixel_gen_inst/circle_rect_collision1__16_n_102
    SLICE_X12Y36         LUT2 (Prop_lut2_I0_O)        0.124    15.060 r  pixel_gen_inst/i__carry__0_i_4__11/O
                         net (fo=1, routed)           0.000    15.060    pixel_gen_inst/i__carry__0_i_4__11_n_0
    SLICE_X12Y36         CARRY4 (Prop_carry4_S[0]_CO[3])
                                                      0.513    15.573 r  pixel_gen_inst/circle_rect_collision1_inferred__3/i__carry__0/CO[3]
                         net (fo=1, routed)           0.000    15.573    pixel_gen_inst/circle_rect_collision1_inferred__3/i__carry__0_n_0
    SLICE_X12Y37         CARRY4 (Prop_carry4_CI_O[3])
                                                      0.315    15.888 r  pixel_gen_inst/circle_rect_collision1_inferred__3/i__carry__1/O[3]
                         net (fo=2, routed)           0.847    16.735    pixel_gen_inst/circle_rect_collision1_inferred__3/i__carry__1_n_4
    SLICE_X11Y37         LUT2 (Prop_lut2_I0_O)        0.307    17.042 r  pixel_gen_inst/i__carry__5_i_1__0/O
                         net (fo=1, routed)           0.000    17.042    pixel_gen_inst/i__carry__5_i_1__0_n_0
    SLICE_X11Y37         CARRY4 (Prop_carry4_S[3]_CO[3])
                                                      0.401    17.443 r  pixel_gen_inst/circle_rect_collision0_inferred__1/i__carry__5/CO[3]
                         net (fo=1, routed)           0.000    17.443    pixel_gen_inst/circle_rect_collision0_inferred__1/i__carry__5_n_0
    SLICE_X11Y38         CARRY4 (Prop_carry4_CI_O[0])
                                                      0.222    17.665 f  pixel_gen_inst/circle_rect_collision0_inferred__1/i__carry__6/O[0]
                         net (fo=1, routed)           0.948    18.613    pixel_gen_inst/circle_rect_collision0_inferred__1/i__carry__6_n_7
    SLICE_X9Y36          LUT2 (Prop_lut2_I0_O)        0.299    18.912 r  pixel_gen_inst/i__carry__2_i_2__0/O
                         net (fo=1, routed)           0.000    18.912    pixel_gen_inst/i__carry__2_i_2__0_n_0
    SLICE_X9Y36          CARRY4 (Prop_carry4_S[1]_CO[2])
                                                      0.570    19.482 r  pixel_gen_inst/circle_rect_collision_inferred__1/i__carry__2/CO[2]
                         net (fo=1, routed)           2.409    21.891    pixel_gen_inst/circle_rect_collision_inferred__1/i__carry__2_n_1
    SLICE_X51Y48         LUT6 (Prop_lut6_I5_O)        0.313    22.204 r  pixel_gen_inst/ball_vy[9]_i_4/O
                         net (fo=2, routed)           1.158    23.361    pixel_gen_inst/ball_vy[9]_i_4_n_0
    SLICE_X36Y49         LUT6 (Prop_lut6_I1_O)        0.124    23.485 r  pixel_gen_inst/ball_vx[9]_i_1/O
                         net (fo=10, routed)          0.496    23.981    pixel_gen_inst/ball_vx[9]_i_1_n_0
    SLICE_X33Y49         FDRE                                         r  pixel_gen_inst/ball_vx_reg[1]/CE
  -------------------------------------------------------------------    -------------------

                         (clock clk_25_clkDVIprescaler rise edge)
                                                     40.000    40.000 r  
    W5                                                0.000    40.000 r  clk100 (IN)
                         net (fo=0)                   0.000    40.000    prescaler_instance/inst/clk_100
    W5                   IBUF (Prop_ibuf_I_O)         1.388    41.388 r  prescaler_instance/inst/clkin1_ibufg/O
                         net (fo=1, routed)           1.162    42.550    prescaler_instance/inst/clk_100_clkDVIprescaler
    MMCME2_ADV_X1Y0      MMCME2_ADV (Prop_mmcme2_adv_CLKIN1_CLKOUT0)
                                                     -7.217    35.332 r  prescaler_instance/inst/mmcm_adv_inst/CLKOUT0
                         net (fo=1, routed)           1.581    36.914    prescaler_instance/inst/clk_25_clkDVIprescaler
    BUFGCTRL_X0Y0        BUFG (Prop_bufg_I_O)         0.091    37.005 r  prescaler_instance/inst/clkout1_buf/O
                         net (fo=69, routed)          1.446    38.451    pixel_gen_inst/clk_25
    SLICE_X33Y49         FDRE                                         r  pixel_gen_inst/ball_vx_reg[1]/C
                         clock pessimism              0.484    38.934    
                         clock uncertainty           -0.098    38.837    
    SLICE_X33Y49         FDRE (Setup_fdre_C_CE)      -0.205    38.632    pixel_gen_inst/ball_vx_reg[1]
  -------------------------------------------------------------------
                         required time                         38.632    
                         arrival time                         -23.981    
  -------------------------------------------------------------------
                         slack                                 14.651    





Min Delay Paths
--------------------------------------------------------------------------------------
Slack (MET) :             0.066ns  (arrival time - required time)
  Source:                 pixel_gen_inst/square_x_reg[1]/C
                            (rising edge-triggered cell FDRE clocked by clk_25_clkDVIprescaler  {rise@0.000ns fall@20.000ns period=40.000ns})
  Destination:            pixel_gen_inst/square_x_reg[4]/D
                            (rising edge-triggered cell FDRE clocked by clk_25_clkDVIprescaler  {rise@0.000ns fall@20.000ns period=40.000ns})
  Path Group:             clk_25_clkDVIprescaler
  Path Type:              Hold (Min at Fast Process Corner)
  Requirement:            0.000ns  (clk_25_clkDVIprescaler rise@0.000ns - clk_25_clkDVIprescaler rise@0.000ns)
  Data Path Delay:        0.438ns  (logic 0.342ns (78.078%)  route 0.096ns (21.922%))
  Logic Levels:           2  (CARRY4=2)
  Clock Path Skew:        0.267ns (DCD - SCD - CPR)
    Destination Clock Delay (DCD):    -0.859ns
    Source Clock Delay      (SCD):    -0.617ns
    Clock Pessimism Removal (CPR):    -0.508ns

    Location             Delay type                Incr(ns)  Path(ns)    Netlist Resource(s)
  -------------------------------------------------------------------    -------------------
                         (clock clk_25_clkDVIprescaler rise edge)
                                                      0.000     0.000 r  
    W5                                                0.000     0.000 r  clk100 (IN)
                         net (fo=0)                   0.000     0.000    prescaler_instance/inst/clk_100
    W5                   IBUF (Prop_ibuf_I_O)         0.226     0.226 r  prescaler_instance/inst/clkin1_ibufg/O
                         net (fo=1, routed)           0.440     0.667    prescaler_instance/inst/clk_100_clkDVIprescaler
    MMCME2_ADV_X1Y0      MMCME2_ADV (Prop_mmcme2_adv_CLKIN1_CLKOUT0)
                                                     -2.360    -1.693 r  prescaler_instance/inst/mmcm_adv_inst/CLKOUT0
                         net (fo=1, routed)           0.486    -1.207    prescaler_instance/inst/clk_25_clkDVIprescaler
    BUFGCTRL_X0Y0        BUFG (Prop_bufg_I_O)         0.026    -1.181 r  prescaler_instance/inst/clkout1_buf/O
                         net (fo=69, routed)          0.564    -0.617    pixel_gen_inst/clk_25
    SLICE_X32Y49         FDRE                                         r  pixel_gen_inst/square_x_reg[1]/C
  -------------------------------------------------------------------    -------------------
    SLICE_X32Y49         FDRE (Prop_fdre_C_Q)         0.141    -0.476 r  pixel_gen_inst/square_x_reg[1]/Q
                         net (fo=19, routed)          0.095    -0.381    pixel_gen_inst/square_x_reg[9]_0[1]
    SLICE_X32Y49         CARRY4 (Prop_carry4_DI[1]_CO[3])
                                                      0.147    -0.234 r  pixel_gen_inst/square_x0_carry/CO[3]
                         net (fo=1, routed)           0.001    -0.233    pixel_gen_inst/square_x0_carry_n_0
    SLICE_X32Y50         CARRY4 (Prop_carry4_CI_O[0])
                                                      0.054    -0.179 r  pixel_gen_inst/square_x0_carry__0/O[0]
                         net (fo=1, routed)           0.000    -0.179    pixel_gen_inst/p_0_in__0[4]
    SLICE_X32Y50         FDRE                                         r  pixel_gen_inst/square_x_reg[4]/D
  -------------------------------------------------------------------    -------------------

                         (clock clk_25_clkDVIprescaler rise edge)
                                                      0.000     0.000 r  
    W5                                                0.000     0.000 r  clk100 (IN)
                         net (fo=0)                   0.000     0.000    prescaler_instance/inst/clk_100
    W5                   IBUF (Prop_ibuf_I_O)         0.414     0.414 r  prescaler_instance/inst/clkin1_ibufg/O
                         net (fo=1, routed)           0.480     0.894    prescaler_instance/inst/clk_100_clkDVIprescaler
    MMCME2_ADV_X1Y0      MMCME2_ADV (Prop_mmcme2_adv_CLKIN1_CLKOUT0)
                                                     -3.142    -2.248 r  prescaler_instance/inst/mmcm_adv_inst/CLKOUT0
                         net (fo=1, routed)           0.530    -1.718    prescaler_instance/inst/clk_25_clkDVIprescaler
    BUFGCTRL_X0Y0        BUFG (Prop_bufg_I_O)         0.029    -1.689 r  prescaler_instance/inst/clkout1_buf/O
                         net (fo=69, routed)          0.830    -0.859    pixel_gen_inst/clk_25
    SLICE_X32Y50         FDRE                                         r  pixel_gen_inst/square_x_reg[4]/C
                         clock pessimism              0.508    -0.350    
    SLICE_X32Y50         FDRE (Hold_fdre_C_D)         0.105    -0.245    pixel_gen_inst/square_x_reg[4]
  -------------------------------------------------------------------
                         required time                          0.245    
                         arrival time                          -0.179    
  -------------------------------------------------------------------
                         slack                                  0.066    

Slack (MET) :             0.077ns  (arrival time - required time)
  Source:                 pixel_gen_inst/square_x_reg[1]/C
                            (rising edge-triggered cell FDRE clocked by clk_25_clkDVIprescaler  {rise@0.000ns fall@20.000ns period=40.000ns})
  Destination:            pixel_gen_inst/square_x_reg[6]/D
                            (rising edge-triggered cell FDRE clocked by clk_25_clkDVIprescaler  {rise@0.000ns fall@20.000ns period=40.000ns})
  Path Group:             clk_25_clkDVIprescaler
  Path Type:              Hold (Min at Fast Process Corner)
  Requirement:            0.000ns  (clk_25_clkDVIprescaler rise@0.000ns - clk_25_clkDVIprescaler rise@0.000ns)
  Data Path Delay:        0.449ns  (logic 0.353ns (78.615%)  route 0.096ns (21.385%))
  Logic Levels:           2  (CARRY4=2)
  Clock Path Skew:        0.267ns (DCD - SCD - CPR)
    Destination Clock Delay (DCD):    -0.859ns
    Source Clock Delay      (SCD):    -0.617ns
    Clock Pessimism Removal (CPR):    -0.508ns

    Location             Delay type                Incr(ns)  Path(ns)    Netlist Resource(s)
  -------------------------------------------------------------------    -------------------
                         (clock clk_25_clkDVIprescaler rise edge)
                                                      0.000     0.000 r  
    W5                                                0.000     0.000 r  clk100 (IN)
                         net (fo=0)                   0.000     0.000    prescaler_instance/inst/clk_100
    W5                   IBUF (Prop_ibuf_I_O)         0.226     0.226 r  prescaler_instance/inst/clkin1_ibufg/O
                         net (fo=1, routed)           0.440     0.667    prescaler_instance/inst/clk_100_clkDVIprescaler
    MMCME2_ADV_X1Y0      MMCME2_ADV (Prop_mmcme2_adv_CLKIN1_CLKOUT0)
                                                     -2.360    -1.693 r  prescaler_instance/inst/mmcm_adv_inst/CLKOUT0
                         net (fo=1, routed)           0.486    -1.207    prescaler_instance/inst/clk_25_clkDVIprescaler
    BUFGCTRL_X0Y0        BUFG (Prop_bufg_I_O)         0.026    -1.181 r  prescaler_instance/inst/clkout1_buf/O
                         net (fo=69, routed)          0.564    -0.617    pixel_gen_inst/clk_25
    SLICE_X32Y49         FDRE                                         r  pixel_gen_inst/square_x_reg[1]/C
  -------------------------------------------------------------------    -------------------
    SLICE_X32Y49         FDRE (Prop_fdre_C_Q)         0.141    -0.476 r  pixel_gen_inst/square_x_reg[1]/Q
                         net (fo=19, routed)          0.095    -0.381    pixel_gen_inst/square_x_reg[9]_0[1]
    SLICE_X32Y49         CARRY4 (Prop_carry4_DI[1]_CO[3])
                                                      0.147    -0.234 r  pixel_gen_inst/square_x0_carry/CO[3]
                         net (fo=1, routed)           0.001    -0.233    pixel_gen_inst/square_x0_carry_n_0
    SLICE_X32Y50         CARRY4 (Prop_carry4_CI_O[2])
                                                      0.065    -0.168 r  pixel_gen_inst/square_x0_carry__0/O[2]
                         net (fo=1, routed)           0.000    -0.168    pixel_gen_inst/p_0_in__0[6]
    SLICE_X32Y50         FDRE                                         r  pixel_gen_inst/square_x_reg[6]/D
  -------------------------------------------------------------------    -------------------

                         (clock clk_25_clkDVIprescaler rise edge)
                                                      0.000     0.000 r  
    W5                                                0.000     0.000 r  clk100 (IN)
                         net (fo=0)                   0.000     0.000    prescaler_instance/inst/clk_100
    W5                   IBUF (Prop_ibuf_I_O)         0.414     0.414 r  prescaler_instance/inst/clkin1_ibufg/O
                         net (fo=1, routed)           0.480     0.894    prescaler_instance/inst/clk_100_clkDVIprescaler
    MMCME2_ADV_X1Y0      MMCME2_ADV (Prop_mmcme2_adv_CLKIN1_CLKOUT0)
                                                     -3.142    -2.248 r  prescaler_instance/inst/mmcm_adv_inst/CLKOUT0
                         net (fo=1, routed)           0.530    -1.718    prescaler_instance/inst/clk_25_clkDVIprescaler
    BUFGCTRL_X0Y0        BUFG (Prop_bufg_I_O)         0.029    -1.689 r  prescaler_instance/inst/clkout1_buf/O
                         net (fo=69, routed)          0.830    -0.859    pixel_gen_inst/clk_25
    SLICE_X32Y50         FDRE                                         r  pixel_gen_inst/square_x_reg[6]/C
                         clock pessimism              0.508    -0.350    
    SLICE_X32Y50         FDRE (Hold_fdre_C_D)         0.105    -0.245    pixel_gen_inst/square_x_reg[6]
  -------------------------------------------------------------------
                         required time                          0.245    
                         arrival time                          -0.168    
  -------------------------------------------------------------------
                         slack                                  0.077    

Slack (MET) :             0.102ns  (arrival time - required time)
  Source:                 pixel_gen_inst/square_x_reg[1]/C
                            (rising edge-triggered cell FDRE clocked by clk_25_clkDVIprescaler  {rise@0.000ns fall@20.000ns period=40.000ns})
  Destination:            pixel_gen_inst/square_x_reg[5]/D
                            (rising edge-triggered cell FDRE clocked by clk_25_clkDVIprescaler  {rise@0.000ns fall@20.000ns period=40.000ns})
  Path Group:             clk_25_clkDVIprescaler
  Path Type:              Hold (Min at Fast Process Corner)
  Requirement:            0.000ns  (clk_25_clkDVIprescaler rise@0.000ns - clk_25_clkDVIprescaler rise@0.000ns)
  Data Path Delay:        0.474ns  (logic 0.378ns (79.743%)  route 0.096ns (20.257%))
  Logic Levels:           2  (CARRY4=2)
  Clock Path Skew:        0.267ns (DCD - SCD - CPR)
    Destination Clock Delay (DCD):    -0.859ns
    Source Clock Delay      (SCD):    -0.617ns
    Clock Pessimism Removal (CPR):    -0.508ns

    Location             Delay type                Incr(ns)  Path(ns)    Netlist Resource(s)
  -------------------------------------------------------------------    -------------------
                         (clock clk_25_clkDVIprescaler rise edge)
                                                      0.000     0.000 r  
    W5                                                0.000     0.000 r  clk100 (IN)
                         net (fo=0)                   0.000     0.000    prescaler_instance/inst/clk_100
    W5                   IBUF (Prop_ibuf_I_O)         0.226     0.226 r  prescaler_instance/inst/clkin1_ibufg/O
                         net (fo=1, routed)           0.440     0.667    prescaler_instance/inst/clk_100_clkDVIprescaler
    MMCME2_ADV_X1Y0      MMCME2_ADV (Prop_mmcme2_adv_CLKIN1_CLKOUT0)
                                                     -2.360    -1.693 r  prescaler_instance/inst/mmcm_adv_inst/CLKOUT0
                         net (fo=1, routed)           0.486    -1.207    prescaler_instance/inst/clk_25_clkDVIprescaler
    BUFGCTRL_X0Y0        BUFG (Prop_bufg_I_O)         0.026    -1.181 r  prescaler_instance/inst/clkout1_buf/O
                         net (fo=69, routed)          0.564    -0.617    pixel_gen_inst/clk_25
    SLICE_X32Y49         FDRE                                         r  pixel_gen_inst/square_x_reg[1]/C
  -------------------------------------------------------------------    -------------------
    SLICE_X32Y49         FDRE (Prop_fdre_C_Q)         0.141    -0.476 r  pixel_gen_inst/square_x_reg[1]/Q
                         net (fo=19, routed)          0.095    -0.381    pixel_gen_inst/square_x_reg[9]_0[1]
    SLICE_X32Y49         CARRY4 (Prop_carry4_DI[1]_CO[3])
                                                      0.147    -0.234 r  pixel_gen_inst/square_x0_carry/CO[3]
                         net (fo=1, routed)           0.001    -0.233    pixel_gen_inst/square_x0_carry_n_0
    SLICE_X32Y50         CARRY4 (Prop_carry4_CI_O[1])
                                                      0.090    -0.143 r  pixel_gen_inst/square_x0_carry__0/O[1]
                         net (fo=1, routed)           0.000    -0.143    pixel_gen_inst/p_0_in__0[5]
    SLICE_X32Y50         FDRE                                         r  pixel_gen_inst/square_x_reg[5]/D
  -------------------------------------------------------------------    -------------------

                         (clock clk_25_clkDVIprescaler rise edge)
                                                      0.000     0.000 r  
    W5                                                0.000     0.000 r  clk100 (IN)
                         net (fo=0)                   0.000     0.000    prescaler_instance/inst/clk_100
    W5                   IBUF (Prop_ibuf_I_O)         0.414     0.414 r  prescaler_instance/inst/clkin1_ibufg/O
                         net (fo=1, routed)           0.480     0.894    prescaler_instance/inst/clk_100_clkDVIprescaler
    MMCME2_ADV_X1Y0      MMCME2_ADV (Prop_mmcme2_adv_CLKIN1_CLKOUT0)
                                                     -3.142    -2.248 r  prescaler_instance/inst/mmcm_adv_inst/CLKOUT0
                         net (fo=1, routed)           0.530    -1.718    prescaler_instance/inst/clk_25_clkDVIprescaler
    BUFGCTRL_X0Y0        BUFG (Prop_bufg_I_O)         0.029    -1.689 r  prescaler_instance/inst/clkout1_buf/O
                         net (fo=69, routed)          0.830    -0.859    pixel_gen_inst/clk_25
    SLICE_X32Y50         FDRE                                         r  pixel_gen_inst/square_x_reg[5]/C
                         clock pessimism              0.508    -0.350    
    SLICE_X32Y50         FDRE (Hold_fdre_C_D)         0.105    -0.245    pixel_gen_inst/square_x_reg[5]
  -------------------------------------------------------------------
                         required time                          0.245    
                         arrival time                          -0.143    
  -------------------------------------------------------------------
                         slack                                  0.102    

Slack (MET) :             0.102ns  (arrival time - required time)
  Source:                 pixel_gen_inst/square_x_reg[1]/C
                            (rising edge-triggered cell FDRE clocked by clk_25_clkDVIprescaler  {rise@0.000ns fall@20.000ns period=40.000ns})
  Destination:            pixel_gen_inst/square_x_reg[7]/D
                            (rising edge-triggered cell FDRE clocked by clk_25_clkDVIprescaler  {rise@0.000ns fall@20.000ns period=40.000ns})
  Path Group:             clk_25_clkDVIprescaler
  Path Type:              Hold (Min at Fast Process Corner)
  Requirement:            0.000ns  (clk_25_clkDVIprescaler rise@0.000ns - clk_25_clkDVIprescaler rise@0.000ns)
  Data Path Delay:        0.474ns  (logic 0.378ns (79.743%)  route 0.096ns (20.257%))
  Logic Levels:           2  (CARRY4=2)
  Clock Path Skew:        0.267ns (DCD - SCD - CPR)
    Destination Clock Delay (DCD):    -0.859ns
    Source Clock Delay      (SCD):    -0.617ns
    Clock Pessimism Removal (CPR):    -0.508ns

    Location             Delay type                Incr(ns)  Path(ns)    Netlist Resource(s)
  -------------------------------------------------------------------    -------------------
                         (clock clk_25_clkDVIprescaler rise edge)
                                                      0.000     0.000 r  
    W5                                                0.000     0.000 r  clk100 (IN)
                         net (fo=0)                   0.000     0.000    prescaler_instance/inst/clk_100
    W5                   IBUF (Prop_ibuf_I_O)         0.226     0.226 r  prescaler_instance/inst/clkin1_ibufg/O
                         net (fo=1, routed)           0.440     0.667    prescaler_instance/inst/clk_100_clkDVIprescaler
    MMCME2_ADV_X1Y0      MMCME2_ADV (Prop_mmcme2_adv_CLKIN1_CLKOUT0)
                                                     -2.360    -1.693 r  prescaler_instance/inst/mmcm_adv_inst/CLKOUT0
                         net (fo=1, routed)           0.486    -1.207    prescaler_instance/inst/clk_25_clkDVIprescaler
    BUFGCTRL_X0Y0        BUFG (Prop_bufg_I_O)         0.026    -1.181 r  prescaler_instance/inst/clkout1_buf/O
                         net (fo=69, routed)          0.564    -0.617    pixel_gen_inst/clk_25
    SLICE_X32Y49         FDRE                                         r  pixel_gen_inst/square_x_reg[1]/C
  -------------------------------------------------------------------    -------------------
    SLICE_X32Y49         FDRE (Prop_fdre_C_Q)         0.141    -0.476 r  pixel_gen_inst/square_x_reg[1]/Q
                         net (fo=19, routed)          0.095    -0.381    pixel_gen_inst/square_x_reg[9]_0[1]
    SLICE_X32Y49         CARRY4 (Prop_carry4_DI[1]_CO[3])
                                                      0.147    -0.234 r  pixel_gen_inst/square_x0_carry/CO[3]
                         net (fo=1, routed)           0.001    -0.233    pixel_gen_inst/square_x0_carry_n_0
    SLICE_X32Y50         CARRY4 (Prop_carry4_CI_O[3])
                                                      0.090    -0.143 r  pixel_gen_inst/square_x0_carry__0/O[3]
                         net (fo=1, routed)           0.000    -0.143    pixel_gen_inst/p_0_in__0[7]
    SLICE_X32Y50         FDRE                                         r  pixel_gen_inst/square_x_reg[7]/D
  -------------------------------------------------------------------    -------------------

                         (clock clk_25_clkDVIprescaler rise edge)
                                                      0.000     0.000 r  
    W5                                                0.000     0.000 r  clk100 (IN)
                         net (fo=0)                   0.000     0.000    prescaler_instance/inst/clk_100
    W5                   IBUF (Prop_ibuf_I_O)         0.414     0.414 r  prescaler_instance/inst/clkin1_ibufg/O
                         net (fo=1, routed)           0.480     0.894    prescaler_instance/inst/clk_100_clkDVIprescaler
    MMCME2_ADV_X1Y0      MMCME2_ADV (Prop_mmcme2_adv_CLKIN1_CLKOUT0)
                                                     -3.142    -2.248 r  prescaler_instance/inst/mmcm_adv_inst/CLKOUT0
                         net (fo=1, routed)           0.530    -1.718    prescaler_instance/inst/clk_25_clkDVIprescaler
    BUFGCTRL_X0Y0        BUFG (Prop_bufg_I_O)         0.029    -1.689 r  prescaler_instance/inst/clkout1_buf/O
                         net (fo=69, routed)          0.830    -0.859    pixel_gen_inst/clk_25
    SLICE_X32Y50         FDRE                                         r  pixel_gen_inst/square_x_reg[7]/C
                         clock pessimism              0.508    -0.350    
    SLICE_X32Y50         FDRE (Hold_fdre_C_D)         0.105    -0.245    pixel_gen_inst/square_x_reg[7]
  -------------------------------------------------------------------
                         required time                          0.245    
                         arrival time                          -0.143    
  -------------------------------------------------------------------
                         slack                                  0.102    

Slack (MET) :             0.105ns  (arrival time - required time)
  Source:                 pixel_gen_inst/square_x_reg[1]/C
                            (rising edge-triggered cell FDRE clocked by clk_25_clkDVIprescaler  {rise@0.000ns fall@20.000ns period=40.000ns})
  Destination:            pixel_gen_inst/square_x_reg[8]/D
                            (rising edge-triggered cell FDRE clocked by clk_25_clkDVIprescaler  {rise@0.000ns fall@20.000ns period=40.000ns})
  Path Group:             clk_25_clkDVIprescaler
  Path Type:              Hold (Min at Fast Process Corner)
  Requirement:            0.000ns  (clk_25_clkDVIprescaler rise@0.000ns - clk_25_clkDVIprescaler rise@0.000ns)
  Data Path Delay:        0.477ns  (logic 0.381ns (79.871%)  route 0.096ns (20.129%))
  Logic Levels:           3  (CARRY4=3)
  Clock Path Skew:        0.267ns (DCD - SCD - CPR)
    Destination Clock Delay (DCD):    -0.859ns
    Source Clock Delay      (SCD):    -0.617ns
    Clock Pessimism Removal (CPR):    -0.508ns

    Location             Delay type                Incr(ns)  Path(ns)    Netlist Resource(s)
  -------------------------------------------------------------------    -------------------
                         (clock clk_25_clkDVIprescaler rise edge)
                                                      0.000     0.000 r  
    W5                                                0.000     0.000 r  clk100 (IN)
                         net (fo=0)                   0.000     0.000    prescaler_instance/inst/clk_100
    W5                   IBUF (Prop_ibuf_I_O)         0.226     0.226 r  prescaler_instance/inst/clkin1_ibufg/O
                         net (fo=1, routed)           0.440     0.667    prescaler_instance/inst/clk_100_clkDVIprescaler
    MMCME2_ADV_X1Y0      MMCME2_ADV (Prop_mmcme2_adv_CLKIN1_CLKOUT0)
                                                     -2.360    -1.693 r  prescaler_instance/inst/mmcm_adv_inst/CLKOUT0
                         net (fo=1, routed)           0.486    -1.207    prescaler_instance/inst/clk_25_clkDVIprescaler
    BUFGCTRL_X0Y0        BUFG (Prop_bufg_I_O)         0.026    -1.181 r  prescaler_instance/inst/clkout1_buf/O
                         net (fo=69, routed)          0.564    -0.617    pixel_gen_inst/clk_25
    SLICE_X32Y49         FDRE                                         r  pixel_gen_inst/square_x_reg[1]/C
  -------------------------------------------------------------------    -------------------
    SLICE_X32Y49         FDRE (Prop_fdre_C_Q)         0.141    -0.476 r  pixel_gen_inst/square_x_reg[1]/Q
                         net (fo=19, routed)          0.095    -0.381    pixel_gen_inst/square_x_reg[9]_0[1]
    SLICE_X32Y49         CARRY4 (Prop_carry4_DI[1]_CO[3])
                                                      0.147    -0.234 r  pixel_gen_inst/square_x0_carry/CO[3]
                         net (fo=1, routed)           0.001    -0.233    pixel_gen_inst/square_x0_carry_n_0
    SLICE_X32Y50         CARRY4 (Prop_carry4_CI_CO[3])
                                                      0.039    -0.194 r  pixel_gen_inst/square_x0_carry__0/CO[3]
                         net (fo=1, routed)           0.000    -0.194    pixel_gen_inst/square_x0_carry__0_n_0
    SLICE_X32Y51         CARRY4 (Prop_carry4_CI_O[0])
                                                      0.054    -0.140 r  pixel_gen_inst/square_x0_carry__1/O[0]
                         net (fo=1, routed)           0.000    -0.140    pixel_gen_inst/p_0_in__0[8]
    SLICE_X32Y51         FDRE                                         r  pixel_gen_inst/square_x_reg[8]/D
  -------------------------------------------------------------------    -------------------

                         (clock clk_25_clkDVIprescaler rise edge)
                                                      0.000     0.000 r  
    W5                                                0.000     0.000 r  clk100 (IN)
                         net (fo=0)                   0.000     0.000    prescaler_instance/inst/clk_100
    W5                   IBUF (Prop_ibuf_I_O)         0.414     0.414 r  prescaler_instance/inst/clkin1_ibufg/O
                         net (fo=1, routed)           0.480     0.894    prescaler_instance/inst/clk_100_clkDVIprescaler
    MMCME2_ADV_X1Y0      MMCME2_ADV (Prop_mmcme2_adv_CLKIN1_CLKOUT0)
                                                     -3.142    -2.248 r  prescaler_instance/inst/mmcm_adv_inst/CLKOUT0
                         net (fo=1, routed)           0.530    -1.718    prescaler_instance/inst/clk_25_clkDVIprescaler
    BUFGCTRL_X0Y0        BUFG (Prop_bufg_I_O)         0.029    -1.689 r  prescaler_instance/inst/clkout1_buf/O
                         net (fo=69, routed)          0.830    -0.859    pixel_gen_inst/clk_25
    SLICE_X32Y51         FDRE                                         r  pixel_gen_inst/square_x_reg[8]/C
                         clock pessimism              0.508    -0.350    
    SLICE_X32Y51         FDRE (Hold_fdre_C_D)         0.105    -0.245    pixel_gen_inst/square_x_reg[8]
  -------------------------------------------------------------------
                         required time                          0.245    
                         arrival time                          -0.140    
  -------------------------------------------------------------------
                         slack                                  0.105    

Slack (MET) :             0.137ns  (arrival time - required time)
  Source:                 pixel_gen_inst/ball_vx_reg[0]/C
                            (rising edge-triggered cell FDRE clocked by clk_25_clkDVIprescaler  {rise@0.000ns fall@20.000ns period=40.000ns})
  Destination:            pixel_gen_inst/ball_vx_reg[4]/D
                            (rising edge-triggered cell FDRE clocked by clk_25_clkDVIprescaler  {rise@0.000ns fall@20.000ns period=40.000ns})
  Path Group:             clk_25_clkDVIprescaler
  Path Type:              Hold (Min at Fast Process Corner)
  Requirement:            0.000ns  (clk_25_clkDVIprescaler rise@0.000ns - clk_25_clkDVIprescaler rise@0.000ns)
  Data Path Delay:        0.509ns  (logic 0.392ns (77.018%)  route 0.117ns (22.982%))
  Logic Levels:           2  (CARRY4=2)
  Clock Path Skew:        0.267ns (DCD - SCD - CPR)
    Destination Clock Delay (DCD):    -0.859ns
    Source Clock Delay      (SCD):    -0.617ns
    Clock Pessimism Removal (CPR):    -0.508ns

    Location             Delay type                Incr(ns)  Path(ns)    Netlist Resource(s)
  -------------------------------------------------------------------    -------------------
                         (clock clk_25_clkDVIprescaler rise edge)
                                                      0.000     0.000 r  
    W5                                                0.000     0.000 r  clk100 (IN)
                         net (fo=0)                   0.000     0.000    prescaler_instance/inst/clk_100
    W5                   IBUF (Prop_ibuf_I_O)         0.226     0.226 r  prescaler_instance/inst/clkin1_ibufg/O
                         net (fo=1, routed)           0.440     0.667    prescaler_instance/inst/clk_100_clkDVIprescaler
    MMCME2_ADV_X1Y0      MMCME2_ADV (Prop_mmcme2_adv_CLKIN1_CLKOUT0)
                                                     -2.360    -1.693 r  prescaler_instance/inst/mmcm_adv_inst/CLKOUT0
                         net (fo=1, routed)           0.486    -1.207    prescaler_instance/inst/clk_25_clkDVIprescaler
    BUFGCTRL_X0Y0        BUFG (Prop_bufg_I_O)         0.026    -1.181 r  prescaler_instance/inst/clkout1_buf/O
                         net (fo=69, routed)          0.564    -0.617    pixel_gen_inst/clk_25
    SLICE_X33Y49         FDRE                                         r  pixel_gen_inst/ball_vx_reg[0]/C
  -------------------------------------------------------------------    -------------------
    SLICE_X33Y49         FDRE (Prop_fdre_C_Q)         0.141    -0.476 r  pixel_gen_inst/ball_vx_reg[0]/Q
                         net (fo=2, routed)           0.116    -0.360    pixel_gen_inst/ball_vx[0]
    SLICE_X33Y49         CARRY4 (Prop_carry4_S[0]_CO[3])
                                                      0.197    -0.163 r  pixel_gen_inst/ball_vx0_inferred__0/i__carry/CO[3]
                         net (fo=1, routed)           0.001    -0.162    pixel_gen_inst/ball_vx0_inferred__0/i__carry_n_0
    SLICE_X33Y50         CARRY4 (Prop_carry4_CI_O[0])
                                                      0.054    -0.108 r  pixel_gen_inst/ball_vx0_inferred__0/i__carry__0/O[0]
                         net (fo=1, routed)           0.000    -0.108    pixel_gen_inst/ball_vx0_inferred__0/i__carry__0_n_7
    SLICE_X33Y50         FDRE                                         r  pixel_gen_inst/ball_vx_reg[4]/D
  -------------------------------------------------------------------    -------------------

                         (clock clk_25_clkDVIprescaler rise edge)
                                                      0.000     0.000 r  
    W5                                                0.000     0.000 r  clk100 (IN)
                         net (fo=0)                   0.000     0.000    prescaler_instance/inst/clk_100
    W5                   IBUF (Prop_ibuf_I_O)         0.414     0.414 r  prescaler_instance/inst/clkin1_ibufg/O
                         net (fo=1, routed)           0.480     0.894    prescaler_instance/inst/clk_100_clkDVIprescaler
    MMCME2_ADV_X1Y0      MMCME2_ADV (Prop_mmcme2_adv_CLKIN1_CLKOUT0)
                                                     -3.142    -2.248 r  prescaler_instance/inst/mmcm_adv_inst/CLKOUT0
                         net (fo=1, routed)           0.530    -1.718    prescaler_instance/inst/clk_25_clkDVIprescaler
    BUFGCTRL_X0Y0        BUFG (Prop_bufg_I_O)         0.029    -1.689 r  prescaler_instance/inst/clkout1_buf/O
                         net (fo=69, routed)          0.830    -0.859    pixel_gen_inst/clk_25
    SLICE_X33Y50         FDRE                                         r  pixel_gen_inst/ball_vx_reg[4]/C
                         clock pessimism              0.508    -0.350    
    SLICE_X33Y50         FDRE (Hold_fdre_C_D)         0.105    -0.245    pixel_gen_inst/ball_vx_reg[4]
  -------------------------------------------------------------------
                         required time                          0.245    
                         arrival time                          -0.108    
  -------------------------------------------------------------------
                         slack                                  0.137    

Slack (MET) :             0.141ns  (arrival time - required time)
  Source:                 pixel_gen_inst/square_x_reg[1]/C
                            (rising edge-triggered cell FDRE clocked by clk_25_clkDVIprescaler  {rise@0.000ns fall@20.000ns period=40.000ns})
  Destination:            pixel_gen_inst/square_x_reg[9]/D
                            (rising edge-triggered cell FDRE clocked by clk_25_clkDVIprescaler  {rise@0.000ns fall@20.000ns period=40.000ns})
  Path Group:             clk_25_clkDVIprescaler
  Path Type:              Hold (Min at Fast Process Corner)
  Requirement:            0.000ns  (clk_25_clkDVIprescaler rise@0.000ns - clk_25_clkDVIprescaler rise@0.000ns)
  Data Path Delay:        0.513ns  (logic 0.417ns (81.283%)  route 0.096ns (18.717%))
  Logic Levels:           3  (CARRY4=3)
  Clock Path Skew:        0.267ns (DCD - SCD - CPR)
    Destination Clock Delay (DCD):    -0.859ns
    Source Clock Delay      (SCD):    -0.617ns
    Clock Pessimism Removal (CPR):    -0.508ns

    Location             Delay type                Incr(ns)  Path(ns)    Netlist Resource(s)
  -------------------------------------------------------------------    -------------------
                         (clock clk_25_clkDVIprescaler rise edge)
                                                      0.000     0.000 r  
    W5                                                0.000     0.000 r  clk100 (IN)
                         net (fo=0)                   0.000     0.000    prescaler_instance/inst/clk_100
    W5                   IBUF (Prop_ibuf_I_O)         0.226     0.226 r  prescaler_instance/inst/clkin1_ibufg/O
                         net (fo=1, routed)           0.440     0.667    prescaler_instance/inst/clk_100_clkDVIprescaler
    MMCME2_ADV_X1Y0      MMCME2_ADV (Prop_mmcme2_adv_CLKIN1_CLKOUT0)
                                                     -2.360    -1.693 r  prescaler_instance/inst/mmcm_adv_inst/CLKOUT0
                         net (fo=1, routed)           0.486    -1.207    prescaler_instance/inst/clk_25_clkDVIprescaler
    BUFGCTRL_X0Y0        BUFG (Prop_bufg_I_O)         0.026    -1.181 r  prescaler_instance/inst/clkout1_buf/O
                         net (fo=69, routed)          0.564    -0.617    pixel_gen_inst/clk_25
    SLICE_X32Y49         FDRE                                         r  pixel_gen_inst/square_x_reg[1]/C
  -------------------------------------------------------------------    -------------------
    SLICE_X32Y49         FDRE (Prop_fdre_C_Q)         0.141    -0.476 r  pixel_gen_inst/square_x_reg[1]/Q
                         net (fo=19, routed)          0.095    -0.381    pixel_gen_inst/square_x_reg[9]_0[1]
    SLICE_X32Y49         CARRY4 (Prop_carry4_DI[1]_CO[3])
                                                      0.147    -0.234 r  pixel_gen_inst/square_x0_carry/CO[3]
                         net (fo=1, routed)           0.001    -0.233    pixel_gen_inst/square_x0_carry_n_0
    SLICE_X32Y50         CARRY4 (Prop_carry4_CI_CO[3])
                                                      0.039    -0.194 r  pixel_gen_inst/square_x0_carry__0/CO[3]
                         net (fo=1, routed)           0.000    -0.194    pixel_gen_inst/square_x0_carry__0_n_0
    SLICE_X32Y51         CARRY4 (Prop_carry4_CI_O[1])
                                                      0.090    -0.104 r  pixel_gen_inst/square_x0_carry__1/O[1]
                         net (fo=1, routed)           0.000    -0.104    pixel_gen_inst/p_0_in__0[9]
    SLICE_X32Y51         FDRE                                         r  pixel_gen_inst/square_x_reg[9]/D
  -------------------------------------------------------------------    -------------------

                         (clock clk_25_clkDVIprescaler rise edge)
                                                      0.000     0.000 r  
    W5                                                0.000     0.000 r  clk100 (IN)
                         net (fo=0)                   0.000     0.000    prescaler_instance/inst/clk_100
    W5                   IBUF (Prop_ibuf_I_O)         0.414     0.414 r  prescaler_instance/inst/clkin1_ibufg/O
                         net (fo=1, routed)           0.480     0.894    prescaler_instance/inst/clk_100_clkDVIprescaler
    MMCME2_ADV_X1Y0      MMCME2_ADV (Prop_mmcme2_adv_CLKIN1_CLKOUT0)
                                                     -3.142    -2.248 r  prescaler_instance/inst/mmcm_adv_inst/CLKOUT0
                         net (fo=1, routed)           0.530    -1.718    prescaler_instance/inst/clk_25_clkDVIprescaler
    BUFGCTRL_X0Y0        BUFG (Prop_bufg_I_O)         0.029    -1.689 r  prescaler_instance/inst/clkout1_buf/O
                         net (fo=69, routed)          0.830    -0.859    pixel_gen_inst/clk_25
    SLICE_X32Y51         FDRE                                         r  pixel_gen_inst/square_x_reg[9]/C
                         clock pessimism              0.508    -0.350    
    SLICE_X32Y51         FDRE (Hold_fdre_C_D)         0.105    -0.245    pixel_gen_inst/square_x_reg[9]
  -------------------------------------------------------------------
                         required time                          0.245    
                         arrival time                          -0.104    
  -------------------------------------------------------------------
                         slack                                  0.141    

Slack (MET) :             0.148ns  (arrival time - required time)
  Source:                 pixel_gen_inst/ball_vx_reg[0]/C
                            (rising edge-triggered cell FDRE clocked by clk_25_clkDVIprescaler  {rise@0.000ns fall@20.000ns period=40.000ns})
  Destination:            pixel_gen_inst/ball_vx_reg[6]/D
                            (rising edge-triggered cell FDRE clocked by clk_25_clkDVIprescaler  {rise@0.000ns fall@20.000ns period=40.000ns})
  Path Group:             clk_25_clkDVIprescaler
  Path Type:              Hold (Min at Fast Process Corner)
  Requirement:            0.000ns  (clk_25_clkDVIprescaler rise@0.000ns - clk_25_clkDVIprescaler rise@0.000ns)
  Data Path Delay:        0.520ns  (logic 0.403ns (77.505%)  route 0.117ns (22.495%))
  Logic Levels:           2  (CARRY4=2)
  Clock Path Skew:        0.267ns (DCD - SCD - CPR)
    Destination Clock Delay (DCD):    -0.859ns
    Source Clock Delay      (SCD):    -0.617ns
    Clock Pessimism Removal (CPR):    -0.508ns

    Location             Delay type                Incr(ns)  Path(ns)    Netlist Resource(s)
  -------------------------------------------------------------------    -------------------
                         (clock clk_25_clkDVIprescaler rise edge)
                                                      0.000     0.000 r  
    W5                                                0.000     0.000 r  clk100 (IN)
                         net (fo=0)                   0.000     0.000    prescaler_instance/inst/clk_100
    W5                   IBUF (Prop_ibuf_I_O)         0.226     0.226 r  prescaler_instance/inst/clkin1_ibufg/O
                         net (fo=1, routed)           0.440     0.667    prescaler_instance/inst/clk_100_clkDVIprescaler
    MMCME2_ADV_X1Y0      MMCME2_ADV (Prop_mmcme2_adv_CLKIN1_CLKOUT0)
                                                     -2.360    -1.693 r  prescaler_instance/inst/mmcm_adv_inst/CLKOUT0
                         net (fo=1, routed)           0.486    -1.207    prescaler_instance/inst/clk_25_clkDVIprescaler
    BUFGCTRL_X0Y0        BUFG (Prop_bufg_I_O)         0.026    -1.181 r  prescaler_instance/inst/clkout1_buf/O
                         net (fo=69, routed)          0.564    -0.617    pixel_gen_inst/clk_25
    SLICE_X33Y49         FDRE                                         r  pixel_gen_inst/ball_vx_reg[0]/C
  -------------------------------------------------------------------    -------------------
    SLICE_X33Y49         FDRE (Prop_fdre_C_Q)         0.141    -0.476 r  pixel_gen_inst/ball_vx_reg[0]/Q
                         net (fo=2, routed)           0.116    -0.360    pixel_gen_inst/ball_vx[0]
    SLICE_X33Y49         CARRY4 (Prop_carry4_S[0]_CO[3])
                                                      0.197    -0.163 r  pixel_gen_inst/ball_vx0_inferred__0/i__carry/CO[3]
                         net (fo=1, routed)           0.001    -0.162    pixel_gen_inst/ball_vx0_inferred__0/i__carry_n_0
    SLICE_X33Y50         CARRY4 (Prop_carry4_CI_O[2])
                                                      0.065    -0.097 r  pixel_gen_inst/ball_vx0_inferred__0/i__carry__0/O[2]
                         net (fo=1, routed)           0.000    -0.097    pixel_gen_inst/ball_vx0_inferred__0/i__carry__0_n_5
    SLICE_X33Y50         FDRE                                         r  pixel_gen_inst/ball_vx_reg[6]/D
  -------------------------------------------------------------------    -------------------

                         (clock clk_25_clkDVIprescaler rise edge)
                                                      0.000     0.000 r  
    W5                                                0.000     0.000 r  clk100 (IN)
                         net (fo=0)                   0.000     0.000    prescaler_instance/inst/clk_100
    W5                   IBUF (Prop_ibuf_I_O)         0.414     0.414 r  prescaler_instance/inst/clkin1_ibufg/O
                         net (fo=1, routed)           0.480     0.894    prescaler_instance/inst/clk_100_clkDVIprescaler
    MMCME2_ADV_X1Y0      MMCME2_ADV (Prop_mmcme2_adv_CLKIN1_CLKOUT0)
                                                     -3.142    -2.248 r  prescaler_instance/inst/mmcm_adv_inst/CLKOUT0
                         net (fo=1, routed)           0.530    -1.718    prescaler_instance/inst/clk_25_clkDVIprescaler
    BUFGCTRL_X0Y0        BUFG (Prop_bufg_I_O)         0.029    -1.689 r  prescaler_instance/inst/clkout1_buf/O
                         net (fo=69, routed)          0.830    -0.859    pixel_gen_inst/clk_25
    SLICE_X33Y50         FDRE                                         r  pixel_gen_inst/ball_vx_reg[6]/C
                         clock pessimism              0.508    -0.350    
    SLICE_X33Y50         FDRE (Hold_fdre_C_D)         0.105    -0.245    pixel_gen_inst/ball_vx_reg[6]
  -------------------------------------------------------------------
                         required time                          0.245    
                         arrival time                          -0.097    
  -------------------------------------------------------------------
                         slack                                  0.148    

Slack (MET) :             0.173ns  (arrival time - required time)
  Source:                 pixel_gen_inst/ball_vx_reg[0]/C
                            (rising edge-triggered cell FDRE clocked by clk_25_clkDVIprescaler  {rise@0.000ns fall@20.000ns period=40.000ns})
  Destination:            pixel_gen_inst/ball_vx_reg[5]/D
                            (rising edge-triggered cell FDRE clocked by clk_25_clkDVIprescaler  {rise@0.000ns fall@20.000ns period=40.000ns})
  Path Group:             clk_25_clkDVIprescaler
  Path Type:              Hold (Min at Fast Process Corner)
  Requirement:            0.000ns  (clk_25_clkDVIprescaler rise@0.000ns - clk_25_clkDVIprescaler rise@0.000ns)
  Data Path Delay:        0.545ns  (logic 0.428ns (78.537%)  route 0.117ns (21.463%))
  Logic Levels:           2  (CARRY4=2)
  Clock Path Skew:        0.267ns (DCD - SCD - CPR)
    Destination Clock Delay (DCD):    -0.859ns
    Source Clock Delay      (SCD):    -0.617ns
    Clock Pessimism Removal (CPR):    -0.508ns

    Location             Delay type                Incr(ns)  Path(ns)    Netlist Resource(s)
  -------------------------------------------------------------------    -------------------
                         (clock clk_25_clkDVIprescaler rise edge)
                                                      0.000     0.000 r  
    W5                                                0.000     0.000 r  clk100 (IN)
                         net (fo=0)                   0.000     0.000    prescaler_instance/inst/clk_100
    W5                   IBUF (Prop_ibuf_I_O)         0.226     0.226 r  prescaler_instance/inst/clkin1_ibufg/O
                         net (fo=1, routed)           0.440     0.667    prescaler_instance/inst/clk_100_clkDVIprescaler
    MMCME2_ADV_X1Y0      MMCME2_ADV (Prop_mmcme2_adv_CLKIN1_CLKOUT0)
                                                     -2.360    -1.693 r  prescaler_instance/inst/mmcm_adv_inst/CLKOUT0
                         net (fo=1, routed)           0.486    -1.207    prescaler_instance/inst/clk_25_clkDVIprescaler
    BUFGCTRL_X0Y0        BUFG (Prop_bufg_I_O)         0.026    -1.181 r  prescaler_instance/inst/clkout1_buf/O
                         net (fo=69, routed)          0.564    -0.617    pixel_gen_inst/clk_25
    SLICE_X33Y49         FDRE                                         r  pixel_gen_inst/ball_vx_reg[0]/C
  -------------------------------------------------------------------    -------------------
    SLICE_X33Y49         FDRE (Prop_fdre_C_Q)         0.141    -0.476 r  pixel_gen_inst/ball_vx_reg[0]/Q
                         net (fo=2, routed)           0.116    -0.360    pixel_gen_inst/ball_vx[0]
    SLICE_X33Y49         CARRY4 (Prop_carry4_S[0]_CO[3])
                                                      0.197    -0.163 r  pixel_gen_inst/ball_vx0_inferred__0/i__carry/CO[3]
                         net (fo=1, routed)           0.001    -0.162    pixel_gen_inst/ball_vx0_inferred__0/i__carry_n_0
    SLICE_X33Y50         CARRY4 (Prop_carry4_CI_O[1])
                                                      0.090    -0.072 r  pixel_gen_inst/ball_vx0_inferred__0/i__carry__0/O[1]
                         net (fo=1, routed)           0.000    -0.072    pixel_gen_inst/ball_vx0_inferred__0/i__carry__0_n_6
    SLICE_X33Y50         FDRE                                         r  pixel_gen_inst/ball_vx_reg[5]/D
  -------------------------------------------------------------------    -------------------

                         (clock clk_25_clkDVIprescaler rise edge)
                                                      0.000     0.000 r  
    W5                                                0.000     0.000 r  clk100 (IN)
                         net (fo=0)                   0.000     0.000    prescaler_instance/inst/clk_100
    W5                   IBUF (Prop_ibuf_I_O)         0.414     0.414 r  prescaler_instance/inst/clkin1_ibufg/O
                         net (fo=1, routed)           0.480     0.894    prescaler_instance/inst/clk_100_clkDVIprescaler
    MMCME2_ADV_X1Y0      MMCME2_ADV (Prop_mmcme2_adv_CLKIN1_CLKOUT0)
                                                     -3.142    -2.248 r  prescaler_instance/inst/mmcm_adv_inst/CLKOUT0
                         net (fo=1, routed)           0.530    -1.718    prescaler_instance/inst/clk_25_clkDVIprescaler
    BUFGCTRL_X0Y0        BUFG (Prop_bufg_I_O)         0.029    -1.689 r  prescaler_instance/inst/clkout1_buf/O
                         net (fo=69, routed)          0.830    -0.859    pixel_gen_inst/clk_25
    SLICE_X33Y50         FDRE                                         r  pixel_gen_inst/ball_vx_reg[5]/C
                         clock pessimism              0.508    -0.350    
    SLICE_X33Y50         FDRE (Hold_fdre_C_D)         0.105    -0.245    pixel_gen_inst/ball_vx_reg[5]
  -------------------------------------------------------------------
                         required time                          0.245    
                         arrival time                          -0.072    
  -------------------------------------------------------------------
                         slack                                  0.173    

Slack (MET) :             0.173ns  (arrival time - required time)
  Source:                 pixel_gen_inst/ball_vx_reg[0]/C
                            (rising edge-triggered cell FDRE clocked by clk_25_clkDVIprescaler  {rise@0.000ns fall@20.000ns period=40.000ns})
  Destination:            pixel_gen_inst/ball_vx_reg[7]/D
                            (rising edge-triggered cell FDRE clocked by clk_25_clkDVIprescaler  {rise@0.000ns fall@20.000ns period=40.000ns})
  Path Group:             clk_25_clkDVIprescaler
  Path Type:              Hold (Min at Fast Process Corner)
  Requirement:            0.000ns  (clk_25_clkDVIprescaler rise@0.000ns - clk_25_clkDVIprescaler rise@0.000ns)
  Data Path Delay:        0.545ns  (logic 0.428ns (78.537%)  route 0.117ns (21.463%))
  Logic Levels:           2  (CARRY4=2)
  Clock Path Skew:        0.267ns (DCD - SCD - CPR)
    Destination Clock Delay (DCD):    -0.859ns
    Source Clock Delay      (SCD):    -0.617ns
    Clock Pessimism Removal (CPR):    -0.508ns

    Location             Delay type                Incr(ns)  Path(ns)    Netlist Resource(s)
  -------------------------------------------------------------------    -------------------
                         (clock clk_25_clkDVIprescaler rise edge)
                                                      0.000     0.000 r  
    W5                                                0.000     0.000 r  clk100 (IN)
                         net (fo=0)                   0.000     0.000    prescaler_instance/inst/clk_100
    W5                   IBUF (Prop_ibuf_I_O)         0.226     0.226 r  prescaler_instance/inst/clkin1_ibufg/O
                         net (fo=1, routed)           0.440     0.667    prescaler_instance/inst/clk_100_clkDVIprescaler
    MMCME2_ADV_X1Y0      MMCME2_ADV (Prop_mmcme2_adv_CLKIN1_CLKOUT0)
                                                     -2.360    -1.693 r  prescaler_instance/inst/mmcm_adv_inst/CLKOUT0
                         net (fo=1, routed)           0.486    -1.207    prescaler_instance/inst/clk_25_clkDVIprescaler
    BUFGCTRL_X0Y0        BUFG (Prop_bufg_I_O)         0.026    -1.181 r  prescaler_instance/inst/clkout1_buf/O
                         net (fo=69, routed)          0.564    -0.617    pixel_gen_inst/clk_25
    SLICE_X33Y49         FDRE                                         r  pixel_gen_inst/ball_vx_reg[0]/C
  -------------------------------------------------------------------    -------------------
    SLICE_X33Y49         FDRE (Prop_fdre_C_Q)         0.141    -0.476 r  pixel_gen_inst/ball_vx_reg[0]/Q
                         net (fo=2, routed)           0.116    -0.360    pixel_gen_inst/ball_vx[0]
    SLICE_X33Y49         CARRY4 (Prop_carry4_S[0]_CO[3])
                                                      0.197    -0.163 r  pixel_gen_inst/ball_vx0_inferred__0/i__carry/CO[3]
                         net (fo=1, routed)           0.001    -0.162    pixel_gen_inst/ball_vx0_inferred__0/i__carry_n_0
    SLICE_X33Y50         CARRY4 (Prop_carry4_CI_O[3])
                                                      0.090    -0.072 r  pixel_gen_inst/ball_vx0_inferred__0/i__carry__0/O[3]
                         net (fo=1, routed)           0.000    -0.072    pixel_gen_inst/ball_vx0_inferred__0/i__carry__0_n_4
    SLICE_X33Y50         FDRE                                         r  pixel_gen_inst/ball_vx_reg[7]/D
  -------------------------------------------------------------------    -------------------

                         (clock clk_25_clkDVIprescaler rise edge)
                                                      0.000     0.000 r  
    W5                                                0.000     0.000 r  clk100 (IN)
                         net (fo=0)                   0.000     0.000    prescaler_instance/inst/clk_100
    W5                   IBUF (Prop_ibuf_I_O)         0.414     0.414 r  prescaler_instance/inst/clkin1_ibufg/O
                         net (fo=1, routed)           0.480     0.894    prescaler_instance/inst/clk_100_clkDVIprescaler
    MMCME2_ADV_X1Y0      MMCME2_ADV (Prop_mmcme2_adv_CLKIN1_CLKOUT0)
                                                     -3.142    -2.248 r  prescaler_instance/inst/mmcm_adv_inst/CLKOUT0
                         net (fo=1, routed)           0.530    -1.718    prescaler_instance/inst/clk_25_clkDVIprescaler
    BUFGCTRL_X0Y0        BUFG (Prop_bufg_I_O)         0.029    -1.689 r  prescaler_instance/inst/clkout1_buf/O
                         net (fo=69, routed)          0.830    -0.859    pixel_gen_inst/clk_25
    SLICE_X33Y50         FDRE                                         r  pixel_gen_inst/ball_vx_reg[7]/C
                         clock pessimism              0.508    -0.350    
    SLICE_X33Y50         FDRE (Hold_fdre_C_D)         0.105    -0.245    pixel_gen_inst/ball_vx_reg[7]
  -------------------------------------------------------------------
                         required time                          0.245    
                         arrival time                          -0.072    
  -------------------------------------------------------------------
                         slack                                  0.173    





Pulse Width Checks
--------------------------------------------------------------------------------------
Clock Name:         clk_25_clkDVIprescaler
Waveform(ns):       { 0.000 20.000 }
Period(ns):         40.000
Sources:            { prescaler_instance/inst/mmcm_adv_inst/CLKOUT0 }

Check Type        Corner  Lib Pin             Reference Pin  Required(ns)  Actual(ns)  Slack(ns)  Location         Pin
Min Period        n/a     BUFG/I              n/a            2.155         40.000      37.845     BUFGCTRL_X0Y0    prescaler_instance/inst/clkout1_buf/I
Min Period        n/a     MMCME2_ADV/CLKOUT0  n/a            1.249         40.000      38.751     MMCME2_ADV_X1Y0  prescaler_instance/inst/mmcm_adv_inst/CLKOUT0
Min Period        n/a     FDRE/C              n/a            1.000         40.000      39.000     SLICE_X2Y45      dvi_driver_inst/DE_internal_reg/C
Min Period        n/a     FDRE/C              n/a            1.000         40.000      39.000     SLICE_X8Y44      dvi_driver_inst/hcount_int_reg[0]/C
Min Period        n/a     FDRE/C              n/a            1.000         40.000      39.000     SLICE_X8Y44      dvi_driver_inst/hcount_int_reg[1]/C
Min Period        n/a     FDRE/C              n/a            1.000         40.000      39.000     SLICE_X8Y44      dvi_driver_inst/hcount_int_reg[2]/C
Min Period        n/a     FDRE/C              n/a            1.000         40.000      39.000     SLICE_X8Y44      dvi_driver_inst/hcount_int_reg[3]/C
Min Period        n/a     FDRE/C              n/a            1.000         40.000      39.000     SLICE_X7Y45      dvi_driver_inst/hcount_int_reg[4]/C
Min Period        n/a     FDRE/C              n/a            1.000         40.000      39.000     SLICE_X7Y44      dvi_driver_inst/hcount_int_reg[5]/C
Min Period        n/a     FDRE/C              n/a            1.000         40.000      39.000     SLICE_X6Y44      dvi_driver_inst/hcount_int_reg[6]/C
Max Period        n/a     MMCME2_ADV/CLKOUT0  n/a            213.360       40.000      173.360    MMCME2_ADV_X1Y0  prescaler_instance/inst/mmcm_adv_inst/CLKOUT0
Low Pulse Width   Slow    FDRE/C              n/a            0.500         20.000      19.500     SLICE_X2Y45      dvi_driver_inst/DE_internal_reg/C
Low Pulse Width   Fast    FDRE/C              n/a            0.500         20.000      19.500     SLICE_X2Y45      dvi_driver_inst/DE_internal_reg/C
Low Pulse Width   Slow    FDRE/C              n/a            0.500         20.000      19.500     SLICE_X8Y44      dvi_driver_inst/hcount_int_reg[0]/C
Low Pulse Width   Fast    FDRE/C              n/a            0.500         20.000      19.500     SLICE_X8Y44      dvi_driver_inst/hcount_int_reg[0]/C
Low Pulse Width   Slow    FDRE/C              n/a            0.500         20.000      19.500     SLICE_X8Y44      dvi_driver_inst/hcount_int_reg[1]/C
Low Pulse Width   Fast    FDRE/C              n/a            0.500         20.000      19.500     SLICE_X8Y44      dvi_driver_inst/hcount_int_reg[1]/C
Low Pulse Width   Slow    FDRE/C              n/a            0.500         20.000      19.500     SLICE_X8Y44      dvi_driver_inst/hcount_int_reg[2]/C
Low Pulse Width   Fast    FDRE/C              n/a            0.500         20.000      19.500     SLICE_X8Y44      dvi_driver_inst/hcount_int_reg[2]/C
Low Pulse Width   Slow    FDRE/C              n/a            0.500         20.000      19.500     SLICE_X8Y44      dvi_driver_inst/hcount_int_reg[3]/C
Low Pulse Width   Fast    FDRE/C              n/a            0.500         20.000      19.500     SLICE_X8Y44      dvi_driver_inst/hcount_int_reg[3]/C
High Pulse Width  Slow    FDRE/C              n/a            0.500         20.000      19.500     SLICE_X2Y45      dvi_driver_inst/DE_internal_reg/C
High Pulse Width  Fast    FDRE/C              n/a            0.500         20.000      19.500     SLICE_X2Y45      dvi_driver_inst/DE_internal_reg/C
High Pulse Width  Slow    FDRE/C              n/a            0.500         20.000      19.500     SLICE_X8Y44      dvi_driver_inst/hcount_int_reg[0]/C
High Pulse Width  Fast    FDRE/C              n/a            0.500         20.000      19.500     SLICE_X8Y44      dvi_driver_inst/hcount_int_reg[0]/C
High Pulse Width  Slow    FDRE/C              n/a            0.500         20.000      19.500     SLICE_X8Y44      dvi_driver_inst/hcount_int_reg[1]/C
High Pulse Width  Fast    FDRE/C              n/a            0.500         20.000      19.500     SLICE_X8Y44      dvi_driver_inst/hcount_int_reg[1]/C
High Pulse Width  Slow    FDRE/C              n/a            0.500         20.000      19.500     SLICE_X8Y44      dvi_driver_inst/hcount_int_reg[2]/C
High Pulse Width  Fast    FDRE/C              n/a            0.500         20.000      19.500     SLICE_X8Y44      dvi_driver_inst/hcount_int_reg[2]/C
High Pulse Width  Slow    FDRE/C              n/a            0.500         20.000      19.500     SLICE_X8Y44      dvi_driver_inst/hcount_int_reg[3]/C
High Pulse Width  Fast    FDRE/C              n/a            0.500         20.000      19.500     SLICE_X8Y44      dvi_driver_inst/hcount_int_reg[3]/C



---------------------------------------------------------------------------------------------------
From Clock:  clkfbout_clkDVIprescaler
  To Clock:  clkfbout_clkDVIprescaler

Setup :           NA  Failing Endpoints,  Worst Slack           NA  ,  Total Violation           NA
Hold  :           NA  Failing Endpoints,  Worst Slack           NA  ,  Total Violation           NA
PW    :            0  Failing Endpoints,  Worst Slack        7.845ns,  Total Violation        0.000ns
---------------------------------------------------------------------------------------------------


Pulse Width Checks
--------------------------------------------------------------------------------------
Clock Name:         clkfbout_clkDVIprescaler
Waveform(ns):       { 0.000 5.000 }
Period(ns):         10.000
Sources:            { prescaler_instance/inst/mmcm_adv_inst/CLKFBOUT }

Check Type  Corner  Lib Pin              Reference Pin  Required(ns)  Actual(ns)  Slack(ns)  Location         Pin
Min Period  n/a     BUFG/I               n/a            2.155         10.000      7.845      BUFGCTRL_X0Y1    prescaler_instance/inst/clkf_buf/I
Min Period  n/a     MMCME2_ADV/CLKFBOUT  n/a            1.249         10.000      8.751      MMCME2_ADV_X1Y0  prescaler_instance/inst/mmcm_adv_inst/CLKFBOUT
Min Period  n/a     MMCME2_ADV/CLKFBIN   n/a            1.249         10.000      8.751      MMCME2_ADV_X1Y0  prescaler_instance/inst/mmcm_adv_inst/CLKFBIN
Max Period  n/a     MMCME2_ADV/CLKFBIN   n/a            100.000       10.000      90.000     MMCME2_ADV_X1Y0  prescaler_instance/inst/mmcm_adv_inst/CLKFBIN
Max Period  n/a     MMCME2_ADV/CLKFBOUT  n/a            213.360       10.000      203.360    MMCME2_ADV_X1Y0  prescaler_instance/inst/mmcm_adv_inst/CLKFBOUT



--------------------------------------------------------------------------------------
Path Group:  (none)
From Clock:  clk_25_clkDVIprescaler
  To Clock:  

Max Delay            13 Endpoints
Min Delay            13 Endpoints
--------------------------------------------------------------------------------------


Max Delay Paths
--------------------------------------------------------------------------------------
Slack:                    inf
  Source:                 prescaler_instance/inst/mmcm_adv_inst/CLKOUT0
                            (clock source 'clk_25_clkDVIprescaler'  {rise@0.000ns fall@20.000ns period=40.000ns})
  Destination:            clk_out
                            (output port)
  Path Group:             (none)
  Path Type:              Max at Slow Process Corner
  Data Path Delay:        8.192ns  (logic 3.604ns (43.990%)  route 4.589ns (56.010%))
  Logic Levels:           2  (BUFG=1 OBUF=1)
  Clock Uncertainty:      0.199ns  ((TSJ^2 + DJ^2)^1/2) / 2 + PE
    Total System Jitter     (TSJ):    0.050ns
    Discrete Jitter          (DJ):    0.182ns
    Phase Error              (PE):    0.104ns

    Location             Delay type                Incr(ns)  Path(ns)    Netlist Resource(s)
  -------------------------------------------------------------------    -------------------
                         (clock clk_25_clkDVIprescaler fall edge)
                                                     20.000    20.000 f  
    W5                                                0.000    20.000 f  clk100 (IN)
                         net (fo=0)                   0.000    20.000    prescaler_instance/inst/clk_100
    W5                   IBUF (Prop_ibuf_I_O)         1.458    21.458 f  prescaler_instance/inst/clkin1_ibufg/O
                         net (fo=1, routed)           1.233    22.691    prescaler_instance/inst/clk_100_clkDVIprescaler
  -------------------------------------------------------------------    -------------------
    MMCME2_ADV_X1Y0      MMCME2_ADV (Prop_mmcme2_adv_CLKIN1_CLKOUT0)
                                                     -6.961    15.731 f  prescaler_instance/inst/mmcm_adv_inst/CLKOUT0
                         net (fo=1, routed)           1.661    17.392    prescaler_instance/inst/clk_25_clkDVIprescaler
    BUFGCTRL_X0Y0        BUFG (Prop_bufg_I_O)         0.096    17.488 f  prescaler_instance/inst/clkout1_buf/O
                         net (fo=69, routed)          2.927    20.415    clk_out_OBUF
    M18                  OBUF (Prop_obuf_I_O)         3.508    23.923 f  clk_out_OBUF_inst/O
                         net (fo=0)                   0.000    23.923    clk_out
    M18                                                               f  clk_out (OUT)
  -------------------------------------------------------------------    -------------------

Slack:                    inf
  Source:                 pixel_gen_inst/rgb_out_reg[7]/C
                            (rising edge-triggered cell FDRE clocked by clk_25_clkDVIprescaler  {rise@0.000ns fall@20.000ns period=40.000ns})
  Destination:            rgb[7]
                            (output port)
  Path Group:             (none)
  Path Type:              Max at Slow Process Corner
  Data Path Delay:        9.333ns  (logic 4.335ns (46.443%)  route 4.999ns (53.557%))
  Logic Levels:           2  (LUT2=1 OBUF=1)
  Clock Uncertainty:      0.199ns  ((TSJ^2 + DJ^2)^1/2) / 2 + PE
    Total System Jitter     (TSJ):    0.050ns
    Discrete Jitter          (DJ):    0.182ns
    Phase Error              (PE):    0.104ns

    Location             Delay type                Incr(ns)  Path(ns)    Netlist Resource(s)
  -------------------------------------------------------------------    -------------------
                         (clock clk_25_clkDVIprescaler rise edge)
                                                      0.000     0.000 r  
    W5                                                0.000     0.000 r  clk100 (IN)
                         net (fo=0)                   0.000     0.000    prescaler_instance/inst/clk_100
    W5                   IBUF (Prop_ibuf_I_O)         1.458     1.458 r  prescaler_instance/inst/clkin1_ibufg/O
                         net (fo=1, routed)           1.233     2.691    prescaler_instance/inst/clk_100_clkDVIprescaler
    MMCME2_ADV_X1Y0      MMCME2_ADV (Prop_mmcme2_adv_CLKIN1_CLKOUT0)
                                                     -6.961    -4.269 r  prescaler_instance/inst/mmcm_adv_inst/CLKOUT0
                         net (fo=1, routed)           1.661    -2.608    prescaler_instance/inst/clk_25_clkDVIprescaler
    BUFGCTRL_X0Y0        BUFG (Prop_bufg_I_O)         0.096    -2.512 r  prescaler_instance/inst/clkout1_buf/O
                         net (fo=69, routed)          1.636    -0.876    pixel_gen_inst/clk_25
    SLICE_X7Y49          FDRE                                         r  pixel_gen_inst/rgb_out_reg[7]/C
  -------------------------------------------------------------------    -------------------
    SLICE_X7Y49          FDRE (Prop_fdre_C_Q)         0.456    -0.420 r  pixel_gen_inst/rgb_out_reg[7]/Q
                         net (fo=1, routed)           0.452     0.033    pixel_gen_inst/rgb_out[7]
    SLICE_X6Y49          LUT2 (Prop_lut2_I1_O)        0.150     0.183 r  pixel_gen_inst/rgb_OBUF[7]_inst_i_1/O
                         net (fo=1, routed)           4.547     4.729    rgb_OBUF[7]
    B15                  OBUF (Prop_obuf_I_O)         3.729     8.458 r  rgb_OBUF[7]_inst/O
                         net (fo=0)                   0.000     8.458    rgb[7]
    B15                                                               r  rgb[7] (OUT)
  -------------------------------------------------------------------    -------------------

Slack:                    inf
  Source:                 pixel_gen_inst/PixelAan_reg/C
                            (rising edge-triggered cell FDRE clocked by clk_25_clkDVIprescaler  {rise@0.000ns fall@20.000ns period=40.000ns})
  Destination:            rgb[5]
                            (output port)
  Path Group:             (none)
  Path Type:              Max at Slow Process Corner
  Data Path Delay:        9.056ns  (logic 4.083ns (45.088%)  route 4.973ns (54.912%))
  Logic Levels:           2  (LUT2=1 OBUF=1)
  Clock Uncertainty:      0.199ns  ((TSJ^2 + DJ^2)^1/2) / 2 + PE
    Total System Jitter     (TSJ):    0.050ns
    Discrete Jitter          (DJ):    0.182ns
    Phase Error              (PE):    0.104ns

    Location             Delay type                Incr(ns)  Path(ns)    Netlist Resource(s)
  -------------------------------------------------------------------    -------------------
                         (clock clk_25_clkDVIprescaler rise edge)
                                                      0.000     0.000 r  
    W5                                                0.000     0.000 r  clk100 (IN)
                         net (fo=0)                   0.000     0.000    prescaler_instance/inst/clk_100
    W5                   IBUF (Prop_ibuf_I_O)         1.458     1.458 r  prescaler_instance/inst/clkin1_ibufg/O
                         net (fo=1, routed)           1.233     2.691    prescaler_instance/inst/clk_100_clkDVIprescaler
    MMCME2_ADV_X1Y0      MMCME2_ADV (Prop_mmcme2_adv_CLKIN1_CLKOUT0)
                                                     -6.961    -4.269 r  prescaler_instance/inst/mmcm_adv_inst/CLKOUT0
                         net (fo=1, routed)           1.661    -2.608    prescaler_instance/inst/clk_25_clkDVIprescaler
    BUFGCTRL_X0Y0        BUFG (Prop_bufg_I_O)         0.096    -2.512 r  prescaler_instance/inst/clkout1_buf/O
                         net (fo=69, routed)          1.636    -0.876    pixel_gen_inst/clk_25
    SLICE_X7Y49          FDRE                                         r  pixel_gen_inst/PixelAan_reg/C
  -------------------------------------------------------------------    -------------------
    SLICE_X7Y49          FDRE (Prop_fdre_C_Q)         0.456    -0.420 r  pixel_gen_inst/PixelAan_reg/Q
                         net (fo=3, routed)           0.669     0.249    pixel_gen_inst/PixelAan
    SLICE_X7Y49          LUT2 (Prop_lut2_I0_O)        0.124     0.373 r  pixel_gen_inst/rgb_OBUF[11]_inst_i_1/O
                         net (fo=5, routed)           4.304     4.677    rgb_OBUF[5]
    B16                  OBUF (Prop_obuf_I_O)         3.503     8.180 r  rgb_OBUF[5]_inst/O
                         net (fo=0)                   0.000     8.180    rgb[5]
    B16                                                               r  rgb[5] (OUT)
  -------------------------------------------------------------------    -------------------

Slack:                    inf
  Source:                 pixel_gen_inst/rgb_out_reg[4]/C
                            (rising edge-triggered cell FDRE clocked by clk_25_clkDVIprescaler  {rise@0.000ns fall@20.000ns period=40.000ns})
  Destination:            rgb[3]
                            (output port)
  Path Group:             (none)
  Path Type:              Max at Slow Process Corner
  Data Path Delay:        8.933ns  (logic 4.162ns (46.588%)  route 4.771ns (53.412%))
  Logic Levels:           2  (LUT2=1 OBUF=1)
  Clock Uncertainty:      0.199ns  ((TSJ^2 + DJ^2)^1/2) / 2 + PE
    Total System Jitter     (TSJ):    0.050ns
    Discrete Jitter          (DJ):    0.182ns
    Phase Error              (PE):    0.104ns

    Location             Delay type                Incr(ns)  Path(ns)    Netlist Resource(s)
  -------------------------------------------------------------------    -------------------
                         (clock clk_25_clkDVIprescaler rise edge)
                                                      0.000     0.000 r  
    W5                                                0.000     0.000 r  clk100 (IN)
                         net (fo=0)                   0.000     0.000    prescaler_instance/inst/clk_100
    W5                   IBUF (Prop_ibuf_I_O)         1.458     1.458 r  prescaler_instance/inst/clkin1_ibufg/O
                         net (fo=1, routed)           1.233     2.691    prescaler_instance/inst/clk_100_clkDVIprescaler
    MMCME2_ADV_X1Y0      MMCME2_ADV (Prop_mmcme2_adv_CLKIN1_CLKOUT0)
                                                     -6.961    -4.269 r  prescaler_instance/inst/mmcm_adv_inst/CLKOUT0
                         net (fo=1, routed)           1.661    -2.608    prescaler_instance/inst/clk_25_clkDVIprescaler
    BUFGCTRL_X0Y0        BUFG (Prop_bufg_I_O)         0.096    -2.512 r  prescaler_instance/inst/clkout1_buf/O
                         net (fo=69, routed)          1.636    -0.876    pixel_gen_inst/clk_25
    SLICE_X6Y49          FDRE                                         r  pixel_gen_inst/rgb_out_reg[4]/C
  -------------------------------------------------------------------    -------------------
    SLICE_X6Y49          FDRE (Prop_fdre_C_Q)         0.518    -0.358 r  pixel_gen_inst/rgb_out_reg[4]/Q
                         net (fo=1, routed)           0.661     0.304    pixel_gen_inst/rgb_out[4]
    SLICE_X6Y49          LUT2 (Prop_lut2_I1_O)        0.124     0.428 r  pixel_gen_inst/rgb_OBUF[4]_inst_i_1/O
                         net (fo=3, routed)           4.110     4.538    rgb_OBUF[1]
    A14                  OBUF (Prop_obuf_I_O)         3.520     8.058 r  rgb_OBUF[3]_inst/O
                         net (fo=0)                   0.000     8.058    rgb[3]
    A14                                                               r  rgb[3] (OUT)
  -------------------------------------------------------------------    -------------------

Slack:                    inf
  Source:                 pixel_gen_inst/rgb_out_reg[4]/C
                            (rising edge-triggered cell FDRE clocked by clk_25_clkDVIprescaler  {rise@0.000ns fall@20.000ns period=40.000ns})
  Destination:            rgb[1]
                            (output port)
  Path Group:             (none)
  Path Type:              Max at Slow Process Corner
  Data Path Delay:        8.536ns  (logic 4.154ns (48.662%)  route 4.382ns (51.338%))
  Logic Levels:           2  (LUT2=1 OBUF=1)
  Clock Uncertainty:      0.199ns  ((TSJ^2 + DJ^2)^1/2) / 2 + PE
    Total System Jitter     (TSJ):    0.050ns
    Discrete Jitter          (DJ):    0.182ns
    Phase Error              (PE):    0.104ns

    Location             Delay type                Incr(ns)  Path(ns)    Netlist Resource(s)
  -------------------------------------------------------------------    -------------------
                         (clock clk_25_clkDVIprescaler rise edge)
                                                      0.000     0.000 r  
    W5                                                0.000     0.000 r  clk100 (IN)
                         net (fo=0)                   0.000     0.000    prescaler_instance/inst/clk_100
    W5                   IBUF (Prop_ibuf_I_O)         1.458     1.458 r  prescaler_instance/inst/clkin1_ibufg/O
                         net (fo=1, routed)           1.233     2.691    prescaler_instance/inst/clk_100_clkDVIprescaler
    MMCME2_ADV_X1Y0      MMCME2_ADV (Prop_mmcme2_adv_CLKIN1_CLKOUT0)
                                                     -6.961    -4.269 r  prescaler_instance/inst/mmcm_adv_inst/CLKOUT0
                         net (fo=1, routed)           1.661    -2.608    prescaler_instance/inst/clk_25_clkDVIprescaler
    BUFGCTRL_X0Y0        BUFG (Prop_bufg_I_O)         0.096    -2.512 r  prescaler_instance/inst/clkout1_buf/O
                         net (fo=69, routed)          1.636    -0.876    pixel_gen_inst/clk_25
    SLICE_X6Y49          FDRE                                         r  pixel_gen_inst/rgb_out_reg[4]/C
  -------------------------------------------------------------------    -------------------
    SLICE_X6Y49          FDRE (Prop_fdre_C_Q)         0.518    -0.358 r  pixel_gen_inst/rgb_out_reg[4]/Q
                         net (fo=1, routed)           0.661     0.304    pixel_gen_inst/rgb_out[4]
    SLICE_X6Y49          LUT2 (Prop_lut2_I1_O)        0.124     0.428 r  pixel_gen_inst/rgb_OBUF[4]_inst_i_1/O
                         net (fo=3, routed)           3.721     4.149    rgb_OBUF[1]
    A16                  OBUF (Prop_obuf_I_O)         3.512     7.660 r  rgb_OBUF[1]_inst/O
                         net (fo=0)                   0.000     7.660    rgb[1]
    A16                                                               r  rgb[1] (OUT)
  -------------------------------------------------------------------    -------------------

Slack:                    inf
  Source:                 pixel_gen_inst/rgb_out_reg[4]/C
                            (rising edge-triggered cell FDRE clocked by clk_25_clkDVIprescaler  {rise@0.000ns fall@20.000ns period=40.000ns})
  Destination:            rgb[4]
                            (output port)
  Path Group:             (none)
  Path Type:              Max at Slow Process Corner
  Data Path Delay:        8.331ns  (logic 4.134ns (49.622%)  route 4.197ns (50.378%))
  Logic Levels:           2  (LUT2=1 OBUF=1)
  Clock Uncertainty:      0.199ns  ((TSJ^2 + DJ^2)^1/2) / 2 + PE
    Total System Jitter     (TSJ):    0.050ns
    Discrete Jitter          (DJ):    0.182ns
    Phase Error              (PE):    0.104ns

    Location             Delay type                Incr(ns)  Path(ns)    Netlist Resource(s)
  -------------------------------------------------------------------    -------------------
                         (clock clk_25_clkDVIprescaler rise edge)
                                                      0.000     0.000 r  
    W5                                                0.000     0.000 r  clk100 (IN)
                         net (fo=0)                   0.000     0.000    prescaler_instance/inst/clk_100
    W5                   IBUF (Prop_ibuf_I_O)         1.458     1.458 r  prescaler_instance/inst/clkin1_ibufg/O
                         net (fo=1, routed)           1.233     2.691    prescaler_instance/inst/clk_100_clkDVIprescaler
    MMCME2_ADV_X1Y0      MMCME2_ADV (Prop_mmcme2_adv_CLKIN1_CLKOUT0)
                                                     -6.961    -4.269 r  prescaler_instance/inst/mmcm_adv_inst/CLKOUT0
                         net (fo=1, routed)           1.661    -2.608    prescaler_instance/inst/clk_25_clkDVIprescaler
    BUFGCTRL_X0Y0        BUFG (Prop_bufg_I_O)         0.096    -2.512 r  prescaler_instance/inst/clkout1_buf/O
                         net (fo=69, routed)          1.636    -0.876    pixel_gen_inst/clk_25
    SLICE_X6Y49          FDRE                                         r  pixel_gen_inst/rgb_out_reg[4]/C
  -------------------------------------------------------------------    -------------------
    SLICE_X6Y49          FDRE (Prop_fdre_C_Q)         0.518    -0.358 r  pixel_gen_inst/rgb_out_reg[4]/Q
                         net (fo=1, routed)           0.661     0.304    pixel_gen_inst/rgb_out[4]
    SLICE_X6Y49          LUT2 (Prop_lut2_I1_O)        0.124     0.428 r  pixel_gen_inst/rgb_OBUF[4]_inst_i_1/O
                         net (fo=3, routed)           3.536     3.964    rgb_OBUF[1]
    C16                  OBUF (Prop_obuf_I_O)         3.492     7.456 r  rgb_OBUF[4]_inst/O
                         net (fo=0)                   0.000     7.456    rgb[4]
    C16                                                               r  rgb[4] (OUT)
  -------------------------------------------------------------------    -------------------

Slack:                    inf
  Source:                 pixel_gen_inst/PixelAan_reg/C
                            (rising edge-triggered cell FDRE clocked by clk_25_clkDVIprescaler  {rise@0.000ns fall@20.000ns period=40.000ns})
  Destination:            rgb[8]
                            (output port)
  Path Group:             (none)
  Path Type:              Max at Slow Process Corner
  Data Path Delay:        7.849ns  (logic 4.072ns (51.885%)  route 3.776ns (48.115%))
  Logic Levels:           2  (LUT2=1 OBUF=1)
  Clock Uncertainty:      0.199ns  ((TSJ^2 + DJ^2)^1/2) / 2 + PE
    Total System Jitter     (TSJ):    0.050ns
    Discrete Jitter          (DJ):    0.182ns
    Phase Error              (PE):    0.104ns

    Location             Delay type                Incr(ns)  Path(ns)    Netlist Resource(s)
  -------------------------------------------------------------------    -------------------
                         (clock clk_25_clkDVIprescaler rise edge)
                                                      0.000     0.000 r  
    W5                                                0.000     0.000 r  clk100 (IN)
                         net (fo=0)                   0.000     0.000    prescaler_instance/inst/clk_100
    W5                   IBUF (Prop_ibuf_I_O)         1.458     1.458 r  prescaler_instance/inst/clkin1_ibufg/O
                         net (fo=1, routed)           1.233     2.691    prescaler_instance/inst/clk_100_clkDVIprescaler
    MMCME2_ADV_X1Y0      MMCME2_ADV (Prop_mmcme2_adv_CLKIN1_CLKOUT0)
                                                     -6.961    -4.269 r  prescaler_instance/inst/mmcm_adv_inst/CLKOUT0
                         net (fo=1, routed)           1.661    -2.608    prescaler_instance/inst/clk_25_clkDVIprescaler
    BUFGCTRL_X0Y0        BUFG (Prop_bufg_I_O)         0.096    -2.512 r  prescaler_instance/inst/clkout1_buf/O
                         net (fo=69, routed)          1.636    -0.876    pixel_gen_inst/clk_25
    SLICE_X7Y49          FDRE                                         r  pixel_gen_inst/PixelAan_reg/C
  -------------------------------------------------------------------    -------------------
    SLICE_X7Y49          FDRE (Prop_fdre_C_Q)         0.456    -0.420 r  pixel_gen_inst/PixelAan_reg/Q
                         net (fo=3, routed)           0.669     0.249    pixel_gen_inst/PixelAan
    SLICE_X7Y49          LUT2 (Prop_lut2_I0_O)        0.124     0.373 r  pixel_gen_inst/rgb_OBUF[11]_inst_i_1/O
                         net (fo=5, routed)           3.107     3.481    rgb_OBUF[5]
    N17                  OBUF (Prop_obuf_I_O)         3.492     6.973 r  rgb_OBUF[8]_inst/O
                         net (fo=0)                   0.000     6.973    rgb[8]
    N17                                                               r  rgb[8] (OUT)
  -------------------------------------------------------------------    -------------------

Slack:                    inf
  Source:                 pixel_gen_inst/PixelAan_reg/C
                            (rising edge-triggered cell FDRE clocked by clk_25_clkDVIprescaler  {rise@0.000ns fall@20.000ns period=40.000ns})
  Destination:            rgb[11]
                            (output port)
  Path Group:             (none)
  Path Type:              Max at Slow Process Corner
  Data Path Delay:        7.726ns  (logic 4.117ns (53.286%)  route 3.609ns (46.714%))
  Logic Levels:           2  (LUT2=1 OBUF=1)
  Clock Uncertainty:      0.199ns  ((TSJ^2 + DJ^2)^1/2) / 2 + PE
    Total System Jitter     (TSJ):    0.050ns
    Discrete Jitter          (DJ):    0.182ns
    Phase Error              (PE):    0.104ns

    Location             Delay type                Incr(ns)  Path(ns)    Netlist Resource(s)
  -------------------------------------------------------------------    -------------------
                         (clock clk_25_clkDVIprescaler rise edge)
                                                      0.000     0.000 r  
    W5                                                0.000     0.000 r  clk100 (IN)
                         net (fo=0)                   0.000     0.000    prescaler_instance/inst/clk_100
    W5                   IBUF (Prop_ibuf_I_O)         1.458     1.458 r  prescaler_instance/inst/clkin1_ibufg/O
                         net (fo=1, routed)           1.233     2.691    prescaler_instance/inst/clk_100_clkDVIprescaler
    MMCME2_ADV_X1Y0      MMCME2_ADV (Prop_mmcme2_adv_CLKIN1_CLKOUT0)
                                                     -6.961    -4.269 r  prescaler_instance/inst/mmcm_adv_inst/CLKOUT0
                         net (fo=1, routed)           1.661    -2.608    prescaler_instance/inst/clk_25_clkDVIprescaler
    BUFGCTRL_X0Y0        BUFG (Prop_bufg_I_O)         0.096    -2.512 r  prescaler_instance/inst/clkout1_buf/O
                         net (fo=69, routed)          1.636    -0.876    pixel_gen_inst/clk_25
    SLICE_X7Y49          FDRE                                         r  pixel_gen_inst/PixelAan_reg/C
  -------------------------------------------------------------------    -------------------
    SLICE_X7Y49          FDRE (Prop_fdre_C_Q)         0.456    -0.420 r  pixel_gen_inst/PixelAan_reg/Q
                         net (fo=3, routed)           0.669     0.249    pixel_gen_inst/PixelAan
    SLICE_X7Y49          LUT2 (Prop_lut2_I0_O)        0.124     0.373 r  pixel_gen_inst/rgb_OBUF[11]_inst_i_1/O
                         net (fo=5, routed)           2.940     3.313    rgb_OBUF[5]
    K17                  OBUF (Prop_obuf_I_O)         3.537     6.850 r  rgb_OBUF[11]_inst/O
                         net (fo=0)                   0.000     6.850    rgb[11]
    K17                                                               r  rgb[11] (OUT)
  -------------------------------------------------------------------    -------------------

Slack:                    inf
  Source:                 pixel_gen_inst/PixelAan_reg/C
                            (rising edge-triggered cell FDRE clocked by clk_25_clkDVIprescaler  {rise@0.000ns fall@20.000ns period=40.000ns})
  Destination:            rgb[10]
                            (output port)
  Path Group:             (none)
  Path Type:              Max at Slow Process Corner
  Data Path Delay:        7.570ns  (logic 4.111ns (54.305%)  route 3.459ns (45.695%))
  Logic Levels:           2  (LUT2=1 OBUF=1)
  Clock Uncertainty:      0.199ns  ((TSJ^2 + DJ^2)^1/2) / 2 + PE
    Total System Jitter     (TSJ):    0.050ns
    Discrete Jitter          (DJ):    0.182ns
    Phase Error              (PE):    0.104ns

    Location             Delay type                Incr(ns)  Path(ns)    Netlist Resource(s)
  -------------------------------------------------------------------    -------------------
                         (clock clk_25_clkDVIprescaler rise edge)
                                                      0.000     0.000 r  
    W5                                                0.000     0.000 r  clk100 (IN)
                         net (fo=0)                   0.000     0.000    prescaler_instance/inst/clk_100
    W5                   IBUF (Prop_ibuf_I_O)         1.458     1.458 r  prescaler_instance/inst/clkin1_ibufg/O
                         net (fo=1, routed)           1.233     2.691    prescaler_instance/inst/clk_100_clkDVIprescaler
    MMCME2_ADV_X1Y0      MMCME2_ADV (Prop_mmcme2_adv_CLKIN1_CLKOUT0)
                                                     -6.961    -4.269 r  prescaler_instance/inst/mmcm_adv_inst/CLKOUT0
                         net (fo=1, routed)           1.661    -2.608    prescaler_instance/inst/clk_25_clkDVIprescaler
    BUFGCTRL_X0Y0        BUFG (Prop_bufg_I_O)         0.096    -2.512 r  prescaler_instance/inst/clkout1_buf/O
                         net (fo=69, routed)          1.636    -0.876    pixel_gen_inst/clk_25
    SLICE_X7Y49          FDRE                                         r  pixel_gen_inst/PixelAan_reg/C
  -------------------------------------------------------------------    -------------------
    SLICE_X7Y49          FDRE (Prop_fdre_C_Q)         0.456    -0.420 r  pixel_gen_inst/PixelAan_reg/Q
                         net (fo=3, routed)           0.669     0.249    pixel_gen_inst/PixelAan
    SLICE_X7Y49          LUT2 (Prop_lut2_I0_O)        0.124     0.373 r  pixel_gen_inst/rgb_OBUF[11]_inst_i_1/O
                         net (fo=5, routed)           2.790     3.164    rgb_OBUF[5]
    L17                  OBUF (Prop_obuf_I_O)         3.531     6.694 r  rgb_OBUF[10]_inst/O
                         net (fo=0)                   0.000     6.694    rgb[10]
    L17                                                               r  rgb[10] (OUT)
  -------------------------------------------------------------------    -------------------

Slack:                    inf
  Source:                 pixel_gen_inst/PixelAan_reg/C
                            (rising edge-triggered cell FDRE clocked by clk_25_clkDVIprescaler  {rise@0.000ns fall@20.000ns period=40.000ns})
  Destination:            rgb[9]
                            (output port)
  Path Group:             (none)
  Path Type:              Max at Slow Process Corner
  Data Path Delay:        7.408ns  (logic 4.099ns (55.330%)  route 3.309ns (44.670%))
  Logic Levels:           2  (LUT2=1 OBUF=1)
  Clock Uncertainty:      0.199ns  ((TSJ^2 + DJ^2)^1/2) / 2 + PE
    Total System Jitter     (TSJ):    0.050ns
    Discrete Jitter          (DJ):    0.182ns
    Phase Error              (PE):    0.104ns

    Location             Delay type                Incr(ns)  Path(ns)    Netlist Resource(s)
  -------------------------------------------------------------------    -------------------
                         (clock clk_25_clkDVIprescaler rise edge)
                                                      0.000     0.000 r  
    W5                                                0.000     0.000 r  clk100 (IN)
                         net (fo=0)                   0.000     0.000    prescaler_instance/inst/clk_100
    W5                   IBUF (Prop_ibuf_I_O)         1.458     1.458 r  prescaler_instance/inst/clkin1_ibufg/O
                         net (fo=1, routed)           1.233     2.691    prescaler_instance/inst/clk_100_clkDVIprescaler
    MMCME2_ADV_X1Y0      MMCME2_ADV (Prop_mmcme2_adv_CLKIN1_CLKOUT0)
                                                     -6.961    -4.269 r  prescaler_instance/inst/mmcm_adv_inst/CLKOUT0
                         net (fo=1, routed)           1.661    -2.608    prescaler_instance/inst/clk_25_clkDVIprescaler
    BUFGCTRL_X0Y0        BUFG (Prop_bufg_I_O)         0.096    -2.512 r  prescaler_instance/inst/clkout1_buf/O
                         net (fo=69, routed)          1.636    -0.876    pixel_gen_inst/clk_25
    SLICE_X7Y49          FDRE                                         r  pixel_gen_inst/PixelAan_reg/C
  -------------------------------------------------------------------    -------------------
    SLICE_X7Y49          FDRE (Prop_fdre_C_Q)         0.456    -0.420 r  pixel_gen_inst/PixelAan_reg/Q
                         net (fo=3, routed)           0.669     0.249    pixel_gen_inst/PixelAan
    SLICE_X7Y49          LUT2 (Prop_lut2_I0_O)        0.124     0.373 r  pixel_gen_inst/rgb_OBUF[11]_inst_i_1/O
                         net (fo=5, routed)           2.640     3.014    rgb_OBUF[5]
    M19                  OBUF (Prop_obuf_I_O)         3.519     6.533 r  rgb_OBUF[9]_inst/O
                         net (fo=0)                   0.000     6.533    rgb[9]
    M19                                                               r  rgb[9] (OUT)
  -------------------------------------------------------------------    -------------------





Min Delay Paths
--------------------------------------------------------------------------------------
Slack:                    inf
  Source:                 prescaler_instance/inst/mmcm_adv_inst/CLKOUT0
                            (clock source 'clk_25_clkDVIprescaler'  {rise@0.000ns fall@20.000ns period=40.000ns})
  Destination:            clk_out
                            (output port)
  Path Group:             (none)
  Path Type:              Min at Fast Process Corner
  Data Path Delay:        2.460ns  (logic 1.235ns (50.196%)  route 1.225ns (49.804%))
  Logic Levels:           2  (BUFG=1 OBUF=1)
  Clock Uncertainty:      0.199ns  ((TSJ^2 + DJ^2)^1/2) / 2 + PE
    Total System Jitter     (TSJ):    0.050ns
    Discrete Jitter          (DJ):    0.182ns
    Phase Error              (PE):    0.104ns

    Location             Delay type                Incr(ns)  Path(ns)    Netlist Resource(s)
  -------------------------------------------------------------------    -------------------
                         (clock clk_25_clkDVIprescaler rise edge)
                                                      0.000     0.000 r  
    W5                                                0.000     0.000 r  clk100 (IN)
                         net (fo=0)                   0.000     0.000    prescaler_instance/inst/clk_100
    W5                   IBUF (Prop_ibuf_I_O)         0.226     0.226 r  prescaler_instance/inst/clkin1_ibufg/O
                         net (fo=1, routed)           0.440     0.667    prescaler_instance/inst/clk_100_clkDVIprescaler
  -------------------------------------------------------------------    -------------------
    MMCME2_ADV_X1Y0      MMCME2_ADV (Prop_mmcme2_adv_CLKIN1_CLKOUT0)
                                                     -2.360    -1.693 r  prescaler_instance/inst/mmcm_adv_inst/CLKOUT0
                         net (fo=1, routed)           0.486    -1.207    prescaler_instance/inst/clk_25_clkDVIprescaler
    BUFGCTRL_X0Y0        BUFG (Prop_bufg_I_O)         0.026    -1.181 r  prescaler_instance/inst/clkout1_buf/O
                         net (fo=69, routed)          0.739    -0.442    clk_out_OBUF
    M18                  OBUF (Prop_obuf_I_O)         1.209     0.767 r  clk_out_OBUF_inst/O
                         net (fo=0)                   0.000     0.767    clk_out
    M18                                                               r  clk_out (OUT)
  -------------------------------------------------------------------    -------------------

Slack:                    inf
  Source:                 dvi_driver_inst/vsync_internal_reg/C
                            (rising edge-triggered cell FDRE clocked by clk_25_clkDVIprescaler  {rise@0.000ns fall@20.000ns period=40.000ns})
  Destination:            vsync
                            (output port)
  Path Group:             (none)
  Path Type:              Min at Fast Process Corner
  Data Path Delay:        2.027ns  (logic 1.343ns (66.229%)  route 0.685ns (33.771%))
  Logic Levels:           1  (OBUF=1)
  Clock Uncertainty:      0.199ns  ((TSJ^2 + DJ^2)^1/2) / 2 + PE
    Total System Jitter     (TSJ):    0.050ns
    Discrete Jitter          (DJ):    0.182ns
    Phase Error              (PE):    0.104ns

    Location             Delay type                Incr(ns)  Path(ns)    Netlist Resource(s)
  -------------------------------------------------------------------    -------------------
                         (clock clk_25_clkDVIprescaler rise edge)
                                                      0.000     0.000 r  
    W5                                                0.000     0.000 r  clk100 (IN)
                         net (fo=0)                   0.000     0.000    prescaler_instance/inst/clk_100
    W5                   IBUF (Prop_ibuf_I_O)         0.226     0.226 r  prescaler_instance/inst/clkin1_ibufg/O
                         net (fo=1, routed)           0.440     0.667    prescaler_instance/inst/clk_100_clkDVIprescaler
    MMCME2_ADV_X1Y0      MMCME2_ADV (Prop_mmcme2_adv_CLKIN1_CLKOUT0)
                                                     -2.360    -1.693 r  prescaler_instance/inst/mmcm_adv_inst/CLKOUT0
                         net (fo=1, routed)           0.486    -1.207    prescaler_instance/inst/clk_25_clkDVIprescaler
    BUFGCTRL_X0Y0        BUFG (Prop_bufg_I_O)         0.026    -1.181 r  prescaler_instance/inst/clkout1_buf/O
                         net (fo=69, routed)          0.592    -0.589    dvi_driver_inst/clk_25
    SLICE_X7Y42          FDRE                                         r  dvi_driver_inst/vsync_internal_reg/C
  -------------------------------------------------------------------    -------------------
    SLICE_X7Y42          FDRE (Prop_fdre_C_Q)         0.141    -0.448 r  dvi_driver_inst/vsync_internal_reg/Q
                         net (fo=1, routed)           0.685     0.236    vsync_OBUF
    R18                  OBUF (Prop_obuf_I_O)         1.202     1.438 r  vsync_OBUF_inst/O
                         net (fo=0)                   0.000     1.438    vsync
    R18                                                               r  vsync (OUT)
  -------------------------------------------------------------------    -------------------

Slack:                    inf
  Source:                 dvi_driver_inst/DE_internal_reg/C
                            (rising edge-triggered cell FDRE clocked by clk_25_clkDVIprescaler  {rise@0.000ns fall@20.000ns period=40.000ns})
  Destination:            DE
                            (output port)
  Path Group:             (none)
  Path Type:              Min at Fast Process Corner
  Data Path Delay:        2.076ns  (logic 1.362ns (65.614%)  route 0.714ns (34.386%))
  Logic Levels:           1  (OBUF=1)
  Clock Uncertainty:      0.199ns  ((TSJ^2 + DJ^2)^1/2) / 2 + PE
    Total System Jitter     (TSJ):    0.050ns
    Discrete Jitter          (DJ):    0.182ns
    Phase Error              (PE):    0.104ns

    Location             Delay type                Incr(ns)  Path(ns)    Netlist Resource(s)
  -------------------------------------------------------------------    -------------------
                         (clock clk_25_clkDVIprescaler rise edge)
                                                      0.000     0.000 r  
    W5                                                0.000     0.000 r  clk100 (IN)
                         net (fo=0)                   0.000     0.000    prescaler_instance/inst/clk_100
    W5                   IBUF (Prop_ibuf_I_O)         0.226     0.226 r  prescaler_instance/inst/clkin1_ibufg/O
                         net (fo=1, routed)           0.440     0.667    prescaler_instance/inst/clk_100_clkDVIprescaler
    MMCME2_ADV_X1Y0      MMCME2_ADV (Prop_mmcme2_adv_CLKIN1_CLKOUT0)
                                                     -2.360    -1.693 r  prescaler_instance/inst/mmcm_adv_inst/CLKOUT0
                         net (fo=1, routed)           0.486    -1.207    prescaler_instance/inst/clk_25_clkDVIprescaler
    BUFGCTRL_X0Y0        BUFG (Prop_bufg_I_O)         0.026    -1.181 r  prescaler_instance/inst/clkout1_buf/O
                         net (fo=69, routed)          0.595    -0.586    dvi_driver_inst/clk_25
    SLICE_X2Y45          FDRE                                         r  dvi_driver_inst/DE_internal_reg/C
  -------------------------------------------------------------------    -------------------
    SLICE_X2Y45          FDRE (Prop_fdre_C_Q)         0.164    -0.422 r  dvi_driver_inst/DE_internal_reg/Q
                         net (fo=1, routed)           0.714     0.291    DE_OBUF
    P17                  OBUF (Prop_obuf_I_O)         1.198     1.489 r  DE_OBUF_inst/O
                         net (fo=0)                   0.000     1.489    DE
    P17                                                               r  DE (OUT)
  -------------------------------------------------------------------    -------------------

Slack:                    inf
  Source:                 dvi_driver_inst/hsync_internal_reg/C
                            (rising edge-triggered cell FDRE clocked by clk_25_clkDVIprescaler  {rise@0.000ns fall@20.000ns period=40.000ns})
  Destination:            hsync
                            (output port)
  Path Group:             (none)
  Path Type:              Min at Fast Process Corner
  Data Path Delay:        2.087ns  (logic 1.379ns (66.085%)  route 0.708ns (33.915%))
  Logic Levels:           1  (OBUF=1)
  Clock Uncertainty:      0.199ns  ((TSJ^2 + DJ^2)^1/2) / 2 + PE
    Total System Jitter     (TSJ):    0.050ns
    Discrete Jitter          (DJ):    0.182ns
    Phase Error              (PE):    0.104ns

    Location             Delay type                Incr(ns)  Path(ns)    Netlist Resource(s)
  -------------------------------------------------------------------    -------------------
                         (clock clk_25_clkDVIprescaler rise edge)
                                                      0.000     0.000 r  
    W5                                                0.000     0.000 r  clk100 (IN)
                         net (fo=0)                   0.000     0.000    prescaler_instance/inst/clk_100
    W5                   IBUF (Prop_ibuf_I_O)         0.226     0.226 r  prescaler_instance/inst/clkin1_ibufg/O
                         net (fo=1, routed)           0.440     0.667    prescaler_instance/inst/clk_100_clkDVIprescaler
    MMCME2_ADV_X1Y0      MMCME2_ADV (Prop_mmcme2_adv_CLKIN1_CLKOUT0)
                                                     -2.360    -1.693 r  prescaler_instance/inst/mmcm_adv_inst/CLKOUT0
                         net (fo=1, routed)           0.486    -1.207    prescaler_instance/inst/clk_25_clkDVIprescaler
    BUFGCTRL_X0Y0        BUFG (Prop_bufg_I_O)         0.026    -1.181 r  prescaler_instance/inst/clkout1_buf/O
                         net (fo=69, routed)          0.592    -0.589    dvi_driver_inst/clk_25
    SLICE_X6Y42          FDRE                                         r  dvi_driver_inst/hsync_internal_reg/C
  -------------------------------------------------------------------    -------------------
    SLICE_X6Y42          FDRE (Prop_fdre_C_Q)         0.164    -0.425 r  dvi_driver_inst/hsync_internal_reg/Q
                         net (fo=1, routed)           0.708     0.282    hsync_OBUF
    P18                  OBUF (Prop_obuf_I_O)         1.215     1.497 r  hsync_OBUF_inst/O
                         net (fo=0)                   0.000     1.497    hsync
    P18                                                               r  hsync (OUT)
  -------------------------------------------------------------------    -------------------

Slack:                    inf
  Source:                 pixel_gen_inst/rgb_out_reg[11]/C
                            (rising edge-triggered cell FDRE clocked by clk_25_clkDVIprescaler  {rise@0.000ns fall@20.000ns period=40.000ns})
  Destination:            rgb[9]
                            (output port)
  Path Group:             (none)
  Path Type:              Min at Fast Process Corner
  Data Path Delay:        2.265ns  (logic 1.406ns (62.086%)  route 0.859ns (37.914%))
  Logic Levels:           2  (LUT2=1 OBUF=1)
  Clock Uncertainty:      0.199ns  ((TSJ^2 + DJ^2)^1/2) / 2 + PE
    Total System Jitter     (TSJ):    0.050ns
    Discrete Jitter          (DJ):    0.182ns
    Phase Error              (PE):    0.104ns

    Location             Delay type                Incr(ns)  Path(ns)    Netlist Resource(s)
  -------------------------------------------------------------------    -------------------
                         (clock clk_25_clkDVIprescaler rise edge)
                                                      0.000     0.000 r  
    W5                                                0.000     0.000 r  clk100 (IN)
                         net (fo=0)                   0.000     0.000    prescaler_instance/inst/clk_100
    W5                   IBUF (Prop_ibuf_I_O)         0.226     0.226 r  prescaler_instance/inst/clkin1_ibufg/O
                         net (fo=1, routed)           0.440     0.667    prescaler_instance/inst/clk_100_clkDVIprescaler
    MMCME2_ADV_X1Y0      MMCME2_ADV (Prop_mmcme2_adv_CLKIN1_CLKOUT0)
                                                     -2.360    -1.693 r  prescaler_instance/inst/mmcm_adv_inst/CLKOUT0
                         net (fo=1, routed)           0.486    -1.207    prescaler_instance/inst/clk_25_clkDVIprescaler
    BUFGCTRL_X0Y0        BUFG (Prop_bufg_I_O)         0.026    -1.181 r  prescaler_instance/inst/clkout1_buf/O
                         net (fo=69, routed)          0.594    -0.587    pixel_gen_inst/clk_25
    SLICE_X7Y49          FDRE                                         r  pixel_gen_inst/rgb_out_reg[11]/C
  -------------------------------------------------------------------    -------------------
    SLICE_X7Y49          FDRE (Prop_fdre_C_Q)         0.141    -0.446 r  pixel_gen_inst/rgb_out_reg[11]/Q
                         net (fo=1, routed)           0.112    -0.334    pixel_gen_inst/rgb_out[11]
    SLICE_X7Y49          LUT2 (Prop_lut2_I1_O)        0.045    -0.289 r  pixel_gen_inst/rgb_OBUF[11]_inst_i_1/O
                         net (fo=5, routed)           0.746     0.457    rgb_OBUF[5]
    M19                  OBUF (Prop_obuf_I_O)         1.220     1.677 r  rgb_OBUF[9]_inst/O
                         net (fo=0)                   0.000     1.677    rgb[9]
    M19                                                               r  rgb[9] (OUT)
  -------------------------------------------------------------------    -------------------

Slack:                    inf
  Source:                 pixel_gen_inst/rgb_out_reg[11]/C
                            (rising edge-triggered cell FDRE clocked by clk_25_clkDVIprescaler  {rise@0.000ns fall@20.000ns period=40.000ns})
  Destination:            rgb[10]
                            (output port)
  Path Group:             (none)
  Path Type:              Min at Fast Process Corner
  Data Path Delay:        2.339ns  (logic 1.418ns (60.607%)  route 0.921ns (39.393%))
  Logic Levels:           2  (LUT2=1 OBUF=1)
  Clock Uncertainty:      0.199ns  ((TSJ^2 + DJ^2)^1/2) / 2 + PE
    Total System Jitter     (TSJ):    0.050ns
    Discrete Jitter          (DJ):    0.182ns
    Phase Error              (PE):    0.104ns

    Location             Delay type                Incr(ns)  Path(ns)    Netlist Resource(s)
  -------------------------------------------------------------------    -------------------
                         (clock clk_25_clkDVIprescaler rise edge)
                                                      0.000     0.000 r  
    W5                                                0.000     0.000 r  clk100 (IN)
                         net (fo=0)                   0.000     0.000    prescaler_instance/inst/clk_100
    W5                   IBUF (Prop_ibuf_I_O)         0.226     0.226 r  prescaler_instance/inst/clkin1_ibufg/O
                         net (fo=1, routed)           0.440     0.667    prescaler_instance/inst/clk_100_clkDVIprescaler
    MMCME2_ADV_X1Y0      MMCME2_ADV (Prop_mmcme2_adv_CLKIN1_CLKOUT0)
                                                     -2.360    -1.693 r  prescaler_instance/inst/mmcm_adv_inst/CLKOUT0
                         net (fo=1, routed)           0.486    -1.207    prescaler_instance/inst/clk_25_clkDVIprescaler
    BUFGCTRL_X0Y0        BUFG (Prop_bufg_I_O)         0.026    -1.181 r  prescaler_instance/inst/clkout1_buf/O
                         net (fo=69, routed)          0.594    -0.587    pixel_gen_inst/clk_25
    SLICE_X7Y49          FDRE                                         r  pixel_gen_inst/rgb_out_reg[11]/C
  -------------------------------------------------------------------    -------------------
    SLICE_X7Y49          FDRE (Prop_fdre_C_Q)         0.141    -0.446 r  pixel_gen_inst/rgb_out_reg[11]/Q
                         net (fo=1, routed)           0.112    -0.334    pixel_gen_inst/rgb_out[11]
    SLICE_X7Y49          LUT2 (Prop_lut2_I1_O)        0.045    -0.289 r  pixel_gen_inst/rgb_OBUF[11]_inst_i_1/O
                         net (fo=5, routed)           0.809     0.520    rgb_OBUF[5]
    L17                  OBUF (Prop_obuf_I_O)         1.232     1.752 r  rgb_OBUF[10]_inst/O
                         net (fo=0)                   0.000     1.752    rgb[10]
    L17                                                               r  rgb[10] (OUT)
  -------------------------------------------------------------------    -------------------

Slack:                    inf
  Source:                 pixel_gen_inst/rgb_out_reg[11]/C
                            (rising edge-triggered cell FDRE clocked by clk_25_clkDVIprescaler  {rise@0.000ns fall@20.000ns period=40.000ns})
  Destination:            rgb[11]
                            (output port)
  Path Group:             (none)
  Path Type:              Min at Fast Process Corner
  Data Path Delay:        2.408ns  (logic 1.424ns (59.121%)  route 0.984ns (40.879%))
  Logic Levels:           2  (LUT2=1 OBUF=1)
  Clock Uncertainty:      0.199ns  ((TSJ^2 + DJ^2)^1/2) / 2 + PE
    Total System Jitter     (TSJ):    0.050ns
    Discrete Jitter          (DJ):    0.182ns
    Phase Error              (PE):    0.104ns

    Location             Delay type                Incr(ns)  Path(ns)    Netlist Resource(s)
  -------------------------------------------------------------------    -------------------
                         (clock clk_25_clkDVIprescaler rise edge)
                                                      0.000     0.000 r  
    W5                                                0.000     0.000 r  clk100 (IN)
                         net (fo=0)                   0.000     0.000    prescaler_instance/inst/clk_100
    W5                   IBUF (Prop_ibuf_I_O)         0.226     0.226 r  prescaler_instance/inst/clkin1_ibufg/O
                         net (fo=1, routed)           0.440     0.667    prescaler_instance/inst/clk_100_clkDVIprescaler
    MMCME2_ADV_X1Y0      MMCME2_ADV (Prop_mmcme2_adv_CLKIN1_CLKOUT0)
                                                     -2.360    -1.693 r  prescaler_instance/inst/mmcm_adv_inst/CLKOUT0
                         net (fo=1, routed)           0.486    -1.207    prescaler_instance/inst/clk_25_clkDVIprescaler
    BUFGCTRL_X0Y0        BUFG (Prop_bufg_I_O)         0.026    -1.181 r  prescaler_instance/inst/clkout1_buf/O
                         net (fo=69, routed)          0.594    -0.587    pixel_gen_inst/clk_25
    SLICE_X7Y49          FDRE                                         r  pixel_gen_inst/rgb_out_reg[11]/C
  -------------------------------------------------------------------    -------------------
    SLICE_X7Y49          FDRE (Prop_fdre_C_Q)         0.141    -0.446 r  pixel_gen_inst/rgb_out_reg[11]/Q
                         net (fo=1, routed)           0.112    -0.334    pixel_gen_inst/rgb_out[11]
    SLICE_X7Y49          LUT2 (Prop_lut2_I1_O)        0.045    -0.289 r  pixel_gen_inst/rgb_OBUF[11]_inst_i_1/O
                         net (fo=5, routed)           0.872     0.583    rgb_OBUF[5]
    K17                  OBUF (Prop_obuf_I_O)         1.238     1.821 r  rgb_OBUF[11]_inst/O
                         net (fo=0)                   0.000     1.821    rgb[11]
    K17                                                               r  rgb[11] (OUT)
  -------------------------------------------------------------------    -------------------

Slack:                    inf
  Source:                 pixel_gen_inst/rgb_out_reg[11]/C
                            (rising edge-triggered cell FDRE clocked by clk_25_clkDVIprescaler  {rise@0.000ns fall@20.000ns period=40.000ns})
  Destination:            rgb[8]
                            (output port)
  Path Group:             (none)
  Path Type:              Min at Fast Process Corner
  Data Path Delay:        2.445ns  (logic 1.380ns (56.440%)  route 1.065ns (43.560%))
  Logic Levels:           2  (LUT2=1 OBUF=1)
  Clock Uncertainty:      0.199ns  ((TSJ^2 + DJ^2)^1/2) / 2 + PE
    Total System Jitter     (TSJ):    0.050ns
    Discrete Jitter          (DJ):    0.182ns
    Phase Error              (PE):    0.104ns

    Location             Delay type                Incr(ns)  Path(ns)    Netlist Resource(s)
  -------------------------------------------------------------------    -------------------
                         (clock clk_25_clkDVIprescaler rise edge)
                                                      0.000     0.000 r  
    W5                                                0.000     0.000 r  clk100 (IN)
                         net (fo=0)                   0.000     0.000    prescaler_instance/inst/clk_100
    W5                   IBUF (Prop_ibuf_I_O)         0.226     0.226 r  prescaler_instance/inst/clkin1_ibufg/O
                         net (fo=1, routed)           0.440     0.667    prescaler_instance/inst/clk_100_clkDVIprescaler
    MMCME2_ADV_X1Y0      MMCME2_ADV (Prop_mmcme2_adv_CLKIN1_CLKOUT0)
                                                     -2.360    -1.693 r  prescaler_instance/inst/mmcm_adv_inst/CLKOUT0
                         net (fo=1, routed)           0.486    -1.207    prescaler_instance/inst/clk_25_clkDVIprescaler
    BUFGCTRL_X0Y0        BUFG (Prop_bufg_I_O)         0.026    -1.181 r  prescaler_instance/inst/clkout1_buf/O
                         net (fo=69, routed)          0.594    -0.587    pixel_gen_inst/clk_25
    SLICE_X7Y49          FDRE                                         r  pixel_gen_inst/rgb_out_reg[11]/C
  -------------------------------------------------------------------    -------------------
    SLICE_X7Y49          FDRE (Prop_fdre_C_Q)         0.141    -0.446 r  pixel_gen_inst/rgb_out_reg[11]/Q
                         net (fo=1, routed)           0.112    -0.334    pixel_gen_inst/rgb_out[11]
    SLICE_X7Y49          LUT2 (Prop_lut2_I1_O)        0.045    -0.289 r  pixel_gen_inst/rgb_OBUF[11]_inst_i_1/O
                         net (fo=5, routed)           0.952     0.663    rgb_OBUF[5]
    N17                  OBUF (Prop_obuf_I_O)         1.194     1.857 r  rgb_OBUF[8]_inst/O
                         net (fo=0)                   0.000     1.857    rgb[8]
    N17                                                               r  rgb[8] (OUT)
  -------------------------------------------------------------------    -------------------

Slack:                    inf
  Source:                 pixel_gen_inst/PixelAan_reg/C
                            (rising edge-triggered cell FDRE clocked by clk_25_clkDVIprescaler  {rise@0.000ns fall@20.000ns period=40.000ns})
  Destination:            rgb[4]
                            (output port)
  Path Group:             (none)
  Path Type:              Min at Fast Process Corner
  Data Path Delay:        2.594ns  (logic 1.379ns (53.178%)  route 1.215ns (46.822%))
  Logic Levels:           2  (LUT2=1 OBUF=1)
  Clock Uncertainty:      0.199ns  ((TSJ^2 + DJ^2)^1/2) / 2 + PE
    Total System Jitter     (TSJ):    0.050ns
    Discrete Jitter          (DJ):    0.182ns
    Phase Error              (PE):    0.104ns

    Location             Delay type                Incr(ns)  Path(ns)    Netlist Resource(s)
  -------------------------------------------------------------------    -------------------
                         (clock clk_25_clkDVIprescaler rise edge)
                                                      0.000     0.000 r  
    W5                                                0.000     0.000 r  clk100 (IN)
                         net (fo=0)                   0.000     0.000    prescaler_instance/inst/clk_100
    W5                   IBUF (Prop_ibuf_I_O)         0.226     0.226 r  prescaler_instance/inst/clkin1_ibufg/O
                         net (fo=1, routed)           0.440     0.667    prescaler_instance/inst/clk_100_clkDVIprescaler
    MMCME2_ADV_X1Y0      MMCME2_ADV (Prop_mmcme2_adv_CLKIN1_CLKOUT0)
                                                     -2.360    -1.693 r  prescaler_instance/inst/mmcm_adv_inst/CLKOUT0
                         net (fo=1, routed)           0.486    -1.207    prescaler_instance/inst/clk_25_clkDVIprescaler
    BUFGCTRL_X0Y0        BUFG (Prop_bufg_I_O)         0.026    -1.181 r  prescaler_instance/inst/clkout1_buf/O
                         net (fo=69, routed)          0.594    -0.587    pixel_gen_inst/clk_25
    SLICE_X7Y49          FDRE                                         r  pixel_gen_inst/PixelAan_reg/C
  -------------------------------------------------------------------    -------------------
    SLICE_X7Y49          FDRE (Prop_fdre_C_Q)         0.141    -0.446 r  pixel_gen_inst/PixelAan_reg/Q
                         net (fo=3, routed)           0.158    -0.288    pixel_gen_inst/PixelAan
    SLICE_X6Y49          LUT2 (Prop_lut2_I0_O)        0.045    -0.243 r  pixel_gen_inst/rgb_OBUF[4]_inst_i_1/O
                         net (fo=3, routed)           1.056     0.813    rgb_OBUF[1]
    C16                  OBUF (Prop_obuf_I_O)         1.193     2.007 r  rgb_OBUF[4]_inst/O
                         net (fo=0)                   0.000     2.007    rgb[4]
    C16                                                               r  rgb[4] (OUT)
  -------------------------------------------------------------------    -------------------

Slack:                    inf
  Source:                 pixel_gen_inst/PixelAan_reg/C
                            (rising edge-triggered cell FDRE clocked by clk_25_clkDVIprescaler  {rise@0.000ns fall@20.000ns period=40.000ns})
  Destination:            rgb[1]
                            (output port)
  Path Group:             (none)
  Path Type:              Min at Fast Process Corner
  Data Path Delay:        2.716ns  (logic 1.399ns (51.497%)  route 1.317ns (48.503%))
  Logic Levels:           2  (LUT2=1 OBUF=1)
  Clock Uncertainty:      0.199ns  ((TSJ^2 + DJ^2)^1/2) / 2 + PE
    Total System Jitter     (TSJ):    0.050ns
    Discrete Jitter          (DJ):    0.182ns
    Phase Error              (PE):    0.104ns

    Location             Delay type                Incr(ns)  Path(ns)    Netlist Resource(s)
  -------------------------------------------------------------------    -------------------
                         (clock clk_25_clkDVIprescaler rise edge)
                                                      0.000     0.000 r  
    W5                                                0.000     0.000 r  clk100 (IN)
                         net (fo=0)                   0.000     0.000    prescaler_instance/inst/clk_100
    W5                   IBUF (Prop_ibuf_I_O)         0.226     0.226 r  prescaler_instance/inst/clkin1_ibufg/O
                         net (fo=1, routed)           0.440     0.667    prescaler_instance/inst/clk_100_clkDVIprescaler
    MMCME2_ADV_X1Y0      MMCME2_ADV (Prop_mmcme2_adv_CLKIN1_CLKOUT0)
                                                     -2.360    -1.693 r  prescaler_instance/inst/mmcm_adv_inst/CLKOUT0
                         net (fo=1, routed)           0.486    -1.207    prescaler_instance/inst/clk_25_clkDVIprescaler
    BUFGCTRL_X0Y0        BUFG (Prop_bufg_I_O)         0.026    -1.181 r  prescaler_instance/inst/clkout1_buf/O
                         net (fo=69, routed)          0.594    -0.587    pixel_gen_inst/clk_25
    SLICE_X7Y49          FDRE                                         r  pixel_gen_inst/PixelAan_reg/C
  -------------------------------------------------------------------    -------------------
    SLICE_X7Y49          FDRE (Prop_fdre_C_Q)         0.141    -0.446 r  pixel_gen_inst/PixelAan_reg/Q
                         net (fo=3, routed)           0.158    -0.288    pixel_gen_inst/PixelAan
    SLICE_X6Y49          LUT2 (Prop_lut2_I0_O)        0.045    -0.243 r  pixel_gen_inst/rgb_OBUF[4]_inst_i_1/O
                         net (fo=3, routed)           1.159     0.916    rgb_OBUF[1]
    A16                  OBUF (Prop_obuf_I_O)         1.213     2.129 r  rgb_OBUF[1]_inst/O
                         net (fo=0)                   0.000     2.129    rgb[1]
    A16                                                               r  rgb[1] (OUT)
  -------------------------------------------------------------------    -------------------





--------------------------------------------------------------------------------------
Path Group:  (none)
From Clock:  clkfbout_clkDVIprescaler
  To Clock:  

Max Delay             1 Endpoint
Min Delay             1 Endpoint
--------------------------------------------------------------------------------------


Max Delay Paths
--------------------------------------------------------------------------------------
Slack:                    inf
  Source:                 prescaler_instance/inst/mmcm_adv_inst/CLKFBOUT
                            (clock source 'clkfbout_clkDVIprescaler'  {rise@0.000ns fall@5.000ns period=10.000ns})
  Destination:            prescaler_instance/inst/mmcm_adv_inst/CLKFBIN
  Path Group:             (none)
  Path Type:              Max at Fast Process Corner
  Data Path Delay:        1.375ns  (logic 0.029ns (2.109%)  route 1.346ns (97.891%))
  Logic Levels:           1  (BUFG=1)
  Clock Uncertainty:      0.156ns  ((TSJ^2 + DJ^2)^1/2) / 2 + PE
    Total System Jitter     (TSJ):    0.050ns
    Discrete Jitter          (DJ):    0.090ns
    Phase Error              (PE):    0.104ns

    Location             Delay type                Incr(ns)  Path(ns)    Netlist Resource(s)
  -------------------------------------------------------------------    -------------------
                         (clock clkfbout_clkDVIprescaler fall edge)
                                                      5.000     5.000 f  
    W5                                                0.000     5.000 f  clk100 (IN)
                         net (fo=0)                   0.000     5.000    prescaler_instance/inst/clk_100
    W5                   IBUF (Prop_ibuf_I_O)         0.414     5.414 f  prescaler_instance/inst/clkin1_ibufg/O
                         net (fo=1, routed)           0.480     5.894    prescaler_instance/inst/clk_100_clkDVIprescaler
  -------------------------------------------------------------------    -------------------
    MMCME2_ADV_X1Y0      MMCME2_ADV (Prop_mmcme2_adv_CLKIN1_CLKFBOUT)
                                                     -3.142     2.752 f  prescaler_instance/inst/mmcm_adv_inst/CLKFBOUT
                         net (fo=1, routed)           0.530     3.282    prescaler_instance/inst/clkfbout_clkDVIprescaler
    BUFGCTRL_X0Y1        BUFG (Prop_bufg_I_O)         0.029     3.311 f  prescaler_instance/inst/clkf_buf/O
                         net (fo=1, routed)           0.817     4.127    prescaler_instance/inst/clkfbout_buf_clkDVIprescaler
    MMCME2_ADV_X1Y0      MMCME2_ADV                                   f  prescaler_instance/inst/mmcm_adv_inst/CLKFBIN
  -------------------------------------------------------------------    -------------------





Min Delay Paths
--------------------------------------------------------------------------------------
Slack:                    inf
  Source:                 prescaler_instance/inst/mmcm_adv_inst/CLKFBOUT
                            (clock source 'clkfbout_clkDVIprescaler'  {rise@0.000ns fall@5.000ns period=10.000ns})
  Destination:            prescaler_instance/inst/mmcm_adv_inst/CLKFBIN
  Path Group:             (none)
  Path Type:              Min at Slow Process Corner
  Data Path Delay:        3.129ns  (logic 0.091ns (2.908%)  route 3.038ns (97.092%))
  Logic Levels:           1  (BUFG=1)
  Clock Uncertainty:      0.156ns  ((TSJ^2 + DJ^2)^1/2) / 2 + PE
    Total System Jitter     (TSJ):    0.050ns
    Discrete Jitter          (DJ):    0.090ns
    Phase Error              (PE):    0.104ns

    Location             Delay type                Incr(ns)  Path(ns)    Netlist Resource(s)
  -------------------------------------------------------------------    -------------------
                         (clock clkfbout_clkDVIprescaler rise edge)
                                                      0.000     0.000 r  
    W5                                                0.000     0.000 r  clk100 (IN)
                         net (fo=0)                   0.000     0.000    prescaler_instance/inst/clk_100
    W5                   IBUF (Prop_ibuf_I_O)         1.388     1.388 r  prescaler_instance/inst/clkin1_ibufg/O
                         net (fo=1, routed)           1.162     2.550    prescaler_instance/inst/clk_100_clkDVIprescaler
  -------------------------------------------------------------------    -------------------
    MMCME2_ADV_X1Y0      MMCME2_ADV (Prop_mmcme2_adv_CLKIN1_CLKFBOUT)
                                                     -7.217    -4.668 r  prescaler_instance/inst/mmcm_adv_inst/CLKFBOUT
                         net (fo=1, routed)           1.581    -3.086    prescaler_instance/inst/clkfbout_clkDVIprescaler
    BUFGCTRL_X0Y1        BUFG (Prop_bufg_I_O)         0.091    -2.995 r  prescaler_instance/inst/clkf_buf/O
                         net (fo=1, routed)           1.457    -1.538    prescaler_instance/inst/clkfbout_buf_clkDVIprescaler
    MMCME2_ADV_X1Y0      MMCME2_ADV                                   r  prescaler_instance/inst/mmcm_adv_inst/CLKFBIN
  -------------------------------------------------------------------    -------------------





