Copyright 1986-2022 Xilinx, Inc. All Rights Reserved. Copyright 2022-2024 Advanced Micro Devices, Inc. All Rights Reserved.
------------------------------------------------------------------------------------------------------------------------------------------------------------------------------------------------------------------
| Tool Version : Vivado v.2024.1 (win64) Build 5076996 Wed May 22 18:37:14 MDT 2024
| Date         : Wed Mar 19 14:43:15 2025
| Host         : DESKTOP-H0VVJ00 running 64-bit major release  (build 9200)
| Command      : report_timing_summary -max_paths 10 -report_unconstrained -file DVI_Top_timing_summary_routed.rpt -pb DVI_Top_timing_summary_routed.pb -rpx DVI_Top_timing_summary_routed.rpx -warn_on_violation
| Design       : DVI_Top
| Device       : 7a35t-cpg236
| Speed File   : -1  PRODUCTION 1.23 2018-06-13
| Design State : Routed
------------------------------------------------------------------------------------------------------------------------------------------------------------------------------------------------------------------

Timing Summary Report

------------------------------------------------------------------------------------------------
| Timer Settings
| --------------
------------------------------------------------------------------------------------------------

  Enable Multi Corner Analysis               :  Yes
  Enable Pessimism Removal                   :  Yes
  Pessimism Removal Resolution               :  Nearest Common Node
  Enable Input Delay Default Clock           :  No
  Enable Preset / Clear Arcs                 :  No
  Disable Flight Delays                      :  No
  Ignore I/O Paths                           :  No
  Timing Early Launch at Borrowing Latches   :  No
  Borrow Time for Max Delay Exceptions       :  Yes
  Merge Timing Exceptions                    :  Yes
  Inter-SLR Compensation                     :  Conservative

  Corner  Analyze    Analyze    
  Name    Max Paths  Min Paths  
  ------  ---------  ---------  
  Slow    Yes        Yes        
  Fast    Yes        Yes        


------------------------------------------------------------------------------------------------
| Report Methodology
| ------------------
------------------------------------------------------------------------------------------------

Rule       Severity          Description                  Violations  
---------  ----------------  ---------------------------  ----------  
TIMING-17  Critical Warning  Non-clocked sequential cell  22          

Note: This report is based on the most recent report_methodology run and may not be up-to-date. Run report_methodology on the current design for the latest report.



check_timing report

Table of Contents
-----------------
1. checking no_clock (22)
2. checking constant_clock (0)
3. checking pulse_width_clock (0)
4. checking unconstrained_internal_endpoints (22)
5. checking no_input_delay (0)
6. checking no_output_delay (15)
7. checking multiple_clock (0)
8. checking generated_clocks (0)
9. checking loops (0)
10. checking partial_input_delay (0)
11. checking partial_output_delay (0)
12. checking latch_loops (0)

1. checking no_clock (22)
-------------------------
 There are 22 register/latch pins with no clock driven by root clock pin: pixel_gen_inst/DisplayLevel_inst/ControlChar_inst/slow_clk_reg/Q (HIGH)


2. checking constant_clock (0)
------------------------------
 There are 0 register/latch pins with constant_clock.


3. checking pulse_width_clock (0)
---------------------------------
 There are 0 register/latch pins which need pulse_width check


4. checking unconstrained_internal_endpoints (22)
-------------------------------------------------
 There are 22 pins that are not constrained for maximum delay. (HIGH)

 There are 0 pins that are not constrained for maximum delay due to constant clock.


5. checking no_input_delay (0)
------------------------------
 There are 0 input ports with no input delay specified.

 There are 0 input ports with no input delay but user has a false path constraint.


6. checking no_output_delay (15)
--------------------------------
 There are 15 ports with no output delay specified. (HIGH)

 There are 0 ports with no output delay but user has a false path constraint

 There are 0 ports with no output delay but with a timing clock defined on it or propagating through it


7. checking multiple_clock (0)
------------------------------
 There are 0 register/latch pins with multiple clocks.


8. checking generated_clocks (0)
--------------------------------
 There are 0 generated clocks that are not connected to a clock source.


9. checking loops (0)
---------------------
 There are 0 combinational loops in the design.


10. checking partial_input_delay (0)
------------------------------------
 There are 0 input ports with partial input delay specified.


11. checking partial_output_delay (0)
-------------------------------------
 There are 0 ports with partial output delay specified.


12. checking latch_loops (0)
----------------------------
 There are 0 combinational latch loops in the design through latch input



------------------------------------------------------------------------------------------------
| Design Timing Summary
| ---------------------
------------------------------------------------------------------------------------------------

    WNS(ns)      TNS(ns)  TNS Failing Endpoints  TNS Total Endpoints      WHS(ns)      THS(ns)  THS Failing Endpoints  THS Total Endpoints     WPWS(ns)     TPWS(ns)  TPWS Failing Endpoints  TPWS Total Endpoints  
    -------      -------  ---------------------  -------------------      -------      -------  ---------------------  -------------------     --------     --------  ----------------------  --------------------  
     34.356        0.000                      0                  274        0.139        0.000                      0                  274        3.000        0.000                       0                   140  


All user specified timing constraints are met.


------------------------------------------------------------------------------------------------
| Clock Summary
| -------------
------------------------------------------------------------------------------------------------

Clock                       Waveform(ns)       Period(ns)      Frequency(MHz)
-----                       ------------       ----------      --------------
clk100                      {0.000 5.000}      10.000          100.000         
  clk_25_clkDVIprescaler    {0.000 20.000}     40.000          25.000          
  clkfbout_clkDVIprescaler  {0.000 5.000}      10.000          100.000         


------------------------------------------------------------------------------------------------
| Intra Clock Table
| -----------------
------------------------------------------------------------------------------------------------

Clock                           WNS(ns)      TNS(ns)  TNS Failing Endpoints  TNS Total Endpoints      WHS(ns)      THS(ns)  THS Failing Endpoints  THS Total Endpoints     WPWS(ns)     TPWS(ns)  TPWS Failing Endpoints  TPWS Total Endpoints  
-----                           -------      -------  ---------------------  -------------------      -------      -------  ---------------------  -------------------     --------     --------  ----------------------  --------------------  
clk100                                                                                                                                                                        3.000        0.000                       0                     1  
  clk_25_clkDVIprescaler         34.356        0.000                      0                  274        0.139        0.000                      0                  274       19.500        0.000                       0                   136  
  clkfbout_clkDVIprescaler                                                                                                                                                    7.845        0.000                       0                     3  


------------------------------------------------------------------------------------------------
| Inter Clock Table
| -----------------
------------------------------------------------------------------------------------------------

From Clock    To Clock          WNS(ns)      TNS(ns)  TNS Failing Endpoints  TNS Total Endpoints      WHS(ns)      THS(ns)  THS Failing Endpoints  THS Total Endpoints  
----------    --------          -------      -------  ---------------------  -------------------      -------      -------  ---------------------  -------------------  


------------------------------------------------------------------------------------------------
| Other Path Groups Table
| -----------------------
------------------------------------------------------------------------------------------------

Path Group    From Clock    To Clock          WNS(ns)      TNS(ns)  TNS Failing Endpoints  TNS Total Endpoints      WHS(ns)      THS(ns)  THS Failing Endpoints  THS Total Endpoints  
----------    ----------    --------          -------      -------  ---------------------  -------------------      -------      -------  ---------------------  -------------------  


------------------------------------------------------------------------------------------------
| User Ignored Path Table
| -----------------------
------------------------------------------------------------------------------------------------

Path Group    From Clock    To Clock    
----------    ----------    --------    


------------------------------------------------------------------------------------------------
| Unconstrained Path Table
| ------------------------
------------------------------------------------------------------------------------------------

Path Group                From Clock                To Clock                
----------                ----------                --------                
(none)                                                                        
(none)                    clk_25_clkDVIprescaler                              
(none)                    clkfbout_clkDVIprescaler                            
(none)                                              clk_25_clkDVIprescaler    


------------------------------------------------------------------------------------------------
| Timing Details
| --------------
------------------------------------------------------------------------------------------------


---------------------------------------------------------------------------------------------------
From Clock:  clk100
  To Clock:  clk100

Setup :           NA  Failing Endpoints,  Worst Slack           NA  ,  Total Violation           NA
Hold  :           NA  Failing Endpoints,  Worst Slack           NA  ,  Total Violation           NA
PW    :            0  Failing Endpoints,  Worst Slack        3.000ns,  Total Violation        0.000ns
---------------------------------------------------------------------------------------------------


Pulse Width Checks
--------------------------------------------------------------------------------------
Clock Name:         clk100
Waveform(ns):       { 0.000 5.000 }
Period(ns):         10.000
Sources:            { clk100 }

Check Type        Corner  Lib Pin            Reference Pin  Required(ns)  Actual(ns)  Slack(ns)  Location         Pin
Min Period        n/a     MMCME2_ADV/CLKIN1  n/a            1.249         10.000      8.751      MMCME2_ADV_X1Y0  prescaler_instance/inst/mmcm_adv_inst/CLKIN1
Max Period        n/a     MMCME2_ADV/CLKIN1  n/a            100.000       10.000      90.000     MMCME2_ADV_X1Y0  prescaler_instance/inst/mmcm_adv_inst/CLKIN1
Low Pulse Width   Slow    MMCME2_ADV/CLKIN1  n/a            2.000         5.000       3.000      MMCME2_ADV_X1Y0  prescaler_instance/inst/mmcm_adv_inst/CLKIN1
Low Pulse Width   Fast    MMCME2_ADV/CLKIN1  n/a            2.000         5.000       3.000      MMCME2_ADV_X1Y0  prescaler_instance/inst/mmcm_adv_inst/CLKIN1
High Pulse Width  Slow    MMCME2_ADV/CLKIN1  n/a            2.000         5.000       3.000      MMCME2_ADV_X1Y0  prescaler_instance/inst/mmcm_adv_inst/CLKIN1
High Pulse Width  Fast    MMCME2_ADV/CLKIN1  n/a            2.000         5.000       3.000      MMCME2_ADV_X1Y0  prescaler_instance/inst/mmcm_adv_inst/CLKIN1



---------------------------------------------------------------------------------------------------
From Clock:  clk_25_clkDVIprescaler
  To Clock:  clk_25_clkDVIprescaler

Setup :            0  Failing Endpoints,  Worst Slack       34.356ns,  Total Violation        0.000ns
Hold  :            0  Failing Endpoints,  Worst Slack        0.139ns,  Total Violation        0.000ns
PW    :            0  Failing Endpoints,  Worst Slack       19.500ns,  Total Violation        0.000ns
---------------------------------------------------------------------------------------------------


Max Delay Paths
--------------------------------------------------------------------------------------
Slack (MET) :             34.356ns  (required time - arrival time)
  Source:                 pixel_gen_inst/DisplayLevel_inst/ROM_inst_3/U0/inst_blk_mem_gen/gnbram.gnativebmg.native_blk_mem_gen/valid.cstr/ramloop[0].ram.r/prim_init.ram/DEVICE_7SERIES.NO_BMM_INFO.SP.SIMPLE_PRIM18.ram/CLKARDCLK
                            (rising edge-triggered cell RAMB18E1 clocked by clk_25_clkDVIprescaler  {rise@0.000ns fall@20.000ns period=40.000ns})
  Destination:            pixel_gen_inst/rgb_out_reg[10]/R
                            (rising edge-triggered cell FDRE clocked by clk_25_clkDVIprescaler  {rise@0.000ns fall@20.000ns period=40.000ns})
  Path Group:             clk_25_clkDVIprescaler
  Path Type:              Setup (Max at Slow Process Corner)
  Requirement:            40.000ns  (clk_25_clkDVIprescaler rise@40.000ns - clk_25_clkDVIprescaler rise@0.000ns)
  Data Path Delay:        5.106ns  (logic 1.254ns (24.558%)  route 3.852ns (75.442%))
  Logic Levels:           3  (LUT2=1 LUT6=2)
  Clock Path Skew:        -0.011ns (DCD - SCD + CPR)
    Destination Clock Delay (DCD):    -1.491ns = ( 38.509 - 40.000 ) 
    Source Clock Delay      (SCD):    -0.917ns
    Clock Pessimism Removal (CPR):    0.562ns
  Clock Uncertainty:      0.098ns  ((TSJ^2 + DJ^2)^1/2) / 2 + PE
    Total System Jitter     (TSJ):    0.071ns
    Discrete Jitter          (DJ):    0.182ns
    Phase Error              (PE):    0.000ns

    Location             Delay type                Incr(ns)  Path(ns)    Netlist Resource(s)
  -------------------------------------------------------------------    -------------------
                         (clock clk_25_clkDVIprescaler rise edge)
                                                      0.000     0.000 r  
    W5                                                0.000     0.000 r  clk100 (IN)
                         net (fo=0)                   0.000     0.000    prescaler_instance/inst/clk_100
    W5                   IBUF (Prop_ibuf_I_O)         1.458     1.458 r  prescaler_instance/inst/clkin1_ibufg/O
                         net (fo=1, routed)           1.233     2.691    prescaler_instance/inst/clk_100_clkDVIprescaler
    MMCME2_ADV_X1Y0      MMCME2_ADV (Prop_mmcme2_adv_CLKIN1_CLKOUT0)
                                                     -6.961    -4.269 r  prescaler_instance/inst/mmcm_adv_inst/CLKOUT0
                         net (fo=1, routed)           1.661    -2.608    prescaler_instance/inst/clk_25_clkDVIprescaler
    BUFGCTRL_X0Y0        BUFG (Prop_bufg_I_O)         0.096    -2.512 r  prescaler_instance/inst/clkout1_buf/O
                         net (fo=135, routed)         1.594    -0.917    pixel_gen_inst/DisplayLevel_inst/ROM_inst_3/U0/inst_blk_mem_gen/gnbram.gnativebmg.native_blk_mem_gen/valid.cstr/ramloop[0].ram.r/prim_init.ram/clka
    RAMB18_X0Y25         RAMB18E1                                     r  pixel_gen_inst/DisplayLevel_inst/ROM_inst_3/U0/inst_blk_mem_gen/gnbram.gnativebmg.native_blk_mem_gen/valid.cstr/ramloop[0].ram.r/prim_init.ram/DEVICE_7SERIES.NO_BMM_INFO.SP.SIMPLE_PRIM18.ram/CLKARDCLK
  -------------------------------------------------------------------    -------------------
    RAMB18_X0Y25         RAMB18E1 (Prop_ramb18e1_CLKARDCLK_DOADO[12])
                                                      0.882    -0.035 f  pixel_gen_inst/DisplayLevel_inst/ROM_inst_3/U0/inst_blk_mem_gen/gnbram.gnativebmg.native_blk_mem_gen/valid.cstr/ramloop[0].ram.r/prim_init.ram/DEVICE_7SERIES.NO_BMM_INFO.SP.SIMPLE_PRIM18.ram/DOADO[12]
                         net (fo=1, routed)           1.316     1.281    pixel_gen_inst/DisplayLevel_inst/dout_rom_2[10]
    SLICE_X9Y60          LUT6 (Prop_lut6_I5_O)        0.124     1.405 f  pixel_gen_inst/DisplayLevel_inst/rgb_out[2]_i_1/O
                         net (fo=2, routed)           1.376     2.781    pixel_gen_inst/DisplayLevel_inst/Character_color[10]
    SLICE_X6Y60          LUT6 (Prop_lut6_I0_O)        0.124     2.905 r  pixel_gen_inst/DisplayLevel_inst/PixelAan_i_3/O
                         net (fo=2, routed)           0.477     3.382    pixel_gen_inst/DisplayLevel_inst_n_22
    SLICE_X6Y60          LUT2 (Prop_lut2_I0_O)        0.124     3.506 r  pixel_gen_inst/rgb_out[11]_i_1/O
                         net (fo=12, routed)          0.683     4.189    pixel_gen_inst/rgb_out[11]_i_1_n_0
    SLICE_X5Y59          FDRE                                         r  pixel_gen_inst/rgb_out_reg[10]/R
  -------------------------------------------------------------------    -------------------

                         (clock clk_25_clkDVIprescaler rise edge)
                                                     40.000    40.000 r  
    W5                                                0.000    40.000 r  clk100 (IN)
                         net (fo=0)                   0.000    40.000    prescaler_instance/inst/clk_100
    W5                   IBUF (Prop_ibuf_I_O)         1.388    41.388 r  prescaler_instance/inst/clkin1_ibufg/O
                         net (fo=1, routed)           1.162    42.550    prescaler_instance/inst/clk_100_clkDVIprescaler
    MMCME2_ADV_X1Y0      MMCME2_ADV (Prop_mmcme2_adv_CLKIN1_CLKOUT0)
                                                     -7.217    35.332 r  prescaler_instance/inst/mmcm_adv_inst/CLKOUT0
                         net (fo=1, routed)           1.581    36.914    prescaler_instance/inst/clk_25_clkDVIprescaler
    BUFGCTRL_X0Y0        BUFG (Prop_bufg_I_O)         0.091    37.005 r  prescaler_instance/inst/clkout1_buf/O
                         net (fo=135, routed)         1.505    38.509    pixel_gen_inst/clk_25
    SLICE_X5Y59          FDRE                                         r  pixel_gen_inst/rgb_out_reg[10]/C
                         clock pessimism              0.562    39.071    
                         clock uncertainty           -0.098    38.974    
    SLICE_X5Y59          FDRE (Setup_fdre_C_R)       -0.429    38.545    pixel_gen_inst/rgb_out_reg[10]
  -------------------------------------------------------------------
                         required time                         38.545    
                         arrival time                          -4.189    
  -------------------------------------------------------------------
                         slack                                 34.356    

Slack (MET) :             34.356ns  (required time - arrival time)
  Source:                 pixel_gen_inst/DisplayLevel_inst/ROM_inst_3/U0/inst_blk_mem_gen/gnbram.gnativebmg.native_blk_mem_gen/valid.cstr/ramloop[0].ram.r/prim_init.ram/DEVICE_7SERIES.NO_BMM_INFO.SP.SIMPLE_PRIM18.ram/CLKARDCLK
                            (rising edge-triggered cell RAMB18E1 clocked by clk_25_clkDVIprescaler  {rise@0.000ns fall@20.000ns period=40.000ns})
  Destination:            pixel_gen_inst/rgb_out_reg[11]/R
                            (rising edge-triggered cell FDRE clocked by clk_25_clkDVIprescaler  {rise@0.000ns fall@20.000ns period=40.000ns})
  Path Group:             clk_25_clkDVIprescaler
  Path Type:              Setup (Max at Slow Process Corner)
  Requirement:            40.000ns  (clk_25_clkDVIprescaler rise@40.000ns - clk_25_clkDVIprescaler rise@0.000ns)
  Data Path Delay:        5.106ns  (logic 1.254ns (24.558%)  route 3.852ns (75.442%))
  Logic Levels:           3  (LUT2=1 LUT6=2)
  Clock Path Skew:        -0.011ns (DCD - SCD + CPR)
    Destination Clock Delay (DCD):    -1.491ns = ( 38.509 - 40.000 ) 
    Source Clock Delay      (SCD):    -0.917ns
    Clock Pessimism Removal (CPR):    0.562ns
  Clock Uncertainty:      0.098ns  ((TSJ^2 + DJ^2)^1/2) / 2 + PE
    Total System Jitter     (TSJ):    0.071ns
    Discrete Jitter          (DJ):    0.182ns
    Phase Error              (PE):    0.000ns

    Location             Delay type                Incr(ns)  Path(ns)    Netlist Resource(s)
  -------------------------------------------------------------------    -------------------
                         (clock clk_25_clkDVIprescaler rise edge)
                                                      0.000     0.000 r  
    W5                                                0.000     0.000 r  clk100 (IN)
                         net (fo=0)                   0.000     0.000    prescaler_instance/inst/clk_100
    W5                   IBUF (Prop_ibuf_I_O)         1.458     1.458 r  prescaler_instance/inst/clkin1_ibufg/O
                         net (fo=1, routed)           1.233     2.691    prescaler_instance/inst/clk_100_clkDVIprescaler
    MMCME2_ADV_X1Y0      MMCME2_ADV (Prop_mmcme2_adv_CLKIN1_CLKOUT0)
                                                     -6.961    -4.269 r  prescaler_instance/inst/mmcm_adv_inst/CLKOUT0
                         net (fo=1, routed)           1.661    -2.608    prescaler_instance/inst/clk_25_clkDVIprescaler
    BUFGCTRL_X0Y0        BUFG (Prop_bufg_I_O)         0.096    -2.512 r  prescaler_instance/inst/clkout1_buf/O
                         net (fo=135, routed)         1.594    -0.917    pixel_gen_inst/DisplayLevel_inst/ROM_inst_3/U0/inst_blk_mem_gen/gnbram.gnativebmg.native_blk_mem_gen/valid.cstr/ramloop[0].ram.r/prim_init.ram/clka
    RAMB18_X0Y25         RAMB18E1                                     r  pixel_gen_inst/DisplayLevel_inst/ROM_inst_3/U0/inst_blk_mem_gen/gnbram.gnativebmg.native_blk_mem_gen/valid.cstr/ramloop[0].ram.r/prim_init.ram/DEVICE_7SERIES.NO_BMM_INFO.SP.SIMPLE_PRIM18.ram/CLKARDCLK
  -------------------------------------------------------------------    -------------------
    RAMB18_X0Y25         RAMB18E1 (Prop_ramb18e1_CLKARDCLK_DOADO[12])
                                                      0.882    -0.035 f  pixel_gen_inst/DisplayLevel_inst/ROM_inst_3/U0/inst_blk_mem_gen/gnbram.gnativebmg.native_blk_mem_gen/valid.cstr/ramloop[0].ram.r/prim_init.ram/DEVICE_7SERIES.NO_BMM_INFO.SP.SIMPLE_PRIM18.ram/DOADO[12]
                         net (fo=1, routed)           1.316     1.281    pixel_gen_inst/DisplayLevel_inst/dout_rom_2[10]
    SLICE_X9Y60          LUT6 (Prop_lut6_I5_O)        0.124     1.405 f  pixel_gen_inst/DisplayLevel_inst/rgb_out[2]_i_1/O
                         net (fo=2, routed)           1.376     2.781    pixel_gen_inst/DisplayLevel_inst/Character_color[10]
    SLICE_X6Y60          LUT6 (Prop_lut6_I0_O)        0.124     2.905 r  pixel_gen_inst/DisplayLevel_inst/PixelAan_i_3/O
                         net (fo=2, routed)           0.477     3.382    pixel_gen_inst/DisplayLevel_inst_n_22
    SLICE_X6Y60          LUT2 (Prop_lut2_I0_O)        0.124     3.506 r  pixel_gen_inst/rgb_out[11]_i_1/O
                         net (fo=12, routed)          0.683     4.189    pixel_gen_inst/rgb_out[11]_i_1_n_0
    SLICE_X5Y59          FDRE                                         r  pixel_gen_inst/rgb_out_reg[11]/R
  -------------------------------------------------------------------    -------------------

                         (clock clk_25_clkDVIprescaler rise edge)
                                                     40.000    40.000 r  
    W5                                                0.000    40.000 r  clk100 (IN)
                         net (fo=0)                   0.000    40.000    prescaler_instance/inst/clk_100
    W5                   IBUF (Prop_ibuf_I_O)         1.388    41.388 r  prescaler_instance/inst/clkin1_ibufg/O
                         net (fo=1, routed)           1.162    42.550    prescaler_instance/inst/clk_100_clkDVIprescaler
    MMCME2_ADV_X1Y0      MMCME2_ADV (Prop_mmcme2_adv_CLKIN1_CLKOUT0)
                                                     -7.217    35.332 r  prescaler_instance/inst/mmcm_adv_inst/CLKOUT0
                         net (fo=1, routed)           1.581    36.914    prescaler_instance/inst/clk_25_clkDVIprescaler
    BUFGCTRL_X0Y0        BUFG (Prop_bufg_I_O)         0.091    37.005 r  prescaler_instance/inst/clkout1_buf/O
                         net (fo=135, routed)         1.505    38.509    pixel_gen_inst/clk_25
    SLICE_X5Y59          FDRE                                         r  pixel_gen_inst/rgb_out_reg[11]/C
                         clock pessimism              0.562    39.071    
                         clock uncertainty           -0.098    38.974    
    SLICE_X5Y59          FDRE (Setup_fdre_C_R)       -0.429    38.545    pixel_gen_inst/rgb_out_reg[11]
  -------------------------------------------------------------------
                         required time                         38.545    
                         arrival time                          -4.189    
  -------------------------------------------------------------------
                         slack                                 34.356    

Slack (MET) :             34.356ns  (required time - arrival time)
  Source:                 pixel_gen_inst/DisplayLevel_inst/ROM_inst_3/U0/inst_blk_mem_gen/gnbram.gnativebmg.native_blk_mem_gen/valid.cstr/ramloop[0].ram.r/prim_init.ram/DEVICE_7SERIES.NO_BMM_INFO.SP.SIMPLE_PRIM18.ram/CLKARDCLK
                            (rising edge-triggered cell RAMB18E1 clocked by clk_25_clkDVIprescaler  {rise@0.000ns fall@20.000ns period=40.000ns})
  Destination:            pixel_gen_inst/rgb_out_reg[8]/R
                            (rising edge-triggered cell FDRE clocked by clk_25_clkDVIprescaler  {rise@0.000ns fall@20.000ns period=40.000ns})
  Path Group:             clk_25_clkDVIprescaler
  Path Type:              Setup (Max at Slow Process Corner)
  Requirement:            40.000ns  (clk_25_clkDVIprescaler rise@40.000ns - clk_25_clkDVIprescaler rise@0.000ns)
  Data Path Delay:        5.106ns  (logic 1.254ns (24.558%)  route 3.852ns (75.442%))
  Logic Levels:           3  (LUT2=1 LUT6=2)
  Clock Path Skew:        -0.011ns (DCD - SCD + CPR)
    Destination Clock Delay (DCD):    -1.491ns = ( 38.509 - 40.000 ) 
    Source Clock Delay      (SCD):    -0.917ns
    Clock Pessimism Removal (CPR):    0.562ns
  Clock Uncertainty:      0.098ns  ((TSJ^2 + DJ^2)^1/2) / 2 + PE
    Total System Jitter     (TSJ):    0.071ns
    Discrete Jitter          (DJ):    0.182ns
    Phase Error              (PE):    0.000ns

    Location             Delay type                Incr(ns)  Path(ns)    Netlist Resource(s)
  -------------------------------------------------------------------    -------------------
                         (clock clk_25_clkDVIprescaler rise edge)
                                                      0.000     0.000 r  
    W5                                                0.000     0.000 r  clk100 (IN)
                         net (fo=0)                   0.000     0.000    prescaler_instance/inst/clk_100
    W5                   IBUF (Prop_ibuf_I_O)         1.458     1.458 r  prescaler_instance/inst/clkin1_ibufg/O
                         net (fo=1, routed)           1.233     2.691    prescaler_instance/inst/clk_100_clkDVIprescaler
    MMCME2_ADV_X1Y0      MMCME2_ADV (Prop_mmcme2_adv_CLKIN1_CLKOUT0)
                                                     -6.961    -4.269 r  prescaler_instance/inst/mmcm_adv_inst/CLKOUT0
                         net (fo=1, routed)           1.661    -2.608    prescaler_instance/inst/clk_25_clkDVIprescaler
    BUFGCTRL_X0Y0        BUFG (Prop_bufg_I_O)         0.096    -2.512 r  prescaler_instance/inst/clkout1_buf/O
                         net (fo=135, routed)         1.594    -0.917    pixel_gen_inst/DisplayLevel_inst/ROM_inst_3/U0/inst_blk_mem_gen/gnbram.gnativebmg.native_blk_mem_gen/valid.cstr/ramloop[0].ram.r/prim_init.ram/clka
    RAMB18_X0Y25         RAMB18E1                                     r  pixel_gen_inst/DisplayLevel_inst/ROM_inst_3/U0/inst_blk_mem_gen/gnbram.gnativebmg.native_blk_mem_gen/valid.cstr/ramloop[0].ram.r/prim_init.ram/DEVICE_7SERIES.NO_BMM_INFO.SP.SIMPLE_PRIM18.ram/CLKARDCLK
  -------------------------------------------------------------------    -------------------
    RAMB18_X0Y25         RAMB18E1 (Prop_ramb18e1_CLKARDCLK_DOADO[12])
                                                      0.882    -0.035 f  pixel_gen_inst/DisplayLevel_inst/ROM_inst_3/U0/inst_blk_mem_gen/gnbram.gnativebmg.native_blk_mem_gen/valid.cstr/ramloop[0].ram.r/prim_init.ram/DEVICE_7SERIES.NO_BMM_INFO.SP.SIMPLE_PRIM18.ram/DOADO[12]
                         net (fo=1, routed)           1.316     1.281    pixel_gen_inst/DisplayLevel_inst/dout_rom_2[10]
    SLICE_X9Y60          LUT6 (Prop_lut6_I5_O)        0.124     1.405 f  pixel_gen_inst/DisplayLevel_inst/rgb_out[2]_i_1/O
                         net (fo=2, routed)           1.376     2.781    pixel_gen_inst/DisplayLevel_inst/Character_color[10]
    SLICE_X6Y60          LUT6 (Prop_lut6_I0_O)        0.124     2.905 r  pixel_gen_inst/DisplayLevel_inst/PixelAan_i_3/O
                         net (fo=2, routed)           0.477     3.382    pixel_gen_inst/DisplayLevel_inst_n_22
    SLICE_X6Y60          LUT2 (Prop_lut2_I0_O)        0.124     3.506 r  pixel_gen_inst/rgb_out[11]_i_1/O
                         net (fo=12, routed)          0.683     4.189    pixel_gen_inst/rgb_out[11]_i_1_n_0
    SLICE_X5Y59          FDRE                                         r  pixel_gen_inst/rgb_out_reg[8]/R
  -------------------------------------------------------------------    -------------------

                         (clock clk_25_clkDVIprescaler rise edge)
                                                     40.000    40.000 r  
    W5                                                0.000    40.000 r  clk100 (IN)
                         net (fo=0)                   0.000    40.000    prescaler_instance/inst/clk_100
    W5                   IBUF (Prop_ibuf_I_O)         1.388    41.388 r  prescaler_instance/inst/clkin1_ibufg/O
                         net (fo=1, routed)           1.162    42.550    prescaler_instance/inst/clk_100_clkDVIprescaler
    MMCME2_ADV_X1Y0      MMCME2_ADV (Prop_mmcme2_adv_CLKIN1_CLKOUT0)
                                                     -7.217    35.332 r  prescaler_instance/inst/mmcm_adv_inst/CLKOUT0
                         net (fo=1, routed)           1.581    36.914    prescaler_instance/inst/clk_25_clkDVIprescaler
    BUFGCTRL_X0Y0        BUFG (Prop_bufg_I_O)         0.091    37.005 r  prescaler_instance/inst/clkout1_buf/O
                         net (fo=135, routed)         1.505    38.509    pixel_gen_inst/clk_25
    SLICE_X5Y59          FDRE                                         r  pixel_gen_inst/rgb_out_reg[8]/C
                         clock pessimism              0.562    39.071    
                         clock uncertainty           -0.098    38.974    
    SLICE_X5Y59          FDRE (Setup_fdre_C_R)       -0.429    38.545    pixel_gen_inst/rgb_out_reg[8]
  -------------------------------------------------------------------
                         required time                         38.545    
                         arrival time                          -4.189    
  -------------------------------------------------------------------
                         slack                                 34.356    

Slack (MET) :             34.356ns  (required time - arrival time)
  Source:                 pixel_gen_inst/DisplayLevel_inst/ROM_inst_3/U0/inst_blk_mem_gen/gnbram.gnativebmg.native_blk_mem_gen/valid.cstr/ramloop[0].ram.r/prim_init.ram/DEVICE_7SERIES.NO_BMM_INFO.SP.SIMPLE_PRIM18.ram/CLKARDCLK
                            (rising edge-triggered cell RAMB18E1 clocked by clk_25_clkDVIprescaler  {rise@0.000ns fall@20.000ns period=40.000ns})
  Destination:            pixel_gen_inst/rgb_out_reg[9]/R
                            (rising edge-triggered cell FDRE clocked by clk_25_clkDVIprescaler  {rise@0.000ns fall@20.000ns period=40.000ns})
  Path Group:             clk_25_clkDVIprescaler
  Path Type:              Setup (Max at Slow Process Corner)
  Requirement:            40.000ns  (clk_25_clkDVIprescaler rise@40.000ns - clk_25_clkDVIprescaler rise@0.000ns)
  Data Path Delay:        5.106ns  (logic 1.254ns (24.558%)  route 3.852ns (75.442%))
  Logic Levels:           3  (LUT2=1 LUT6=2)
  Clock Path Skew:        -0.011ns (DCD - SCD + CPR)
    Destination Clock Delay (DCD):    -1.491ns = ( 38.509 - 40.000 ) 
    Source Clock Delay      (SCD):    -0.917ns
    Clock Pessimism Removal (CPR):    0.562ns
  Clock Uncertainty:      0.098ns  ((TSJ^2 + DJ^2)^1/2) / 2 + PE
    Total System Jitter     (TSJ):    0.071ns
    Discrete Jitter          (DJ):    0.182ns
    Phase Error              (PE):    0.000ns

    Location             Delay type                Incr(ns)  Path(ns)    Netlist Resource(s)
  -------------------------------------------------------------------    -------------------
                         (clock clk_25_clkDVIprescaler rise edge)
                                                      0.000     0.000 r  
    W5                                                0.000     0.000 r  clk100 (IN)
                         net (fo=0)                   0.000     0.000    prescaler_instance/inst/clk_100
    W5                   IBUF (Prop_ibuf_I_O)         1.458     1.458 r  prescaler_instance/inst/clkin1_ibufg/O
                         net (fo=1, routed)           1.233     2.691    prescaler_instance/inst/clk_100_clkDVIprescaler
    MMCME2_ADV_X1Y0      MMCME2_ADV (Prop_mmcme2_adv_CLKIN1_CLKOUT0)
                                                     -6.961    -4.269 r  prescaler_instance/inst/mmcm_adv_inst/CLKOUT0
                         net (fo=1, routed)           1.661    -2.608    prescaler_instance/inst/clk_25_clkDVIprescaler
    BUFGCTRL_X0Y0        BUFG (Prop_bufg_I_O)         0.096    -2.512 r  prescaler_instance/inst/clkout1_buf/O
                         net (fo=135, routed)         1.594    -0.917    pixel_gen_inst/DisplayLevel_inst/ROM_inst_3/U0/inst_blk_mem_gen/gnbram.gnativebmg.native_blk_mem_gen/valid.cstr/ramloop[0].ram.r/prim_init.ram/clka
    RAMB18_X0Y25         RAMB18E1                                     r  pixel_gen_inst/DisplayLevel_inst/ROM_inst_3/U0/inst_blk_mem_gen/gnbram.gnativebmg.native_blk_mem_gen/valid.cstr/ramloop[0].ram.r/prim_init.ram/DEVICE_7SERIES.NO_BMM_INFO.SP.SIMPLE_PRIM18.ram/CLKARDCLK
  -------------------------------------------------------------------    -------------------
    RAMB18_X0Y25         RAMB18E1 (Prop_ramb18e1_CLKARDCLK_DOADO[12])
                                                      0.882    -0.035 f  pixel_gen_inst/DisplayLevel_inst/ROM_inst_3/U0/inst_blk_mem_gen/gnbram.gnativebmg.native_blk_mem_gen/valid.cstr/ramloop[0].ram.r/prim_init.ram/DEVICE_7SERIES.NO_BMM_INFO.SP.SIMPLE_PRIM18.ram/DOADO[12]
                         net (fo=1, routed)           1.316     1.281    pixel_gen_inst/DisplayLevel_inst/dout_rom_2[10]
    SLICE_X9Y60          LUT6 (Prop_lut6_I5_O)        0.124     1.405 f  pixel_gen_inst/DisplayLevel_inst/rgb_out[2]_i_1/O
                         net (fo=2, routed)           1.376     2.781    pixel_gen_inst/DisplayLevel_inst/Character_color[10]
    SLICE_X6Y60          LUT6 (Prop_lut6_I0_O)        0.124     2.905 r  pixel_gen_inst/DisplayLevel_inst/PixelAan_i_3/O
                         net (fo=2, routed)           0.477     3.382    pixel_gen_inst/DisplayLevel_inst_n_22
    SLICE_X6Y60          LUT2 (Prop_lut2_I0_O)        0.124     3.506 r  pixel_gen_inst/rgb_out[11]_i_1/O
                         net (fo=12, routed)          0.683     4.189    pixel_gen_inst/rgb_out[11]_i_1_n_0
    SLICE_X5Y59          FDRE                                         r  pixel_gen_inst/rgb_out_reg[9]/R
  -------------------------------------------------------------------    -------------------

                         (clock clk_25_clkDVIprescaler rise edge)
                                                     40.000    40.000 r  
    W5                                                0.000    40.000 r  clk100 (IN)
                         net (fo=0)                   0.000    40.000    prescaler_instance/inst/clk_100
    W5                   IBUF (Prop_ibuf_I_O)         1.388    41.388 r  prescaler_instance/inst/clkin1_ibufg/O
                         net (fo=1, routed)           1.162    42.550    prescaler_instance/inst/clk_100_clkDVIprescaler
    MMCME2_ADV_X1Y0      MMCME2_ADV (Prop_mmcme2_adv_CLKIN1_CLKOUT0)
                                                     -7.217    35.332 r  prescaler_instance/inst/mmcm_adv_inst/CLKOUT0
                         net (fo=1, routed)           1.581    36.914    prescaler_instance/inst/clk_25_clkDVIprescaler
    BUFGCTRL_X0Y0        BUFG (Prop_bufg_I_O)         0.091    37.005 r  prescaler_instance/inst/clkout1_buf/O
                         net (fo=135, routed)         1.505    38.509    pixel_gen_inst/clk_25
    SLICE_X5Y59          FDRE                                         r  pixel_gen_inst/rgb_out_reg[9]/C
                         clock pessimism              0.562    39.071    
                         clock uncertainty           -0.098    38.974    
    SLICE_X5Y59          FDRE (Setup_fdre_C_R)       -0.429    38.545    pixel_gen_inst/rgb_out_reg[9]
  -------------------------------------------------------------------
                         required time                         38.545    
                         arrival time                          -4.189    
  -------------------------------------------------------------------
                         slack                                 34.356    

Slack (MET) :             34.393ns  (required time - arrival time)
  Source:                 pixel_gen_inst/DisplayLevel_inst/ROM_inst_3/U0/inst_blk_mem_gen/gnbram.gnativebmg.native_blk_mem_gen/valid.cstr/ramloop[0].ram.r/prim_init.ram/DEVICE_7SERIES.NO_BMM_INFO.SP.SIMPLE_PRIM18.ram/CLKARDCLK
                            (rising edge-triggered cell RAMB18E1 clocked by clk_25_clkDVIprescaler  {rise@0.000ns fall@20.000ns period=40.000ns})
  Destination:            pixel_gen_inst/rgb_out_reg[2]/R
                            (rising edge-triggered cell FDRE clocked by clk_25_clkDVIprescaler  {rise@0.000ns fall@20.000ns period=40.000ns})
  Path Group:             clk_25_clkDVIprescaler
  Path Type:              Setup (Max at Slow Process Corner)
  Requirement:            40.000ns  (clk_25_clkDVIprescaler rise@40.000ns - clk_25_clkDVIprescaler rise@0.000ns)
  Data Path Delay:        4.973ns  (logic 1.254ns (25.216%)  route 3.719ns (74.784%))
  Logic Levels:           3  (LUT2=1 LUT6=2)
  Clock Path Skew:        -0.012ns (DCD - SCD + CPR)
    Destination Clock Delay (DCD):    -1.492ns = ( 38.508 - 40.000 ) 
    Source Clock Delay      (SCD):    -0.917ns
    Clock Pessimism Removal (CPR):    0.562ns
  Clock Uncertainty:      0.098ns  ((TSJ^2 + DJ^2)^1/2) / 2 + PE
    Total System Jitter     (TSJ):    0.071ns
    Discrete Jitter          (DJ):    0.182ns
    Phase Error              (PE):    0.000ns

    Location             Delay type                Incr(ns)  Path(ns)    Netlist Resource(s)
  -------------------------------------------------------------------    -------------------
                         (clock clk_25_clkDVIprescaler rise edge)
                                                      0.000     0.000 r  
    W5                                                0.000     0.000 r  clk100 (IN)
                         net (fo=0)                   0.000     0.000    prescaler_instance/inst/clk_100
    W5                   IBUF (Prop_ibuf_I_O)         1.458     1.458 r  prescaler_instance/inst/clkin1_ibufg/O
                         net (fo=1, routed)           1.233     2.691    prescaler_instance/inst/clk_100_clkDVIprescaler
    MMCME2_ADV_X1Y0      MMCME2_ADV (Prop_mmcme2_adv_CLKIN1_CLKOUT0)
                                                     -6.961    -4.269 r  prescaler_instance/inst/mmcm_adv_inst/CLKOUT0
                         net (fo=1, routed)           1.661    -2.608    prescaler_instance/inst/clk_25_clkDVIprescaler
    BUFGCTRL_X0Y0        BUFG (Prop_bufg_I_O)         0.096    -2.512 r  prescaler_instance/inst/clkout1_buf/O
                         net (fo=135, routed)         1.594    -0.917    pixel_gen_inst/DisplayLevel_inst/ROM_inst_3/U0/inst_blk_mem_gen/gnbram.gnativebmg.native_blk_mem_gen/valid.cstr/ramloop[0].ram.r/prim_init.ram/clka
    RAMB18_X0Y25         RAMB18E1                                     r  pixel_gen_inst/DisplayLevel_inst/ROM_inst_3/U0/inst_blk_mem_gen/gnbram.gnativebmg.native_blk_mem_gen/valid.cstr/ramloop[0].ram.r/prim_init.ram/DEVICE_7SERIES.NO_BMM_INFO.SP.SIMPLE_PRIM18.ram/CLKARDCLK
  -------------------------------------------------------------------    -------------------
    RAMB18_X0Y25         RAMB18E1 (Prop_ramb18e1_CLKARDCLK_DOADO[12])
                                                      0.882    -0.035 f  pixel_gen_inst/DisplayLevel_inst/ROM_inst_3/U0/inst_blk_mem_gen/gnbram.gnativebmg.native_blk_mem_gen/valid.cstr/ramloop[0].ram.r/prim_init.ram/DEVICE_7SERIES.NO_BMM_INFO.SP.SIMPLE_PRIM18.ram/DOADO[12]
                         net (fo=1, routed)           1.316     1.281    pixel_gen_inst/DisplayLevel_inst/dout_rom_2[10]
    SLICE_X9Y60          LUT6 (Prop_lut6_I5_O)        0.124     1.405 f  pixel_gen_inst/DisplayLevel_inst/rgb_out[2]_i_1/O
                         net (fo=2, routed)           1.376     2.781    pixel_gen_inst/DisplayLevel_inst/Character_color[10]
    SLICE_X6Y60          LUT6 (Prop_lut6_I0_O)        0.124     2.905 r  pixel_gen_inst/DisplayLevel_inst/PixelAan_i_3/O
                         net (fo=2, routed)           0.477     3.382    pixel_gen_inst/DisplayLevel_inst_n_22
    SLICE_X6Y60          LUT2 (Prop_lut2_I0_O)        0.124     3.506 r  pixel_gen_inst/rgb_out[11]_i_1/O
                         net (fo=12, routed)          0.550     4.056    pixel_gen_inst/rgb_out[11]_i_1_n_0
    SLICE_X6Y61          FDRE                                         r  pixel_gen_inst/rgb_out_reg[2]/R
  -------------------------------------------------------------------    -------------------

                         (clock clk_25_clkDVIprescaler rise edge)
                                                     40.000    40.000 r  
    W5                                                0.000    40.000 r  clk100 (IN)
                         net (fo=0)                   0.000    40.000    prescaler_instance/inst/clk_100
    W5                   IBUF (Prop_ibuf_I_O)         1.388    41.388 r  prescaler_instance/inst/clkin1_ibufg/O
                         net (fo=1, routed)           1.162    42.550    prescaler_instance/inst/clk_100_clkDVIprescaler
    MMCME2_ADV_X1Y0      MMCME2_ADV (Prop_mmcme2_adv_CLKIN1_CLKOUT0)
                                                     -7.217    35.332 r  prescaler_instance/inst/mmcm_adv_inst/CLKOUT0
                         net (fo=1, routed)           1.581    36.914    prescaler_instance/inst/clk_25_clkDVIprescaler
    BUFGCTRL_X0Y0        BUFG (Prop_bufg_I_O)         0.091    37.005 r  prescaler_instance/inst/clkout1_buf/O
                         net (fo=135, routed)         1.504    38.508    pixel_gen_inst/clk_25
    SLICE_X6Y61          FDRE                                         r  pixel_gen_inst/rgb_out_reg[2]/C
                         clock pessimism              0.562    39.070    
                         clock uncertainty           -0.098    38.973    
    SLICE_X6Y61          FDRE (Setup_fdre_C_R)       -0.524    38.449    pixel_gen_inst/rgb_out_reg[2]
  -------------------------------------------------------------------
                         required time                         38.449    
                         arrival time                          -4.056    
  -------------------------------------------------------------------
                         slack                                 34.393    

Slack (MET) :             34.393ns  (required time - arrival time)
  Source:                 pixel_gen_inst/DisplayLevel_inst/ROM_inst_3/U0/inst_blk_mem_gen/gnbram.gnativebmg.native_blk_mem_gen/valid.cstr/ramloop[0].ram.r/prim_init.ram/DEVICE_7SERIES.NO_BMM_INFO.SP.SIMPLE_PRIM18.ram/CLKARDCLK
                            (rising edge-triggered cell RAMB18E1 clocked by clk_25_clkDVIprescaler  {rise@0.000ns fall@20.000ns period=40.000ns})
  Destination:            pixel_gen_inst/rgb_out_reg[3]/R
                            (rising edge-triggered cell FDRE clocked by clk_25_clkDVIprescaler  {rise@0.000ns fall@20.000ns period=40.000ns})
  Path Group:             clk_25_clkDVIprescaler
  Path Type:              Setup (Max at Slow Process Corner)
  Requirement:            40.000ns  (clk_25_clkDVIprescaler rise@40.000ns - clk_25_clkDVIprescaler rise@0.000ns)
  Data Path Delay:        4.973ns  (logic 1.254ns (25.216%)  route 3.719ns (74.784%))
  Logic Levels:           3  (LUT2=1 LUT6=2)
  Clock Path Skew:        -0.012ns (DCD - SCD + CPR)
    Destination Clock Delay (DCD):    -1.492ns = ( 38.508 - 40.000 ) 
    Source Clock Delay      (SCD):    -0.917ns
    Clock Pessimism Removal (CPR):    0.562ns
  Clock Uncertainty:      0.098ns  ((TSJ^2 + DJ^2)^1/2) / 2 + PE
    Total System Jitter     (TSJ):    0.071ns
    Discrete Jitter          (DJ):    0.182ns
    Phase Error              (PE):    0.000ns

    Location             Delay type                Incr(ns)  Path(ns)    Netlist Resource(s)
  -------------------------------------------------------------------    -------------------
                         (clock clk_25_clkDVIprescaler rise edge)
                                                      0.000     0.000 r  
    W5                                                0.000     0.000 r  clk100 (IN)
                         net (fo=0)                   0.000     0.000    prescaler_instance/inst/clk_100
    W5                   IBUF (Prop_ibuf_I_O)         1.458     1.458 r  prescaler_instance/inst/clkin1_ibufg/O
                         net (fo=1, routed)           1.233     2.691    prescaler_instance/inst/clk_100_clkDVIprescaler
    MMCME2_ADV_X1Y0      MMCME2_ADV (Prop_mmcme2_adv_CLKIN1_CLKOUT0)
                                                     -6.961    -4.269 r  prescaler_instance/inst/mmcm_adv_inst/CLKOUT0
                         net (fo=1, routed)           1.661    -2.608    prescaler_instance/inst/clk_25_clkDVIprescaler
    BUFGCTRL_X0Y0        BUFG (Prop_bufg_I_O)         0.096    -2.512 r  prescaler_instance/inst/clkout1_buf/O
                         net (fo=135, routed)         1.594    -0.917    pixel_gen_inst/DisplayLevel_inst/ROM_inst_3/U0/inst_blk_mem_gen/gnbram.gnativebmg.native_blk_mem_gen/valid.cstr/ramloop[0].ram.r/prim_init.ram/clka
    RAMB18_X0Y25         RAMB18E1                                     r  pixel_gen_inst/DisplayLevel_inst/ROM_inst_3/U0/inst_blk_mem_gen/gnbram.gnativebmg.native_blk_mem_gen/valid.cstr/ramloop[0].ram.r/prim_init.ram/DEVICE_7SERIES.NO_BMM_INFO.SP.SIMPLE_PRIM18.ram/CLKARDCLK
  -------------------------------------------------------------------    -------------------
    RAMB18_X0Y25         RAMB18E1 (Prop_ramb18e1_CLKARDCLK_DOADO[12])
                                                      0.882    -0.035 f  pixel_gen_inst/DisplayLevel_inst/ROM_inst_3/U0/inst_blk_mem_gen/gnbram.gnativebmg.native_blk_mem_gen/valid.cstr/ramloop[0].ram.r/prim_init.ram/DEVICE_7SERIES.NO_BMM_INFO.SP.SIMPLE_PRIM18.ram/DOADO[12]
                         net (fo=1, routed)           1.316     1.281    pixel_gen_inst/DisplayLevel_inst/dout_rom_2[10]
    SLICE_X9Y60          LUT6 (Prop_lut6_I5_O)        0.124     1.405 f  pixel_gen_inst/DisplayLevel_inst/rgb_out[2]_i_1/O
                         net (fo=2, routed)           1.376     2.781    pixel_gen_inst/DisplayLevel_inst/Character_color[10]
    SLICE_X6Y60          LUT6 (Prop_lut6_I0_O)        0.124     2.905 r  pixel_gen_inst/DisplayLevel_inst/PixelAan_i_3/O
                         net (fo=2, routed)           0.477     3.382    pixel_gen_inst/DisplayLevel_inst_n_22
    SLICE_X6Y60          LUT2 (Prop_lut2_I0_O)        0.124     3.506 r  pixel_gen_inst/rgb_out[11]_i_1/O
                         net (fo=12, routed)          0.550     4.056    pixel_gen_inst/rgb_out[11]_i_1_n_0
    SLICE_X6Y61          FDRE                                         r  pixel_gen_inst/rgb_out_reg[3]/R
  -------------------------------------------------------------------    -------------------

                         (clock clk_25_clkDVIprescaler rise edge)
                                                     40.000    40.000 r  
    W5                                                0.000    40.000 r  clk100 (IN)
                         net (fo=0)                   0.000    40.000    prescaler_instance/inst/clk_100
    W5                   IBUF (Prop_ibuf_I_O)         1.388    41.388 r  prescaler_instance/inst/clkin1_ibufg/O
                         net (fo=1, routed)           1.162    42.550    prescaler_instance/inst/clk_100_clkDVIprescaler
    MMCME2_ADV_X1Y0      MMCME2_ADV (Prop_mmcme2_adv_CLKIN1_CLKOUT0)
                                                     -7.217    35.332 r  prescaler_instance/inst/mmcm_adv_inst/CLKOUT0
                         net (fo=1, routed)           1.581    36.914    prescaler_instance/inst/clk_25_clkDVIprescaler
    BUFGCTRL_X0Y0        BUFG (Prop_bufg_I_O)         0.091    37.005 r  prescaler_instance/inst/clkout1_buf/O
                         net (fo=135, routed)         1.504    38.508    pixel_gen_inst/clk_25
    SLICE_X6Y61          FDRE                                         r  pixel_gen_inst/rgb_out_reg[3]/C
                         clock pessimism              0.562    39.070    
                         clock uncertainty           -0.098    38.973    
    SLICE_X6Y61          FDRE (Setup_fdre_C_R)       -0.524    38.449    pixel_gen_inst/rgb_out_reg[3]
  -------------------------------------------------------------------
                         required time                         38.449    
                         arrival time                          -4.056    
  -------------------------------------------------------------------
                         slack                                 34.393    

Slack (MET) :             34.393ns  (required time - arrival time)
  Source:                 pixel_gen_inst/DisplayLevel_inst/ROM_inst_3/U0/inst_blk_mem_gen/gnbram.gnativebmg.native_blk_mem_gen/valid.cstr/ramloop[0].ram.r/prim_init.ram/DEVICE_7SERIES.NO_BMM_INFO.SP.SIMPLE_PRIM18.ram/CLKARDCLK
                            (rising edge-triggered cell RAMB18E1 clocked by clk_25_clkDVIprescaler  {rise@0.000ns fall@20.000ns period=40.000ns})
  Destination:            pixel_gen_inst/rgb_out_reg[6]/R
                            (rising edge-triggered cell FDRE clocked by clk_25_clkDVIprescaler  {rise@0.000ns fall@20.000ns period=40.000ns})
  Path Group:             clk_25_clkDVIprescaler
  Path Type:              Setup (Max at Slow Process Corner)
  Requirement:            40.000ns  (clk_25_clkDVIprescaler rise@40.000ns - clk_25_clkDVIprescaler rise@0.000ns)
  Data Path Delay:        4.973ns  (logic 1.254ns (25.216%)  route 3.719ns (74.784%))
  Logic Levels:           3  (LUT2=1 LUT6=2)
  Clock Path Skew:        -0.012ns (DCD - SCD + CPR)
    Destination Clock Delay (DCD):    -1.492ns = ( 38.508 - 40.000 ) 
    Source Clock Delay      (SCD):    -0.917ns
    Clock Pessimism Removal (CPR):    0.562ns
  Clock Uncertainty:      0.098ns  ((TSJ^2 + DJ^2)^1/2) / 2 + PE
    Total System Jitter     (TSJ):    0.071ns
    Discrete Jitter          (DJ):    0.182ns
    Phase Error              (PE):    0.000ns

    Location             Delay type                Incr(ns)  Path(ns)    Netlist Resource(s)
  -------------------------------------------------------------------    -------------------
                         (clock clk_25_clkDVIprescaler rise edge)
                                                      0.000     0.000 r  
    W5                                                0.000     0.000 r  clk100 (IN)
                         net (fo=0)                   0.000     0.000    prescaler_instance/inst/clk_100
    W5                   IBUF (Prop_ibuf_I_O)         1.458     1.458 r  prescaler_instance/inst/clkin1_ibufg/O
                         net (fo=1, routed)           1.233     2.691    prescaler_instance/inst/clk_100_clkDVIprescaler
    MMCME2_ADV_X1Y0      MMCME2_ADV (Prop_mmcme2_adv_CLKIN1_CLKOUT0)
                                                     -6.961    -4.269 r  prescaler_instance/inst/mmcm_adv_inst/CLKOUT0
                         net (fo=1, routed)           1.661    -2.608    prescaler_instance/inst/clk_25_clkDVIprescaler
    BUFGCTRL_X0Y0        BUFG (Prop_bufg_I_O)         0.096    -2.512 r  prescaler_instance/inst/clkout1_buf/O
                         net (fo=135, routed)         1.594    -0.917    pixel_gen_inst/DisplayLevel_inst/ROM_inst_3/U0/inst_blk_mem_gen/gnbram.gnativebmg.native_blk_mem_gen/valid.cstr/ramloop[0].ram.r/prim_init.ram/clka
    RAMB18_X0Y25         RAMB18E1                                     r  pixel_gen_inst/DisplayLevel_inst/ROM_inst_3/U0/inst_blk_mem_gen/gnbram.gnativebmg.native_blk_mem_gen/valid.cstr/ramloop[0].ram.r/prim_init.ram/DEVICE_7SERIES.NO_BMM_INFO.SP.SIMPLE_PRIM18.ram/CLKARDCLK
  -------------------------------------------------------------------    -------------------
    RAMB18_X0Y25         RAMB18E1 (Prop_ramb18e1_CLKARDCLK_DOADO[12])
                                                      0.882    -0.035 f  pixel_gen_inst/DisplayLevel_inst/ROM_inst_3/U0/inst_blk_mem_gen/gnbram.gnativebmg.native_blk_mem_gen/valid.cstr/ramloop[0].ram.r/prim_init.ram/DEVICE_7SERIES.NO_BMM_INFO.SP.SIMPLE_PRIM18.ram/DOADO[12]
                         net (fo=1, routed)           1.316     1.281    pixel_gen_inst/DisplayLevel_inst/dout_rom_2[10]
    SLICE_X9Y60          LUT6 (Prop_lut6_I5_O)        0.124     1.405 f  pixel_gen_inst/DisplayLevel_inst/rgb_out[2]_i_1/O
                         net (fo=2, routed)           1.376     2.781    pixel_gen_inst/DisplayLevel_inst/Character_color[10]
    SLICE_X6Y60          LUT6 (Prop_lut6_I0_O)        0.124     2.905 r  pixel_gen_inst/DisplayLevel_inst/PixelAan_i_3/O
                         net (fo=2, routed)           0.477     3.382    pixel_gen_inst/DisplayLevel_inst_n_22
    SLICE_X6Y60          LUT2 (Prop_lut2_I0_O)        0.124     3.506 r  pixel_gen_inst/rgb_out[11]_i_1/O
                         net (fo=12, routed)          0.550     4.056    pixel_gen_inst/rgb_out[11]_i_1_n_0
    SLICE_X6Y61          FDRE                                         r  pixel_gen_inst/rgb_out_reg[6]/R
  -------------------------------------------------------------------    -------------------

                         (clock clk_25_clkDVIprescaler rise edge)
                                                     40.000    40.000 r  
    W5                                                0.000    40.000 r  clk100 (IN)
                         net (fo=0)                   0.000    40.000    prescaler_instance/inst/clk_100
    W5                   IBUF (Prop_ibuf_I_O)         1.388    41.388 r  prescaler_instance/inst/clkin1_ibufg/O
                         net (fo=1, routed)           1.162    42.550    prescaler_instance/inst/clk_100_clkDVIprescaler
    MMCME2_ADV_X1Y0      MMCME2_ADV (Prop_mmcme2_adv_CLKIN1_CLKOUT0)
                                                     -7.217    35.332 r  prescaler_instance/inst/mmcm_adv_inst/CLKOUT0
                         net (fo=1, routed)           1.581    36.914    prescaler_instance/inst/clk_25_clkDVIprescaler
    BUFGCTRL_X0Y0        BUFG (Prop_bufg_I_O)         0.091    37.005 r  prescaler_instance/inst/clkout1_buf/O
                         net (fo=135, routed)         1.504    38.508    pixel_gen_inst/clk_25
    SLICE_X6Y61          FDRE                                         r  pixel_gen_inst/rgb_out_reg[6]/C
                         clock pessimism              0.562    39.070    
                         clock uncertainty           -0.098    38.973    
    SLICE_X6Y61          FDRE (Setup_fdre_C_R)       -0.524    38.449    pixel_gen_inst/rgb_out_reg[6]
  -------------------------------------------------------------------
                         required time                         38.449    
                         arrival time                          -4.056    
  -------------------------------------------------------------------
                         slack                                 34.393    

Slack (MET) :             34.393ns  (required time - arrival time)
  Source:                 pixel_gen_inst/DisplayLevel_inst/ROM_inst_3/U0/inst_blk_mem_gen/gnbram.gnativebmg.native_blk_mem_gen/valid.cstr/ramloop[0].ram.r/prim_init.ram/DEVICE_7SERIES.NO_BMM_INFO.SP.SIMPLE_PRIM18.ram/CLKARDCLK
                            (rising edge-triggered cell RAMB18E1 clocked by clk_25_clkDVIprescaler  {rise@0.000ns fall@20.000ns period=40.000ns})
  Destination:            pixel_gen_inst/rgb_out_reg[7]/R
                            (rising edge-triggered cell FDRE clocked by clk_25_clkDVIprescaler  {rise@0.000ns fall@20.000ns period=40.000ns})
  Path Group:             clk_25_clkDVIprescaler
  Path Type:              Setup (Max at Slow Process Corner)
  Requirement:            40.000ns  (clk_25_clkDVIprescaler rise@40.000ns - clk_25_clkDVIprescaler rise@0.000ns)
  Data Path Delay:        4.973ns  (logic 1.254ns (25.216%)  route 3.719ns (74.784%))
  Logic Levels:           3  (LUT2=1 LUT6=2)
  Clock Path Skew:        -0.012ns (DCD - SCD + CPR)
    Destination Clock Delay (DCD):    -1.492ns = ( 38.508 - 40.000 ) 
    Source Clock Delay      (SCD):    -0.917ns
    Clock Pessimism Removal (CPR):    0.562ns
  Clock Uncertainty:      0.098ns  ((TSJ^2 + DJ^2)^1/2) / 2 + PE
    Total System Jitter     (TSJ):    0.071ns
    Discrete Jitter          (DJ):    0.182ns
    Phase Error              (PE):    0.000ns

    Location             Delay type                Incr(ns)  Path(ns)    Netlist Resource(s)
  -------------------------------------------------------------------    -------------------
                         (clock clk_25_clkDVIprescaler rise edge)
                                                      0.000     0.000 r  
    W5                                                0.000     0.000 r  clk100 (IN)
                         net (fo=0)                   0.000     0.000    prescaler_instance/inst/clk_100
    W5                   IBUF (Prop_ibuf_I_O)         1.458     1.458 r  prescaler_instance/inst/clkin1_ibufg/O
                         net (fo=1, routed)           1.233     2.691    prescaler_instance/inst/clk_100_clkDVIprescaler
    MMCME2_ADV_X1Y0      MMCME2_ADV (Prop_mmcme2_adv_CLKIN1_CLKOUT0)
                                                     -6.961    -4.269 r  prescaler_instance/inst/mmcm_adv_inst/CLKOUT0
                         net (fo=1, routed)           1.661    -2.608    prescaler_instance/inst/clk_25_clkDVIprescaler
    BUFGCTRL_X0Y0        BUFG (Prop_bufg_I_O)         0.096    -2.512 r  prescaler_instance/inst/clkout1_buf/O
                         net (fo=135, routed)         1.594    -0.917    pixel_gen_inst/DisplayLevel_inst/ROM_inst_3/U0/inst_blk_mem_gen/gnbram.gnativebmg.native_blk_mem_gen/valid.cstr/ramloop[0].ram.r/prim_init.ram/clka
    RAMB18_X0Y25         RAMB18E1                                     r  pixel_gen_inst/DisplayLevel_inst/ROM_inst_3/U0/inst_blk_mem_gen/gnbram.gnativebmg.native_blk_mem_gen/valid.cstr/ramloop[0].ram.r/prim_init.ram/DEVICE_7SERIES.NO_BMM_INFO.SP.SIMPLE_PRIM18.ram/CLKARDCLK
  -------------------------------------------------------------------    -------------------
    RAMB18_X0Y25         RAMB18E1 (Prop_ramb18e1_CLKARDCLK_DOADO[12])
                                                      0.882    -0.035 f  pixel_gen_inst/DisplayLevel_inst/ROM_inst_3/U0/inst_blk_mem_gen/gnbram.gnativebmg.native_blk_mem_gen/valid.cstr/ramloop[0].ram.r/prim_init.ram/DEVICE_7SERIES.NO_BMM_INFO.SP.SIMPLE_PRIM18.ram/DOADO[12]
                         net (fo=1, routed)           1.316     1.281    pixel_gen_inst/DisplayLevel_inst/dout_rom_2[10]
    SLICE_X9Y60          LUT6 (Prop_lut6_I5_O)        0.124     1.405 f  pixel_gen_inst/DisplayLevel_inst/rgb_out[2]_i_1/O
                         net (fo=2, routed)           1.376     2.781    pixel_gen_inst/DisplayLevel_inst/Character_color[10]
    SLICE_X6Y60          LUT6 (Prop_lut6_I0_O)        0.124     2.905 r  pixel_gen_inst/DisplayLevel_inst/PixelAan_i_3/O
                         net (fo=2, routed)           0.477     3.382    pixel_gen_inst/DisplayLevel_inst_n_22
    SLICE_X6Y60          LUT2 (Prop_lut2_I0_O)        0.124     3.506 r  pixel_gen_inst/rgb_out[11]_i_1/O
                         net (fo=12, routed)          0.550     4.056    pixel_gen_inst/rgb_out[11]_i_1_n_0
    SLICE_X6Y61          FDRE                                         r  pixel_gen_inst/rgb_out_reg[7]/R
  -------------------------------------------------------------------    -------------------

                         (clock clk_25_clkDVIprescaler rise edge)
                                                     40.000    40.000 r  
    W5                                                0.000    40.000 r  clk100 (IN)
                         net (fo=0)                   0.000    40.000    prescaler_instance/inst/clk_100
    W5                   IBUF (Prop_ibuf_I_O)         1.388    41.388 r  prescaler_instance/inst/clkin1_ibufg/O
                         net (fo=1, routed)           1.162    42.550    prescaler_instance/inst/clk_100_clkDVIprescaler
    MMCME2_ADV_X1Y0      MMCME2_ADV (Prop_mmcme2_adv_CLKIN1_CLKOUT0)
                                                     -7.217    35.332 r  prescaler_instance/inst/mmcm_adv_inst/CLKOUT0
                         net (fo=1, routed)           1.581    36.914    prescaler_instance/inst/clk_25_clkDVIprescaler
    BUFGCTRL_X0Y0        BUFG (Prop_bufg_I_O)         0.091    37.005 r  prescaler_instance/inst/clkout1_buf/O
                         net (fo=135, routed)         1.504    38.508    pixel_gen_inst/clk_25
    SLICE_X6Y61          FDRE                                         r  pixel_gen_inst/rgb_out_reg[7]/C
                         clock pessimism              0.562    39.070    
                         clock uncertainty           -0.098    38.973    
    SLICE_X6Y61          FDRE (Setup_fdre_C_R)       -0.524    38.449    pixel_gen_inst/rgb_out_reg[7]
  -------------------------------------------------------------------
                         required time                         38.449    
                         arrival time                          -4.056    
  -------------------------------------------------------------------
                         slack                                 34.393    

Slack (MET) :             34.394ns  (required time - arrival time)
  Source:                 pixel_gen_inst/DisplayLevel_inst/ROM_inst_3/U0/inst_blk_mem_gen/gnbram.gnativebmg.native_blk_mem_gen/valid.cstr/ramloop[0].ram.r/prim_init.ram/DEVICE_7SERIES.NO_BMM_INFO.SP.SIMPLE_PRIM18.ram/CLKARDCLK
                            (rising edge-triggered cell RAMB18E1 clocked by clk_25_clkDVIprescaler  {rise@0.000ns fall@20.000ns period=40.000ns})
  Destination:            pixel_gen_inst/rgb_out_reg[4]/R
                            (rising edge-triggered cell FDRE clocked by clk_25_clkDVIprescaler  {rise@0.000ns fall@20.000ns period=40.000ns})
  Path Group:             clk_25_clkDVIprescaler
  Path Type:              Setup (Max at Slow Process Corner)
  Requirement:            40.000ns  (clk_25_clkDVIprescaler rise@40.000ns - clk_25_clkDVIprescaler rise@0.000ns)
  Data Path Delay:        4.973ns  (logic 1.254ns (25.214%)  route 3.719ns (74.786%))
  Logic Levels:           3  (LUT2=1 LUT6=2)
  Clock Path Skew:        -0.011ns (DCD - SCD + CPR)
    Destination Clock Delay (DCD):    -1.491ns = ( 38.509 - 40.000 ) 
    Source Clock Delay      (SCD):    -0.917ns
    Clock Pessimism Removal (CPR):    0.562ns
  Clock Uncertainty:      0.098ns  ((TSJ^2 + DJ^2)^1/2) / 2 + PE
    Total System Jitter     (TSJ):    0.071ns
    Discrete Jitter          (DJ):    0.182ns
    Phase Error              (PE):    0.000ns

    Location             Delay type                Incr(ns)  Path(ns)    Netlist Resource(s)
  -------------------------------------------------------------------    -------------------
                         (clock clk_25_clkDVIprescaler rise edge)
                                                      0.000     0.000 r  
    W5                                                0.000     0.000 r  clk100 (IN)
                         net (fo=0)                   0.000     0.000    prescaler_instance/inst/clk_100
    W5                   IBUF (Prop_ibuf_I_O)         1.458     1.458 r  prescaler_instance/inst/clkin1_ibufg/O
                         net (fo=1, routed)           1.233     2.691    prescaler_instance/inst/clk_100_clkDVIprescaler
    MMCME2_ADV_X1Y0      MMCME2_ADV (Prop_mmcme2_adv_CLKIN1_CLKOUT0)
                                                     -6.961    -4.269 r  prescaler_instance/inst/mmcm_adv_inst/CLKOUT0
                         net (fo=1, routed)           1.661    -2.608    prescaler_instance/inst/clk_25_clkDVIprescaler
    BUFGCTRL_X0Y0        BUFG (Prop_bufg_I_O)         0.096    -2.512 r  prescaler_instance/inst/clkout1_buf/O
                         net (fo=135, routed)         1.594    -0.917    pixel_gen_inst/DisplayLevel_inst/ROM_inst_3/U0/inst_blk_mem_gen/gnbram.gnativebmg.native_blk_mem_gen/valid.cstr/ramloop[0].ram.r/prim_init.ram/clka
    RAMB18_X0Y25         RAMB18E1                                     r  pixel_gen_inst/DisplayLevel_inst/ROM_inst_3/U0/inst_blk_mem_gen/gnbram.gnativebmg.native_blk_mem_gen/valid.cstr/ramloop[0].ram.r/prim_init.ram/DEVICE_7SERIES.NO_BMM_INFO.SP.SIMPLE_PRIM18.ram/CLKARDCLK
  -------------------------------------------------------------------    -------------------
    RAMB18_X0Y25         RAMB18E1 (Prop_ramb18e1_CLKARDCLK_DOADO[12])
                                                      0.882    -0.035 f  pixel_gen_inst/DisplayLevel_inst/ROM_inst_3/U0/inst_blk_mem_gen/gnbram.gnativebmg.native_blk_mem_gen/valid.cstr/ramloop[0].ram.r/prim_init.ram/DEVICE_7SERIES.NO_BMM_INFO.SP.SIMPLE_PRIM18.ram/DOADO[12]
                         net (fo=1, routed)           1.316     1.281    pixel_gen_inst/DisplayLevel_inst/dout_rom_2[10]
    SLICE_X9Y60          LUT6 (Prop_lut6_I5_O)        0.124     1.405 f  pixel_gen_inst/DisplayLevel_inst/rgb_out[2]_i_1/O
                         net (fo=2, routed)           1.376     2.781    pixel_gen_inst/DisplayLevel_inst/Character_color[10]
    SLICE_X6Y60          LUT6 (Prop_lut6_I0_O)        0.124     2.905 r  pixel_gen_inst/DisplayLevel_inst/PixelAan_i_3/O
                         net (fo=2, routed)           0.477     3.382    pixel_gen_inst/DisplayLevel_inst_n_22
    SLICE_X6Y60          LUT2 (Prop_lut2_I0_O)        0.124     3.506 r  pixel_gen_inst/rgb_out[11]_i_1/O
                         net (fo=12, routed)          0.550     4.056    pixel_gen_inst/rgb_out[11]_i_1_n_0
    SLICE_X6Y59          FDRE                                         r  pixel_gen_inst/rgb_out_reg[4]/R
  -------------------------------------------------------------------    -------------------

                         (clock clk_25_clkDVIprescaler rise edge)
                                                     40.000    40.000 r  
    W5                                                0.000    40.000 r  clk100 (IN)
                         net (fo=0)                   0.000    40.000    prescaler_instance/inst/clk_100
    W5                   IBUF (Prop_ibuf_I_O)         1.388    41.388 r  prescaler_instance/inst/clkin1_ibufg/O
                         net (fo=1, routed)           1.162    42.550    prescaler_instance/inst/clk_100_clkDVIprescaler
    MMCME2_ADV_X1Y0      MMCME2_ADV (Prop_mmcme2_adv_CLKIN1_CLKOUT0)
                                                     -7.217    35.332 r  prescaler_instance/inst/mmcm_adv_inst/CLKOUT0
                         net (fo=1, routed)           1.581    36.914    prescaler_instance/inst/clk_25_clkDVIprescaler
    BUFGCTRL_X0Y0        BUFG (Prop_bufg_I_O)         0.091    37.005 r  prescaler_instance/inst/clkout1_buf/O
                         net (fo=135, routed)         1.505    38.509    pixel_gen_inst/clk_25
    SLICE_X6Y59          FDRE                                         r  pixel_gen_inst/rgb_out_reg[4]/C
                         clock pessimism              0.562    39.071    
                         clock uncertainty           -0.098    38.974    
    SLICE_X6Y59          FDRE (Setup_fdre_C_R)       -0.524    38.450    pixel_gen_inst/rgb_out_reg[4]
  -------------------------------------------------------------------
                         required time                         38.450    
                         arrival time                          -4.056    
  -------------------------------------------------------------------
                         slack                                 34.394    

Slack (MET) :             34.394ns  (required time - arrival time)
  Source:                 pixel_gen_inst/DisplayLevel_inst/ROM_inst_3/U0/inst_blk_mem_gen/gnbram.gnativebmg.native_blk_mem_gen/valid.cstr/ramloop[0].ram.r/prim_init.ram/DEVICE_7SERIES.NO_BMM_INFO.SP.SIMPLE_PRIM18.ram/CLKARDCLK
                            (rising edge-triggered cell RAMB18E1 clocked by clk_25_clkDVIprescaler  {rise@0.000ns fall@20.000ns period=40.000ns})
  Destination:            pixel_gen_inst/rgb_out_reg[5]/R
                            (rising edge-triggered cell FDRE clocked by clk_25_clkDVIprescaler  {rise@0.000ns fall@20.000ns period=40.000ns})
  Path Group:             clk_25_clkDVIprescaler
  Path Type:              Setup (Max at Slow Process Corner)
  Requirement:            40.000ns  (clk_25_clkDVIprescaler rise@40.000ns - clk_25_clkDVIprescaler rise@0.000ns)
  Data Path Delay:        4.973ns  (logic 1.254ns (25.214%)  route 3.719ns (74.786%))
  Logic Levels:           3  (LUT2=1 LUT6=2)
  Clock Path Skew:        -0.011ns (DCD - SCD + CPR)
    Destination Clock Delay (DCD):    -1.491ns = ( 38.509 - 40.000 ) 
    Source Clock Delay      (SCD):    -0.917ns
    Clock Pessimism Removal (CPR):    0.562ns
  Clock Uncertainty:      0.098ns  ((TSJ^2 + DJ^2)^1/2) / 2 + PE
    Total System Jitter     (TSJ):    0.071ns
    Discrete Jitter          (DJ):    0.182ns
    Phase Error              (PE):    0.000ns

    Location             Delay type                Incr(ns)  Path(ns)    Netlist Resource(s)
  -------------------------------------------------------------------    -------------------
                         (clock clk_25_clkDVIprescaler rise edge)
                                                      0.000     0.000 r  
    W5                                                0.000     0.000 r  clk100 (IN)
                         net (fo=0)                   0.000     0.000    prescaler_instance/inst/clk_100
    W5                   IBUF (Prop_ibuf_I_O)         1.458     1.458 r  prescaler_instance/inst/clkin1_ibufg/O
                         net (fo=1, routed)           1.233     2.691    prescaler_instance/inst/clk_100_clkDVIprescaler
    MMCME2_ADV_X1Y0      MMCME2_ADV (Prop_mmcme2_adv_CLKIN1_CLKOUT0)
                                                     -6.961    -4.269 r  prescaler_instance/inst/mmcm_adv_inst/CLKOUT0
                         net (fo=1, routed)           1.661    -2.608    prescaler_instance/inst/clk_25_clkDVIprescaler
    BUFGCTRL_X0Y0        BUFG (Prop_bufg_I_O)         0.096    -2.512 r  prescaler_instance/inst/clkout1_buf/O
                         net (fo=135, routed)         1.594    -0.917    pixel_gen_inst/DisplayLevel_inst/ROM_inst_3/U0/inst_blk_mem_gen/gnbram.gnativebmg.native_blk_mem_gen/valid.cstr/ramloop[0].ram.r/prim_init.ram/clka
    RAMB18_X0Y25         RAMB18E1                                     r  pixel_gen_inst/DisplayLevel_inst/ROM_inst_3/U0/inst_blk_mem_gen/gnbram.gnativebmg.native_blk_mem_gen/valid.cstr/ramloop[0].ram.r/prim_init.ram/DEVICE_7SERIES.NO_BMM_INFO.SP.SIMPLE_PRIM18.ram/CLKARDCLK
  -------------------------------------------------------------------    -------------------
    RAMB18_X0Y25         RAMB18E1 (Prop_ramb18e1_CLKARDCLK_DOADO[12])
                                                      0.882    -0.035 f  pixel_gen_inst/DisplayLevel_inst/ROM_inst_3/U0/inst_blk_mem_gen/gnbram.gnativebmg.native_blk_mem_gen/valid.cstr/ramloop[0].ram.r/prim_init.ram/DEVICE_7SERIES.NO_BMM_INFO.SP.SIMPLE_PRIM18.ram/DOADO[12]
                         net (fo=1, routed)           1.316     1.281    pixel_gen_inst/DisplayLevel_inst/dout_rom_2[10]
    SLICE_X9Y60          LUT6 (Prop_lut6_I5_O)        0.124     1.405 f  pixel_gen_inst/DisplayLevel_inst/rgb_out[2]_i_1/O
                         net (fo=2, routed)           1.376     2.781    pixel_gen_inst/DisplayLevel_inst/Character_color[10]
    SLICE_X6Y60          LUT6 (Prop_lut6_I0_O)        0.124     2.905 r  pixel_gen_inst/DisplayLevel_inst/PixelAan_i_3/O
                         net (fo=2, routed)           0.477     3.382    pixel_gen_inst/DisplayLevel_inst_n_22
    SLICE_X6Y60          LUT2 (Prop_lut2_I0_O)        0.124     3.506 r  pixel_gen_inst/rgb_out[11]_i_1/O
                         net (fo=12, routed)          0.550     4.056    pixel_gen_inst/rgb_out[11]_i_1_n_0
    SLICE_X6Y59          FDRE                                         r  pixel_gen_inst/rgb_out_reg[5]/R
  -------------------------------------------------------------------    -------------------

                         (clock clk_25_clkDVIprescaler rise edge)
                                                     40.000    40.000 r  
    W5                                                0.000    40.000 r  clk100 (IN)
                         net (fo=0)                   0.000    40.000    prescaler_instance/inst/clk_100
    W5                   IBUF (Prop_ibuf_I_O)         1.388    41.388 r  prescaler_instance/inst/clkin1_ibufg/O
                         net (fo=1, routed)           1.162    42.550    prescaler_instance/inst/clk_100_clkDVIprescaler
    MMCME2_ADV_X1Y0      MMCME2_ADV (Prop_mmcme2_adv_CLKIN1_CLKOUT0)
                                                     -7.217    35.332 r  prescaler_instance/inst/mmcm_adv_inst/CLKOUT0
                         net (fo=1, routed)           1.581    36.914    prescaler_instance/inst/clk_25_clkDVIprescaler
    BUFGCTRL_X0Y0        BUFG (Prop_bufg_I_O)         0.091    37.005 r  prescaler_instance/inst/clkout1_buf/O
                         net (fo=135, routed)         1.505    38.509    pixel_gen_inst/clk_25
    SLICE_X6Y59          FDRE                                         r  pixel_gen_inst/rgb_out_reg[5]/C
                         clock pessimism              0.562    39.071    
                         clock uncertainty           -0.098    38.974    
    SLICE_X6Y59          FDRE (Setup_fdre_C_R)       -0.524    38.450    pixel_gen_inst/rgb_out_reg[5]
  -------------------------------------------------------------------
                         required time                         38.450    
                         arrival time                          -4.056    
  -------------------------------------------------------------------
                         slack                                 34.394    





Min Delay Paths
--------------------------------------------------------------------------------------
Slack (MET) :             0.139ns  (arrival time - required time)
  Source:                 pixel_gen_inst/DisplayLevel_inst/rom_addr_reg[3]/C
                            (rising edge-triggered cell FDRE clocked by clk_25_clkDVIprescaler  {rise@0.000ns fall@20.000ns period=40.000ns})
  Destination:            pixel_gen_inst/DisplayLevel_inst/ROM_inst_2/U0/inst_blk_mem_gen/gnbram.gnativebmg.native_blk_mem_gen/valid.cstr/ramloop[0].ram.r/prim_init.ram/DEVICE_7SERIES.NO_BMM_INFO.SP.SIMPLE_PRIM18.ram/ADDRARDADDR[7]
                            (rising edge-triggered cell RAMB18E1 clocked by clk_25_clkDVIprescaler  {rise@0.000ns fall@20.000ns period=40.000ns})
  Path Group:             clk_25_clkDVIprescaler
  Path Type:              Hold (Min at Fast Process Corner)
  Requirement:            0.000ns  (clk_25_clkDVIprescaler rise@0.000ns - clk_25_clkDVIprescaler rise@0.000ns)
  Data Path Delay:        0.379ns  (logic 0.164ns (43.255%)  route 0.215ns (56.745%))
  Logic Levels:           0  
  Clock Path Skew:        0.057ns (DCD - SCD - CPR)
    Destination Clock Delay (DCD):    -0.814ns
    Source Clock Delay      (SCD):    -0.617ns
    Clock Pessimism Removal (CPR):    -0.255ns

    Location             Delay type                Incr(ns)  Path(ns)    Netlist Resource(s)
  -------------------------------------------------------------------    -------------------
                         (clock clk_25_clkDVIprescaler rise edge)
                                                      0.000     0.000 r  
    W5                                                0.000     0.000 r  clk100 (IN)
                         net (fo=0)                   0.000     0.000    prescaler_instance/inst/clk_100
    W5                   IBUF (Prop_ibuf_I_O)         0.226     0.226 r  prescaler_instance/inst/clkin1_ibufg/O
                         net (fo=1, routed)           0.440     0.667    prescaler_instance/inst/clk_100_clkDVIprescaler
    MMCME2_ADV_X1Y0      MMCME2_ADV (Prop_mmcme2_adv_CLKIN1_CLKOUT0)
                                                     -2.360    -1.693 r  prescaler_instance/inst/mmcm_adv_inst/CLKOUT0
                         net (fo=1, routed)           0.486    -1.207    prescaler_instance/inst/clk_25_clkDVIprescaler
    BUFGCTRL_X0Y0        BUFG (Prop_bufg_I_O)         0.026    -1.181 r  prescaler_instance/inst/clkout1_buf/O
                         net (fo=135, routed)         0.564    -0.617    pixel_gen_inst/DisplayLevel_inst/clk_25
    SLICE_X8Y55          FDRE                                         r  pixel_gen_inst/DisplayLevel_inst/rom_addr_reg[3]/C
  -------------------------------------------------------------------    -------------------
    SLICE_X8Y55          FDRE (Prop_fdre_C_Q)         0.164    -0.453 r  pixel_gen_inst/DisplayLevel_inst/rom_addr_reg[3]/Q
                         net (fo=4, routed)           0.215    -0.238    pixel_gen_inst/DisplayLevel_inst/ROM_inst_2/U0/inst_blk_mem_gen/gnbram.gnativebmg.native_blk_mem_gen/valid.cstr/ramloop[0].ram.r/prim_init.ram/addra[3]
    RAMB18_X0Y22         RAMB18E1                                     r  pixel_gen_inst/DisplayLevel_inst/ROM_inst_2/U0/inst_blk_mem_gen/gnbram.gnativebmg.native_blk_mem_gen/valid.cstr/ramloop[0].ram.r/prim_init.ram/DEVICE_7SERIES.NO_BMM_INFO.SP.SIMPLE_PRIM18.ram/ADDRARDADDR[7]
  -------------------------------------------------------------------    -------------------

                         (clock clk_25_clkDVIprescaler rise edge)
                                                      0.000     0.000 r  
    W5                                                0.000     0.000 r  clk100 (IN)
                         net (fo=0)                   0.000     0.000    prescaler_instance/inst/clk_100
    W5                   IBUF (Prop_ibuf_I_O)         0.414     0.414 r  prescaler_instance/inst/clkin1_ibufg/O
                         net (fo=1, routed)           0.480     0.894    prescaler_instance/inst/clk_100_clkDVIprescaler
    MMCME2_ADV_X1Y0      MMCME2_ADV (Prop_mmcme2_adv_CLKIN1_CLKOUT0)
                                                     -3.142    -2.248 r  prescaler_instance/inst/mmcm_adv_inst/CLKOUT0
                         net (fo=1, routed)           0.530    -1.718    prescaler_instance/inst/clk_25_clkDVIprescaler
    BUFGCTRL_X0Y0        BUFG (Prop_bufg_I_O)         0.029    -1.689 r  prescaler_instance/inst/clkout1_buf/O
                         net (fo=135, routed)         0.875    -0.814    pixel_gen_inst/DisplayLevel_inst/ROM_inst_2/U0/inst_blk_mem_gen/gnbram.gnativebmg.native_blk_mem_gen/valid.cstr/ramloop[0].ram.r/prim_init.ram/clka
    RAMB18_X0Y22         RAMB18E1                                     r  pixel_gen_inst/DisplayLevel_inst/ROM_inst_2/U0/inst_blk_mem_gen/gnbram.gnativebmg.native_blk_mem_gen/valid.cstr/ramloop[0].ram.r/prim_init.ram/DEVICE_7SERIES.NO_BMM_INFO.SP.SIMPLE_PRIM18.ram/CLKARDCLK
                         clock pessimism              0.255    -0.560    
    RAMB18_X0Y22         RAMB18E1 (Hold_ramb18e1_CLKARDCLK_ADDRARDADDR[7])
                                                      0.183    -0.377    pixel_gen_inst/DisplayLevel_inst/ROM_inst_2/U0/inst_blk_mem_gen/gnbram.gnativebmg.native_blk_mem_gen/valid.cstr/ramloop[0].ram.r/prim_init.ram/DEVICE_7SERIES.NO_BMM_INFO.SP.SIMPLE_PRIM18.ram
  -------------------------------------------------------------------
                         required time                          0.377    
                         arrival time                          -0.238    
  -------------------------------------------------------------------
                         slack                                  0.139    

Slack (MET) :             0.139ns  (arrival time - required time)
  Source:                 pixel_gen_inst/DisplayLevel_inst/rom_addr_reg[3]/C
                            (rising edge-triggered cell FDRE clocked by clk_25_clkDVIprescaler  {rise@0.000ns fall@20.000ns period=40.000ns})
  Destination:            pixel_gen_inst/DisplayLevel_inst/ROM_inst_4/U0/inst_blk_mem_gen/gnbram.gnativebmg.native_blk_mem_gen/valid.cstr/ramloop[0].ram.r/prim_init.ram/DEVICE_7SERIES.NO_BMM_INFO.SP.SIMPLE_PRIM18.ram/ADDRARDADDR[7]
                            (rising edge-triggered cell RAMB18E1 clocked by clk_25_clkDVIprescaler  {rise@0.000ns fall@20.000ns period=40.000ns})
  Path Group:             clk_25_clkDVIprescaler
  Path Type:              Hold (Min at Fast Process Corner)
  Requirement:            0.000ns  (clk_25_clkDVIprescaler rise@0.000ns - clk_25_clkDVIprescaler rise@0.000ns)
  Data Path Delay:        0.379ns  (logic 0.164ns (43.255%)  route 0.215ns (56.745%))
  Logic Levels:           0  
  Clock Path Skew:        0.057ns (DCD - SCD - CPR)
    Destination Clock Delay (DCD):    -0.814ns
    Source Clock Delay      (SCD):    -0.617ns
    Clock Pessimism Removal (CPR):    -0.255ns

    Location             Delay type                Incr(ns)  Path(ns)    Netlist Resource(s)
  -------------------------------------------------------------------    -------------------
                         (clock clk_25_clkDVIprescaler rise edge)
                                                      0.000     0.000 r  
    W5                                                0.000     0.000 r  clk100 (IN)
                         net (fo=0)                   0.000     0.000    prescaler_instance/inst/clk_100
    W5                   IBUF (Prop_ibuf_I_O)         0.226     0.226 r  prescaler_instance/inst/clkin1_ibufg/O
                         net (fo=1, routed)           0.440     0.667    prescaler_instance/inst/clk_100_clkDVIprescaler
    MMCME2_ADV_X1Y0      MMCME2_ADV (Prop_mmcme2_adv_CLKIN1_CLKOUT0)
                                                     -2.360    -1.693 r  prescaler_instance/inst/mmcm_adv_inst/CLKOUT0
                         net (fo=1, routed)           0.486    -1.207    prescaler_instance/inst/clk_25_clkDVIprescaler
    BUFGCTRL_X0Y0        BUFG (Prop_bufg_I_O)         0.026    -1.181 r  prescaler_instance/inst/clkout1_buf/O
                         net (fo=135, routed)         0.564    -0.617    pixel_gen_inst/DisplayLevel_inst/clk_25
    SLICE_X8Y55          FDRE                                         r  pixel_gen_inst/DisplayLevel_inst/rom_addr_reg[3]/C
  -------------------------------------------------------------------    -------------------
    SLICE_X8Y55          FDRE (Prop_fdre_C_Q)         0.164    -0.453 r  pixel_gen_inst/DisplayLevel_inst/rom_addr_reg[3]/Q
                         net (fo=4, routed)           0.215    -0.238    pixel_gen_inst/DisplayLevel_inst/ROM_inst_4/U0/inst_blk_mem_gen/gnbram.gnativebmg.native_blk_mem_gen/valid.cstr/ramloop[0].ram.r/prim_init.ram/addra[3]
    RAMB18_X0Y23         RAMB18E1                                     r  pixel_gen_inst/DisplayLevel_inst/ROM_inst_4/U0/inst_blk_mem_gen/gnbram.gnativebmg.native_blk_mem_gen/valid.cstr/ramloop[0].ram.r/prim_init.ram/DEVICE_7SERIES.NO_BMM_INFO.SP.SIMPLE_PRIM18.ram/ADDRARDADDR[7]
  -------------------------------------------------------------------    -------------------

                         (clock clk_25_clkDVIprescaler rise edge)
                                                      0.000     0.000 r  
    W5                                                0.000     0.000 r  clk100 (IN)
                         net (fo=0)                   0.000     0.000    prescaler_instance/inst/clk_100
    W5                   IBUF (Prop_ibuf_I_O)         0.414     0.414 r  prescaler_instance/inst/clkin1_ibufg/O
                         net (fo=1, routed)           0.480     0.894    prescaler_instance/inst/clk_100_clkDVIprescaler
    MMCME2_ADV_X1Y0      MMCME2_ADV (Prop_mmcme2_adv_CLKIN1_CLKOUT0)
                                                     -3.142    -2.248 r  prescaler_instance/inst/mmcm_adv_inst/CLKOUT0
                         net (fo=1, routed)           0.530    -1.718    prescaler_instance/inst/clk_25_clkDVIprescaler
    BUFGCTRL_X0Y0        BUFG (Prop_bufg_I_O)         0.029    -1.689 r  prescaler_instance/inst/clkout1_buf/O
                         net (fo=135, routed)         0.875    -0.814    pixel_gen_inst/DisplayLevel_inst/ROM_inst_4/U0/inst_blk_mem_gen/gnbram.gnativebmg.native_blk_mem_gen/valid.cstr/ramloop[0].ram.r/prim_init.ram/clka
    RAMB18_X0Y23         RAMB18E1                                     r  pixel_gen_inst/DisplayLevel_inst/ROM_inst_4/U0/inst_blk_mem_gen/gnbram.gnativebmg.native_blk_mem_gen/valid.cstr/ramloop[0].ram.r/prim_init.ram/DEVICE_7SERIES.NO_BMM_INFO.SP.SIMPLE_PRIM18.ram/CLKARDCLK
                         clock pessimism              0.255    -0.560    
    RAMB18_X0Y23         RAMB18E1 (Hold_ramb18e1_CLKARDCLK_ADDRARDADDR[7])
                                                      0.183    -0.377    pixel_gen_inst/DisplayLevel_inst/ROM_inst_4/U0/inst_blk_mem_gen/gnbram.gnativebmg.native_blk_mem_gen/valid.cstr/ramloop[0].ram.r/prim_init.ram/DEVICE_7SERIES.NO_BMM_INFO.SP.SIMPLE_PRIM18.ram
  -------------------------------------------------------------------
                         required time                          0.377    
                         arrival time                          -0.238    
  -------------------------------------------------------------------
                         slack                                  0.139    

Slack (MET) :             0.141ns  (arrival time - required time)
  Source:                 pixel_gen_inst/DisplayLevel_inst/rom_addr_reg[1]/C
                            (rising edge-triggered cell FDRE clocked by clk_25_clkDVIprescaler  {rise@0.000ns fall@20.000ns period=40.000ns})
  Destination:            pixel_gen_inst/DisplayLevel_inst/ROM_inst_2/U0/inst_blk_mem_gen/gnbram.gnativebmg.native_blk_mem_gen/valid.cstr/ramloop[0].ram.r/prim_init.ram/DEVICE_7SERIES.NO_BMM_INFO.SP.SIMPLE_PRIM18.ram/ADDRARDADDR[5]
                            (rising edge-triggered cell RAMB18E1 clocked by clk_25_clkDVIprescaler  {rise@0.000ns fall@20.000ns period=40.000ns})
  Path Group:             clk_25_clkDVIprescaler
  Path Type:              Hold (Min at Fast Process Corner)
  Requirement:            0.000ns  (clk_25_clkDVIprescaler rise@0.000ns - clk_25_clkDVIprescaler rise@0.000ns)
  Data Path Delay:        0.382ns  (logic 0.164ns (42.953%)  route 0.218ns (57.047%))
  Logic Levels:           0  
  Clock Path Skew:        0.057ns (DCD - SCD - CPR)
    Destination Clock Delay (DCD):    -0.814ns
    Source Clock Delay      (SCD):    -0.617ns
    Clock Pessimism Removal (CPR):    -0.255ns

    Location             Delay type                Incr(ns)  Path(ns)    Netlist Resource(s)
  -------------------------------------------------------------------    -------------------
                         (clock clk_25_clkDVIprescaler rise edge)
                                                      0.000     0.000 r  
    W5                                                0.000     0.000 r  clk100 (IN)
                         net (fo=0)                   0.000     0.000    prescaler_instance/inst/clk_100
    W5                   IBUF (Prop_ibuf_I_O)         0.226     0.226 r  prescaler_instance/inst/clkin1_ibufg/O
                         net (fo=1, routed)           0.440     0.667    prescaler_instance/inst/clk_100_clkDVIprescaler
    MMCME2_ADV_X1Y0      MMCME2_ADV (Prop_mmcme2_adv_CLKIN1_CLKOUT0)
                                                     -2.360    -1.693 r  prescaler_instance/inst/mmcm_adv_inst/CLKOUT0
                         net (fo=1, routed)           0.486    -1.207    prescaler_instance/inst/clk_25_clkDVIprescaler
    BUFGCTRL_X0Y0        BUFG (Prop_bufg_I_O)         0.026    -1.181 r  prescaler_instance/inst/clkout1_buf/O
                         net (fo=135, routed)         0.564    -0.617    pixel_gen_inst/DisplayLevel_inst/clk_25
    SLICE_X8Y55          FDRE                                         r  pixel_gen_inst/DisplayLevel_inst/rom_addr_reg[1]/C
  -------------------------------------------------------------------    -------------------
    SLICE_X8Y55          FDRE (Prop_fdre_C_Q)         0.164    -0.453 r  pixel_gen_inst/DisplayLevel_inst/rom_addr_reg[1]/Q
                         net (fo=4, routed)           0.218    -0.235    pixel_gen_inst/DisplayLevel_inst/ROM_inst_2/U0/inst_blk_mem_gen/gnbram.gnativebmg.native_blk_mem_gen/valid.cstr/ramloop[0].ram.r/prim_init.ram/addra[1]
    RAMB18_X0Y22         RAMB18E1                                     r  pixel_gen_inst/DisplayLevel_inst/ROM_inst_2/U0/inst_blk_mem_gen/gnbram.gnativebmg.native_blk_mem_gen/valid.cstr/ramloop[0].ram.r/prim_init.ram/DEVICE_7SERIES.NO_BMM_INFO.SP.SIMPLE_PRIM18.ram/ADDRARDADDR[5]
  -------------------------------------------------------------------    -------------------

                         (clock clk_25_clkDVIprescaler rise edge)
                                                      0.000     0.000 r  
    W5                                                0.000     0.000 r  clk100 (IN)
                         net (fo=0)                   0.000     0.000    prescaler_instance/inst/clk_100
    W5                   IBUF (Prop_ibuf_I_O)         0.414     0.414 r  prescaler_instance/inst/clkin1_ibufg/O
                         net (fo=1, routed)           0.480     0.894    prescaler_instance/inst/clk_100_clkDVIprescaler
    MMCME2_ADV_X1Y0      MMCME2_ADV (Prop_mmcme2_adv_CLKIN1_CLKOUT0)
                                                     -3.142    -2.248 r  prescaler_instance/inst/mmcm_adv_inst/CLKOUT0
                         net (fo=1, routed)           0.530    -1.718    prescaler_instance/inst/clk_25_clkDVIprescaler
    BUFGCTRL_X0Y0        BUFG (Prop_bufg_I_O)         0.029    -1.689 r  prescaler_instance/inst/clkout1_buf/O
                         net (fo=135, routed)         0.875    -0.814    pixel_gen_inst/DisplayLevel_inst/ROM_inst_2/U0/inst_blk_mem_gen/gnbram.gnativebmg.native_blk_mem_gen/valid.cstr/ramloop[0].ram.r/prim_init.ram/clka
    RAMB18_X0Y22         RAMB18E1                                     r  pixel_gen_inst/DisplayLevel_inst/ROM_inst_2/U0/inst_blk_mem_gen/gnbram.gnativebmg.native_blk_mem_gen/valid.cstr/ramloop[0].ram.r/prim_init.ram/DEVICE_7SERIES.NO_BMM_INFO.SP.SIMPLE_PRIM18.ram/CLKARDCLK
                         clock pessimism              0.255    -0.560    
    RAMB18_X0Y22         RAMB18E1 (Hold_ramb18e1_CLKARDCLK_ADDRARDADDR[5])
                                                      0.183    -0.377    pixel_gen_inst/DisplayLevel_inst/ROM_inst_2/U0/inst_blk_mem_gen/gnbram.gnativebmg.native_blk_mem_gen/valid.cstr/ramloop[0].ram.r/prim_init.ram/DEVICE_7SERIES.NO_BMM_INFO.SP.SIMPLE_PRIM18.ram
  -------------------------------------------------------------------
                         required time                          0.377    
                         arrival time                          -0.235    
  -------------------------------------------------------------------
                         slack                                  0.141    

Slack (MET) :             0.141ns  (arrival time - required time)
  Source:                 pixel_gen_inst/DisplayLevel_inst/rom_addr_reg[1]/C
                            (rising edge-triggered cell FDRE clocked by clk_25_clkDVIprescaler  {rise@0.000ns fall@20.000ns period=40.000ns})
  Destination:            pixel_gen_inst/DisplayLevel_inst/ROM_inst_4/U0/inst_blk_mem_gen/gnbram.gnativebmg.native_blk_mem_gen/valid.cstr/ramloop[0].ram.r/prim_init.ram/DEVICE_7SERIES.NO_BMM_INFO.SP.SIMPLE_PRIM18.ram/ADDRARDADDR[5]
                            (rising edge-triggered cell RAMB18E1 clocked by clk_25_clkDVIprescaler  {rise@0.000ns fall@20.000ns period=40.000ns})
  Path Group:             clk_25_clkDVIprescaler
  Path Type:              Hold (Min at Fast Process Corner)
  Requirement:            0.000ns  (clk_25_clkDVIprescaler rise@0.000ns - clk_25_clkDVIprescaler rise@0.000ns)
  Data Path Delay:        0.382ns  (logic 0.164ns (42.953%)  route 0.218ns (57.047%))
  Logic Levels:           0  
  Clock Path Skew:        0.057ns (DCD - SCD - CPR)
    Destination Clock Delay (DCD):    -0.814ns
    Source Clock Delay      (SCD):    -0.617ns
    Clock Pessimism Removal (CPR):    -0.255ns

    Location             Delay type                Incr(ns)  Path(ns)    Netlist Resource(s)
  -------------------------------------------------------------------    -------------------
                         (clock clk_25_clkDVIprescaler rise edge)
                                                      0.000     0.000 r  
    W5                                                0.000     0.000 r  clk100 (IN)
                         net (fo=0)                   0.000     0.000    prescaler_instance/inst/clk_100
    W5                   IBUF (Prop_ibuf_I_O)         0.226     0.226 r  prescaler_instance/inst/clkin1_ibufg/O
                         net (fo=1, routed)           0.440     0.667    prescaler_instance/inst/clk_100_clkDVIprescaler
    MMCME2_ADV_X1Y0      MMCME2_ADV (Prop_mmcme2_adv_CLKIN1_CLKOUT0)
                                                     -2.360    -1.693 r  prescaler_instance/inst/mmcm_adv_inst/CLKOUT0
                         net (fo=1, routed)           0.486    -1.207    prescaler_instance/inst/clk_25_clkDVIprescaler
    BUFGCTRL_X0Y0        BUFG (Prop_bufg_I_O)         0.026    -1.181 r  prescaler_instance/inst/clkout1_buf/O
                         net (fo=135, routed)         0.564    -0.617    pixel_gen_inst/DisplayLevel_inst/clk_25
    SLICE_X8Y55          FDRE                                         r  pixel_gen_inst/DisplayLevel_inst/rom_addr_reg[1]/C
  -------------------------------------------------------------------    -------------------
    SLICE_X8Y55          FDRE (Prop_fdre_C_Q)         0.164    -0.453 r  pixel_gen_inst/DisplayLevel_inst/rom_addr_reg[1]/Q
                         net (fo=4, routed)           0.218    -0.235    pixel_gen_inst/DisplayLevel_inst/ROM_inst_4/U0/inst_blk_mem_gen/gnbram.gnativebmg.native_blk_mem_gen/valid.cstr/ramloop[0].ram.r/prim_init.ram/addra[1]
    RAMB18_X0Y23         RAMB18E1                                     r  pixel_gen_inst/DisplayLevel_inst/ROM_inst_4/U0/inst_blk_mem_gen/gnbram.gnativebmg.native_blk_mem_gen/valid.cstr/ramloop[0].ram.r/prim_init.ram/DEVICE_7SERIES.NO_BMM_INFO.SP.SIMPLE_PRIM18.ram/ADDRARDADDR[5]
  -------------------------------------------------------------------    -------------------

                         (clock clk_25_clkDVIprescaler rise edge)
                                                      0.000     0.000 r  
    W5                                                0.000     0.000 r  clk100 (IN)
                         net (fo=0)                   0.000     0.000    prescaler_instance/inst/clk_100
    W5                   IBUF (Prop_ibuf_I_O)         0.414     0.414 r  prescaler_instance/inst/clkin1_ibufg/O
                         net (fo=1, routed)           0.480     0.894    prescaler_instance/inst/clk_100_clkDVIprescaler
    MMCME2_ADV_X1Y0      MMCME2_ADV (Prop_mmcme2_adv_CLKIN1_CLKOUT0)
                                                     -3.142    -2.248 r  prescaler_instance/inst/mmcm_adv_inst/CLKOUT0
                         net (fo=1, routed)           0.530    -1.718    prescaler_instance/inst/clk_25_clkDVIprescaler
    BUFGCTRL_X0Y0        BUFG (Prop_bufg_I_O)         0.029    -1.689 r  prescaler_instance/inst/clkout1_buf/O
                         net (fo=135, routed)         0.875    -0.814    pixel_gen_inst/DisplayLevel_inst/ROM_inst_4/U0/inst_blk_mem_gen/gnbram.gnativebmg.native_blk_mem_gen/valid.cstr/ramloop[0].ram.r/prim_init.ram/clka
    RAMB18_X0Y23         RAMB18E1                                     r  pixel_gen_inst/DisplayLevel_inst/ROM_inst_4/U0/inst_blk_mem_gen/gnbram.gnativebmg.native_blk_mem_gen/valid.cstr/ramloop[0].ram.r/prim_init.ram/DEVICE_7SERIES.NO_BMM_INFO.SP.SIMPLE_PRIM18.ram/CLKARDCLK
                         clock pessimism              0.255    -0.560    
    RAMB18_X0Y23         RAMB18E1 (Hold_ramb18e1_CLKARDCLK_ADDRARDADDR[5])
                                                      0.183    -0.377    pixel_gen_inst/DisplayLevel_inst/ROM_inst_4/U0/inst_blk_mem_gen/gnbram.gnativebmg.native_blk_mem_gen/valid.cstr/ramloop[0].ram.r/prim_init.ram/DEVICE_7SERIES.NO_BMM_INFO.SP.SIMPLE_PRIM18.ram
  -------------------------------------------------------------------
                         required time                          0.377    
                         arrival time                          -0.235    
  -------------------------------------------------------------------
                         slack                                  0.141    

Slack (MET) :             0.168ns  (arrival time - required time)
  Source:                 pixel_gen_inst/DisplayLevel_inst/rom_addr_reg[5]/C
                            (rising edge-triggered cell FDRE clocked by clk_25_clkDVIprescaler  {rise@0.000ns fall@20.000ns period=40.000ns})
  Destination:            pixel_gen_inst/DisplayLevel_inst/ROM_inst_2/U0/inst_blk_mem_gen/gnbram.gnativebmg.native_blk_mem_gen/valid.cstr/ramloop[0].ram.r/prim_init.ram/DEVICE_7SERIES.NO_BMM_INFO.SP.SIMPLE_PRIM18.ram/ADDRARDADDR[9]
                            (rising edge-triggered cell RAMB18E1 clocked by clk_25_clkDVIprescaler  {rise@0.000ns fall@20.000ns period=40.000ns})
  Path Group:             clk_25_clkDVIprescaler
  Path Type:              Hold (Min at Fast Process Corner)
  Requirement:            0.000ns  (clk_25_clkDVIprescaler rise@0.000ns - clk_25_clkDVIprescaler rise@0.000ns)
  Data Path Delay:        0.408ns  (logic 0.141ns (34.522%)  route 0.267ns (65.478%))
  Logic Levels:           0  
  Clock Path Skew:        0.057ns (DCD - SCD - CPR)
    Destination Clock Delay (DCD):    -0.814ns
    Source Clock Delay      (SCD):    -0.617ns
    Clock Pessimism Removal (CPR):    -0.255ns

    Location             Delay type                Incr(ns)  Path(ns)    Netlist Resource(s)
  -------------------------------------------------------------------    -------------------
                         (clock clk_25_clkDVIprescaler rise edge)
                                                      0.000     0.000 r  
    W5                                                0.000     0.000 r  clk100 (IN)
                         net (fo=0)                   0.000     0.000    prescaler_instance/inst/clk_100
    W5                   IBUF (Prop_ibuf_I_O)         0.226     0.226 r  prescaler_instance/inst/clkin1_ibufg/O
                         net (fo=1, routed)           0.440     0.667    prescaler_instance/inst/clk_100_clkDVIprescaler
    MMCME2_ADV_X1Y0      MMCME2_ADV (Prop_mmcme2_adv_CLKIN1_CLKOUT0)
                                                     -2.360    -1.693 r  prescaler_instance/inst/mmcm_adv_inst/CLKOUT0
                         net (fo=1, routed)           0.486    -1.207    prescaler_instance/inst/clk_25_clkDVIprescaler
    BUFGCTRL_X0Y0        BUFG (Prop_bufg_I_O)         0.026    -1.181 r  prescaler_instance/inst/clkout1_buf/O
                         net (fo=135, routed)         0.564    -0.617    pixel_gen_inst/DisplayLevel_inst/clk_25
    SLICE_X9Y55          FDRE                                         r  pixel_gen_inst/DisplayLevel_inst/rom_addr_reg[5]/C
  -------------------------------------------------------------------    -------------------
    SLICE_X9Y55          FDRE (Prop_fdre_C_Q)         0.141    -0.476 r  pixel_gen_inst/DisplayLevel_inst/rom_addr_reg[5]/Q
                         net (fo=4, routed)           0.267    -0.209    pixel_gen_inst/DisplayLevel_inst/ROM_inst_2/U0/inst_blk_mem_gen/gnbram.gnativebmg.native_blk_mem_gen/valid.cstr/ramloop[0].ram.r/prim_init.ram/addra[5]
    RAMB18_X0Y22         RAMB18E1                                     r  pixel_gen_inst/DisplayLevel_inst/ROM_inst_2/U0/inst_blk_mem_gen/gnbram.gnativebmg.native_blk_mem_gen/valid.cstr/ramloop[0].ram.r/prim_init.ram/DEVICE_7SERIES.NO_BMM_INFO.SP.SIMPLE_PRIM18.ram/ADDRARDADDR[9]
  -------------------------------------------------------------------    -------------------

                         (clock clk_25_clkDVIprescaler rise edge)
                                                      0.000     0.000 r  
    W5                                                0.000     0.000 r  clk100 (IN)
                         net (fo=0)                   0.000     0.000    prescaler_instance/inst/clk_100
    W5                   IBUF (Prop_ibuf_I_O)         0.414     0.414 r  prescaler_instance/inst/clkin1_ibufg/O
                         net (fo=1, routed)           0.480     0.894    prescaler_instance/inst/clk_100_clkDVIprescaler
    MMCME2_ADV_X1Y0      MMCME2_ADV (Prop_mmcme2_adv_CLKIN1_CLKOUT0)
                                                     -3.142    -2.248 r  prescaler_instance/inst/mmcm_adv_inst/CLKOUT0
                         net (fo=1, routed)           0.530    -1.718    prescaler_instance/inst/clk_25_clkDVIprescaler
    BUFGCTRL_X0Y0        BUFG (Prop_bufg_I_O)         0.029    -1.689 r  prescaler_instance/inst/clkout1_buf/O
                         net (fo=135, routed)         0.875    -0.814    pixel_gen_inst/DisplayLevel_inst/ROM_inst_2/U0/inst_blk_mem_gen/gnbram.gnativebmg.native_blk_mem_gen/valid.cstr/ramloop[0].ram.r/prim_init.ram/clka
    RAMB18_X0Y22         RAMB18E1                                     r  pixel_gen_inst/DisplayLevel_inst/ROM_inst_2/U0/inst_blk_mem_gen/gnbram.gnativebmg.native_blk_mem_gen/valid.cstr/ramloop[0].ram.r/prim_init.ram/DEVICE_7SERIES.NO_BMM_INFO.SP.SIMPLE_PRIM18.ram/CLKARDCLK
                         clock pessimism              0.255    -0.560    
    RAMB18_X0Y22         RAMB18E1 (Hold_ramb18e1_CLKARDCLK_ADDRARDADDR[9])
                                                      0.183    -0.377    pixel_gen_inst/DisplayLevel_inst/ROM_inst_2/U0/inst_blk_mem_gen/gnbram.gnativebmg.native_blk_mem_gen/valid.cstr/ramloop[0].ram.r/prim_init.ram/DEVICE_7SERIES.NO_BMM_INFO.SP.SIMPLE_PRIM18.ram
  -------------------------------------------------------------------
                         required time                          0.377    
                         arrival time                          -0.209    
  -------------------------------------------------------------------
                         slack                                  0.168    

Slack (MET) :             0.168ns  (arrival time - required time)
  Source:                 pixel_gen_inst/DisplayLevel_inst/rom_addr_reg[5]/C
                            (rising edge-triggered cell FDRE clocked by clk_25_clkDVIprescaler  {rise@0.000ns fall@20.000ns period=40.000ns})
  Destination:            pixel_gen_inst/DisplayLevel_inst/ROM_inst_4/U0/inst_blk_mem_gen/gnbram.gnativebmg.native_blk_mem_gen/valid.cstr/ramloop[0].ram.r/prim_init.ram/DEVICE_7SERIES.NO_BMM_INFO.SP.SIMPLE_PRIM18.ram/ADDRARDADDR[9]
                            (rising edge-triggered cell RAMB18E1 clocked by clk_25_clkDVIprescaler  {rise@0.000ns fall@20.000ns period=40.000ns})
  Path Group:             clk_25_clkDVIprescaler
  Path Type:              Hold (Min at Fast Process Corner)
  Requirement:            0.000ns  (clk_25_clkDVIprescaler rise@0.000ns - clk_25_clkDVIprescaler rise@0.000ns)
  Data Path Delay:        0.408ns  (logic 0.141ns (34.522%)  route 0.267ns (65.478%))
  Logic Levels:           0  
  Clock Path Skew:        0.057ns (DCD - SCD - CPR)
    Destination Clock Delay (DCD):    -0.814ns
    Source Clock Delay      (SCD):    -0.617ns
    Clock Pessimism Removal (CPR):    -0.255ns

    Location             Delay type                Incr(ns)  Path(ns)    Netlist Resource(s)
  -------------------------------------------------------------------    -------------------
                         (clock clk_25_clkDVIprescaler rise edge)
                                                      0.000     0.000 r  
    W5                                                0.000     0.000 r  clk100 (IN)
                         net (fo=0)                   0.000     0.000    prescaler_instance/inst/clk_100
    W5                   IBUF (Prop_ibuf_I_O)         0.226     0.226 r  prescaler_instance/inst/clkin1_ibufg/O
                         net (fo=1, routed)           0.440     0.667    prescaler_instance/inst/clk_100_clkDVIprescaler
    MMCME2_ADV_X1Y0      MMCME2_ADV (Prop_mmcme2_adv_CLKIN1_CLKOUT0)
                                                     -2.360    -1.693 r  prescaler_instance/inst/mmcm_adv_inst/CLKOUT0
                         net (fo=1, routed)           0.486    -1.207    prescaler_instance/inst/clk_25_clkDVIprescaler
    BUFGCTRL_X0Y0        BUFG (Prop_bufg_I_O)         0.026    -1.181 r  prescaler_instance/inst/clkout1_buf/O
                         net (fo=135, routed)         0.564    -0.617    pixel_gen_inst/DisplayLevel_inst/clk_25
    SLICE_X9Y55          FDRE                                         r  pixel_gen_inst/DisplayLevel_inst/rom_addr_reg[5]/C
  -------------------------------------------------------------------    -------------------
    SLICE_X9Y55          FDRE (Prop_fdre_C_Q)         0.141    -0.476 r  pixel_gen_inst/DisplayLevel_inst/rom_addr_reg[5]/Q
                         net (fo=4, routed)           0.267    -0.209    pixel_gen_inst/DisplayLevel_inst/ROM_inst_4/U0/inst_blk_mem_gen/gnbram.gnativebmg.native_blk_mem_gen/valid.cstr/ramloop[0].ram.r/prim_init.ram/addra[5]
    RAMB18_X0Y23         RAMB18E1                                     r  pixel_gen_inst/DisplayLevel_inst/ROM_inst_4/U0/inst_blk_mem_gen/gnbram.gnativebmg.native_blk_mem_gen/valid.cstr/ramloop[0].ram.r/prim_init.ram/DEVICE_7SERIES.NO_BMM_INFO.SP.SIMPLE_PRIM18.ram/ADDRARDADDR[9]
  -------------------------------------------------------------------    -------------------

                         (clock clk_25_clkDVIprescaler rise edge)
                                                      0.000     0.000 r  
    W5                                                0.000     0.000 r  clk100 (IN)
                         net (fo=0)                   0.000     0.000    prescaler_instance/inst/clk_100
    W5                   IBUF (Prop_ibuf_I_O)         0.414     0.414 r  prescaler_instance/inst/clkin1_ibufg/O
                         net (fo=1, routed)           0.480     0.894    prescaler_instance/inst/clk_100_clkDVIprescaler
    MMCME2_ADV_X1Y0      MMCME2_ADV (Prop_mmcme2_adv_CLKIN1_CLKOUT0)
                                                     -3.142    -2.248 r  prescaler_instance/inst/mmcm_adv_inst/CLKOUT0
                         net (fo=1, routed)           0.530    -1.718    prescaler_instance/inst/clk_25_clkDVIprescaler
    BUFGCTRL_X0Y0        BUFG (Prop_bufg_I_O)         0.029    -1.689 r  prescaler_instance/inst/clkout1_buf/O
                         net (fo=135, routed)         0.875    -0.814    pixel_gen_inst/DisplayLevel_inst/ROM_inst_4/U0/inst_blk_mem_gen/gnbram.gnativebmg.native_blk_mem_gen/valid.cstr/ramloop[0].ram.r/prim_init.ram/clka
    RAMB18_X0Y23         RAMB18E1                                     r  pixel_gen_inst/DisplayLevel_inst/ROM_inst_4/U0/inst_blk_mem_gen/gnbram.gnativebmg.native_blk_mem_gen/valid.cstr/ramloop[0].ram.r/prim_init.ram/DEVICE_7SERIES.NO_BMM_INFO.SP.SIMPLE_PRIM18.ram/CLKARDCLK
                         clock pessimism              0.255    -0.560    
    RAMB18_X0Y23         RAMB18E1 (Hold_ramb18e1_CLKARDCLK_ADDRARDADDR[9])
                                                      0.183    -0.377    pixel_gen_inst/DisplayLevel_inst/ROM_inst_4/U0/inst_blk_mem_gen/gnbram.gnativebmg.native_blk_mem_gen/valid.cstr/ramloop[0].ram.r/prim_init.ram/DEVICE_7SERIES.NO_BMM_INFO.SP.SIMPLE_PRIM18.ram
  -------------------------------------------------------------------
                         required time                          0.377    
                         arrival time                          -0.209    
  -------------------------------------------------------------------
                         slack                                  0.168    

Slack (MET) :             0.189ns  (arrival time - required time)
  Source:                 pixel_gen_inst/DisplayLevel_inst/rom_addr_reg[0]/C
                            (rising edge-triggered cell FDRE clocked by clk_25_clkDVIprescaler  {rise@0.000ns fall@20.000ns period=40.000ns})
  Destination:            pixel_gen_inst/DisplayLevel_inst/ROM_inst_2/U0/inst_blk_mem_gen/gnbram.gnativebmg.native_blk_mem_gen/valid.cstr/ramloop[0].ram.r/prim_init.ram/DEVICE_7SERIES.NO_BMM_INFO.SP.SIMPLE_PRIM18.ram/ADDRARDADDR[4]
                            (rising edge-triggered cell RAMB18E1 clocked by clk_25_clkDVIprescaler  {rise@0.000ns fall@20.000ns period=40.000ns})
  Path Group:             clk_25_clkDVIprescaler
  Path Type:              Hold (Min at Fast Process Corner)
  Requirement:            0.000ns  (clk_25_clkDVIprescaler rise@0.000ns - clk_25_clkDVIprescaler rise@0.000ns)
  Data Path Delay:        0.429ns  (logic 0.164ns (38.203%)  route 0.265ns (61.797%))
  Logic Levels:           0  
  Clock Path Skew:        0.057ns (DCD - SCD - CPR)
    Destination Clock Delay (DCD):    -0.814ns
    Source Clock Delay      (SCD):    -0.617ns
    Clock Pessimism Removal (CPR):    -0.255ns

    Location             Delay type                Incr(ns)  Path(ns)    Netlist Resource(s)
  -------------------------------------------------------------------    -------------------
                         (clock clk_25_clkDVIprescaler rise edge)
                                                      0.000     0.000 r  
    W5                                                0.000     0.000 r  clk100 (IN)
                         net (fo=0)                   0.000     0.000    prescaler_instance/inst/clk_100
    W5                   IBUF (Prop_ibuf_I_O)         0.226     0.226 r  prescaler_instance/inst/clkin1_ibufg/O
                         net (fo=1, routed)           0.440     0.667    prescaler_instance/inst/clk_100_clkDVIprescaler
    MMCME2_ADV_X1Y0      MMCME2_ADV (Prop_mmcme2_adv_CLKIN1_CLKOUT0)
                                                     -2.360    -1.693 r  prescaler_instance/inst/mmcm_adv_inst/CLKOUT0
                         net (fo=1, routed)           0.486    -1.207    prescaler_instance/inst/clk_25_clkDVIprescaler
    BUFGCTRL_X0Y0        BUFG (Prop_bufg_I_O)         0.026    -1.181 r  prescaler_instance/inst/clkout1_buf/O
                         net (fo=135, routed)         0.564    -0.617    pixel_gen_inst/DisplayLevel_inst/clk_25
    SLICE_X8Y56          FDRE                                         r  pixel_gen_inst/DisplayLevel_inst/rom_addr_reg[0]/C
  -------------------------------------------------------------------    -------------------
    SLICE_X8Y56          FDRE (Prop_fdre_C_Q)         0.164    -0.453 r  pixel_gen_inst/DisplayLevel_inst/rom_addr_reg[0]/Q
                         net (fo=4, routed)           0.265    -0.188    pixel_gen_inst/DisplayLevel_inst/ROM_inst_2/U0/inst_blk_mem_gen/gnbram.gnativebmg.native_blk_mem_gen/valid.cstr/ramloop[0].ram.r/prim_init.ram/addra[0]
    RAMB18_X0Y22         RAMB18E1                                     r  pixel_gen_inst/DisplayLevel_inst/ROM_inst_2/U0/inst_blk_mem_gen/gnbram.gnativebmg.native_blk_mem_gen/valid.cstr/ramloop[0].ram.r/prim_init.ram/DEVICE_7SERIES.NO_BMM_INFO.SP.SIMPLE_PRIM18.ram/ADDRARDADDR[4]
  -------------------------------------------------------------------    -------------------

                         (clock clk_25_clkDVIprescaler rise edge)
                                                      0.000     0.000 r  
    W5                                                0.000     0.000 r  clk100 (IN)
                         net (fo=0)                   0.000     0.000    prescaler_instance/inst/clk_100
    W5                   IBUF (Prop_ibuf_I_O)         0.414     0.414 r  prescaler_instance/inst/clkin1_ibufg/O
                         net (fo=1, routed)           0.480     0.894    prescaler_instance/inst/clk_100_clkDVIprescaler
    MMCME2_ADV_X1Y0      MMCME2_ADV (Prop_mmcme2_adv_CLKIN1_CLKOUT0)
                                                     -3.142    -2.248 r  prescaler_instance/inst/mmcm_adv_inst/CLKOUT0
                         net (fo=1, routed)           0.530    -1.718    prescaler_instance/inst/clk_25_clkDVIprescaler
    BUFGCTRL_X0Y0        BUFG (Prop_bufg_I_O)         0.029    -1.689 r  prescaler_instance/inst/clkout1_buf/O
                         net (fo=135, routed)         0.875    -0.814    pixel_gen_inst/DisplayLevel_inst/ROM_inst_2/U0/inst_blk_mem_gen/gnbram.gnativebmg.native_blk_mem_gen/valid.cstr/ramloop[0].ram.r/prim_init.ram/clka
    RAMB18_X0Y22         RAMB18E1                                     r  pixel_gen_inst/DisplayLevel_inst/ROM_inst_2/U0/inst_blk_mem_gen/gnbram.gnativebmg.native_blk_mem_gen/valid.cstr/ramloop[0].ram.r/prim_init.ram/DEVICE_7SERIES.NO_BMM_INFO.SP.SIMPLE_PRIM18.ram/CLKARDCLK
                         clock pessimism              0.255    -0.560    
    RAMB18_X0Y22         RAMB18E1 (Hold_ramb18e1_CLKARDCLK_ADDRARDADDR[4])
                                                      0.183    -0.377    pixel_gen_inst/DisplayLevel_inst/ROM_inst_2/U0/inst_blk_mem_gen/gnbram.gnativebmg.native_blk_mem_gen/valid.cstr/ramloop[0].ram.r/prim_init.ram/DEVICE_7SERIES.NO_BMM_INFO.SP.SIMPLE_PRIM18.ram
  -------------------------------------------------------------------
                         required time                          0.377    
                         arrival time                          -0.188    
  -------------------------------------------------------------------
                         slack                                  0.189    

Slack (MET) :             0.189ns  (arrival time - required time)
  Source:                 pixel_gen_inst/DisplayLevel_inst/rom_addr_reg[0]/C
                            (rising edge-triggered cell FDRE clocked by clk_25_clkDVIprescaler  {rise@0.000ns fall@20.000ns period=40.000ns})
  Destination:            pixel_gen_inst/DisplayLevel_inst/ROM_inst_4/U0/inst_blk_mem_gen/gnbram.gnativebmg.native_blk_mem_gen/valid.cstr/ramloop[0].ram.r/prim_init.ram/DEVICE_7SERIES.NO_BMM_INFO.SP.SIMPLE_PRIM18.ram/ADDRARDADDR[4]
                            (rising edge-triggered cell RAMB18E1 clocked by clk_25_clkDVIprescaler  {rise@0.000ns fall@20.000ns period=40.000ns})
  Path Group:             clk_25_clkDVIprescaler
  Path Type:              Hold (Min at Fast Process Corner)
  Requirement:            0.000ns  (clk_25_clkDVIprescaler rise@0.000ns - clk_25_clkDVIprescaler rise@0.000ns)
  Data Path Delay:        0.429ns  (logic 0.164ns (38.203%)  route 0.265ns (61.797%))
  Logic Levels:           0  
  Clock Path Skew:        0.057ns (DCD - SCD - CPR)
    Destination Clock Delay (DCD):    -0.814ns
    Source Clock Delay      (SCD):    -0.617ns
    Clock Pessimism Removal (CPR):    -0.255ns

    Location             Delay type                Incr(ns)  Path(ns)    Netlist Resource(s)
  -------------------------------------------------------------------    -------------------
                         (clock clk_25_clkDVIprescaler rise edge)
                                                      0.000     0.000 r  
    W5                                                0.000     0.000 r  clk100 (IN)
                         net (fo=0)                   0.000     0.000    prescaler_instance/inst/clk_100
    W5                   IBUF (Prop_ibuf_I_O)         0.226     0.226 r  prescaler_instance/inst/clkin1_ibufg/O
                         net (fo=1, routed)           0.440     0.667    prescaler_instance/inst/clk_100_clkDVIprescaler
    MMCME2_ADV_X1Y0      MMCME2_ADV (Prop_mmcme2_adv_CLKIN1_CLKOUT0)
                                                     -2.360    -1.693 r  prescaler_instance/inst/mmcm_adv_inst/CLKOUT0
                         net (fo=1, routed)           0.486    -1.207    prescaler_instance/inst/clk_25_clkDVIprescaler
    BUFGCTRL_X0Y0        BUFG (Prop_bufg_I_O)         0.026    -1.181 r  prescaler_instance/inst/clkout1_buf/O
                         net (fo=135, routed)         0.564    -0.617    pixel_gen_inst/DisplayLevel_inst/clk_25
    SLICE_X8Y56          FDRE                                         r  pixel_gen_inst/DisplayLevel_inst/rom_addr_reg[0]/C
  -------------------------------------------------------------------    -------------------
    SLICE_X8Y56          FDRE (Prop_fdre_C_Q)         0.164    -0.453 r  pixel_gen_inst/DisplayLevel_inst/rom_addr_reg[0]/Q
                         net (fo=4, routed)           0.265    -0.188    pixel_gen_inst/DisplayLevel_inst/ROM_inst_4/U0/inst_blk_mem_gen/gnbram.gnativebmg.native_blk_mem_gen/valid.cstr/ramloop[0].ram.r/prim_init.ram/addra[0]
    RAMB18_X0Y23         RAMB18E1                                     r  pixel_gen_inst/DisplayLevel_inst/ROM_inst_4/U0/inst_blk_mem_gen/gnbram.gnativebmg.native_blk_mem_gen/valid.cstr/ramloop[0].ram.r/prim_init.ram/DEVICE_7SERIES.NO_BMM_INFO.SP.SIMPLE_PRIM18.ram/ADDRARDADDR[4]
  -------------------------------------------------------------------    -------------------

                         (clock clk_25_clkDVIprescaler rise edge)
                                                      0.000     0.000 r  
    W5                                                0.000     0.000 r  clk100 (IN)
                         net (fo=0)                   0.000     0.000    prescaler_instance/inst/clk_100
    W5                   IBUF (Prop_ibuf_I_O)         0.414     0.414 r  prescaler_instance/inst/clkin1_ibufg/O
                         net (fo=1, routed)           0.480     0.894    prescaler_instance/inst/clk_100_clkDVIprescaler
    MMCME2_ADV_X1Y0      MMCME2_ADV (Prop_mmcme2_adv_CLKIN1_CLKOUT0)
                                                     -3.142    -2.248 r  prescaler_instance/inst/mmcm_adv_inst/CLKOUT0
                         net (fo=1, routed)           0.530    -1.718    prescaler_instance/inst/clk_25_clkDVIprescaler
    BUFGCTRL_X0Y0        BUFG (Prop_bufg_I_O)         0.029    -1.689 r  prescaler_instance/inst/clkout1_buf/O
                         net (fo=135, routed)         0.875    -0.814    pixel_gen_inst/DisplayLevel_inst/ROM_inst_4/U0/inst_blk_mem_gen/gnbram.gnativebmg.native_blk_mem_gen/valid.cstr/ramloop[0].ram.r/prim_init.ram/clka
    RAMB18_X0Y23         RAMB18E1                                     r  pixel_gen_inst/DisplayLevel_inst/ROM_inst_4/U0/inst_blk_mem_gen/gnbram.gnativebmg.native_blk_mem_gen/valid.cstr/ramloop[0].ram.r/prim_init.ram/DEVICE_7SERIES.NO_BMM_INFO.SP.SIMPLE_PRIM18.ram/CLKARDCLK
                         clock pessimism              0.255    -0.560    
    RAMB18_X0Y23         RAMB18E1 (Hold_ramb18e1_CLKARDCLK_ADDRARDADDR[4])
                                                      0.183    -0.377    pixel_gen_inst/DisplayLevel_inst/ROM_inst_4/U0/inst_blk_mem_gen/gnbram.gnativebmg.native_blk_mem_gen/valid.cstr/ramloop[0].ram.r/prim_init.ram/DEVICE_7SERIES.NO_BMM_INFO.SP.SIMPLE_PRIM18.ram
  -------------------------------------------------------------------
                         required time                          0.377    
                         arrival time                          -0.188    
  -------------------------------------------------------------------
                         slack                                  0.189    

Slack (MET) :             0.222ns  (arrival time - required time)
  Source:                 dvi_driver_inst/vcount_int_reg[0]/C
                            (rising edge-triggered cell FDRE clocked by clk_25_clkDVIprescaler  {rise@0.000ns fall@20.000ns period=40.000ns})
  Destination:            dvi_driver_inst/vcount_int_reg[2]/D
                            (rising edge-triggered cell FDRE clocked by clk_25_clkDVIprescaler  {rise@0.000ns fall@20.000ns period=40.000ns})
  Path Group:             clk_25_clkDVIprescaler
  Path Type:              Hold (Min at Fast Process Corner)
  Requirement:            0.000ns  (clk_25_clkDVIprescaler rise@0.000ns - clk_25_clkDVIprescaler rise@0.000ns)
  Data Path Delay:        0.358ns  (logic 0.186ns (51.974%)  route 0.172ns (48.026%))
  Logic Levels:           1  (LUT3=1)
  Clock Path Skew:        0.016ns (DCD - SCD - CPR)
    Destination Clock Delay (DCD):    -0.826ns
    Source Clock Delay      (SCD):    -0.588ns
    Clock Pessimism Removal (CPR):    -0.254ns

    Location             Delay type                Incr(ns)  Path(ns)    Netlist Resource(s)
  -------------------------------------------------------------------    -------------------
                         (clock clk_25_clkDVIprescaler rise edge)
                                                      0.000     0.000 r  
    W5                                                0.000     0.000 r  clk100 (IN)
                         net (fo=0)                   0.000     0.000    prescaler_instance/inst/clk_100
    W5                   IBUF (Prop_ibuf_I_O)         0.226     0.226 r  prescaler_instance/inst/clkin1_ibufg/O
                         net (fo=1, routed)           0.440     0.667    prescaler_instance/inst/clk_100_clkDVIprescaler
    MMCME2_ADV_X1Y0      MMCME2_ADV (Prop_mmcme2_adv_CLKIN1_CLKOUT0)
                                                     -2.360    -1.693 r  prescaler_instance/inst/mmcm_adv_inst/CLKOUT0
                         net (fo=1, routed)           0.486    -1.207    prescaler_instance/inst/clk_25_clkDVIprescaler
    BUFGCTRL_X0Y0        BUFG (Prop_bufg_I_O)         0.026    -1.181 r  prescaler_instance/inst/clkout1_buf/O
                         net (fo=135, routed)         0.593    -0.588    dvi_driver_inst/clk_25
    SLICE_X1Y53          FDRE                                         r  dvi_driver_inst/vcount_int_reg[0]/C
  -------------------------------------------------------------------    -------------------
    SLICE_X1Y53          FDRE (Prop_fdre_C_Q)         0.141    -0.447 r  dvi_driver_inst/vcount_int_reg[0]/Q
                         net (fo=15, routed)          0.172    -0.275    dvi_driver_inst/vcount_int_reg[9]_0[0]
    SLICE_X2Y53          LUT3 (Prop_lut3_I1_O)        0.045    -0.230 r  dvi_driver_inst/vcount_int[2]_i_1/O
                         net (fo=1, routed)           0.000    -0.230    dvi_driver_inst/vcount_int[2]_i_1_n_0
    SLICE_X2Y53          FDRE                                         r  dvi_driver_inst/vcount_int_reg[2]/D
  -------------------------------------------------------------------    -------------------

                         (clock clk_25_clkDVIprescaler rise edge)
                                                      0.000     0.000 r  
    W5                                                0.000     0.000 r  clk100 (IN)
                         net (fo=0)                   0.000     0.000    prescaler_instance/inst/clk_100
    W5                   IBUF (Prop_ibuf_I_O)         0.414     0.414 r  prescaler_instance/inst/clkin1_ibufg/O
                         net (fo=1, routed)           0.480     0.894    prescaler_instance/inst/clk_100_clkDVIprescaler
    MMCME2_ADV_X1Y0      MMCME2_ADV (Prop_mmcme2_adv_CLKIN1_CLKOUT0)
                                                     -3.142    -2.248 r  prescaler_instance/inst/mmcm_adv_inst/CLKOUT0
                         net (fo=1, routed)           0.530    -1.718    prescaler_instance/inst/clk_25_clkDVIprescaler
    BUFGCTRL_X0Y0        BUFG (Prop_bufg_I_O)         0.029    -1.689 r  prescaler_instance/inst/clkout1_buf/O
                         net (fo=135, routed)         0.863    -0.826    dvi_driver_inst/clk_25
    SLICE_X2Y53          FDRE                                         r  dvi_driver_inst/vcount_int_reg[2]/C
                         clock pessimism              0.254    -0.572    
    SLICE_X2Y53          FDRE (Hold_fdre_C_D)         0.120    -0.452    dvi_driver_inst/vcount_int_reg[2]
  -------------------------------------------------------------------
                         required time                          0.452    
                         arrival time                          -0.230    
  -------------------------------------------------------------------
                         slack                                  0.222    

Slack (MET) :             0.229ns  (arrival time - required time)
  Source:                 dvi_driver_inst/hcount_int_reg[8]/C
                            (rising edge-triggered cell FDRE clocked by clk_25_clkDVIprescaler  {rise@0.000ns fall@20.000ns period=40.000ns})
  Destination:            dvi_driver_inst/hcount_int_reg[9]/D
                            (rising edge-triggered cell FDRE clocked by clk_25_clkDVIprescaler  {rise@0.000ns fall@20.000ns period=40.000ns})
  Path Group:             clk_25_clkDVIprescaler
  Path Type:              Hold (Min at Fast Process Corner)
  Requirement:            0.000ns  (clk_25_clkDVIprescaler rise@0.000ns - clk_25_clkDVIprescaler rise@0.000ns)
  Data Path Delay:        0.350ns  (logic 0.246ns (70.287%)  route 0.104ns (29.713%))
  Logic Levels:           1  (LUT6=1)
  Clock Path Skew:        0.000ns (DCD - SCD - CPR)
    Destination Clock Delay (DCD):    -0.828ns
    Source Clock Delay      (SCD):    -0.590ns
    Clock Pessimism Removal (CPR):    -0.238ns

    Location             Delay type                Incr(ns)  Path(ns)    Netlist Resource(s)
  -------------------------------------------------------------------    -------------------
                         (clock clk_25_clkDVIprescaler rise edge)
                                                      0.000     0.000 r  
    W5                                                0.000     0.000 r  clk100 (IN)
                         net (fo=0)                   0.000     0.000    prescaler_instance/inst/clk_100
    W5                   IBUF (Prop_ibuf_I_O)         0.226     0.226 r  prescaler_instance/inst/clkin1_ibufg/O
                         net (fo=1, routed)           0.440     0.667    prescaler_instance/inst/clk_100_clkDVIprescaler
    MMCME2_ADV_X1Y0      MMCME2_ADV (Prop_mmcme2_adv_CLKIN1_CLKOUT0)
                                                     -2.360    -1.693 r  prescaler_instance/inst/mmcm_adv_inst/CLKOUT0
                         net (fo=1, routed)           0.486    -1.207    prescaler_instance/inst/clk_25_clkDVIprescaler
    BUFGCTRL_X0Y0        BUFG (Prop_bufg_I_O)         0.026    -1.181 r  prescaler_instance/inst/clkout1_buf/O
                         net (fo=135, routed)         0.591    -0.590    dvi_driver_inst/clk_25
    SLICE_X6Y54          FDRE                                         r  dvi_driver_inst/hcount_int_reg[8]/C
  -------------------------------------------------------------------    -------------------
    SLICE_X6Y54          FDRE (Prop_fdre_C_Q)         0.148    -0.442 r  dvi_driver_inst/hcount_int_reg[8]/Q
                         net (fo=12, routed)          0.104    -0.338    dvi_driver_inst/Q[8]
    SLICE_X6Y54          LUT6 (Prop_lut6_I0_O)        0.098    -0.240 r  dvi_driver_inst/hcount_int[9]_i_2/O
                         net (fo=1, routed)           0.000    -0.240    dvi_driver_inst/plusOp[9]
    SLICE_X6Y54          FDRE                                         r  dvi_driver_inst/hcount_int_reg[9]/D
  -------------------------------------------------------------------    -------------------

                         (clock clk_25_clkDVIprescaler rise edge)
                                                      0.000     0.000 r  
    W5                                                0.000     0.000 r  clk100 (IN)
                         net (fo=0)                   0.000     0.000    prescaler_instance/inst/clk_100
    W5                   IBUF (Prop_ibuf_I_O)         0.414     0.414 r  prescaler_instance/inst/clkin1_ibufg/O
                         net (fo=1, routed)           0.480     0.894    prescaler_instance/inst/clk_100_clkDVIprescaler
    MMCME2_ADV_X1Y0      MMCME2_ADV (Prop_mmcme2_adv_CLKIN1_CLKOUT0)
                                                     -3.142    -2.248 r  prescaler_instance/inst/mmcm_adv_inst/CLKOUT0
                         net (fo=1, routed)           0.530    -1.718    prescaler_instance/inst/clk_25_clkDVIprescaler
    BUFGCTRL_X0Y0        BUFG (Prop_bufg_I_O)         0.029    -1.689 r  prescaler_instance/inst/clkout1_buf/O
                         net (fo=135, routed)         0.861    -0.828    dvi_driver_inst/clk_25
    SLICE_X6Y54          FDRE                                         r  dvi_driver_inst/hcount_int_reg[9]/C
                         clock pessimism              0.238    -0.590    
    SLICE_X6Y54          FDRE (Hold_fdre_C_D)         0.121    -0.469    dvi_driver_inst/hcount_int_reg[9]
  -------------------------------------------------------------------
                         required time                          0.469    
                         arrival time                          -0.240    
  -------------------------------------------------------------------
                         slack                                  0.229    





Pulse Width Checks
--------------------------------------------------------------------------------------
Clock Name:         clk_25_clkDVIprescaler
Waveform(ns):       { 0.000 20.000 }
Period(ns):         40.000
Sources:            { prescaler_instance/inst/mmcm_adv_inst/CLKOUT0 }

Check Type        Corner  Lib Pin             Reference Pin  Required(ns)  Actual(ns)  Slack(ns)  Location         Pin
Min Period        n/a     RAMB18E1/CLKARDCLK  n/a            2.576         40.000      37.424     RAMB18_X0Y24     pixel_gen_inst/DisplayLevel_inst/ROM_inst_1/U0/inst_blk_mem_gen/gnbram.gnativebmg.native_blk_mem_gen/valid.cstr/ramloop[0].ram.r/prim_init.ram/DEVICE_7SERIES.NO_BMM_INFO.SP.SIMPLE_PRIM18.ram/CLKARDCLK
Min Period        n/a     RAMB18E1/CLKBWRCLK  n/a            2.576         40.000      37.424     RAMB18_X0Y24     pixel_gen_inst/DisplayLevel_inst/ROM_inst_1/U0/inst_blk_mem_gen/gnbram.gnativebmg.native_blk_mem_gen/valid.cstr/ramloop[0].ram.r/prim_init.ram/DEVICE_7SERIES.NO_BMM_INFO.SP.SIMPLE_PRIM18.ram/CLKBWRCLK
Min Period        n/a     RAMB18E1/CLKARDCLK  n/a            2.576         40.000      37.424     RAMB18_X0Y22     pixel_gen_inst/DisplayLevel_inst/ROM_inst_2/U0/inst_blk_mem_gen/gnbram.gnativebmg.native_blk_mem_gen/valid.cstr/ramloop[0].ram.r/prim_init.ram/DEVICE_7SERIES.NO_BMM_INFO.SP.SIMPLE_PRIM18.ram/CLKARDCLK
Min Period        n/a     RAMB18E1/CLKBWRCLK  n/a            2.576         40.000      37.424     RAMB18_X0Y22     pixel_gen_inst/DisplayLevel_inst/ROM_inst_2/U0/inst_blk_mem_gen/gnbram.gnativebmg.native_blk_mem_gen/valid.cstr/ramloop[0].ram.r/prim_init.ram/DEVICE_7SERIES.NO_BMM_INFO.SP.SIMPLE_PRIM18.ram/CLKBWRCLK
Min Period        n/a     RAMB18E1/CLKARDCLK  n/a            2.576         40.000      37.424     RAMB18_X0Y25     pixel_gen_inst/DisplayLevel_inst/ROM_inst_3/U0/inst_blk_mem_gen/gnbram.gnativebmg.native_blk_mem_gen/valid.cstr/ramloop[0].ram.r/prim_init.ram/DEVICE_7SERIES.NO_BMM_INFO.SP.SIMPLE_PRIM18.ram/CLKARDCLK
Min Period        n/a     RAMB18E1/CLKBWRCLK  n/a            2.576         40.000      37.424     RAMB18_X0Y25     pixel_gen_inst/DisplayLevel_inst/ROM_inst_3/U0/inst_blk_mem_gen/gnbram.gnativebmg.native_blk_mem_gen/valid.cstr/ramloop[0].ram.r/prim_init.ram/DEVICE_7SERIES.NO_BMM_INFO.SP.SIMPLE_PRIM18.ram/CLKBWRCLK
Min Period        n/a     RAMB18E1/CLKARDCLK  n/a            2.576         40.000      37.424     RAMB18_X0Y23     pixel_gen_inst/DisplayLevel_inst/ROM_inst_4/U0/inst_blk_mem_gen/gnbram.gnativebmg.native_blk_mem_gen/valid.cstr/ramloop[0].ram.r/prim_init.ram/DEVICE_7SERIES.NO_BMM_INFO.SP.SIMPLE_PRIM18.ram/CLKARDCLK
Min Period        n/a     RAMB18E1/CLKBWRCLK  n/a            2.576         40.000      37.424     RAMB18_X0Y23     pixel_gen_inst/DisplayLevel_inst/ROM_inst_4/U0/inst_blk_mem_gen/gnbram.gnativebmg.native_blk_mem_gen/valid.cstr/ramloop[0].ram.r/prim_init.ram/DEVICE_7SERIES.NO_BMM_INFO.SP.SIMPLE_PRIM18.ram/CLKBWRCLK
Min Period        n/a     BUFG/I              n/a            2.155         40.000      37.845     BUFGCTRL_X0Y0    prescaler_instance/inst/clkout1_buf/I
Min Period        n/a     MMCME2_ADV/CLKOUT0  n/a            1.249         40.000      38.751     MMCME2_ADV_X1Y0  prescaler_instance/inst/mmcm_adv_inst/CLKOUT0
Max Period        n/a     MMCME2_ADV/CLKOUT0  n/a            213.360       40.000      173.360    MMCME2_ADV_X1Y0  prescaler_instance/inst/mmcm_adv_inst/CLKOUT0
Low Pulse Width   Slow    FDRE/C              n/a            0.500         20.000      19.500     SLICE_X4Y55      dvi_driver_inst/DE_internal_reg/C
Low Pulse Width   Fast    FDRE/C              n/a            0.500         20.000      19.500     SLICE_X4Y55      dvi_driver_inst/DE_internal_reg/C
Low Pulse Width   Slow    FDRE/C              n/a            0.500         20.000      19.500     SLICE_X6Y56      dvi_driver_inst/hcount_int_reg[0]/C
Low Pulse Width   Fast    FDRE/C              n/a            0.500         20.000      19.500     SLICE_X6Y56      dvi_driver_inst/hcount_int_reg[0]/C
Low Pulse Width   Slow    FDRE/C              n/a            0.500         20.000      19.500     SLICE_X6Y56      dvi_driver_inst/hcount_int_reg[1]/C
Low Pulse Width   Fast    FDRE/C              n/a            0.500         20.000      19.500     SLICE_X6Y56      dvi_driver_inst/hcount_int_reg[1]/C
Low Pulse Width   Slow    FDRE/C              n/a            0.500         20.000      19.500     SLICE_X6Y56      dvi_driver_inst/hcount_int_reg[2]/C
Low Pulse Width   Fast    FDRE/C              n/a            0.500         20.000      19.500     SLICE_X6Y56      dvi_driver_inst/hcount_int_reg[2]/C
Low Pulse Width   Slow    FDRE/C              n/a            0.500         20.000      19.500     SLICE_X6Y56      dvi_driver_inst/hcount_int_reg[3]/C
Low Pulse Width   Fast    FDRE/C              n/a            0.500         20.000      19.500     SLICE_X6Y56      dvi_driver_inst/hcount_int_reg[3]/C
High Pulse Width  Slow    FDRE/C              n/a            0.500         20.000      19.500     SLICE_X4Y55      dvi_driver_inst/DE_internal_reg/C
High Pulse Width  Fast    FDRE/C              n/a            0.500         20.000      19.500     SLICE_X4Y55      dvi_driver_inst/DE_internal_reg/C
High Pulse Width  Slow    FDRE/C              n/a            0.500         20.000      19.500     SLICE_X6Y56      dvi_driver_inst/hcount_int_reg[0]/C
High Pulse Width  Fast    FDRE/C              n/a            0.500         20.000      19.500     SLICE_X6Y56      dvi_driver_inst/hcount_int_reg[0]/C
High Pulse Width  Slow    FDRE/C              n/a            0.500         20.000      19.500     SLICE_X6Y56      dvi_driver_inst/hcount_int_reg[1]/C
High Pulse Width  Fast    FDRE/C              n/a            0.500         20.000      19.500     SLICE_X6Y56      dvi_driver_inst/hcount_int_reg[1]/C
High Pulse Width  Slow    FDRE/C              n/a            0.500         20.000      19.500     SLICE_X6Y56      dvi_driver_inst/hcount_int_reg[2]/C
High Pulse Width  Fast    FDRE/C              n/a            0.500         20.000      19.500     SLICE_X6Y56      dvi_driver_inst/hcount_int_reg[2]/C
High Pulse Width  Slow    FDRE/C              n/a            0.500         20.000      19.500     SLICE_X6Y56      dvi_driver_inst/hcount_int_reg[3]/C
High Pulse Width  Fast    FDRE/C              n/a            0.500         20.000      19.500     SLICE_X6Y56      dvi_driver_inst/hcount_int_reg[3]/C



---------------------------------------------------------------------------------------------------
From Clock:  clkfbout_clkDVIprescaler
  To Clock:  clkfbout_clkDVIprescaler

Setup :           NA  Failing Endpoints,  Worst Slack           NA  ,  Total Violation           NA
Hold  :           NA  Failing Endpoints,  Worst Slack           NA  ,  Total Violation           NA
PW    :            0  Failing Endpoints,  Worst Slack        7.845ns,  Total Violation        0.000ns
---------------------------------------------------------------------------------------------------


Pulse Width Checks
--------------------------------------------------------------------------------------
Clock Name:         clkfbout_clkDVIprescaler
Waveform(ns):       { 0.000 5.000 }
Period(ns):         10.000
Sources:            { prescaler_instance/inst/mmcm_adv_inst/CLKFBOUT }

Check Type  Corner  Lib Pin              Reference Pin  Required(ns)  Actual(ns)  Slack(ns)  Location         Pin
Min Period  n/a     BUFG/I               n/a            2.155         10.000      7.845      BUFGCTRL_X0Y1    prescaler_instance/inst/clkf_buf/I
Min Period  n/a     MMCME2_ADV/CLKFBOUT  n/a            1.249         10.000      8.751      MMCME2_ADV_X1Y0  prescaler_instance/inst/mmcm_adv_inst/CLKFBOUT
Min Period  n/a     MMCME2_ADV/CLKFBIN   n/a            1.249         10.000      8.751      MMCME2_ADV_X1Y0  prescaler_instance/inst/mmcm_adv_inst/CLKFBIN
Max Period  n/a     MMCME2_ADV/CLKFBIN   n/a            100.000       10.000      90.000     MMCME2_ADV_X1Y0  prescaler_instance/inst/mmcm_adv_inst/CLKFBIN
Max Period  n/a     MMCME2_ADV/CLKFBOUT  n/a            213.360       10.000      203.360    MMCME2_ADV_X1Y0  prescaler_instance/inst/mmcm_adv_inst/CLKFBOUT



--------------------------------------------------------------------------------------
Path Group:  (none)
From Clock:  
  To Clock:  

Max Delay            22 Endpoints
Min Delay            22 Endpoints
--------------------------------------------------------------------------------------


Max Delay Paths
--------------------------------------------------------------------------------------
Slack:                    inf
  Source:                 pixel_gen_inst/DisplayLevel_inst/ControlChar_inst/X_OutS_reg[3]/C
                            (rising edge-triggered cell FDRE)
  Destination:            pixel_gen_inst/DisplayLevel_inst/ControlChar_inst/RICHTING_S_reg/D
  Path Group:             (none)
  Path Type:              Max at Slow Process Corner
  Data Path Delay:        3.095ns  (logic 0.890ns (28.754%)  route 2.205ns (71.246%))
  Logic Levels:           4  (FDRE=1 LUT2=1 LUT6=2)

    Location             Delay type                Incr(ns)  Path(ns)    Netlist Resource(s)
  -------------------------------------------------------------------    -------------------
    SLICE_X2Y56          FDRE                         0.000     0.000 r  pixel_gen_inst/DisplayLevel_inst/ControlChar_inst/X_OutS_reg[3]/C
    SLICE_X2Y56          FDRE (Prop_fdre_C_Q)         0.518     0.518 r  pixel_gen_inst/DisplayLevel_inst/ControlChar_inst/X_OutS_reg[3]/Q
                         net (fo=11, routed)          1.512     2.030    pixel_gen_inst/DisplayLevel_inst/ControlChar_inst/X_OutS_reg[3]
    SLICE_X8Y57          LUT2 (Prop_lut2_I1_O)        0.124     2.154 f  pixel_gen_inst/DisplayLevel_inst/ControlChar_inst/RICHTING_S_i_4/O
                         net (fo=1, routed)           0.539     2.693    pixel_gen_inst/DisplayLevel_inst/ControlChar_inst/RICHTING_S_i_4_n_0
    SLICE_X3Y57          LUT6 (Prop_lut6_I3_O)        0.124     2.817 f  pixel_gen_inst/DisplayLevel_inst/ControlChar_inst/RICHTING_S_i_3/O
                         net (fo=1, routed)           0.154     2.971    pixel_gen_inst/DisplayLevel_inst/ControlChar_inst/RICHTING_S_i_3_n_0
    SLICE_X3Y57          LUT6 (Prop_lut6_I4_O)        0.124     3.095 r  pixel_gen_inst/DisplayLevel_inst/ControlChar_inst/RICHTING_S_i_1/O
                         net (fo=1, routed)           0.000     3.095    pixel_gen_inst/DisplayLevel_inst/ControlChar_inst/RICHTING_S_i_1_n_0
    SLICE_X3Y57          FDRE                                         r  pixel_gen_inst/DisplayLevel_inst/ControlChar_inst/RICHTING_S_reg/D
  -------------------------------------------------------------------    -------------------

Slack:                    inf
  Source:                 pixel_gen_inst/DisplayLevel_inst/ControlChar_inst/Y_Dir_reg[8]/C
                            (rising edge-triggered cell FDRE)
  Destination:            pixel_gen_inst/DisplayLevel_inst/ControlChar_inst/Y_OutS_reg[9]/D
  Path Group:             (none)
  Path Type:              Max at Slow Process Corner
  Data Path Delay:        2.468ns  (logic 1.335ns (54.093%)  route 1.133ns (45.907%))
  Logic Levels:           4  (CARRY4=2 FDRE=1 LUT2=1)

    Location             Delay type                Incr(ns)  Path(ns)    Netlist Resource(s)
  -------------------------------------------------------------------    -------------------
    SLICE_X1Y56          FDRE                         0.000     0.000 r  pixel_gen_inst/DisplayLevel_inst/ControlChar_inst/Y_Dir_reg[8]/C
    SLICE_X1Y56          FDRE (Prop_fdre_C_Q)         0.456     0.456 r  pixel_gen_inst/DisplayLevel_inst/ControlChar_inst/Y_Dir_reg[8]/Q
                         net (fo=10, routed)          1.133     1.589    pixel_gen_inst/DisplayLevel_inst/ControlChar_inst/Y_Dir_reg_n_0_[8]
    SLICE_X0Y58          LUT2 (Prop_lut2_I1_O)        0.124     1.713 r  pixel_gen_inst/DisplayLevel_inst/ControlChar_inst/Y_OutS0_carry__0_i_4/O
                         net (fo=1, routed)           0.000     1.713    pixel_gen_inst/DisplayLevel_inst/ControlChar_inst/Y_OutS0_carry__0_i_4_n_0
    SLICE_X0Y58          CARRY4 (Prop_carry4_S[0]_CO[3])
                                                      0.532     2.245 r  pixel_gen_inst/DisplayLevel_inst/ControlChar_inst/Y_OutS0_carry__0/CO[3]
                         net (fo=1, routed)           0.000     2.245    pixel_gen_inst/DisplayLevel_inst/ControlChar_inst/Y_OutS0_carry__0_n_0
    SLICE_X0Y59          CARRY4 (Prop_carry4_CI_O[0])
                                                      0.223     2.468 r  pixel_gen_inst/DisplayLevel_inst/ControlChar_inst/Y_OutS0_carry__1/O[0]
                         net (fo=1, routed)           0.000     2.468    pixel_gen_inst/DisplayLevel_inst/ControlChar_inst/Y_OutS0[9]
    SLICE_X0Y59          FDRE                                         r  pixel_gen_inst/DisplayLevel_inst/ControlChar_inst/Y_OutS_reg[9]/D
  -------------------------------------------------------------------    -------------------

Slack:                    inf
  Source:                 pixel_gen_inst/DisplayLevel_inst/ControlChar_inst/Y_OutS_reg[3]/C
                            (rising edge-triggered cell FDRE)
  Destination:            pixel_gen_inst/DisplayLevel_inst/ControlChar_inst/Y_Dir_reg[8]/D
  Path Group:             (none)
  Path Type:              Max at Slow Process Corner
  Data Path Delay:        2.430ns  (logic 0.704ns (28.972%)  route 1.726ns (71.028%))
  Logic Levels:           3  (FDRE=1 LUT5=1 LUT6=1)

    Location             Delay type                Incr(ns)  Path(ns)    Netlist Resource(s)
  -------------------------------------------------------------------    -------------------
    SLICE_X0Y57          FDRE                         0.000     0.000 r  pixel_gen_inst/DisplayLevel_inst/ControlChar_inst/Y_OutS_reg[3]/C
    SLICE_X0Y57          FDRE (Prop_fdre_C_Q)         0.456     0.456 r  pixel_gen_inst/DisplayLevel_inst/ControlChar_inst/Y_OutS_reg[3]/Q
                         net (fo=7, routed)           0.920     1.376    pixel_gen_inst/DisplayLevel_inst/ControlChar_inst/Y_OutS_reg[3]
    SLICE_X1Y57          LUT6 (Prop_lut6_I0_O)        0.124     1.500 r  pixel_gen_inst/DisplayLevel_inst/ControlChar_inst/Y_Dir[8]_i_3/O
                         net (fo=1, routed)           0.806     2.306    pixel_gen_inst/DisplayLevel_inst/ControlChar_inst/Y_Dir[8]_i_3_n_0
    SLICE_X1Y56          LUT5 (Prop_lut5_I4_O)        0.124     2.430 r  pixel_gen_inst/DisplayLevel_inst/ControlChar_inst/Y_Dir[8]_i_1/O
                         net (fo=1, routed)           0.000     2.430    pixel_gen_inst/DisplayLevel_inst/ControlChar_inst/Y_Dir[8]_i_1_n_0
    SLICE_X1Y56          FDRE                                         r  pixel_gen_inst/DisplayLevel_inst/ControlChar_inst/Y_Dir_reg[8]/D
  -------------------------------------------------------------------    -------------------

Slack:                    inf
  Source:                 pixel_gen_inst/DisplayLevel_inst/ControlChar_inst/Y_Dir_reg[8]/C
                            (rising edge-triggered cell FDRE)
  Destination:            pixel_gen_inst/DisplayLevel_inst/ControlChar_inst/Y_OutS_reg[8]/D
  Path Group:             (none)
  Path Type:              Max at Slow Process Corner
  Data Path Delay:        2.319ns  (logic 1.186ns (51.143%)  route 1.133ns (48.857%))
  Logic Levels:           3  (CARRY4=1 FDRE=1 LUT2=1)

    Location             Delay type                Incr(ns)  Path(ns)    Netlist Resource(s)
  -------------------------------------------------------------------    -------------------
    SLICE_X1Y56          FDRE                         0.000     0.000 r  pixel_gen_inst/DisplayLevel_inst/ControlChar_inst/Y_Dir_reg[8]/C
    SLICE_X1Y56          FDRE (Prop_fdre_C_Q)         0.456     0.456 r  pixel_gen_inst/DisplayLevel_inst/ControlChar_inst/Y_Dir_reg[8]/Q
                         net (fo=10, routed)          1.133     1.589    pixel_gen_inst/DisplayLevel_inst/ControlChar_inst/Y_Dir_reg_n_0_[8]
    SLICE_X0Y58          LUT2 (Prop_lut2_I1_O)        0.124     1.713 r  pixel_gen_inst/DisplayLevel_inst/ControlChar_inst/Y_OutS0_carry__0_i_4/O
                         net (fo=1, routed)           0.000     1.713    pixel_gen_inst/DisplayLevel_inst/ControlChar_inst/Y_OutS0_carry__0_i_4_n_0
    SLICE_X0Y58          CARRY4 (Prop_carry4_S[0]_O[3])
                                                      0.606     2.319 r  pixel_gen_inst/DisplayLevel_inst/ControlChar_inst/Y_OutS0_carry__0/O[3]
                         net (fo=1, routed)           0.000     2.319    pixel_gen_inst/DisplayLevel_inst/ControlChar_inst/Y_OutS0[8]
    SLICE_X0Y58          FDRE                                         r  pixel_gen_inst/DisplayLevel_inst/ControlChar_inst/Y_OutS_reg[8]/D
  -------------------------------------------------------------------    -------------------

Slack:                    inf
  Source:                 pixel_gen_inst/DisplayLevel_inst/ControlChar_inst/Y_Dir_reg[8]/C
                            (rising edge-triggered cell FDRE)
  Destination:            pixel_gen_inst/DisplayLevel_inst/ControlChar_inst/Y_OutS_reg[7]/D
  Path Group:             (none)
  Path Type:              Max at Slow Process Corner
  Data Path Delay:        2.260ns  (logic 1.127ns (49.867%)  route 1.133ns (50.133%))
  Logic Levels:           3  (CARRY4=1 FDRE=1 LUT2=1)

    Location             Delay type                Incr(ns)  Path(ns)    Netlist Resource(s)
  -------------------------------------------------------------------    -------------------
    SLICE_X1Y56          FDRE                         0.000     0.000 r  pixel_gen_inst/DisplayLevel_inst/ControlChar_inst/Y_Dir_reg[8]/C
    SLICE_X1Y56          FDRE (Prop_fdre_C_Q)         0.456     0.456 r  pixel_gen_inst/DisplayLevel_inst/ControlChar_inst/Y_Dir_reg[8]/Q
                         net (fo=10, routed)          1.133     1.589    pixel_gen_inst/DisplayLevel_inst/ControlChar_inst/Y_Dir_reg_n_0_[8]
    SLICE_X0Y58          LUT2 (Prop_lut2_I1_O)        0.124     1.713 r  pixel_gen_inst/DisplayLevel_inst/ControlChar_inst/Y_OutS0_carry__0_i_4/O
                         net (fo=1, routed)           0.000     1.713    pixel_gen_inst/DisplayLevel_inst/ControlChar_inst/Y_OutS0_carry__0_i_4_n_0
    SLICE_X0Y58          CARRY4 (Prop_carry4_S[0]_O[2])
                                                      0.547     2.260 r  pixel_gen_inst/DisplayLevel_inst/ControlChar_inst/Y_OutS0_carry__0/O[2]
                         net (fo=1, routed)           0.000     2.260    pixel_gen_inst/DisplayLevel_inst/ControlChar_inst/Y_OutS0[7]
    SLICE_X0Y58          FDRE                                         r  pixel_gen_inst/DisplayLevel_inst/ControlChar_inst/Y_OutS_reg[7]/D
  -------------------------------------------------------------------    -------------------

Slack:                    inf
  Source:                 pixel_gen_inst/DisplayLevel_inst/ControlChar_inst/RICHTING_S_reg/C
                            (rising edge-triggered cell FDRE)
  Destination:            pixel_gen_inst/DisplayLevel_inst/ControlChar_inst/X_OutS_reg[9]/D
  Path Group:             (none)
  Path Type:              Max at Slow Process Corner
  Data Path Delay:        2.230ns  (logic 1.292ns (57.925%)  route 0.938ns (42.075%))
  Logic Levels:           5  (CARRY4=3 FDRE=1 LUT2=1)

    Location             Delay type                Incr(ns)  Path(ns)    Netlist Resource(s)
  -------------------------------------------------------------------    -------------------
    SLICE_X3Y57          FDRE                         0.000     0.000 r  pixel_gen_inst/DisplayLevel_inst/ControlChar_inst/RICHTING_S_reg/C
    SLICE_X3Y57          FDRE (Prop_fdre_C_Q)         0.456     0.456 r  pixel_gen_inst/DisplayLevel_inst/ControlChar_inst/RICHTING_S_reg/Q
                         net (fo=15, routed)          0.938     1.394    pixel_gen_inst/DisplayLevel_inst/ControlChar_inst/RICHTING_S
    SLICE_X2Y56          LUT2 (Prop_lut2_I1_O)        0.124     1.518 r  pixel_gen_inst/DisplayLevel_inst/ControlChar_inst/X_OutS0_carry_i_1/O
                         net (fo=1, routed)           0.000     1.518    pixel_gen_inst/DisplayLevel_inst/ControlChar_inst/X_OutS0_carry_i_1_n_0
    SLICE_X2Y56          CARRY4 (Prop_carry4_S[3]_CO[3])
                                                      0.376     1.894 r  pixel_gen_inst/DisplayLevel_inst/ControlChar_inst/X_OutS0_carry/CO[3]
                         net (fo=1, routed)           0.000     1.894    pixel_gen_inst/DisplayLevel_inst/ControlChar_inst/X_OutS0_carry_n_0
    SLICE_X2Y57          CARRY4 (Prop_carry4_CI_CO[3])
                                                      0.117     2.011 r  pixel_gen_inst/DisplayLevel_inst/ControlChar_inst/X_OutS0_carry__0/CO[3]
                         net (fo=1, routed)           0.000     2.011    pixel_gen_inst/DisplayLevel_inst/ControlChar_inst/X_OutS0_carry__0_n_0
    SLICE_X2Y58          CARRY4 (Prop_carry4_CI_O[0])
                                                      0.219     2.230 r  pixel_gen_inst/DisplayLevel_inst/ControlChar_inst/X_OutS0_carry__1/O[0]
                         net (fo=1, routed)           0.000     2.230    pixel_gen_inst/DisplayLevel_inst/ControlChar_inst/X_OutS0[9]
    SLICE_X2Y58          FDRE                                         r  pixel_gen_inst/DisplayLevel_inst/ControlChar_inst/X_OutS_reg[9]/D
  -------------------------------------------------------------------    -------------------

Slack:                    inf
  Source:                 pixel_gen_inst/DisplayLevel_inst/ControlChar_inst/Y_Dir_reg[8]/C
                            (rising edge-triggered cell FDRE)
  Destination:            pixel_gen_inst/DisplayLevel_inst/ControlChar_inst/Y_OutS_reg[6]/D
  Path Group:             (none)
  Path Type:              Max at Slow Process Corner
  Data Path Delay:        2.219ns  (logic 1.446ns (65.165%)  route 0.773ns (34.835%))
  Logic Levels:           4  (CARRY4=2 FDRE=1 LUT2=1)

    Location             Delay type                Incr(ns)  Path(ns)    Netlist Resource(s)
  -------------------------------------------------------------------    -------------------
    SLICE_X1Y56          FDRE                         0.000     0.000 r  pixel_gen_inst/DisplayLevel_inst/ControlChar_inst/Y_Dir_reg[8]/C
    SLICE_X1Y56          FDRE (Prop_fdre_C_Q)         0.456     0.456 r  pixel_gen_inst/DisplayLevel_inst/ControlChar_inst/Y_Dir_reg[8]/Q
                         net (fo=10, routed)          0.773     1.229    pixel_gen_inst/DisplayLevel_inst/ControlChar_inst/Y_Dir_reg_n_0_[8]
    SLICE_X0Y57          LUT2 (Prop_lut2_I1_O)        0.124     1.353 r  pixel_gen_inst/DisplayLevel_inst/ControlChar_inst/Y_OutS0_carry_i_4/O
                         net (fo=1, routed)           0.000     1.353    pixel_gen_inst/DisplayLevel_inst/ControlChar_inst/Y_OutS0_carry_i_4_n_0
    SLICE_X0Y57          CARRY4 (Prop_carry4_S[0]_CO[3])
                                                      0.532     1.885 r  pixel_gen_inst/DisplayLevel_inst/ControlChar_inst/Y_OutS0_carry/CO[3]
                         net (fo=1, routed)           0.000     1.885    pixel_gen_inst/DisplayLevel_inst/ControlChar_inst/Y_OutS0_carry_n_0
    SLICE_X0Y58          CARRY4 (Prop_carry4_CI_O[1])
                                                      0.334     2.219 r  pixel_gen_inst/DisplayLevel_inst/ControlChar_inst/Y_OutS0_carry__0/O[1]
                         net (fo=1, routed)           0.000     2.219    pixel_gen_inst/DisplayLevel_inst/ControlChar_inst/Y_OutS0[6]
    SLICE_X0Y58          FDRE                                         r  pixel_gen_inst/DisplayLevel_inst/ControlChar_inst/Y_OutS_reg[6]/D
  -------------------------------------------------------------------    -------------------

Slack:                    inf
  Source:                 pixel_gen_inst/DisplayLevel_inst/ControlChar_inst/RICHTING_S_reg/C
                            (rising edge-triggered cell FDRE)
  Destination:            pixel_gen_inst/DisplayLevel_inst/ControlChar_inst/X_OutS_reg[6]/D
  Path Group:             (none)
  Path Type:              Max at Slow Process Corner
  Data Path Delay:        2.217ns  (logic 1.279ns (57.678%)  route 0.938ns (42.322%))
  Logic Levels:           4  (CARRY4=2 FDRE=1 LUT2=1)

    Location             Delay type                Incr(ns)  Path(ns)    Netlist Resource(s)
  -------------------------------------------------------------------    -------------------
    SLICE_X3Y57          FDRE                         0.000     0.000 r  pixel_gen_inst/DisplayLevel_inst/ControlChar_inst/RICHTING_S_reg/C
    SLICE_X3Y57          FDRE (Prop_fdre_C_Q)         0.456     0.456 r  pixel_gen_inst/DisplayLevel_inst/ControlChar_inst/RICHTING_S_reg/Q
                         net (fo=15, routed)          0.938     1.394    pixel_gen_inst/DisplayLevel_inst/ControlChar_inst/RICHTING_S
    SLICE_X2Y56          LUT2 (Prop_lut2_I1_O)        0.124     1.518 r  pixel_gen_inst/DisplayLevel_inst/ControlChar_inst/X_OutS0_carry_i_1/O
                         net (fo=1, routed)           0.000     1.518    pixel_gen_inst/DisplayLevel_inst/ControlChar_inst/X_OutS0_carry_i_1_n_0
    SLICE_X2Y56          CARRY4 (Prop_carry4_S[3]_CO[3])
                                                      0.376     1.894 r  pixel_gen_inst/DisplayLevel_inst/ControlChar_inst/X_OutS0_carry/CO[3]
                         net (fo=1, routed)           0.000     1.894    pixel_gen_inst/DisplayLevel_inst/ControlChar_inst/X_OutS0_carry_n_0
    SLICE_X2Y57          CARRY4 (Prop_carry4_CI_O[1])
                                                      0.323     2.217 r  pixel_gen_inst/DisplayLevel_inst/ControlChar_inst/X_OutS0_carry__0/O[1]
                         net (fo=1, routed)           0.000     2.217    pixel_gen_inst/DisplayLevel_inst/ControlChar_inst/X_OutS0[6]
    SLICE_X2Y57          FDRE                                         r  pixel_gen_inst/DisplayLevel_inst/ControlChar_inst/X_OutS_reg[6]/D
  -------------------------------------------------------------------    -------------------

Slack:                    inf
  Source:                 pixel_gen_inst/DisplayLevel_inst/ControlChar_inst/RICHTING_S_reg/C
                            (rising edge-triggered cell FDRE)
  Destination:            pixel_gen_inst/DisplayLevel_inst/ControlChar_inst/X_OutS_reg[8]/D
  Path Group:             (none)
  Path Type:              Max at Slow Process Corner
  Data Path Delay:        2.209ns  (logic 1.271ns (57.525%)  route 0.938ns (42.475%))
  Logic Levels:           4  (CARRY4=2 FDRE=1 LUT2=1)

    Location             Delay type                Incr(ns)  Path(ns)    Netlist Resource(s)
  -------------------------------------------------------------------    -------------------
    SLICE_X3Y57          FDRE                         0.000     0.000 r  pixel_gen_inst/DisplayLevel_inst/ControlChar_inst/RICHTING_S_reg/C
    SLICE_X3Y57          FDRE (Prop_fdre_C_Q)         0.456     0.456 r  pixel_gen_inst/DisplayLevel_inst/ControlChar_inst/RICHTING_S_reg/Q
                         net (fo=15, routed)          0.938     1.394    pixel_gen_inst/DisplayLevel_inst/ControlChar_inst/RICHTING_S
    SLICE_X2Y56          LUT2 (Prop_lut2_I1_O)        0.124     1.518 r  pixel_gen_inst/DisplayLevel_inst/ControlChar_inst/X_OutS0_carry_i_1/O
                         net (fo=1, routed)           0.000     1.518    pixel_gen_inst/DisplayLevel_inst/ControlChar_inst/X_OutS0_carry_i_1_n_0
    SLICE_X2Y56          CARRY4 (Prop_carry4_S[3]_CO[3])
                                                      0.376     1.894 r  pixel_gen_inst/DisplayLevel_inst/ControlChar_inst/X_OutS0_carry/CO[3]
                         net (fo=1, routed)           0.000     1.894    pixel_gen_inst/DisplayLevel_inst/ControlChar_inst/X_OutS0_carry_n_0
    SLICE_X2Y57          CARRY4 (Prop_carry4_CI_O[3])
                                                      0.315     2.209 r  pixel_gen_inst/DisplayLevel_inst/ControlChar_inst/X_OutS0_carry__0/O[3]
                         net (fo=1, routed)           0.000     2.209    pixel_gen_inst/DisplayLevel_inst/ControlChar_inst/X_OutS0[8]
    SLICE_X2Y57          FDRE                                         r  pixel_gen_inst/DisplayLevel_inst/ControlChar_inst/X_OutS_reg[8]/D
  -------------------------------------------------------------------    -------------------

Slack:                    inf
  Source:                 pixel_gen_inst/DisplayLevel_inst/ControlChar_inst/RICHTING_S_reg/C
                            (rising edge-triggered cell FDRE)
  Destination:            pixel_gen_inst/DisplayLevel_inst/ControlChar_inst/X_OutS_reg[7]/D
  Path Group:             (none)
  Path Type:              Max at Slow Process Corner
  Data Path Delay:        2.133ns  (logic 1.195ns (56.012%)  route 0.938ns (43.988%))
  Logic Levels:           4  (CARRY4=2 FDRE=1 LUT2=1)

    Location             Delay type                Incr(ns)  Path(ns)    Netlist Resource(s)
  -------------------------------------------------------------------    -------------------
    SLICE_X3Y57          FDRE                         0.000     0.000 r  pixel_gen_inst/DisplayLevel_inst/ControlChar_inst/RICHTING_S_reg/C
    SLICE_X3Y57          FDRE (Prop_fdre_C_Q)         0.456     0.456 r  pixel_gen_inst/DisplayLevel_inst/ControlChar_inst/RICHTING_S_reg/Q
                         net (fo=15, routed)          0.938     1.394    pixel_gen_inst/DisplayLevel_inst/ControlChar_inst/RICHTING_S
    SLICE_X2Y56          LUT2 (Prop_lut2_I1_O)        0.124     1.518 r  pixel_gen_inst/DisplayLevel_inst/ControlChar_inst/X_OutS0_carry_i_1/O
                         net (fo=1, routed)           0.000     1.518    pixel_gen_inst/DisplayLevel_inst/ControlChar_inst/X_OutS0_carry_i_1_n_0
    SLICE_X2Y56          CARRY4 (Prop_carry4_S[3]_CO[3])
                                                      0.376     1.894 r  pixel_gen_inst/DisplayLevel_inst/ControlChar_inst/X_OutS0_carry/CO[3]
                         net (fo=1, routed)           0.000     1.894    pixel_gen_inst/DisplayLevel_inst/ControlChar_inst/X_OutS0_carry_n_0
    SLICE_X2Y57          CARRY4 (Prop_carry4_CI_O[2])
                                                      0.239     2.133 r  pixel_gen_inst/DisplayLevel_inst/ControlChar_inst/X_OutS0_carry__0/O[2]
                         net (fo=1, routed)           0.000     2.133    pixel_gen_inst/DisplayLevel_inst/ControlChar_inst/X_OutS0[7]
    SLICE_X2Y57          FDRE                                         r  pixel_gen_inst/DisplayLevel_inst/ControlChar_inst/X_OutS_reg[7]/D
  -------------------------------------------------------------------    -------------------





Min Delay Paths
--------------------------------------------------------------------------------------
Slack:                    inf
  Source:                 pixel_gen_inst/DisplayLevel_inst/ControlChar_inst/Y_OutS_reg[7]/C
                            (rising edge-triggered cell FDRE)
  Destination:            pixel_gen_inst/DisplayLevel_inst/ControlChar_inst/Y_OutS_reg[8]/D
  Path Group:             (none)
  Path Type:              Min at Fast Process Corner
  Data Path Delay:        0.361ns  (logic 0.268ns (74.249%)  route 0.093ns (25.751%))
  Logic Levels:           2  (CARRY4=1 FDRE=1)

    Location             Delay type                Incr(ns)  Path(ns)    Netlist Resource(s)
  -------------------------------------------------------------------    -------------------
    SLICE_X0Y58          FDRE                         0.000     0.000 r  pixel_gen_inst/DisplayLevel_inst/ControlChar_inst/Y_OutS_reg[7]/C
    SLICE_X0Y58          FDRE (Prop_fdre_C_Q)         0.141     0.141 r  pixel_gen_inst/DisplayLevel_inst/ControlChar_inst/Y_OutS_reg[7]/Q
                         net (fo=7, routed)           0.093     0.234    pixel_gen_inst/DisplayLevel_inst/ControlChar_inst/Y_OutS_reg[7]
    SLICE_X0Y58          CARRY4 (Prop_carry4_DI[2]_O[3])
                                                      0.127     0.361 r  pixel_gen_inst/DisplayLevel_inst/ControlChar_inst/Y_OutS0_carry__0/O[3]
                         net (fo=1, routed)           0.000     0.361    pixel_gen_inst/DisplayLevel_inst/ControlChar_inst/Y_OutS0[8]
    SLICE_X0Y58          FDRE                                         r  pixel_gen_inst/DisplayLevel_inst/ControlChar_inst/Y_OutS_reg[8]/D
  -------------------------------------------------------------------    -------------------

Slack:                    inf
  Source:                 pixel_gen_inst/DisplayLevel_inst/ControlChar_inst/X_OutS_reg[9]/C
                            (rising edge-triggered cell FDRE)
  Destination:            pixel_gen_inst/DisplayLevel_inst/ControlChar_inst/RICHTING_S_reg/D
  Path Group:             (none)
  Path Type:              Min at Fast Process Corner
  Data Path Delay:        0.368ns  (logic 0.209ns (56.730%)  route 0.159ns (43.270%))
  Logic Levels:           2  (FDRE=1 LUT6=1)

    Location             Delay type                Incr(ns)  Path(ns)    Netlist Resource(s)
  -------------------------------------------------------------------    -------------------
    SLICE_X2Y58          FDRE                         0.000     0.000 r  pixel_gen_inst/DisplayLevel_inst/ControlChar_inst/X_OutS_reg[9]/C
    SLICE_X2Y58          FDRE (Prop_fdre_C_Q)         0.164     0.164 r  pixel_gen_inst/DisplayLevel_inst/ControlChar_inst/X_OutS_reg[9]/Q
                         net (fo=3, routed)           0.159     0.323    pixel_gen_inst/DisplayLevel_inst/ControlChar_inst/X_OutS_reg[9]
    SLICE_X3Y57          LUT6 (Prop_lut6_I1_O)        0.045     0.368 r  pixel_gen_inst/DisplayLevel_inst/ControlChar_inst/RICHTING_S_i_1/O
                         net (fo=1, routed)           0.000     0.368    pixel_gen_inst/DisplayLevel_inst/ControlChar_inst/RICHTING_S_i_1_n_0
    SLICE_X3Y57          FDRE                                         r  pixel_gen_inst/DisplayLevel_inst/ControlChar_inst/RICHTING_S_reg/D
  -------------------------------------------------------------------    -------------------

Slack:                    inf
  Source:                 pixel_gen_inst/DisplayLevel_inst/ControlChar_inst/Y_OutS_reg[3]/C
                            (rising edge-triggered cell FDRE)
  Destination:            pixel_gen_inst/DisplayLevel_inst/ControlChar_inst/Y_OutS_reg[4]/D
  Path Group:             (none)
  Path Type:              Min at Fast Process Corner
  Data Path Delay:        0.372ns  (logic 0.268ns (72.045%)  route 0.104ns (27.955%))
  Logic Levels:           2  (CARRY4=1 FDRE=1)

    Location             Delay type                Incr(ns)  Path(ns)    Netlist Resource(s)
  -------------------------------------------------------------------    -------------------
    SLICE_X0Y57          FDRE                         0.000     0.000 r  pixel_gen_inst/DisplayLevel_inst/ControlChar_inst/Y_OutS_reg[3]/C
    SLICE_X0Y57          FDRE (Prop_fdre_C_Q)         0.141     0.141 r  pixel_gen_inst/DisplayLevel_inst/ControlChar_inst/Y_OutS_reg[3]/Q
                         net (fo=7, routed)           0.104     0.245    pixel_gen_inst/DisplayLevel_inst/ControlChar_inst/Y_OutS_reg[3]
    SLICE_X0Y57          CARRY4 (Prop_carry4_DI[2]_O[3])
                                                      0.127     0.372 r  pixel_gen_inst/DisplayLevel_inst/ControlChar_inst/Y_OutS0_carry/O[3]
                         net (fo=1, routed)           0.000     0.372    pixel_gen_inst/DisplayLevel_inst/ControlChar_inst/Y_OutS0[4]
    SLICE_X0Y57          FDRE                                         r  pixel_gen_inst/DisplayLevel_inst/ControlChar_inst/Y_OutS_reg[4]/D
  -------------------------------------------------------------------    -------------------

Slack:                    inf
  Source:                 pixel_gen_inst/DisplayLevel_inst/ControlChar_inst/X_OutS_reg[3]/C
                            (rising edge-triggered cell FDRE)
  Destination:            pixel_gen_inst/DisplayLevel_inst/ControlChar_inst/X_OutS_reg[4]/D
  Path Group:             (none)
  Path Type:              Min at Fast Process Corner
  Data Path Delay:        0.372ns  (logic 0.293ns (78.734%)  route 0.079ns (21.266%))
  Logic Levels:           2  (CARRY4=1 FDRE=1)

    Location             Delay type                Incr(ns)  Path(ns)    Netlist Resource(s)
  -------------------------------------------------------------------    -------------------
    SLICE_X2Y56          FDRE                         0.000     0.000 r  pixel_gen_inst/DisplayLevel_inst/ControlChar_inst/X_OutS_reg[3]/C
    SLICE_X2Y56          FDRE (Prop_fdre_C_Q)         0.164     0.164 r  pixel_gen_inst/DisplayLevel_inst/ControlChar_inst/X_OutS_reg[3]/Q
                         net (fo=11, routed)          0.079     0.243    pixel_gen_inst/DisplayLevel_inst/ControlChar_inst/X_OutS_reg[3]
    SLICE_X2Y56          CARRY4 (Prop_carry4_DI[2]_O[3])
                                                      0.129     0.372 r  pixel_gen_inst/DisplayLevel_inst/ControlChar_inst/X_OutS0_carry/O[3]
                         net (fo=1, routed)           0.000     0.372    pixel_gen_inst/DisplayLevel_inst/ControlChar_inst/X_OutS0[4]
    SLICE_X2Y56          FDRE                                         r  pixel_gen_inst/DisplayLevel_inst/ControlChar_inst/X_OutS_reg[4]/D
  -------------------------------------------------------------------    -------------------

Slack:                    inf
  Source:                 pixel_gen_inst/DisplayLevel_inst/ControlChar_inst/X_OutS_reg[7]/C
                            (rising edge-triggered cell FDRE)
  Destination:            pixel_gen_inst/DisplayLevel_inst/ControlChar_inst/X_OutS_reg[8]/D
  Path Group:             (none)
  Path Type:              Min at Fast Process Corner
  Data Path Delay:        0.372ns  (logic 0.293ns (78.721%)  route 0.079ns (21.279%))
  Logic Levels:           2  (CARRY4=1 FDRE=1)

    Location             Delay type                Incr(ns)  Path(ns)    Netlist Resource(s)
  -------------------------------------------------------------------    -------------------
    SLICE_X2Y57          FDRE                         0.000     0.000 r  pixel_gen_inst/DisplayLevel_inst/ControlChar_inst/X_OutS_reg[7]/C
    SLICE_X2Y57          FDRE (Prop_fdre_C_Q)         0.164     0.164 r  pixel_gen_inst/DisplayLevel_inst/ControlChar_inst/X_OutS_reg[7]/Q
                         net (fo=7, routed)           0.079     0.243    pixel_gen_inst/DisplayLevel_inst/ControlChar_inst/X_OutS_reg[7]
    SLICE_X2Y57          CARRY4 (Prop_carry4_DI[2]_O[3])
                                                      0.129     0.372 r  pixel_gen_inst/DisplayLevel_inst/ControlChar_inst/X_OutS0_carry__0/O[3]
                         net (fo=1, routed)           0.000     0.372    pixel_gen_inst/DisplayLevel_inst/ControlChar_inst/X_OutS0[8]
    SLICE_X2Y57          FDRE                                         r  pixel_gen_inst/DisplayLevel_inst/ControlChar_inst/X_OutS_reg[8]/D
  -------------------------------------------------------------------    -------------------

Slack:                    inf
  Source:                 pixel_gen_inst/DisplayLevel_inst/ControlChar_inst/Y_OutS_reg[5]/C
                            (rising edge-triggered cell FDRE)
  Destination:            pixel_gen_inst/DisplayLevel_inst/ControlChar_inst/Y_OutS_reg[6]/D
  Path Group:             (none)
  Path Type:              Min at Fast Process Corner
  Data Path Delay:        0.377ns  (logic 0.265ns (70.315%)  route 0.112ns (29.685%))
  Logic Levels:           2  (CARRY4=1 FDRE=1)

    Location             Delay type                Incr(ns)  Path(ns)    Netlist Resource(s)
  -------------------------------------------------------------------    -------------------
    SLICE_X0Y58          FDRE                         0.000     0.000 r  pixel_gen_inst/DisplayLevel_inst/ControlChar_inst/Y_OutS_reg[5]/C
    SLICE_X0Y58          FDRE (Prop_fdre_C_Q)         0.141     0.141 r  pixel_gen_inst/DisplayLevel_inst/ControlChar_inst/Y_OutS_reg[5]/Q
                         net (fo=6, routed)           0.112     0.253    pixel_gen_inst/DisplayLevel_inst/ControlChar_inst/Y_OutS_reg[5]
    SLICE_X0Y58          CARRY4 (Prop_carry4_DI[0]_O[1])
                                                      0.124     0.377 r  pixel_gen_inst/DisplayLevel_inst/ControlChar_inst/Y_OutS0_carry__0/O[1]
                         net (fo=1, routed)           0.000     0.377    pixel_gen_inst/DisplayLevel_inst/ControlChar_inst/Y_OutS0[6]
    SLICE_X0Y58          FDRE                                         r  pixel_gen_inst/DisplayLevel_inst/ControlChar_inst/Y_OutS_reg[6]/D
  -------------------------------------------------------------------    -------------------

Slack:                    inf
  Source:                 pixel_gen_inst/DisplayLevel_inst/ControlChar_inst/X_OutS_reg[0]/C
                            (rising edge-triggered cell FDRE)
  Destination:            pixel_gen_inst/DisplayLevel_inst/ControlChar_inst/X_OutS_reg[0]/D
  Path Group:             (none)
  Path Type:              Min at Fast Process Corner
  Data Path Delay:        0.379ns  (logic 0.186ns (49.124%)  route 0.193ns (50.876%))
  Logic Levels:           2  (FDRE=1 LUT1=1)

    Location             Delay type                Incr(ns)  Path(ns)    Netlist Resource(s)
  -------------------------------------------------------------------    -------------------
    SLICE_X3Y58          FDRE                         0.000     0.000 r  pixel_gen_inst/DisplayLevel_inst/ControlChar_inst/X_OutS_reg[0]/C
    SLICE_X3Y58          FDRE (Prop_fdre_C_Q)         0.141     0.141 f  pixel_gen_inst/DisplayLevel_inst/ControlChar_inst/X_OutS_reg[0]/Q
                         net (fo=4, routed)           0.193     0.334    pixel_gen_inst/DisplayLevel_inst/ControlChar_inst/D[0]
    SLICE_X3Y58          LUT1 (Prop_lut1_I0_O)        0.045     0.379 r  pixel_gen_inst/DisplayLevel_inst/ControlChar_inst/X_OutS[0]_i_1/O
                         net (fo=1, routed)           0.000     0.379    pixel_gen_inst/DisplayLevel_inst/ControlChar_inst/X_OutS0[0]
    SLICE_X3Y58          FDRE                                         r  pixel_gen_inst/DisplayLevel_inst/ControlChar_inst/X_OutS_reg[0]/D
  -------------------------------------------------------------------    -------------------

Slack:                    inf
  Source:                 pixel_gen_inst/DisplayLevel_inst/ControlChar_inst/Y_OutS_reg[1]/C
                            (rising edge-triggered cell FDRE)
  Destination:            pixel_gen_inst/DisplayLevel_inst/ControlChar_inst/Y_Dir_reg[8]/D
  Path Group:             (none)
  Path Type:              Min at Fast Process Corner
  Data Path Delay:        0.381ns  (logic 0.186ns (48.810%)  route 0.195ns (51.190%))
  Logic Levels:           2  (FDRE=1 LUT5=1)

    Location             Delay type                Incr(ns)  Path(ns)    Netlist Resource(s)
  -------------------------------------------------------------------    -------------------
    SLICE_X0Y57          FDRE                         0.000     0.000 r  pixel_gen_inst/DisplayLevel_inst/ControlChar_inst/Y_OutS_reg[1]/C
    SLICE_X0Y57          FDRE (Prop_fdre_C_Q)         0.141     0.141 r  pixel_gen_inst/DisplayLevel_inst/ControlChar_inst/Y_OutS_reg[1]/Q
                         net (fo=9, routed)           0.195     0.336    pixel_gen_inst/DisplayLevel_inst/ControlChar_inst/Y_OutS_reg[1]
    SLICE_X1Y56          LUT5 (Prop_lut5_I2_O)        0.045     0.381 r  pixel_gen_inst/DisplayLevel_inst/ControlChar_inst/Y_Dir[8]_i_1/O
                         net (fo=1, routed)           0.000     0.381    pixel_gen_inst/DisplayLevel_inst/ControlChar_inst/Y_Dir[8]_i_1_n_0
    SLICE_X1Y56          FDRE                                         r  pixel_gen_inst/DisplayLevel_inst/ControlChar_inst/Y_Dir_reg[8]/D
  -------------------------------------------------------------------    -------------------

Slack:                    inf
  Source:                 pixel_gen_inst/DisplayLevel_inst/ControlChar_inst/X_OutS_reg[5]/C
                            (rising edge-triggered cell FDRE)
  Destination:            pixel_gen_inst/DisplayLevel_inst/ControlChar_inst/X_OutS_reg[6]/D
  Path Group:             (none)
  Path Type:              Min at Fast Process Corner
  Data Path Delay:        0.384ns  (logic 0.293ns (76.236%)  route 0.091ns (23.764%))
  Logic Levels:           2  (CARRY4=1 FDRE=1)

    Location             Delay type                Incr(ns)  Path(ns)    Netlist Resource(s)
  -------------------------------------------------------------------    -------------------
    SLICE_X2Y57          FDRE                         0.000     0.000 r  pixel_gen_inst/DisplayLevel_inst/ControlChar_inst/X_OutS_reg[5]/C
    SLICE_X2Y57          FDRE (Prop_fdre_C_Q)         0.164     0.164 r  pixel_gen_inst/DisplayLevel_inst/ControlChar_inst/X_OutS_reg[5]/Q
                         net (fo=9, routed)           0.091     0.255    pixel_gen_inst/DisplayLevel_inst/ControlChar_inst/X_OutS_reg[5]
    SLICE_X2Y57          CARRY4 (Prop_carry4_DI[0]_O[1])
                                                      0.129     0.384 r  pixel_gen_inst/DisplayLevel_inst/ControlChar_inst/X_OutS0_carry__0/O[1]
                         net (fo=1, routed)           0.000     0.384    pixel_gen_inst/DisplayLevel_inst/ControlChar_inst/X_OutS0[6]
    SLICE_X2Y57          FDRE                                         r  pixel_gen_inst/DisplayLevel_inst/ControlChar_inst/X_OutS_reg[6]/D
  -------------------------------------------------------------------    -------------------

Slack:                    inf
  Source:                 pixel_gen_inst/DisplayLevel_inst/ControlChar_inst/Y_OutS_reg[2]/C
                            (rising edge-triggered cell FDRE)
  Destination:            pixel_gen_inst/DisplayLevel_inst/ControlChar_inst/Y_OutS_reg[3]/D
  Path Group:             (none)
  Path Type:              Min at Fast Process Corner
  Data Path Delay:        0.402ns  (logic 0.287ns (71.339%)  route 0.115ns (28.661%))
  Logic Levels:           2  (CARRY4=1 FDRE=1)

    Location             Delay type                Incr(ns)  Path(ns)    Netlist Resource(s)
  -------------------------------------------------------------------    -------------------
    SLICE_X0Y57          FDRE                         0.000     0.000 r  pixel_gen_inst/DisplayLevel_inst/ControlChar_inst/Y_OutS_reg[2]/C
    SLICE_X0Y57          FDRE (Prop_fdre_C_Q)         0.141     0.141 r  pixel_gen_inst/DisplayLevel_inst/ControlChar_inst/Y_OutS_reg[2]/Q
                         net (fo=8, routed)           0.115     0.256    pixel_gen_inst/DisplayLevel_inst/ControlChar_inst/Y_OutS_reg[2]
    SLICE_X0Y57          CARRY4 (Prop_carry4_DI[1]_O[2])
                                                      0.146     0.402 r  pixel_gen_inst/DisplayLevel_inst/ControlChar_inst/Y_OutS0_carry/O[2]
                         net (fo=1, routed)           0.000     0.402    pixel_gen_inst/DisplayLevel_inst/ControlChar_inst/Y_OutS0[3]
    SLICE_X0Y57          FDRE                                         r  pixel_gen_inst/DisplayLevel_inst/ControlChar_inst/Y_OutS_reg[3]/D
  -------------------------------------------------------------------    -------------------





--------------------------------------------------------------------------------------
Path Group:  (none)
From Clock:  clk_25_clkDVIprescaler
  To Clock:  

Max Delay            16 Endpoints
Min Delay            16 Endpoints
--------------------------------------------------------------------------------------


Max Delay Paths
--------------------------------------------------------------------------------------
Slack:                    inf
  Source:                 prescaler_instance/inst/mmcm_adv_inst/CLKOUT0
                            (clock source 'clk_25_clkDVIprescaler'  {rise@0.000ns fall@20.000ns period=40.000ns})
  Destination:            clk_out
                            (output port)
  Path Group:             (none)
  Path Type:              Max at Slow Process Corner
  Data Path Delay:        8.192ns  (logic 3.604ns (43.990%)  route 4.589ns (56.010%))
  Logic Levels:           2  (BUFG=1 OBUF=1)
  Clock Uncertainty:      0.199ns  ((TSJ^2 + DJ^2)^1/2) / 2 + PE
    Total System Jitter     (TSJ):    0.050ns
    Discrete Jitter          (DJ):    0.182ns
    Phase Error              (PE):    0.104ns

    Location             Delay type                Incr(ns)  Path(ns)    Netlist Resource(s)
  -------------------------------------------------------------------    -------------------
                         (clock clk_25_clkDVIprescaler fall edge)
                                                     20.000    20.000 f  
    W5                                                0.000    20.000 f  clk100 (IN)
                         net (fo=0)                   0.000    20.000    prescaler_instance/inst/clk_100
    W5                   IBUF (Prop_ibuf_I_O)         1.458    21.458 f  prescaler_instance/inst/clkin1_ibufg/O
                         net (fo=1, routed)           1.233    22.691    prescaler_instance/inst/clk_100_clkDVIprescaler
  -------------------------------------------------------------------    -------------------
    MMCME2_ADV_X1Y0      MMCME2_ADV (Prop_mmcme2_adv_CLKIN1_CLKOUT0)
                                                     -6.961    15.731 f  prescaler_instance/inst/mmcm_adv_inst/CLKOUT0
                         net (fo=1, routed)           1.661    17.392    prescaler_instance/inst/clk_25_clkDVIprescaler
    BUFGCTRL_X0Y0        BUFG (Prop_bufg_I_O)         0.096    17.488 f  prescaler_instance/inst/clkout1_buf/O
                         net (fo=135, routed)         2.927    20.415    clk_out_OBUF
    M18                  OBUF (Prop_obuf_I_O)         3.508    23.923 f  clk_out_OBUF_inst/O
                         net (fo=0)                   0.000    23.923    clk_out
    M18                                                               f  clk_out (OUT)
  -------------------------------------------------------------------    -------------------

Slack:                    inf
  Source:                 pixel_gen_inst/PixelAan_reg/C
                            (rising edge-triggered cell FDRE clocked by clk_25_clkDVIprescaler  {rise@0.000ns fall@20.000ns period=40.000ns})
  Destination:            rgb[3]
                            (output port)
  Path Group:             (none)
  Path Type:              Max at Slow Process Corner
  Data Path Delay:        9.926ns  (logic 4.398ns (44.305%)  route 5.528ns (55.695%))
  Logic Levels:           2  (LUT2=1 OBUF=1)
  Clock Uncertainty:      0.199ns  ((TSJ^2 + DJ^2)^1/2) / 2 + PE
    Total System Jitter     (TSJ):    0.050ns
    Discrete Jitter          (DJ):    0.182ns
    Phase Error              (PE):    0.104ns

    Location             Delay type                Incr(ns)  Path(ns)    Netlist Resource(s)
  -------------------------------------------------------------------    -------------------
                         (clock clk_25_clkDVIprescaler rise edge)
                                                      0.000     0.000 r  
    W5                                                0.000     0.000 r  clk100 (IN)
                         net (fo=0)                   0.000     0.000    prescaler_instance/inst/clk_100
    W5                   IBUF (Prop_ibuf_I_O)         1.458     1.458 r  prescaler_instance/inst/clkin1_ibufg/O
                         net (fo=1, routed)           1.233     2.691    prescaler_instance/inst/clk_100_clkDVIprescaler
    MMCME2_ADV_X1Y0      MMCME2_ADV (Prop_mmcme2_adv_CLKIN1_CLKOUT0)
                                                     -6.961    -4.269 r  prescaler_instance/inst/mmcm_adv_inst/CLKOUT0
                         net (fo=1, routed)           1.661    -2.608    prescaler_instance/inst/clk_25_clkDVIprescaler
    BUFGCTRL_X0Y0        BUFG (Prop_bufg_I_O)         0.096    -2.512 r  prescaler_instance/inst/clkout1_buf/O
                         net (fo=135, routed)         1.621    -0.891    pixel_gen_inst/clk_25
    SLICE_X6Y60          FDRE                                         r  pixel_gen_inst/PixelAan_reg/C
  -------------------------------------------------------------------    -------------------
    SLICE_X6Y60          FDRE (Prop_fdre_C_Q)         0.518    -0.373 r  pixel_gen_inst/PixelAan_reg/Q
                         net (fo=12, routed)          1.305     0.932    pixel_gen_inst/PixelAan
    SLICE_X4Y62          LUT2 (Prop_lut2_I0_O)        0.152     1.084 r  pixel_gen_inst/rgb_OBUF[3]_inst_i_1/O
                         net (fo=1, routed)           4.223     5.308    rgb_OBUF[3]
    A14                  OBUF (Prop_obuf_I_O)         3.728     9.035 r  rgb_OBUF[3]_inst/O
                         net (fo=0)                   0.000     9.035    rgb[3]
    A14                                                               r  rgb[3] (OUT)
  -------------------------------------------------------------------    -------------------

Slack:                    inf
  Source:                 pixel_gen_inst/PixelAan_reg/C
                            (rising edge-triggered cell FDRE clocked by clk_25_clkDVIprescaler  {rise@0.000ns fall@20.000ns period=40.000ns})
  Destination:            rgb[2]
                            (output port)
  Path Group:             (none)
  Path Type:              Max at Slow Process Corner
  Data Path Delay:        9.778ns  (logic 4.145ns (42.391%)  route 5.633ns (57.609%))
  Logic Levels:           2  (LUT2=1 OBUF=1)
  Clock Uncertainty:      0.199ns  ((TSJ^2 + DJ^2)^1/2) / 2 + PE
    Total System Jitter     (TSJ):    0.050ns
    Discrete Jitter          (DJ):    0.182ns
    Phase Error              (PE):    0.104ns

    Location             Delay type                Incr(ns)  Path(ns)    Netlist Resource(s)
  -------------------------------------------------------------------    -------------------
                         (clock clk_25_clkDVIprescaler rise edge)
                                                      0.000     0.000 r  
    W5                                                0.000     0.000 r  clk100 (IN)
                         net (fo=0)                   0.000     0.000    prescaler_instance/inst/clk_100
    W5                   IBUF (Prop_ibuf_I_O)         1.458     1.458 r  prescaler_instance/inst/clkin1_ibufg/O
                         net (fo=1, routed)           1.233     2.691    prescaler_instance/inst/clk_100_clkDVIprescaler
    MMCME2_ADV_X1Y0      MMCME2_ADV (Prop_mmcme2_adv_CLKIN1_CLKOUT0)
                                                     -6.961    -4.269 r  prescaler_instance/inst/mmcm_adv_inst/CLKOUT0
                         net (fo=1, routed)           1.661    -2.608    prescaler_instance/inst/clk_25_clkDVIprescaler
    BUFGCTRL_X0Y0        BUFG (Prop_bufg_I_O)         0.096    -2.512 r  prescaler_instance/inst/clkout1_buf/O
                         net (fo=135, routed)         1.621    -0.891    pixel_gen_inst/clk_25
    SLICE_X6Y60          FDRE                                         r  pixel_gen_inst/PixelAan_reg/C
  -------------------------------------------------------------------    -------------------
    SLICE_X6Y60          FDRE (Prop_fdre_C_Q)         0.518    -0.373 r  pixel_gen_inst/PixelAan_reg/Q
                         net (fo=12, routed)          1.305     0.932    pixel_gen_inst/PixelAan
    SLICE_X4Y62          LUT2 (Prop_lut2_I0_O)        0.124     1.056 r  pixel_gen_inst/rgb_OBUF[2]_inst_i_1/O
                         net (fo=1, routed)           4.328     5.384    rgb_OBUF[2]
    A15                  OBUF (Prop_obuf_I_O)         3.503     8.887 r  rgb_OBUF[2]_inst/O
                         net (fo=0)                   0.000     8.887    rgb[2]
    A15                                                               r  rgb[2] (OUT)
  -------------------------------------------------------------------    -------------------

Slack:                    inf
  Source:                 pixel_gen_inst/rgb_out_reg[7]/C
                            (rising edge-triggered cell FDRE clocked by clk_25_clkDVIprescaler  {rise@0.000ns fall@20.000ns period=40.000ns})
  Destination:            rgb[7]
                            (output port)
  Path Group:             (none)
  Path Type:              Max at Slow Process Corner
  Data Path Delay:        9.174ns  (logic 4.393ns (47.883%)  route 4.781ns (52.117%))
  Logic Levels:           2  (LUT2=1 OBUF=1)
  Clock Uncertainty:      0.199ns  ((TSJ^2 + DJ^2)^1/2) / 2 + PE
    Total System Jitter     (TSJ):    0.050ns
    Discrete Jitter          (DJ):    0.182ns
    Phase Error              (PE):    0.104ns

    Location             Delay type                Incr(ns)  Path(ns)    Netlist Resource(s)
  -------------------------------------------------------------------    -------------------
                         (clock clk_25_clkDVIprescaler rise edge)
                                                      0.000     0.000 r  
    W5                                                0.000     0.000 r  clk100 (IN)
                         net (fo=0)                   0.000     0.000    prescaler_instance/inst/clk_100
    W5                   IBUF (Prop_ibuf_I_O)         1.458     1.458 r  prescaler_instance/inst/clkin1_ibufg/O
                         net (fo=1, routed)           1.233     2.691    prescaler_instance/inst/clk_100_clkDVIprescaler
    MMCME2_ADV_X1Y0      MMCME2_ADV (Prop_mmcme2_adv_CLKIN1_CLKOUT0)
                                                     -6.961    -4.269 r  prescaler_instance/inst/mmcm_adv_inst/CLKOUT0
                         net (fo=1, routed)           1.661    -2.608    prescaler_instance/inst/clk_25_clkDVIprescaler
    BUFGCTRL_X0Y0        BUFG (Prop_bufg_I_O)         0.096    -2.512 r  prescaler_instance/inst/clkout1_buf/O
                         net (fo=135, routed)         1.620    -0.892    pixel_gen_inst/clk_25
    SLICE_X6Y61          FDRE                                         r  pixel_gen_inst/rgb_out_reg[7]/C
  -------------------------------------------------------------------    -------------------
    SLICE_X6Y61          FDRE (Prop_fdre_C_Q)         0.518    -0.374 r  pixel_gen_inst/rgb_out_reg[7]/Q
                         net (fo=1, routed)           0.803     0.429    pixel_gen_inst/rgb_out[7]
    SLICE_X6Y61          LUT2 (Prop_lut2_I1_O)        0.146     0.575 r  pixel_gen_inst/rgb_OBUF[7]_inst_i_1/O
                         net (fo=1, routed)           3.978     4.553    rgb_OBUF[7]
    B15                  OBUF (Prop_obuf_I_O)         3.729     8.282 r  rgb_OBUF[7]_inst/O
                         net (fo=0)                   0.000     8.282    rgb[7]
    B15                                                               r  rgb[7] (OUT)
  -------------------------------------------------------------------    -------------------

Slack:                    inf
  Source:                 pixel_gen_inst/rgb_out_reg[5]/C
                            (rising edge-triggered cell FDRE clocked by clk_25_clkDVIprescaler  {rise@0.000ns fall@20.000ns period=40.000ns})
  Destination:            rgb[5]
                            (output port)
  Path Group:             (none)
  Path Type:              Max at Slow Process Corner
  Data Path Delay:        9.078ns  (logic 4.397ns (48.439%)  route 4.680ns (51.561%))
  Logic Levels:           2  (LUT2=1 OBUF=1)
  Clock Uncertainty:      0.199ns  ((TSJ^2 + DJ^2)^1/2) / 2 + PE
    Total System Jitter     (TSJ):    0.050ns
    Discrete Jitter          (DJ):    0.182ns
    Phase Error              (PE):    0.104ns

    Location             Delay type                Incr(ns)  Path(ns)    Netlist Resource(s)
  -------------------------------------------------------------------    -------------------
                         (clock clk_25_clkDVIprescaler rise edge)
                                                      0.000     0.000 r  
    W5                                                0.000     0.000 r  clk100 (IN)
                         net (fo=0)                   0.000     0.000    prescaler_instance/inst/clk_100
    W5                   IBUF (Prop_ibuf_I_O)         1.458     1.458 r  prescaler_instance/inst/clkin1_ibufg/O
                         net (fo=1, routed)           1.233     2.691    prescaler_instance/inst/clk_100_clkDVIprescaler
    MMCME2_ADV_X1Y0      MMCME2_ADV (Prop_mmcme2_adv_CLKIN1_CLKOUT0)
                                                     -6.961    -4.269 r  prescaler_instance/inst/mmcm_adv_inst/CLKOUT0
                         net (fo=1, routed)           1.661    -2.608    prescaler_instance/inst/clk_25_clkDVIprescaler
    BUFGCTRL_X0Y0        BUFG (Prop_bufg_I_O)         0.096    -2.512 r  prescaler_instance/inst/clkout1_buf/O
                         net (fo=135, routed)         1.621    -0.891    pixel_gen_inst/clk_25
    SLICE_X6Y59          FDRE                                         r  pixel_gen_inst/rgb_out_reg[5]/C
  -------------------------------------------------------------------    -------------------
    SLICE_X6Y59          FDRE (Prop_fdre_C_Q)         0.518    -0.373 r  pixel_gen_inst/rgb_out_reg[5]/Q
                         net (fo=1, routed)           0.795     0.422    pixel_gen_inst/rgb_out[5]
    SLICE_X6Y60          LUT2 (Prop_lut2_I1_O)        0.152     0.574 r  pixel_gen_inst/rgb_OBUF[5]_inst_i_1/O
                         net (fo=1, routed)           3.885     4.460    rgb_OBUF[5]
    B16                  OBUF (Prop_obuf_I_O)         3.727     8.187 r  rgb_OBUF[5]_inst/O
                         net (fo=0)                   0.000     8.187    rgb[5]
    B16                                                               r  rgb[5] (OUT)
  -------------------------------------------------------------------    -------------------

Slack:                    inf
  Source:                 pixel_gen_inst/PixelAan_reg/C
                            (rising edge-triggered cell FDRE clocked by clk_25_clkDVIprescaler  {rise@0.000ns fall@20.000ns period=40.000ns})
  Destination:            rgb[0]
                            (output port)
  Path Group:             (none)
  Path Type:              Max at Slow Process Corner
  Data Path Delay:        8.857ns  (logic 4.346ns (49.068%)  route 4.511ns (50.932%))
  Logic Levels:           2  (LUT2=1 OBUF=1)
  Clock Uncertainty:      0.199ns  ((TSJ^2 + DJ^2)^1/2) / 2 + PE
    Total System Jitter     (TSJ):    0.050ns
    Discrete Jitter          (DJ):    0.182ns
    Phase Error              (PE):    0.104ns

    Location             Delay type                Incr(ns)  Path(ns)    Netlist Resource(s)
  -------------------------------------------------------------------    -------------------
                         (clock clk_25_clkDVIprescaler rise edge)
                                                      0.000     0.000 r  
    W5                                                0.000     0.000 r  clk100 (IN)
                         net (fo=0)                   0.000     0.000    prescaler_instance/inst/clk_100
    W5                   IBUF (Prop_ibuf_I_O)         1.458     1.458 r  prescaler_instance/inst/clkin1_ibufg/O
                         net (fo=1, routed)           1.233     2.691    prescaler_instance/inst/clk_100_clkDVIprescaler
    MMCME2_ADV_X1Y0      MMCME2_ADV (Prop_mmcme2_adv_CLKIN1_CLKOUT0)
                                                     -6.961    -4.269 r  prescaler_instance/inst/mmcm_adv_inst/CLKOUT0
                         net (fo=1, routed)           1.661    -2.608    prescaler_instance/inst/clk_25_clkDVIprescaler
    BUFGCTRL_X0Y0        BUFG (Prop_bufg_I_O)         0.096    -2.512 r  prescaler_instance/inst/clkout1_buf/O
                         net (fo=135, routed)         1.621    -0.891    pixel_gen_inst/clk_25
    SLICE_X6Y60          FDRE                                         r  pixel_gen_inst/PixelAan_reg/C
  -------------------------------------------------------------------    -------------------
    SLICE_X6Y60          FDRE (Prop_fdre_C_Q)         0.518    -0.373 r  pixel_gen_inst/PixelAan_reg/Q
                         net (fo=12, routed)          0.733     0.360    pixel_gen_inst/PixelAan
    SLICE_X4Y62          LUT2 (Prop_lut2_I0_O)        0.118     0.478 r  pixel_gen_inst/rgb_OBUF[0]_inst_i_1/O
                         net (fo=1, routed)           3.778     4.256    rgb_OBUF[0]
    A17                  OBUF (Prop_obuf_I_O)         3.710     7.966 r  rgb_OBUF[0]_inst/O
                         net (fo=0)                   0.000     7.966    rgb[0]
    A17                                                               r  rgb[0] (OUT)
  -------------------------------------------------------------------    -------------------

Slack:                    inf
  Source:                 pixel_gen_inst/rgb_out_reg[4]/C
                            (rising edge-triggered cell FDRE clocked by clk_25_clkDVIprescaler  {rise@0.000ns fall@20.000ns period=40.000ns})
  Destination:            rgb[4]
                            (output port)
  Path Group:             (none)
  Path Type:              Max at Slow Process Corner
  Data Path Delay:        8.723ns  (logic 4.134ns (47.392%)  route 4.589ns (52.608%))
  Logic Levels:           2  (LUT2=1 OBUF=1)
  Clock Uncertainty:      0.199ns  ((TSJ^2 + DJ^2)^1/2) / 2 + PE
    Total System Jitter     (TSJ):    0.050ns
    Discrete Jitter          (DJ):    0.182ns
    Phase Error              (PE):    0.104ns

    Location             Delay type                Incr(ns)  Path(ns)    Netlist Resource(s)
  -------------------------------------------------------------------    -------------------
                         (clock clk_25_clkDVIprescaler rise edge)
                                                      0.000     0.000 r  
    W5                                                0.000     0.000 r  clk100 (IN)
                         net (fo=0)                   0.000     0.000    prescaler_instance/inst/clk_100
    W5                   IBUF (Prop_ibuf_I_O)         1.458     1.458 r  prescaler_instance/inst/clkin1_ibufg/O
                         net (fo=1, routed)           1.233     2.691    prescaler_instance/inst/clk_100_clkDVIprescaler
    MMCME2_ADV_X1Y0      MMCME2_ADV (Prop_mmcme2_adv_CLKIN1_CLKOUT0)
                                                     -6.961    -4.269 r  prescaler_instance/inst/mmcm_adv_inst/CLKOUT0
                         net (fo=1, routed)           1.661    -2.608    prescaler_instance/inst/clk_25_clkDVIprescaler
    BUFGCTRL_X0Y0        BUFG (Prop_bufg_I_O)         0.096    -2.512 r  prescaler_instance/inst/clkout1_buf/O
                         net (fo=135, routed)         1.621    -0.891    pixel_gen_inst/clk_25
    SLICE_X6Y59          FDRE                                         r  pixel_gen_inst/rgb_out_reg[4]/C
  -------------------------------------------------------------------    -------------------
    SLICE_X6Y59          FDRE (Prop_fdre_C_Q)         0.518    -0.373 r  pixel_gen_inst/rgb_out_reg[4]/Q
                         net (fo=1, routed)           0.731     0.358    pixel_gen_inst/rgb_out[4]
    SLICE_X6Y60          LUT2 (Prop_lut2_I1_O)        0.124     0.482 r  pixel_gen_inst/rgb_OBUF[4]_inst_i_1/O
                         net (fo=1, routed)           3.858     4.340    rgb_OBUF[4]
    C16                  OBUF (Prop_obuf_I_O)         3.492     7.832 r  rgb_OBUF[4]_inst/O
                         net (fo=0)                   0.000     7.832    rgb[4]
    C16                                                               r  rgb[4] (OUT)
  -------------------------------------------------------------------    -------------------

Slack:                    inf
  Source:                 pixel_gen_inst/PixelAan_reg/C
                            (rising edge-triggered cell FDRE clocked by clk_25_clkDVIprescaler  {rise@0.000ns fall@20.000ns period=40.000ns})
  Destination:            rgb[6]
                            (output port)
  Path Group:             (none)
  Path Type:              Max at Slow Process Corner
  Data Path Delay:        8.172ns  (logic 4.147ns (50.747%)  route 4.025ns (49.253%))
  Logic Levels:           2  (LUT2=1 OBUF=1)
  Clock Uncertainty:      0.199ns  ((TSJ^2 + DJ^2)^1/2) / 2 + PE
    Total System Jitter     (TSJ):    0.050ns
    Discrete Jitter          (DJ):    0.182ns
    Phase Error              (PE):    0.104ns

    Location             Delay type                Incr(ns)  Path(ns)    Netlist Resource(s)
  -------------------------------------------------------------------    -------------------
                         (clock clk_25_clkDVIprescaler rise edge)
                                                      0.000     0.000 r  
    W5                                                0.000     0.000 r  clk100 (IN)
                         net (fo=0)                   0.000     0.000    prescaler_instance/inst/clk_100
    W5                   IBUF (Prop_ibuf_I_O)         1.458     1.458 r  prescaler_instance/inst/clkin1_ibufg/O
                         net (fo=1, routed)           1.233     2.691    prescaler_instance/inst/clk_100_clkDVIprescaler
    MMCME2_ADV_X1Y0      MMCME2_ADV (Prop_mmcme2_adv_CLKIN1_CLKOUT0)
                                                     -6.961    -4.269 r  prescaler_instance/inst/mmcm_adv_inst/CLKOUT0
                         net (fo=1, routed)           1.661    -2.608    prescaler_instance/inst/clk_25_clkDVIprescaler
    BUFGCTRL_X0Y0        BUFG (Prop_bufg_I_O)         0.096    -2.512 r  prescaler_instance/inst/clkout1_buf/O
                         net (fo=135, routed)         1.621    -0.891    pixel_gen_inst/clk_25
    SLICE_X6Y60          FDRE                                         r  pixel_gen_inst/PixelAan_reg/C
  -------------------------------------------------------------------    -------------------
    SLICE_X6Y60          FDRE (Prop_fdre_C_Q)         0.518    -0.373 r  pixel_gen_inst/PixelAan_reg/Q
                         net (fo=12, routed)          0.696     0.323    pixel_gen_inst/PixelAan
    SLICE_X6Y61          LUT2 (Prop_lut2_I0_O)        0.124     0.447 r  pixel_gen_inst/rgb_OBUF[6]_inst_i_1/O
                         net (fo=1, routed)           3.328     3.776    rgb_OBUF[6]
    C15                  OBUF (Prop_obuf_I_O)         3.505     7.281 r  rgb_OBUF[6]_inst/O
                         net (fo=0)                   0.000     7.281    rgb[6]
    C15                                                               r  rgb[6] (OUT)
  -------------------------------------------------------------------    -------------------

Slack:                    inf
  Source:                 pixel_gen_inst/PixelAan_reg/C
                            (rising edge-triggered cell FDRE clocked by clk_25_clkDVIprescaler  {rise@0.000ns fall@20.000ns period=40.000ns})
  Destination:            rgb[1]
                            (output port)
  Path Group:             (none)
  Path Type:              Max at Slow Process Corner
  Data Path Delay:        8.055ns  (logic 4.154ns (51.569%)  route 3.901ns (48.431%))
  Logic Levels:           2  (LUT2=1 OBUF=1)
  Clock Uncertainty:      0.199ns  ((TSJ^2 + DJ^2)^1/2) / 2 + PE
    Total System Jitter     (TSJ):    0.050ns
    Discrete Jitter          (DJ):    0.182ns
    Phase Error              (PE):    0.104ns

    Location             Delay type                Incr(ns)  Path(ns)    Netlist Resource(s)
  -------------------------------------------------------------------    -------------------
                         (clock clk_25_clkDVIprescaler rise edge)
                                                      0.000     0.000 r  
    W5                                                0.000     0.000 r  clk100 (IN)
                         net (fo=0)                   0.000     0.000    prescaler_instance/inst/clk_100
    W5                   IBUF (Prop_ibuf_I_O)         1.458     1.458 r  prescaler_instance/inst/clkin1_ibufg/O
                         net (fo=1, routed)           1.233     2.691    prescaler_instance/inst/clk_100_clkDVIprescaler
    MMCME2_ADV_X1Y0      MMCME2_ADV (Prop_mmcme2_adv_CLKIN1_CLKOUT0)
                                                     -6.961    -4.269 r  prescaler_instance/inst/mmcm_adv_inst/CLKOUT0
                         net (fo=1, routed)           1.661    -2.608    prescaler_instance/inst/clk_25_clkDVIprescaler
    BUFGCTRL_X0Y0        BUFG (Prop_bufg_I_O)         0.096    -2.512 r  prescaler_instance/inst/clkout1_buf/O
                         net (fo=135, routed)         1.621    -0.891    pixel_gen_inst/clk_25
    SLICE_X6Y60          FDRE                                         r  pixel_gen_inst/PixelAan_reg/C
  -------------------------------------------------------------------    -------------------
    SLICE_X6Y60          FDRE (Prop_fdre_C_Q)         0.518    -0.373 r  pixel_gen_inst/PixelAan_reg/Q
                         net (fo=12, routed)          0.733     0.360    pixel_gen_inst/PixelAan
    SLICE_X4Y62          LUT2 (Prop_lut2_I0_O)        0.124     0.484 r  pixel_gen_inst/rgb_OBUF[1]_inst_i_1/O
                         net (fo=1, routed)           3.168     3.652    rgb_OBUF[1]
    A16                  OBUF (Prop_obuf_I_O)         3.512     7.164 r  rgb_OBUF[1]_inst/O
                         net (fo=0)                   0.000     7.164    rgb[1]
    A16                                                               r  rgb[1] (OUT)
  -------------------------------------------------------------------    -------------------

Slack:                    inf
  Source:                 pixel_gen_inst/PixelAan_reg/C
                            (rising edge-triggered cell FDRE clocked by clk_25_clkDVIprescaler  {rise@0.000ns fall@20.000ns period=40.000ns})
  Destination:            rgb[11]
                            (output port)
  Path Group:             (none)
  Path Type:              Max at Slow Process Corner
  Data Path Delay:        7.913ns  (logic 4.407ns (55.689%)  route 3.506ns (44.311%))
  Logic Levels:           2  (LUT2=1 OBUF=1)
  Clock Uncertainty:      0.199ns  ((TSJ^2 + DJ^2)^1/2) / 2 + PE
    Total System Jitter     (TSJ):    0.050ns
    Discrete Jitter          (DJ):    0.182ns
    Phase Error              (PE):    0.104ns

    Location             Delay type                Incr(ns)  Path(ns)    Netlist Resource(s)
  -------------------------------------------------------------------    -------------------
                         (clock clk_25_clkDVIprescaler rise edge)
                                                      0.000     0.000 r  
    W5                                                0.000     0.000 r  clk100 (IN)
                         net (fo=0)                   0.000     0.000    prescaler_instance/inst/clk_100
    W5                   IBUF (Prop_ibuf_I_O)         1.458     1.458 r  prescaler_instance/inst/clkin1_ibufg/O
                         net (fo=1, routed)           1.233     2.691    prescaler_instance/inst/clk_100_clkDVIprescaler
    MMCME2_ADV_X1Y0      MMCME2_ADV (Prop_mmcme2_adv_CLKIN1_CLKOUT0)
                                                     -6.961    -4.269 r  prescaler_instance/inst/mmcm_adv_inst/CLKOUT0
                         net (fo=1, routed)           1.661    -2.608    prescaler_instance/inst/clk_25_clkDVIprescaler
    BUFGCTRL_X0Y0        BUFG (Prop_bufg_I_O)         0.096    -2.512 r  prescaler_instance/inst/clkout1_buf/O
                         net (fo=135, routed)         1.621    -0.891    pixel_gen_inst/clk_25
    SLICE_X6Y60          FDRE                                         r  pixel_gen_inst/PixelAan_reg/C
  -------------------------------------------------------------------    -------------------
    SLICE_X6Y60          FDRE (Prop_fdre_C_Q)         0.518    -0.373 r  pixel_gen_inst/PixelAan_reg/Q
                         net (fo=12, routed)          0.613     0.240    pixel_gen_inst/PixelAan
    SLICE_X5Y59          LUT2 (Prop_lut2_I0_O)        0.150     0.390 r  pixel_gen_inst/rgb_OBUF[11]_inst_i_1/O
                         net (fo=1, routed)           2.894     3.284    rgb_OBUF[11]
    K17                  OBUF (Prop_obuf_I_O)         3.739     7.022 r  rgb_OBUF[11]_inst/O
                         net (fo=0)                   0.000     7.022    rgb[11]
    K17                                                               r  rgb[11] (OUT)
  -------------------------------------------------------------------    -------------------





Min Delay Paths
--------------------------------------------------------------------------------------
Slack:                    inf
  Source:                 prescaler_instance/inst/mmcm_adv_inst/CLKOUT0
                            (clock source 'clk_25_clkDVIprescaler'  {rise@0.000ns fall@20.000ns period=40.000ns})
  Destination:            clk_out
                            (output port)
  Path Group:             (none)
  Path Type:              Min at Fast Process Corner
  Data Path Delay:        2.460ns  (logic 1.235ns (50.196%)  route 1.225ns (49.804%))
  Logic Levels:           2  (BUFG=1 OBUF=1)
  Clock Uncertainty:      0.199ns  ((TSJ^2 + DJ^2)^1/2) / 2 + PE
    Total System Jitter     (TSJ):    0.050ns
    Discrete Jitter          (DJ):    0.182ns
    Phase Error              (PE):    0.104ns

    Location             Delay type                Incr(ns)  Path(ns)    Netlist Resource(s)
  -------------------------------------------------------------------    -------------------
                         (clock clk_25_clkDVIprescaler rise edge)
                                                      0.000     0.000 r  
    W5                                                0.000     0.000 r  clk100 (IN)
                         net (fo=0)                   0.000     0.000    prescaler_instance/inst/clk_100
    W5                   IBUF (Prop_ibuf_I_O)         0.226     0.226 r  prescaler_instance/inst/clkin1_ibufg/O
                         net (fo=1, routed)           0.440     0.667    prescaler_instance/inst/clk_100_clkDVIprescaler
  -------------------------------------------------------------------    -------------------
    MMCME2_ADV_X1Y0      MMCME2_ADV (Prop_mmcme2_adv_CLKIN1_CLKOUT0)
                                                     -2.360    -1.693 r  prescaler_instance/inst/mmcm_adv_inst/CLKOUT0
                         net (fo=1, routed)           0.486    -1.207    prescaler_instance/inst/clk_25_clkDVIprescaler
    BUFGCTRL_X0Y0        BUFG (Prop_bufg_I_O)         0.026    -1.181 r  prescaler_instance/inst/clkout1_buf/O
                         net (fo=135, routed)         0.739    -0.442    clk_out_OBUF
    M18                  OBUF (Prop_obuf_I_O)         1.209     0.767 r  clk_out_OBUF_inst/O
                         net (fo=0)                   0.000     0.767    clk_out
    M18                                                               r  clk_out (OUT)
  -------------------------------------------------------------------    -------------------

Slack:                    inf
  Source:                 dvi_driver_inst/hsync_internal_reg/C
                            (rising edge-triggered cell FDRE clocked by clk_25_clkDVIprescaler  {rise@0.000ns fall@20.000ns period=40.000ns})
  Destination:            hsync
                            (output port)
  Path Group:             (none)
  Path Type:              Min at Fast Process Corner
  Data Path Delay:        2.027ns  (logic 1.356ns (66.896%)  route 0.671ns (33.104%))
  Logic Levels:           1  (OBUF=1)
  Clock Uncertainty:      0.199ns  ((TSJ^2 + DJ^2)^1/2) / 2 + PE
    Total System Jitter     (TSJ):    0.050ns
    Discrete Jitter          (DJ):    0.182ns
    Phase Error              (PE):    0.104ns

    Location             Delay type                Incr(ns)  Path(ns)    Netlist Resource(s)
  -------------------------------------------------------------------    -------------------
                         (clock clk_25_clkDVIprescaler rise edge)
                                                      0.000     0.000 r  
    W5                                                0.000     0.000 r  clk100 (IN)
                         net (fo=0)                   0.000     0.000    prescaler_instance/inst/clk_100
    W5                   IBUF (Prop_ibuf_I_O)         0.226     0.226 r  prescaler_instance/inst/clkin1_ibufg/O
                         net (fo=1, routed)           0.440     0.667    prescaler_instance/inst/clk_100_clkDVIprescaler
    MMCME2_ADV_X1Y0      MMCME2_ADV (Prop_mmcme2_adv_CLKIN1_CLKOUT0)
                                                     -2.360    -1.693 r  prescaler_instance/inst/mmcm_adv_inst/CLKOUT0
                         net (fo=1, routed)           0.486    -1.207    prescaler_instance/inst/clk_25_clkDVIprescaler
    BUFGCTRL_X0Y0        BUFG (Prop_bufg_I_O)         0.026    -1.181 r  prescaler_instance/inst/clkout1_buf/O
                         net (fo=135, routed)         0.594    -0.587    dvi_driver_inst/clk_25
    SLICE_X0Y51          FDRE                                         r  dvi_driver_inst/hsync_internal_reg/C
  -------------------------------------------------------------------    -------------------
    SLICE_X0Y51          FDRE (Prop_fdre_C_Q)         0.141    -0.446 r  dvi_driver_inst/hsync_internal_reg/Q
                         net (fo=1, routed)           0.671     0.225    hsync_OBUF
    P18                  OBUF (Prop_obuf_I_O)         1.215     1.440 r  hsync_OBUF_inst/O
                         net (fo=0)                   0.000     1.440    hsync
    P18                                                               r  hsync (OUT)
  -------------------------------------------------------------------    -------------------

Slack:                    inf
  Source:                 dvi_driver_inst/vsync_internal_reg/C
                            (rising edge-triggered cell FDRE clocked by clk_25_clkDVIprescaler  {rise@0.000ns fall@20.000ns period=40.000ns})
  Destination:            vsync
                            (output port)
  Path Group:             (none)
  Path Type:              Min at Fast Process Corner
  Data Path Delay:        2.085ns  (logic 1.343ns (64.398%)  route 0.742ns (35.602%))
  Logic Levels:           1  (OBUF=1)
  Clock Uncertainty:      0.199ns  ((TSJ^2 + DJ^2)^1/2) / 2 + PE
    Total System Jitter     (TSJ):    0.050ns
    Discrete Jitter          (DJ):    0.182ns
    Phase Error              (PE):    0.104ns

    Location             Delay type                Incr(ns)  Path(ns)    Netlist Resource(s)
  -------------------------------------------------------------------    -------------------
                         (clock clk_25_clkDVIprescaler rise edge)
                                                      0.000     0.000 r  
    W5                                                0.000     0.000 r  clk100 (IN)
                         net (fo=0)                   0.000     0.000    prescaler_instance/inst/clk_100
    W5                   IBUF (Prop_ibuf_I_O)         0.226     0.226 r  prescaler_instance/inst/clkin1_ibufg/O
                         net (fo=1, routed)           0.440     0.667    prescaler_instance/inst/clk_100_clkDVIprescaler
    MMCME2_ADV_X1Y0      MMCME2_ADV (Prop_mmcme2_adv_CLKIN1_CLKOUT0)
                                                     -2.360    -1.693 r  prescaler_instance/inst/mmcm_adv_inst/CLKOUT0
                         net (fo=1, routed)           0.486    -1.207    prescaler_instance/inst/clk_25_clkDVIprescaler
    BUFGCTRL_X0Y0        BUFG (Prop_bufg_I_O)         0.026    -1.181 r  prescaler_instance/inst/clkout1_buf/O
                         net (fo=135, routed)         0.594    -0.587    dvi_driver_inst/clk_25
    SLICE_X1Y51          FDRE                                         r  dvi_driver_inst/vsync_internal_reg/C
  -------------------------------------------------------------------    -------------------
    SLICE_X1Y51          FDRE (Prop_fdre_C_Q)         0.141    -0.446 r  dvi_driver_inst/vsync_internal_reg/Q
                         net (fo=1, routed)           0.742     0.296    vsync_OBUF
    R18                  OBUF (Prop_obuf_I_O)         1.202     1.498 r  vsync_OBUF_inst/O
                         net (fo=0)                   0.000     1.498    vsync
    R18                                                               r  vsync (OUT)
  -------------------------------------------------------------------    -------------------

Slack:                    inf
  Source:                 dvi_driver_inst/DE_internal_reg/C
                            (rising edge-triggered cell FDRE clocked by clk_25_clkDVIprescaler  {rise@0.000ns fall@20.000ns period=40.000ns})
  Destination:            DE
                            (output port)
  Path Group:             (none)
  Path Type:              Min at Fast Process Corner
  Data Path Delay:        2.241ns  (logic 1.339ns (59.753%)  route 0.902ns (40.247%))
  Logic Levels:           1  (OBUF=1)
  Clock Uncertainty:      0.199ns  ((TSJ^2 + DJ^2)^1/2) / 2 + PE
    Total System Jitter     (TSJ):    0.050ns
    Discrete Jitter          (DJ):    0.182ns
    Phase Error              (PE):    0.104ns

    Location             Delay type                Incr(ns)  Path(ns)    Netlist Resource(s)
  -------------------------------------------------------------------    -------------------
                         (clock clk_25_clkDVIprescaler rise edge)
                                                      0.000     0.000 r  
    W5                                                0.000     0.000 r  clk100 (IN)
                         net (fo=0)                   0.000     0.000    prescaler_instance/inst/clk_100
    W5                   IBUF (Prop_ibuf_I_O)         0.226     0.226 r  prescaler_instance/inst/clkin1_ibufg/O
                         net (fo=1, routed)           0.440     0.667    prescaler_instance/inst/clk_100_clkDVIprescaler
    MMCME2_ADV_X1Y0      MMCME2_ADV (Prop_mmcme2_adv_CLKIN1_CLKOUT0)
                                                     -2.360    -1.693 r  prescaler_instance/inst/mmcm_adv_inst/CLKOUT0
                         net (fo=1, routed)           0.486    -1.207    prescaler_instance/inst/clk_25_clkDVIprescaler
    BUFGCTRL_X0Y0        BUFG (Prop_bufg_I_O)         0.026    -1.181 r  prescaler_instance/inst/clkout1_buf/O
                         net (fo=135, routed)         0.591    -0.590    dvi_driver_inst/clk_25
    SLICE_X4Y55          FDRE                                         r  dvi_driver_inst/DE_internal_reg/C
  -------------------------------------------------------------------    -------------------
    SLICE_X4Y55          FDRE (Prop_fdre_C_Q)         0.141    -0.449 r  dvi_driver_inst/DE_internal_reg/Q
                         net (fo=1, routed)           0.902     0.453    DE_OBUF
    P17                  OBUF (Prop_obuf_I_O)         1.198     1.650 r  DE_OBUF_inst/O
                         net (fo=0)                   0.000     1.650    DE
    P17                                                               r  DE (OUT)
  -------------------------------------------------------------------    -------------------

Slack:                    inf
  Source:                 pixel_gen_inst/rgb_out_reg[10]/C
                            (rising edge-triggered cell FDRE clocked by clk_25_clkDVIprescaler  {rise@0.000ns fall@20.000ns period=40.000ns})
  Destination:            rgb[10]
                            (output port)
  Path Group:             (none)
  Path Type:              Min at Fast Process Corner
  Data Path Delay:        2.295ns  (logic 1.418ns (61.785%)  route 0.877ns (38.215%))
  Logic Levels:           2  (LUT2=1 OBUF=1)
  Clock Uncertainty:      0.199ns  ((TSJ^2 + DJ^2)^1/2) / 2 + PE
    Total System Jitter     (TSJ):    0.050ns
    Discrete Jitter          (DJ):    0.182ns
    Phase Error              (PE):    0.104ns

    Location             Delay type                Incr(ns)  Path(ns)    Netlist Resource(s)
  -------------------------------------------------------------------    -------------------
                         (clock clk_25_clkDVIprescaler rise edge)
                                                      0.000     0.000 r  
    W5                                                0.000     0.000 r  clk100 (IN)
                         net (fo=0)                   0.000     0.000    prescaler_instance/inst/clk_100
    W5                   IBUF (Prop_ibuf_I_O)         0.226     0.226 r  prescaler_instance/inst/clkin1_ibufg/O
                         net (fo=1, routed)           0.440     0.667    prescaler_instance/inst/clk_100_clkDVIprescaler
    MMCME2_ADV_X1Y0      MMCME2_ADV (Prop_mmcme2_adv_CLKIN1_CLKOUT0)
                                                     -2.360    -1.693 r  prescaler_instance/inst/mmcm_adv_inst/CLKOUT0
                         net (fo=1, routed)           0.486    -1.207    prescaler_instance/inst/clk_25_clkDVIprescaler
    BUFGCTRL_X0Y0        BUFG (Prop_bufg_I_O)         0.026    -1.181 r  prescaler_instance/inst/clkout1_buf/O
                         net (fo=135, routed)         0.590    -0.591    pixel_gen_inst/clk_25
    SLICE_X5Y59          FDRE                                         r  pixel_gen_inst/rgb_out_reg[10]/C
  -------------------------------------------------------------------    -------------------
    SLICE_X5Y59          FDRE (Prop_fdre_C_Q)         0.141    -0.450 r  pixel_gen_inst/rgb_out_reg[10]/Q
                         net (fo=1, routed)           0.156    -0.294    pixel_gen_inst/rgb_out[10]
    SLICE_X5Y59          LUT2 (Prop_lut2_I1_O)        0.045    -0.249 r  pixel_gen_inst/rgb_OBUF[10]_inst_i_1/O
                         net (fo=1, routed)           0.721     0.472    rgb_OBUF[10]
    L17                  OBUF (Prop_obuf_I_O)         1.232     1.703 r  rgb_OBUF[10]_inst/O
                         net (fo=0)                   0.000     1.703    rgb[10]
    L17                                                               r  rgb[10] (OUT)
  -------------------------------------------------------------------    -------------------

Slack:                    inf
  Source:                 pixel_gen_inst/PixelAan_reg/C
                            (rising edge-triggered cell FDRE clocked by clk_25_clkDVIprescaler  {rise@0.000ns fall@20.000ns period=40.000ns})
  Destination:            rgb[9]
                            (output port)
  Path Group:             (none)
  Path Type:              Min at Fast Process Corner
  Data Path Delay:        2.456ns  (logic 1.500ns (61.077%)  route 0.956ns (38.923%))
  Logic Levels:           2  (LUT2=1 OBUF=1)
  Clock Uncertainty:      0.199ns  ((TSJ^2 + DJ^2)^1/2) / 2 + PE
    Total System Jitter     (TSJ):    0.050ns
    Discrete Jitter          (DJ):    0.182ns
    Phase Error              (PE):    0.104ns

    Location             Delay type                Incr(ns)  Path(ns)    Netlist Resource(s)
  -------------------------------------------------------------------    -------------------
                         (clock clk_25_clkDVIprescaler rise edge)
                                                      0.000     0.000 r  
    W5                                                0.000     0.000 r  clk100 (IN)
                         net (fo=0)                   0.000     0.000    prescaler_instance/inst/clk_100
    W5                   IBUF (Prop_ibuf_I_O)         0.226     0.226 r  prescaler_instance/inst/clkin1_ibufg/O
                         net (fo=1, routed)           0.440     0.667    prescaler_instance/inst/clk_100_clkDVIprescaler
    MMCME2_ADV_X1Y0      MMCME2_ADV (Prop_mmcme2_adv_CLKIN1_CLKOUT0)
                                                     -2.360    -1.693 r  prescaler_instance/inst/mmcm_adv_inst/CLKOUT0
                         net (fo=1, routed)           0.486    -1.207    prescaler_instance/inst/clk_25_clkDVIprescaler
    BUFGCTRL_X0Y0        BUFG (Prop_bufg_I_O)         0.026    -1.181 r  prescaler_instance/inst/clkout1_buf/O
                         net (fo=135, routed)         0.589    -0.592    pixel_gen_inst/clk_25
    SLICE_X6Y60          FDRE                                         r  pixel_gen_inst/PixelAan_reg/C
  -------------------------------------------------------------------    -------------------
    SLICE_X6Y60          FDRE (Prop_fdre_C_Q)         0.164    -0.428 r  pixel_gen_inst/PixelAan_reg/Q
                         net (fo=12, routed)          0.159    -0.269    pixel_gen_inst/PixelAan
    SLICE_X5Y59          LUT2 (Prop_lut2_I0_O)        0.049    -0.220 r  pixel_gen_inst/rgb_OBUF[9]_inst_i_1/O
                         net (fo=1, routed)           0.797     0.577    rgb_OBUF[9]
    M19                  OBUF (Prop_obuf_I_O)         1.287     1.864 r  rgb_OBUF[9]_inst/O
                         net (fo=0)                   0.000     1.864    rgb[9]
    M19                                                               r  rgb[9] (OUT)
  -------------------------------------------------------------------    -------------------

Slack:                    inf
  Source:                 pixel_gen_inst/PixelAan_reg/C
                            (rising edge-triggered cell FDRE clocked by clk_25_clkDVIprescaler  {rise@0.000ns fall@20.000ns period=40.000ns})
  Destination:            rgb[8]
                            (output port)
  Path Group:             (none)
  Path Type:              Min at Fast Process Corner
  Data Path Delay:        2.457ns  (logic 1.403ns (57.097%)  route 1.054ns (42.903%))
  Logic Levels:           2  (LUT2=1 OBUF=1)
  Clock Uncertainty:      0.199ns  ((TSJ^2 + DJ^2)^1/2) / 2 + PE
    Total System Jitter     (TSJ):    0.050ns
    Discrete Jitter          (DJ):    0.182ns
    Phase Error              (PE):    0.104ns

    Location             Delay type                Incr(ns)  Path(ns)    Netlist Resource(s)
  -------------------------------------------------------------------    -------------------
                         (clock clk_25_clkDVIprescaler rise edge)
                                                      0.000     0.000 r  
    W5                                                0.000     0.000 r  clk100 (IN)
                         net (fo=0)                   0.000     0.000    prescaler_instance/inst/clk_100
    W5                   IBUF (Prop_ibuf_I_O)         0.226     0.226 r  prescaler_instance/inst/clkin1_ibufg/O
                         net (fo=1, routed)           0.440     0.667    prescaler_instance/inst/clk_100_clkDVIprescaler
    MMCME2_ADV_X1Y0      MMCME2_ADV (Prop_mmcme2_adv_CLKIN1_CLKOUT0)
                                                     -2.360    -1.693 r  prescaler_instance/inst/mmcm_adv_inst/CLKOUT0
                         net (fo=1, routed)           0.486    -1.207    prescaler_instance/inst/clk_25_clkDVIprescaler
    BUFGCTRL_X0Y0        BUFG (Prop_bufg_I_O)         0.026    -1.181 r  prescaler_instance/inst/clkout1_buf/O
                         net (fo=135, routed)         0.589    -0.592    pixel_gen_inst/clk_25
    SLICE_X6Y60          FDRE                                         r  pixel_gen_inst/PixelAan_reg/C
  -------------------------------------------------------------------    -------------------
    SLICE_X6Y60          FDRE (Prop_fdre_C_Q)         0.164    -0.428 r  pixel_gen_inst/PixelAan_reg/Q
                         net (fo=12, routed)          0.159    -0.269    pixel_gen_inst/PixelAan
    SLICE_X5Y59          LUT2 (Prop_lut2_I0_O)        0.045    -0.224 r  pixel_gen_inst/rgb_OBUF[8]_inst_i_1/O
                         net (fo=1, routed)           0.895     0.671    rgb_OBUF[8]
    N17                  OBUF (Prop_obuf_I_O)         1.194     1.864 r  rgb_OBUF[8]_inst/O
                         net (fo=0)                   0.000     1.864    rgb[8]
    N17                                                               r  rgb[8] (OUT)
  -------------------------------------------------------------------    -------------------

Slack:                    inf
  Source:                 pixel_gen_inst/rgb_out_reg[11]/C
                            (rising edge-triggered cell FDRE clocked by clk_25_clkDVIprescaler  {rise@0.000ns fall@20.000ns period=40.000ns})
  Destination:            rgb[11]
                            (output port)
  Path Group:             (none)
  Path Type:              Min at Fast Process Corner
  Data Path Delay:        2.557ns  (logic 1.485ns (58.054%)  route 1.073ns (41.946%))
  Logic Levels:           2  (LUT2=1 OBUF=1)
  Clock Uncertainty:      0.199ns  ((TSJ^2 + DJ^2)^1/2) / 2 + PE
    Total System Jitter     (TSJ):    0.050ns
    Discrete Jitter          (DJ):    0.182ns
    Phase Error              (PE):    0.104ns

    Location             Delay type                Incr(ns)  Path(ns)    Netlist Resource(s)
  -------------------------------------------------------------------    -------------------
                         (clock clk_25_clkDVIprescaler rise edge)
                                                      0.000     0.000 r  
    W5                                                0.000     0.000 r  clk100 (IN)
                         net (fo=0)                   0.000     0.000    prescaler_instance/inst/clk_100
    W5                   IBUF (Prop_ibuf_I_O)         0.226     0.226 r  prescaler_instance/inst/clkin1_ibufg/O
                         net (fo=1, routed)           0.440     0.667    prescaler_instance/inst/clk_100_clkDVIprescaler
    MMCME2_ADV_X1Y0      MMCME2_ADV (Prop_mmcme2_adv_CLKIN1_CLKOUT0)
                                                     -2.360    -1.693 r  prescaler_instance/inst/mmcm_adv_inst/CLKOUT0
                         net (fo=1, routed)           0.486    -1.207    prescaler_instance/inst/clk_25_clkDVIprescaler
    BUFGCTRL_X0Y0        BUFG (Prop_bufg_I_O)         0.026    -1.181 r  prescaler_instance/inst/clkout1_buf/O
                         net (fo=135, routed)         0.590    -0.591    pixel_gen_inst/clk_25
    SLICE_X5Y59          FDRE                                         r  pixel_gen_inst/rgb_out_reg[11]/C
  -------------------------------------------------------------------    -------------------
    SLICE_X5Y59          FDRE (Prop_fdre_C_Q)         0.141    -0.450 r  pixel_gen_inst/rgb_out_reg[11]/Q
                         net (fo=1, routed)           0.219    -0.231    pixel_gen_inst/rgb_out[11]
    SLICE_X5Y59          LUT2 (Prop_lut2_I1_O)        0.044    -0.187 r  pixel_gen_inst/rgb_OBUF[11]_inst_i_1/O
                         net (fo=1, routed)           0.854     0.666    rgb_OBUF[11]
    K17                  OBUF (Prop_obuf_I_O)         1.300     1.966 r  rgb_OBUF[11]_inst/O
                         net (fo=0)                   0.000     1.966    rgb[11]
    K17                                                               r  rgb[11] (OUT)
  -------------------------------------------------------------------    -------------------

Slack:                    inf
  Source:                 pixel_gen_inst/rgb_out_reg[6]/C
                            (rising edge-triggered cell FDRE clocked by clk_25_clkDVIprescaler  {rise@0.000ns fall@20.000ns period=40.000ns})
  Destination:            rgb[6]
                            (output port)
  Path Group:             (none)
  Path Type:              Min at Fast Process Corner
  Data Path Delay:        2.586ns  (logic 1.415ns (54.720%)  route 1.171ns (45.280%))
  Logic Levels:           2  (LUT2=1 OBUF=1)
  Clock Uncertainty:      0.199ns  ((TSJ^2 + DJ^2)^1/2) / 2 + PE
    Total System Jitter     (TSJ):    0.050ns
    Discrete Jitter          (DJ):    0.182ns
    Phase Error              (PE):    0.104ns

    Location             Delay type                Incr(ns)  Path(ns)    Netlist Resource(s)
  -------------------------------------------------------------------    -------------------
                         (clock clk_25_clkDVIprescaler rise edge)
                                                      0.000     0.000 r  
    W5                                                0.000     0.000 r  clk100 (IN)
                         net (fo=0)                   0.000     0.000    prescaler_instance/inst/clk_100
    W5                   IBUF (Prop_ibuf_I_O)         0.226     0.226 r  prescaler_instance/inst/clkin1_ibufg/O
                         net (fo=1, routed)           0.440     0.667    prescaler_instance/inst/clk_100_clkDVIprescaler
    MMCME2_ADV_X1Y0      MMCME2_ADV (Prop_mmcme2_adv_CLKIN1_CLKOUT0)
                                                     -2.360    -1.693 r  prescaler_instance/inst/mmcm_adv_inst/CLKOUT0
                         net (fo=1, routed)           0.486    -1.207    prescaler_instance/inst/clk_25_clkDVIprescaler
    BUFGCTRL_X0Y0        BUFG (Prop_bufg_I_O)         0.026    -1.181 r  prescaler_instance/inst/clkout1_buf/O
                         net (fo=135, routed)         0.589    -0.592    pixel_gen_inst/clk_25
    SLICE_X6Y61          FDRE                                         r  pixel_gen_inst/rgb_out_reg[6]/C
  -------------------------------------------------------------------    -------------------
    SLICE_X6Y61          FDRE (Prop_fdre_C_Q)         0.164    -0.428 r  pixel_gen_inst/rgb_out_reg[6]/Q
                         net (fo=1, routed)           0.200    -0.228    pixel_gen_inst/rgb_out[6]
    SLICE_X6Y61          LUT2 (Prop_lut2_I1_O)        0.045    -0.183 r  pixel_gen_inst/rgb_OBUF[6]_inst_i_1/O
                         net (fo=1, routed)           0.970     0.788    rgb_OBUF[6]
    C15                  OBUF (Prop_obuf_I_O)         1.206     1.994 r  rgb_OBUF[6]_inst/O
                         net (fo=0)                   0.000     1.994    rgb[6]
    C15                                                               r  rgb[6] (OUT)
  -------------------------------------------------------------------    -------------------

Slack:                    inf
  Source:                 pixel_gen_inst/rgb_out_reg[1]/C
                            (rising edge-triggered cell FDRE clocked by clk_25_clkDVIprescaler  {rise@0.000ns fall@20.000ns period=40.000ns})
  Destination:            rgb[1]
                            (output port)
  Path Group:             (none)
  Path Type:              Min at Fast Process Corner
  Data Path Delay:        2.586ns  (logic 1.399ns (54.094%)  route 1.187ns (45.906%))
  Logic Levels:           2  (LUT2=1 OBUF=1)
  Clock Uncertainty:      0.199ns  ((TSJ^2 + DJ^2)^1/2) / 2 + PE
    Total System Jitter     (TSJ):    0.050ns
    Discrete Jitter          (DJ):    0.182ns
    Phase Error              (PE):    0.104ns

    Location             Delay type                Incr(ns)  Path(ns)    Netlist Resource(s)
  -------------------------------------------------------------------    -------------------
                         (clock clk_25_clkDVIprescaler rise edge)
                                                      0.000     0.000 r  
    W5                                                0.000     0.000 r  clk100 (IN)
                         net (fo=0)                   0.000     0.000    prescaler_instance/inst/clk_100
    W5                   IBUF (Prop_ibuf_I_O)         0.226     0.226 r  prescaler_instance/inst/clkin1_ibufg/O
                         net (fo=1, routed)           0.440     0.667    prescaler_instance/inst/clk_100_clkDVIprescaler
    MMCME2_ADV_X1Y0      MMCME2_ADV (Prop_mmcme2_adv_CLKIN1_CLKOUT0)
                                                     -2.360    -1.693 r  prescaler_instance/inst/mmcm_adv_inst/CLKOUT0
                         net (fo=1, routed)           0.486    -1.207    prescaler_instance/inst/clk_25_clkDVIprescaler
    BUFGCTRL_X0Y0        BUFG (Prop_bufg_I_O)         0.026    -1.181 r  prescaler_instance/inst/clkout1_buf/O
                         net (fo=135, routed)         0.589    -0.592    pixel_gen_inst/clk_25
    SLICE_X7Y61          FDRE                                         r  pixel_gen_inst/rgb_out_reg[1]/C
  -------------------------------------------------------------------    -------------------
    SLICE_X7Y61          FDRE (Prop_fdre_C_Q)         0.141    -0.451 r  pixel_gen_inst/rgb_out_reg[1]/Q
                         net (fo=1, routed)           0.268    -0.183    pixel_gen_inst/rgb_out[1]
    SLICE_X4Y62          LUT2 (Prop_lut2_I1_O)        0.045    -0.138 r  pixel_gen_inst/rgb_OBUF[1]_inst_i_1/O
                         net (fo=1, routed)           0.919     0.781    rgb_OBUF[1]
    A16                  OBUF (Prop_obuf_I_O)         1.213     1.994 r  rgb_OBUF[1]_inst/O
                         net (fo=0)                   0.000     1.994    rgb[1]
    A16                                                               r  rgb[1] (OUT)
  -------------------------------------------------------------------    -------------------





--------------------------------------------------------------------------------------
Path Group:  (none)
From Clock:  clkfbout_clkDVIprescaler
  To Clock:  

Max Delay             1 Endpoint
Min Delay             1 Endpoint
--------------------------------------------------------------------------------------


Max Delay Paths
--------------------------------------------------------------------------------------
Slack:                    inf
  Source:                 prescaler_instance/inst/mmcm_adv_inst/CLKFBOUT
                            (clock source 'clkfbout_clkDVIprescaler'  {rise@0.000ns fall@5.000ns period=10.000ns})
  Destination:            prescaler_instance/inst/mmcm_adv_inst/CLKFBIN
  Path Group:             (none)
  Path Type:              Max at Fast Process Corner
  Data Path Delay:        1.375ns  (logic 0.029ns (2.109%)  route 1.346ns (97.891%))
  Logic Levels:           1  (BUFG=1)
  Clock Uncertainty:      0.156ns  ((TSJ^2 + DJ^2)^1/2) / 2 + PE
    Total System Jitter     (TSJ):    0.050ns
    Discrete Jitter          (DJ):    0.090ns
    Phase Error              (PE):    0.104ns

    Location             Delay type                Incr(ns)  Path(ns)    Netlist Resource(s)
  -------------------------------------------------------------------    -------------------
                         (clock clkfbout_clkDVIprescaler fall edge)
                                                      5.000     5.000 f  
    W5                                                0.000     5.000 f  clk100 (IN)
                         net (fo=0)                   0.000     5.000    prescaler_instance/inst/clk_100
    W5                   IBUF (Prop_ibuf_I_O)         0.414     5.414 f  prescaler_instance/inst/clkin1_ibufg/O
                         net (fo=1, routed)           0.480     5.894    prescaler_instance/inst/clk_100_clkDVIprescaler
  -------------------------------------------------------------------    -------------------
    MMCME2_ADV_X1Y0      MMCME2_ADV (Prop_mmcme2_adv_CLKIN1_CLKFBOUT)
                                                     -3.142     2.752 f  prescaler_instance/inst/mmcm_adv_inst/CLKFBOUT
                         net (fo=1, routed)           0.530     3.282    prescaler_instance/inst/clkfbout_clkDVIprescaler
    BUFGCTRL_X0Y1        BUFG (Prop_bufg_I_O)         0.029     3.311 f  prescaler_instance/inst/clkf_buf/O
                         net (fo=1, routed)           0.817     4.127    prescaler_instance/inst/clkfbout_buf_clkDVIprescaler
    MMCME2_ADV_X1Y0      MMCME2_ADV                                   f  prescaler_instance/inst/mmcm_adv_inst/CLKFBIN
  -------------------------------------------------------------------    -------------------





Min Delay Paths
--------------------------------------------------------------------------------------
Slack:                    inf
  Source:                 prescaler_instance/inst/mmcm_adv_inst/CLKFBOUT
                            (clock source 'clkfbout_clkDVIprescaler'  {rise@0.000ns fall@5.000ns period=10.000ns})
  Destination:            prescaler_instance/inst/mmcm_adv_inst/CLKFBIN
  Path Group:             (none)
  Path Type:              Min at Slow Process Corner
  Data Path Delay:        3.129ns  (logic 0.091ns (2.908%)  route 3.038ns (97.092%))
  Logic Levels:           1  (BUFG=1)
  Clock Uncertainty:      0.156ns  ((TSJ^2 + DJ^2)^1/2) / 2 + PE
    Total System Jitter     (TSJ):    0.050ns
    Discrete Jitter          (DJ):    0.090ns
    Phase Error              (PE):    0.104ns

    Location             Delay type                Incr(ns)  Path(ns)    Netlist Resource(s)
  -------------------------------------------------------------------    -------------------
                         (clock clkfbout_clkDVIprescaler rise edge)
                                                      0.000     0.000 r  
    W5                                                0.000     0.000 r  clk100 (IN)
                         net (fo=0)                   0.000     0.000    prescaler_instance/inst/clk_100
    W5                   IBUF (Prop_ibuf_I_O)         1.388     1.388 r  prescaler_instance/inst/clkin1_ibufg/O
                         net (fo=1, routed)           1.162     2.550    prescaler_instance/inst/clk_100_clkDVIprescaler
  -------------------------------------------------------------------    -------------------
    MMCME2_ADV_X1Y0      MMCME2_ADV (Prop_mmcme2_adv_CLKIN1_CLKFBOUT)
                                                     -7.217    -4.668 r  prescaler_instance/inst/mmcm_adv_inst/CLKFBOUT
                         net (fo=1, routed)           1.581    -3.086    prescaler_instance/inst/clkfbout_clkDVIprescaler
    BUFGCTRL_X0Y1        BUFG (Prop_bufg_I_O)         0.091    -2.995 r  prescaler_instance/inst/clkf_buf/O
                         net (fo=1, routed)           1.457    -1.538    prescaler_instance/inst/clkfbout_buf_clkDVIprescaler
    MMCME2_ADV_X1Y0      MMCME2_ADV                                   r  prescaler_instance/inst/mmcm_adv_inst/CLKFBIN
  -------------------------------------------------------------------    -------------------





--------------------------------------------------------------------------------------
Path Group:  (none)
From Clock:  
  To Clock:  clk_25_clkDVIprescaler

Max Delay            25 Endpoints
Min Delay            25 Endpoints
--------------------------------------------------------------------------------------


Max Delay Paths
--------------------------------------------------------------------------------------
Slack:                    inf
  Source:                 pixel_gen_inst/DisplayLevel_inst/ControlChar_inst/X_OutS_reg[3]/C
                            (rising edge-triggered cell FDRE)
  Destination:            pixel_gen_inst/DisplayLevel_inst/char_x_start_reg[8]/D
                            (rising edge-triggered cell FDRE clocked by clk_25_clkDVIprescaler  {rise@0.000ns fall@20.000ns period=40.000ns})
  Path Group:             (none)
  Path Type:              Setup (Max at Slow Process Corner)
  Data Path Delay:        3.300ns  (logic 0.992ns (30.058%)  route 2.308ns (69.942%))
  Logic Levels:           3  (FDRE=1 LUT2=1 LUT6=1)
  Clock Uncertainty:      0.199ns  ((TSJ^2 + DJ^2)^1/2) / 2 + PE
    Total System Jitter     (TSJ):    0.050ns
    Discrete Jitter          (DJ):    0.182ns
    Phase Error              (PE):    0.104ns

    Location             Delay type                Incr(ns)  Path(ns)    Netlist Resource(s)
  -------------------------------------------------------------------    -------------------
    SLICE_X2Y56          FDRE                         0.000     0.000 r  pixel_gen_inst/DisplayLevel_inst/ControlChar_inst/X_OutS_reg[3]/C
    SLICE_X2Y56          FDRE (Prop_fdre_C_Q)         0.518     0.518 r  pixel_gen_inst/DisplayLevel_inst/ControlChar_inst/X_OutS_reg[3]/Q
                         net (fo=11, routed)          1.512     2.030    pixel_gen_inst/DisplayLevel_inst/ControlChar_inst/X_OutS_reg[3]
    SLICE_X8Y57          LUT2 (Prop_lut2_I1_O)        0.146     2.176 r  pixel_gen_inst/DisplayLevel_inst/ControlChar_inst/char_x_start[8]_i_2/O
                         net (fo=1, routed)           0.796     2.972    pixel_gen_inst/DisplayLevel_inst/ControlChar_inst/char_x_start[8]_i_2_n_0
    SLICE_X7Y57          LUT6 (Prop_lut6_I1_O)        0.328     3.300 r  pixel_gen_inst/DisplayLevel_inst/ControlChar_inst/char_x_start[8]_i_1/O
                         net (fo=1, routed)           0.000     3.300    pixel_gen_inst/DisplayLevel_inst/ControlChar_inst_n_1
    SLICE_X7Y57          FDRE                                         r  pixel_gen_inst/DisplayLevel_inst/char_x_start_reg[8]/D
  -------------------------------------------------------------------    -------------------

                         (clock clk_25_clkDVIprescaler rise edge)
                                                      0.000     0.000 r  
    W5                                                0.000     0.000 r  clk100 (IN)
                         net (fo=0)                   0.000     0.000    prescaler_instance/inst/clk_100
    W5                   IBUF (Prop_ibuf_I_O)         1.388     1.388 r  prescaler_instance/inst/clkin1_ibufg/O
                         net (fo=1, routed)           1.162     2.550    prescaler_instance/inst/clk_100_clkDVIprescaler
    MMCME2_ADV_X1Y0      MMCME2_ADV (Prop_mmcme2_adv_CLKIN1_CLKOUT0)
                                                     -7.217    -4.668 r  prescaler_instance/inst/mmcm_adv_inst/CLKOUT0
                         net (fo=1, routed)           1.581    -3.086    prescaler_instance/inst/clk_25_clkDVIprescaler
    BUFGCTRL_X0Y0        BUFG (Prop_bufg_I_O)         0.091    -2.995 r  prescaler_instance/inst/clkout1_buf/O
                         net (fo=135, routed)         1.506    -1.490    pixel_gen_inst/DisplayLevel_inst/clk_25
    SLICE_X7Y57          FDRE                                         r  pixel_gen_inst/DisplayLevel_inst/char_x_start_reg[8]/C

Slack:                    inf
  Source:                 pixel_gen_inst/DisplayLevel_inst/ControlChar_inst/Y_OutS_reg[0]/C
                            (rising edge-triggered cell FDRE)
  Destination:            pixel_gen_inst/DisplayLevel_inst/char_y_start_reg[7]/D
                            (rising edge-triggered cell FDRE clocked by clk_25_clkDVIprescaler  {rise@0.000ns fall@20.000ns period=40.000ns})
  Path Group:             (none)
  Path Type:              Setup (Max at Slow Process Corner)
  Data Path Delay:        2.838ns  (logic 0.794ns (27.979%)  route 2.044ns (72.021%))
  Logic Levels:           3  (FDRE=1 LUT3=1 LUT6=1)
  Clock Uncertainty:      0.199ns  ((TSJ^2 + DJ^2)^1/2) / 2 + PE
    Total System Jitter     (TSJ):    0.050ns
    Discrete Jitter          (DJ):    0.182ns
    Phase Error              (PE):    0.104ns

    Location             Delay type                Incr(ns)  Path(ns)    Netlist Resource(s)
  -------------------------------------------------------------------    -------------------
    SLICE_X2Y55          FDRE                         0.000     0.000 r  pixel_gen_inst/DisplayLevel_inst/ControlChar_inst/Y_OutS_reg[0]/C
    SLICE_X2Y55          FDRE (Prop_fdre_C_Q)         0.518     0.518 r  pixel_gen_inst/DisplayLevel_inst/ControlChar_inst/Y_OutS_reg[0]/Q
                         net (fo=9, routed)           1.100     1.618    pixel_gen_inst/DisplayLevel_inst/ControlChar_inst/Y_OutS_reg[0]
    SLICE_X3Y57          LUT6 (Prop_lut6_I2_O)        0.124     1.742 r  pixel_gen_inst/DisplayLevel_inst/ControlChar_inst/char_y_start[9]_i_2/O
                         net (fo=4, routed)           0.944     2.686    pixel_gen_inst/DisplayLevel_inst/ControlChar_inst/char_y_start[9]_i_2_n_0
    SLICE_X6Y57          LUT3 (Prop_lut3_I0_O)        0.152     2.838 r  pixel_gen_inst/DisplayLevel_inst/ControlChar_inst/char_y_start[7]_i_1/O
                         net (fo=1, routed)           0.000     2.838    pixel_gen_inst/DisplayLevel_inst/ControlChar_inst_n_12
    SLICE_X6Y57          FDRE                                         r  pixel_gen_inst/DisplayLevel_inst/char_y_start_reg[7]/D
  -------------------------------------------------------------------    -------------------

                         (clock clk_25_clkDVIprescaler rise edge)
                                                      0.000     0.000 r  
    W5                                                0.000     0.000 r  clk100 (IN)
                         net (fo=0)                   0.000     0.000    prescaler_instance/inst/clk_100
    W5                   IBUF (Prop_ibuf_I_O)         1.388     1.388 r  prescaler_instance/inst/clkin1_ibufg/O
                         net (fo=1, routed)           1.162     2.550    prescaler_instance/inst/clk_100_clkDVIprescaler
    MMCME2_ADV_X1Y0      MMCME2_ADV (Prop_mmcme2_adv_CLKIN1_CLKOUT0)
                                                     -7.217    -4.668 r  prescaler_instance/inst/mmcm_adv_inst/CLKOUT0
                         net (fo=1, routed)           1.581    -3.086    prescaler_instance/inst/clk_25_clkDVIprescaler
    BUFGCTRL_X0Y0        BUFG (Prop_bufg_I_O)         0.091    -2.995 r  prescaler_instance/inst/clkout1_buf/O
                         net (fo=135, routed)         1.506    -1.490    pixel_gen_inst/DisplayLevel_inst/clk_25
    SLICE_X6Y57          FDRE                                         r  pixel_gen_inst/DisplayLevel_inst/char_y_start_reg[7]/C

Slack:                    inf
  Source:                 pixel_gen_inst/DisplayLevel_inst/ControlChar_inst/Y_OutS_reg[0]/C
                            (rising edge-triggered cell FDRE)
  Destination:            pixel_gen_inst/DisplayLevel_inst/char_y_start_reg[6]/D
                            (rising edge-triggered cell FDRE clocked by clk_25_clkDVIprescaler  {rise@0.000ns fall@20.000ns period=40.000ns})
  Path Group:             (none)
  Path Type:              Setup (Max at Slow Process Corner)
  Data Path Delay:        2.810ns  (logic 0.766ns (27.261%)  route 2.044ns (72.739%))
  Logic Levels:           3  (FDRE=1 LUT2=1 LUT6=1)
  Clock Uncertainty:      0.199ns  ((TSJ^2 + DJ^2)^1/2) / 2 + PE
    Total System Jitter     (TSJ):    0.050ns
    Discrete Jitter          (DJ):    0.182ns
    Phase Error              (PE):    0.104ns

    Location             Delay type                Incr(ns)  Path(ns)    Netlist Resource(s)
  -------------------------------------------------------------------    -------------------
    SLICE_X2Y55          FDRE                         0.000     0.000 r  pixel_gen_inst/DisplayLevel_inst/ControlChar_inst/Y_OutS_reg[0]/C
    SLICE_X2Y55          FDRE (Prop_fdre_C_Q)         0.518     0.518 r  pixel_gen_inst/DisplayLevel_inst/ControlChar_inst/Y_OutS_reg[0]/Q
                         net (fo=9, routed)           1.100     1.618    pixel_gen_inst/DisplayLevel_inst/ControlChar_inst/Y_OutS_reg[0]
    SLICE_X3Y57          LUT6 (Prop_lut6_I2_O)        0.124     1.742 r  pixel_gen_inst/DisplayLevel_inst/ControlChar_inst/char_y_start[9]_i_2/O
                         net (fo=4, routed)           0.944     2.686    pixel_gen_inst/DisplayLevel_inst/ControlChar_inst/char_y_start[9]_i_2_n_0
    SLICE_X6Y57          LUT2 (Prop_lut2_I0_O)        0.124     2.810 r  pixel_gen_inst/DisplayLevel_inst/ControlChar_inst/char_y_start[6]_i_1/O
                         net (fo=1, routed)           0.000     2.810    pixel_gen_inst/DisplayLevel_inst/ControlChar_inst_n_13
    SLICE_X6Y57          FDRE                                         r  pixel_gen_inst/DisplayLevel_inst/char_y_start_reg[6]/D
  -------------------------------------------------------------------    -------------------

                         (clock clk_25_clkDVIprescaler rise edge)
                                                      0.000     0.000 r  
    W5                                                0.000     0.000 r  clk100 (IN)
                         net (fo=0)                   0.000     0.000    prescaler_instance/inst/clk_100
    W5                   IBUF (Prop_ibuf_I_O)         1.388     1.388 r  prescaler_instance/inst/clkin1_ibufg/O
                         net (fo=1, routed)           1.162     2.550    prescaler_instance/inst/clk_100_clkDVIprescaler
    MMCME2_ADV_X1Y0      MMCME2_ADV (Prop_mmcme2_adv_CLKIN1_CLKOUT0)
                                                     -7.217    -4.668 r  prescaler_instance/inst/mmcm_adv_inst/CLKOUT0
                         net (fo=1, routed)           1.581    -3.086    prescaler_instance/inst/clk_25_clkDVIprescaler
    BUFGCTRL_X0Y0        BUFG (Prop_bufg_I_O)         0.091    -2.995 r  prescaler_instance/inst/clkout1_buf/O
                         net (fo=135, routed)         1.506    -1.490    pixel_gen_inst/DisplayLevel_inst/clk_25
    SLICE_X6Y57          FDRE                                         r  pixel_gen_inst/DisplayLevel_inst/char_y_start_reg[6]/C

Slack:                    inf
  Source:                 pixel_gen_inst/DisplayLevel_inst/ControlChar_inst/X_OutS_reg[7]/C
                            (rising edge-triggered cell FDRE)
  Destination:            pixel_gen_inst/DisplayLevel_inst/char_x_start_reg[9]/D
                            (rising edge-triggered cell FDRE clocked by clk_25_clkDVIprescaler  {rise@0.000ns fall@20.000ns period=40.000ns})
  Path Group:             (none)
  Path Type:              Setup (Max at Slow Process Corner)
  Data Path Delay:        2.294ns  (logic 0.766ns (33.392%)  route 1.528ns (66.608%))
  Logic Levels:           3  (FDRE=1 LUT3=1 LUT6=1)
  Clock Uncertainty:      0.199ns  ((TSJ^2 + DJ^2)^1/2) / 2 + PE
    Total System Jitter     (TSJ):    0.050ns
    Discrete Jitter          (DJ):    0.182ns
    Phase Error              (PE):    0.104ns

    Location             Delay type                Incr(ns)  Path(ns)    Netlist Resource(s)
  -------------------------------------------------------------------    -------------------
    SLICE_X2Y57          FDRE                         0.000     0.000 r  pixel_gen_inst/DisplayLevel_inst/ControlChar_inst/X_OutS_reg[7]/C
    SLICE_X2Y57          FDRE (Prop_fdre_C_Q)         0.518     0.518 r  pixel_gen_inst/DisplayLevel_inst/ControlChar_inst/X_OutS_reg[7]/Q
                         net (fo=7, routed)           1.011     1.529    pixel_gen_inst/DisplayLevel_inst/ControlChar_inst/X_OutS_reg[7]
    SLICE_X7Y57          LUT6 (Prop_lut6_I0_O)        0.124     1.653 r  pixel_gen_inst/DisplayLevel_inst/ControlChar_inst/char_x_start[9]_i_3/O
                         net (fo=1, routed)           0.517     2.170    pixel_gen_inst/DisplayLevel_inst/ControlChar_inst/char_x_start[9]_i_3_n_0
    SLICE_X6Y57          LUT3 (Prop_lut3_I0_O)        0.124     2.294 r  pixel_gen_inst/DisplayLevel_inst/ControlChar_inst/char_x_start[9]_i_2/O
                         net (fo=1, routed)           0.000     2.294    pixel_gen_inst/DisplayLevel_inst/ControlChar_inst_n_0
    SLICE_X6Y57          FDRE                                         r  pixel_gen_inst/DisplayLevel_inst/char_x_start_reg[9]/D
  -------------------------------------------------------------------    -------------------

                         (clock clk_25_clkDVIprescaler rise edge)
                                                      0.000     0.000 r  
    W5                                                0.000     0.000 r  clk100 (IN)
                         net (fo=0)                   0.000     0.000    prescaler_instance/inst/clk_100
    W5                   IBUF (Prop_ibuf_I_O)         1.388     1.388 r  prescaler_instance/inst/clkin1_ibufg/O
                         net (fo=1, routed)           1.162     2.550    prescaler_instance/inst/clk_100_clkDVIprescaler
    MMCME2_ADV_X1Y0      MMCME2_ADV (Prop_mmcme2_adv_CLKIN1_CLKOUT0)
                                                     -7.217    -4.668 r  prescaler_instance/inst/mmcm_adv_inst/CLKOUT0
                         net (fo=1, routed)           1.581    -3.086    prescaler_instance/inst/clk_25_clkDVIprescaler
    BUFGCTRL_X0Y0        BUFG (Prop_bufg_I_O)         0.091    -2.995 r  prescaler_instance/inst/clkout1_buf/O
                         net (fo=135, routed)         1.506    -1.490    pixel_gen_inst/DisplayLevel_inst/clk_25
    SLICE_X6Y57          FDRE                                         r  pixel_gen_inst/DisplayLevel_inst/char_x_start_reg[9]/C

Slack:                    inf
  Source:                 pixel_gen_inst/DisplayLevel_inst/ControlChar_inst/Y_OutS_reg[0]/C
                            (rising edge-triggered cell FDRE)
  Destination:            pixel_gen_inst/DisplayLevel_inst/char_y_start_reg[8]/D
                            (rising edge-triggered cell FDRE clocked by clk_25_clkDVIprescaler  {rise@0.000ns fall@20.000ns period=40.000ns})
  Path Group:             (none)
  Path Type:              Setup (Max at Slow Process Corner)
  Data Path Delay:        2.273ns  (logic 0.766ns (33.700%)  route 1.507ns (66.300%))
  Logic Levels:           3  (FDRE=1 LUT4=1 LUT6=1)
  Clock Uncertainty:      0.199ns  ((TSJ^2 + DJ^2)^1/2) / 2 + PE
    Total System Jitter     (TSJ):    0.050ns
    Discrete Jitter          (DJ):    0.182ns
    Phase Error              (PE):    0.104ns

    Location             Delay type                Incr(ns)  Path(ns)    Netlist Resource(s)
  -------------------------------------------------------------------    -------------------
    SLICE_X2Y55          FDRE                         0.000     0.000 r  pixel_gen_inst/DisplayLevel_inst/ControlChar_inst/Y_OutS_reg[0]/C
    SLICE_X2Y55          FDRE (Prop_fdre_C_Q)         0.518     0.518 r  pixel_gen_inst/DisplayLevel_inst/ControlChar_inst/Y_OutS_reg[0]/Q
                         net (fo=9, routed)           1.100     1.618    pixel_gen_inst/DisplayLevel_inst/ControlChar_inst/Y_OutS_reg[0]
    SLICE_X3Y57          LUT6 (Prop_lut6_I2_O)        0.124     1.742 r  pixel_gen_inst/DisplayLevel_inst/ControlChar_inst/char_y_start[9]_i_2/O
                         net (fo=4, routed)           0.407     2.149    pixel_gen_inst/DisplayLevel_inst/ControlChar_inst/char_y_start[9]_i_2_n_0
    SLICE_X1Y58          LUT4 (Prop_lut4_I1_O)        0.124     2.273 r  pixel_gen_inst/DisplayLevel_inst/ControlChar_inst/char_y_start[8]_i_1/O
                         net (fo=1, routed)           0.000     2.273    pixel_gen_inst/DisplayLevel_inst/ControlChar_inst_n_11
    SLICE_X1Y58          FDRE                                         r  pixel_gen_inst/DisplayLevel_inst/char_y_start_reg[8]/D
  -------------------------------------------------------------------    -------------------

                         (clock clk_25_clkDVIprescaler rise edge)
                                                      0.000     0.000 r  
    W5                                                0.000     0.000 r  clk100 (IN)
                         net (fo=0)                   0.000     0.000    prescaler_instance/inst/clk_100
    W5                   IBUF (Prop_ibuf_I_O)         1.388     1.388 r  prescaler_instance/inst/clkin1_ibufg/O
                         net (fo=1, routed)           1.162     2.550    prescaler_instance/inst/clk_100_clkDVIprescaler
    MMCME2_ADV_X1Y0      MMCME2_ADV (Prop_mmcme2_adv_CLKIN1_CLKOUT0)
                                                     -7.217    -4.668 r  prescaler_instance/inst/mmcm_adv_inst/CLKOUT0
                         net (fo=1, routed)           1.581    -3.086    prescaler_instance/inst/clk_25_clkDVIprescaler
    BUFGCTRL_X0Y0        BUFG (Prop_bufg_I_O)         0.091    -2.995 r  prescaler_instance/inst/clkout1_buf/O
                         net (fo=135, routed)         1.508    -1.488    pixel_gen_inst/DisplayLevel_inst/clk_25
    SLICE_X1Y58          FDRE                                         r  pixel_gen_inst/DisplayLevel_inst/char_y_start_reg[8]/C

Slack:                    inf
  Source:                 pixel_gen_inst/DisplayLevel_inst/ControlChar_inst/Y_OutS_reg[0]/C
                            (rising edge-triggered cell FDRE)
  Destination:            pixel_gen_inst/DisplayLevel_inst/char_y_start_reg[9]/D
                            (rising edge-triggered cell FDRE clocked by clk_25_clkDVIprescaler  {rise@0.000ns fall@20.000ns period=40.000ns})
  Path Group:             (none)
  Path Type:              Setup (Max at Slow Process Corner)
  Data Path Delay:        2.267ns  (logic 0.760ns (33.524%)  route 1.507ns (66.476%))
  Logic Levels:           3  (FDRE=1 LUT5=1 LUT6=1)
  Clock Uncertainty:      0.199ns  ((TSJ^2 + DJ^2)^1/2) / 2 + PE
    Total System Jitter     (TSJ):    0.050ns
    Discrete Jitter          (DJ):    0.182ns
    Phase Error              (PE):    0.104ns

    Location             Delay type                Incr(ns)  Path(ns)    Netlist Resource(s)
  -------------------------------------------------------------------    -------------------
    SLICE_X2Y55          FDRE                         0.000     0.000 r  pixel_gen_inst/DisplayLevel_inst/ControlChar_inst/Y_OutS_reg[0]/C
    SLICE_X2Y55          FDRE (Prop_fdre_C_Q)         0.518     0.518 r  pixel_gen_inst/DisplayLevel_inst/ControlChar_inst/Y_OutS_reg[0]/Q
                         net (fo=9, routed)           1.100     1.618    pixel_gen_inst/DisplayLevel_inst/ControlChar_inst/Y_OutS_reg[0]
    SLICE_X3Y57          LUT6 (Prop_lut6_I2_O)        0.124     1.742 r  pixel_gen_inst/DisplayLevel_inst/ControlChar_inst/char_y_start[9]_i_2/O
                         net (fo=4, routed)           0.407     2.149    pixel_gen_inst/DisplayLevel_inst/ControlChar_inst/char_y_start[9]_i_2_n_0
    SLICE_X1Y58          LUT5 (Prop_lut5_I1_O)        0.118     2.267 r  pixel_gen_inst/DisplayLevel_inst/ControlChar_inst/char_y_start[9]_i_1/O
                         net (fo=1, routed)           0.000     2.267    pixel_gen_inst/DisplayLevel_inst/ControlChar_inst_n_10
    SLICE_X1Y58          FDRE                                         r  pixel_gen_inst/DisplayLevel_inst/char_y_start_reg[9]/D
  -------------------------------------------------------------------    -------------------

                         (clock clk_25_clkDVIprescaler rise edge)
                                                      0.000     0.000 r  
    W5                                                0.000     0.000 r  clk100 (IN)
                         net (fo=0)                   0.000     0.000    prescaler_instance/inst/clk_100
    W5                   IBUF (Prop_ibuf_I_O)         1.388     1.388 r  prescaler_instance/inst/clkin1_ibufg/O
                         net (fo=1, routed)           1.162     2.550    prescaler_instance/inst/clk_100_clkDVIprescaler
    MMCME2_ADV_X1Y0      MMCME2_ADV (Prop_mmcme2_adv_CLKIN1_CLKOUT0)
                                                     -7.217    -4.668 r  prescaler_instance/inst/mmcm_adv_inst/CLKOUT0
                         net (fo=1, routed)           1.581    -3.086    prescaler_instance/inst/clk_25_clkDVIprescaler
    BUFGCTRL_X0Y0        BUFG (Prop_bufg_I_O)         0.091    -2.995 r  prescaler_instance/inst/clkout1_buf/O
                         net (fo=135, routed)         1.508    -1.488    pixel_gen_inst/DisplayLevel_inst/clk_25
    SLICE_X1Y58          FDRE                                         r  pixel_gen_inst/DisplayLevel_inst/char_y_start_reg[9]/C

Slack:                    inf
  Source:                 pixel_gen_inst/DisplayLevel_inst/ControlChar_inst/Y_OutS_reg[0]/C
                            (rising edge-triggered cell FDRE)
  Destination:            pixel_gen_inst/DisplayLevel_inst/char_y_start_reg[2]/D
                            (rising edge-triggered cell FDRE clocked by clk_25_clkDVIprescaler  {rise@0.000ns fall@20.000ns period=40.000ns})
  Path Group:             (none)
  Path Type:              Setup (Max at Slow Process Corner)
  Data Path Delay:        1.937ns  (logic 0.668ns (34.492%)  route 1.269ns (65.508%))
  Logic Levels:           2  (FDRE=1 LUT3=1)
  Clock Uncertainty:      0.199ns  ((TSJ^2 + DJ^2)^1/2) / 2 + PE
    Total System Jitter     (TSJ):    0.050ns
    Discrete Jitter          (DJ):    0.182ns
    Phase Error              (PE):    0.104ns

    Location             Delay type                Incr(ns)  Path(ns)    Netlist Resource(s)
  -------------------------------------------------------------------    -------------------
    SLICE_X2Y55          FDRE                         0.000     0.000 r  pixel_gen_inst/DisplayLevel_inst/ControlChar_inst/Y_OutS_reg[0]/C
    SLICE_X2Y55          FDRE (Prop_fdre_C_Q)         0.518     0.518 r  pixel_gen_inst/DisplayLevel_inst/ControlChar_inst/Y_OutS_reg[0]/Q
                         net (fo=9, routed)           0.786     1.304    pixel_gen_inst/DisplayLevel_inst/ControlChar_inst/Y_OutS_reg[0]
    SLICE_X1Y56          LUT3 (Prop_lut3_I1_O)        0.150     1.454 r  pixel_gen_inst/DisplayLevel_inst/ControlChar_inst/char_y_start[2]_i_1/O
                         net (fo=1, routed)           0.483     1.937    pixel_gen_inst/DisplayLevel_inst/ControlChar_inst_n_17
    SLICE_X2Y54          FDRE                                         r  pixel_gen_inst/DisplayLevel_inst/char_y_start_reg[2]/D
  -------------------------------------------------------------------    -------------------

                         (clock clk_25_clkDVIprescaler rise edge)
                                                      0.000     0.000 r  
    W5                                                0.000     0.000 r  clk100 (IN)
                         net (fo=0)                   0.000     0.000    prescaler_instance/inst/clk_100
    W5                   IBUF (Prop_ibuf_I_O)         1.388     1.388 r  prescaler_instance/inst/clkin1_ibufg/O
                         net (fo=1, routed)           1.162     2.550    prescaler_instance/inst/clk_100_clkDVIprescaler
    MMCME2_ADV_X1Y0      MMCME2_ADV (Prop_mmcme2_adv_CLKIN1_CLKOUT0)
                                                     -7.217    -4.668 r  prescaler_instance/inst/mmcm_adv_inst/CLKOUT0
                         net (fo=1, routed)           1.581    -3.086    prescaler_instance/inst/clk_25_clkDVIprescaler
    BUFGCTRL_X0Y0        BUFG (Prop_bufg_I_O)         0.091    -2.995 r  prescaler_instance/inst/clkout1_buf/O
                         net (fo=135, routed)         1.509    -1.487    pixel_gen_inst/DisplayLevel_inst/clk_25
    SLICE_X2Y54          FDRE                                         r  pixel_gen_inst/DisplayLevel_inst/char_y_start_reg[2]/C

Slack:                    inf
  Source:                 pixel_gen_inst/DisplayLevel_inst/ControlChar_inst/Y_OutS_reg[1]/C
                            (rising edge-triggered cell FDRE)
  Destination:            pixel_gen_inst/DisplayLevel_inst/char_y_start_reg[1]/D
                            (rising edge-triggered cell FDRE clocked by clk_25_clkDVIprescaler  {rise@0.000ns fall@20.000ns period=40.000ns})
  Path Group:             (none)
  Path Type:              Setup (Max at Slow Process Corner)
  Data Path Delay:        1.877ns  (logic 0.580ns (30.898%)  route 1.297ns (69.102%))
  Logic Levels:           2  (FDRE=1 LUT2=1)
  Clock Uncertainty:      0.199ns  ((TSJ^2 + DJ^2)^1/2) / 2 + PE
    Total System Jitter     (TSJ):    0.050ns
    Discrete Jitter          (DJ):    0.182ns
    Phase Error              (PE):    0.104ns

    Location             Delay type                Incr(ns)  Path(ns)    Netlist Resource(s)
  -------------------------------------------------------------------    -------------------
    SLICE_X0Y57          FDRE                         0.000     0.000 r  pixel_gen_inst/DisplayLevel_inst/ControlChar_inst/Y_OutS_reg[1]/C
    SLICE_X0Y57          FDRE (Prop_fdre_C_Q)         0.456     0.456 r  pixel_gen_inst/DisplayLevel_inst/ControlChar_inst/Y_OutS_reg[1]/Q
                         net (fo=9, routed)           0.833     1.289    pixel_gen_inst/DisplayLevel_inst/ControlChar_inst/Y_OutS_reg[1]
    SLICE_X1Y55          LUT2 (Prop_lut2_I1_O)        0.124     1.413 r  pixel_gen_inst/DisplayLevel_inst/ControlChar_inst/char_y_start[1]_i_1/O
                         net (fo=1, routed)           0.464     1.877    pixel_gen_inst/DisplayLevel_inst/ControlChar_inst_n_18
    SLICE_X2Y54          FDRE                                         r  pixel_gen_inst/DisplayLevel_inst/char_y_start_reg[1]/D
  -------------------------------------------------------------------    -------------------

                         (clock clk_25_clkDVIprescaler rise edge)
                                                      0.000     0.000 r  
    W5                                                0.000     0.000 r  clk100 (IN)
                         net (fo=0)                   0.000     0.000    prescaler_instance/inst/clk_100
    W5                   IBUF (Prop_ibuf_I_O)         1.388     1.388 r  prescaler_instance/inst/clkin1_ibufg/O
                         net (fo=1, routed)           1.162     2.550    prescaler_instance/inst/clk_100_clkDVIprescaler
    MMCME2_ADV_X1Y0      MMCME2_ADV (Prop_mmcme2_adv_CLKIN1_CLKOUT0)
                                                     -7.217    -4.668 r  prescaler_instance/inst/mmcm_adv_inst/CLKOUT0
                         net (fo=1, routed)           1.581    -3.086    prescaler_instance/inst/clk_25_clkDVIprescaler
    BUFGCTRL_X0Y0        BUFG (Prop_bufg_I_O)         0.091    -2.995 r  prescaler_instance/inst/clkout1_buf/O
                         net (fo=135, routed)         1.509    -1.487    pixel_gen_inst/DisplayLevel_inst/clk_25
    SLICE_X2Y54          FDRE                                         r  pixel_gen_inst/DisplayLevel_inst/char_y_start_reg[1]/C

Slack:                    inf
  Source:                 pixel_gen_inst/DisplayLevel_inst/ControlChar_inst/Y_OutS_reg[0]/C
                            (rising edge-triggered cell FDRE)
  Destination:            pixel_gen_inst/DisplayLevel_inst/char_y_start_reg[0]/D
                            (rising edge-triggered cell FDRE clocked by clk_25_clkDVIprescaler  {rise@0.000ns fall@20.000ns period=40.000ns})
  Path Group:             (none)
  Path Type:              Setup (Max at Slow Process Corner)
  Data Path Delay:        1.870ns  (logic 0.668ns (35.713%)  route 1.202ns (64.287%))
  Logic Levels:           2  (FDRE=1 LUT1=1)
  Clock Uncertainty:      0.199ns  ((TSJ^2 + DJ^2)^1/2) / 2 + PE
    Total System Jitter     (TSJ):    0.050ns
    Discrete Jitter          (DJ):    0.182ns
    Phase Error              (PE):    0.104ns

    Location             Delay type                Incr(ns)  Path(ns)    Netlist Resource(s)
  -------------------------------------------------------------------    -------------------
    SLICE_X2Y55          FDRE                         0.000     0.000 r  pixel_gen_inst/DisplayLevel_inst/ControlChar_inst/Y_OutS_reg[0]/C
    SLICE_X2Y55          FDRE (Prop_fdre_C_Q)         0.518     0.518 f  pixel_gen_inst/DisplayLevel_inst/ControlChar_inst/Y_OutS_reg[0]/Q
                         net (fo=9, routed)           0.577     1.095    pixel_gen_inst/DisplayLevel_inst/ControlChar_inst/Y_OutS_reg[0]
    SLICE_X1Y55          LUT1 (Prop_lut1_I0_O)        0.150     1.245 r  pixel_gen_inst/DisplayLevel_inst/ControlChar_inst/char_y_start[0]_i_1/O
                         net (fo=2, routed)           0.625     1.870    pixel_gen_inst/DisplayLevel_inst/ControlChar_inst_n_19
    SLICE_X2Y54          FDRE                                         r  pixel_gen_inst/DisplayLevel_inst/char_y_start_reg[0]/D
  -------------------------------------------------------------------    -------------------

                         (clock clk_25_clkDVIprescaler rise edge)
                                                      0.000     0.000 r  
    W5                                                0.000     0.000 r  clk100 (IN)
                         net (fo=0)                   0.000     0.000    prescaler_instance/inst/clk_100
    W5                   IBUF (Prop_ibuf_I_O)         1.388     1.388 r  prescaler_instance/inst/clkin1_ibufg/O
                         net (fo=1, routed)           1.162     2.550    prescaler_instance/inst/clk_100_clkDVIprescaler
    MMCME2_ADV_X1Y0      MMCME2_ADV (Prop_mmcme2_adv_CLKIN1_CLKOUT0)
                                                     -7.217    -4.668 r  prescaler_instance/inst/mmcm_adv_inst/CLKOUT0
                         net (fo=1, routed)           1.581    -3.086    prescaler_instance/inst/clk_25_clkDVIprescaler
    BUFGCTRL_X0Y0        BUFG (Prop_bufg_I_O)         0.091    -2.995 r  prescaler_instance/inst/clkout1_buf/O
                         net (fo=135, routed)         1.509    -1.487    pixel_gen_inst/DisplayLevel_inst/clk_25
    SLICE_X2Y54          FDRE                                         r  pixel_gen_inst/DisplayLevel_inst/char_y_start_reg[0]/C

Slack:                    inf
  Source:                 pixel_gen_inst/DisplayLevel_inst/ControlChar_inst/X_OutS_reg[3]/C
                            (rising edge-triggered cell FDRE)
  Destination:            pixel_gen_inst/DisplayLevel_inst/char_x_start_reg[4]/D
                            (rising edge-triggered cell FDRE clocked by clk_25_clkDVIprescaler  {rise@0.000ns fall@20.000ns period=40.000ns})
  Path Group:             (none)
  Path Type:              Setup (Max at Slow Process Corner)
  Data Path Delay:        1.814ns  (logic 0.670ns (36.937%)  route 1.144ns (63.063%))
  Logic Levels:           2  (FDRE=1 LUT3=1)
  Clock Uncertainty:      0.199ns  ((TSJ^2 + DJ^2)^1/2) / 2 + PE
    Total System Jitter     (TSJ):    0.050ns
    Discrete Jitter          (DJ):    0.182ns
    Phase Error              (PE):    0.104ns

    Location             Delay type                Incr(ns)  Path(ns)    Netlist Resource(s)
  -------------------------------------------------------------------    -------------------
    SLICE_X2Y56          FDRE                         0.000     0.000 r  pixel_gen_inst/DisplayLevel_inst/ControlChar_inst/X_OutS_reg[3]/C
    SLICE_X2Y56          FDRE (Prop_fdre_C_Q)         0.518     0.518 r  pixel_gen_inst/DisplayLevel_inst/ControlChar_inst/X_OutS_reg[3]/Q
                         net (fo=11, routed)          1.144     1.662    pixel_gen_inst/DisplayLevel_inst/ControlChar_inst/X_OutS_reg[3]
    SLICE_X7Y57          LUT3 (Prop_lut3_I0_O)        0.152     1.814 r  pixel_gen_inst/DisplayLevel_inst/ControlChar_inst/char_x_start[4]_i_1/O
                         net (fo=1, routed)           0.000     1.814    pixel_gen_inst/DisplayLevel_inst/ControlChar_inst_n_5
    SLICE_X7Y57          FDRE                                         r  pixel_gen_inst/DisplayLevel_inst/char_x_start_reg[4]/D
  -------------------------------------------------------------------    -------------------

                         (clock clk_25_clkDVIprescaler rise edge)
                                                      0.000     0.000 r  
    W5                                                0.000     0.000 r  clk100 (IN)
                         net (fo=0)                   0.000     0.000    prescaler_instance/inst/clk_100
    W5                   IBUF (Prop_ibuf_I_O)         1.388     1.388 r  prescaler_instance/inst/clkin1_ibufg/O
                         net (fo=1, routed)           1.162     2.550    prescaler_instance/inst/clk_100_clkDVIprescaler
    MMCME2_ADV_X1Y0      MMCME2_ADV (Prop_mmcme2_adv_CLKIN1_CLKOUT0)
                                                     -7.217    -4.668 r  prescaler_instance/inst/mmcm_adv_inst/CLKOUT0
                         net (fo=1, routed)           1.581    -3.086    prescaler_instance/inst/clk_25_clkDVIprescaler
    BUFGCTRL_X0Y0        BUFG (Prop_bufg_I_O)         0.091    -2.995 r  prescaler_instance/inst/clkout1_buf/O
                         net (fo=135, routed)         1.506    -1.490    pixel_gen_inst/DisplayLevel_inst/clk_25
    SLICE_X7Y57          FDRE                                         r  pixel_gen_inst/DisplayLevel_inst/char_x_start_reg[4]/C





Min Delay Paths
--------------------------------------------------------------------------------------
Slack:                    inf
  Source:                 pixel_gen_inst/DisplayLevel_inst/ControlChar_inst/Y_OutS_reg[3]/C
                            (rising edge-triggered cell FDRE)
  Destination:            pixel_gen_inst/DisplayLevel_inst/char_y_start_reg[5]/D
                            (rising edge-triggered cell FDRE clocked by clk_25_clkDVIprescaler  {rise@0.000ns fall@20.000ns period=40.000ns})
  Path Group:             (none)
  Path Type:              Hold (Min at Fast Process Corner)
  Data Path Delay:        0.284ns  (logic 0.186ns (65.495%)  route 0.098ns (34.505%))
  Logic Levels:           2  (FDRE=1 LUT6=1)
  Clock Uncertainty:      0.199ns  ((TSJ^2 + DJ^2)^1/2) / 2 + PE
    Total System Jitter     (TSJ):    0.050ns
    Discrete Jitter          (DJ):    0.182ns
    Phase Error              (PE):    0.104ns

    Location             Delay type                Incr(ns)  Path(ns)    Netlist Resource(s)
  -------------------------------------------------------------------    -------------------
    SLICE_X0Y57          FDRE                         0.000     0.000 r  pixel_gen_inst/DisplayLevel_inst/ControlChar_inst/Y_OutS_reg[3]/C
    SLICE_X0Y57          FDRE (Prop_fdre_C_Q)         0.141     0.141 r  pixel_gen_inst/DisplayLevel_inst/ControlChar_inst/Y_OutS_reg[3]/Q
                         net (fo=7, routed)           0.098     0.239    pixel_gen_inst/DisplayLevel_inst/ControlChar_inst/Y_OutS_reg[3]
    SLICE_X1Y57          LUT6 (Prop_lut6_I3_O)        0.045     0.284 r  pixel_gen_inst/DisplayLevel_inst/ControlChar_inst/char_y_start[5]_i_1/O
                         net (fo=1, routed)           0.000     0.284    pixel_gen_inst/DisplayLevel_inst/ControlChar_inst_n_14
    SLICE_X1Y57          FDRE                                         r  pixel_gen_inst/DisplayLevel_inst/char_y_start_reg[5]/D
  -------------------------------------------------------------------    -------------------

                         (clock clk_25_clkDVIprescaler rise edge)
                                                      0.000     0.000 r  
    W5                                                0.000     0.000 r  clk100 (IN)
                         net (fo=0)                   0.000     0.000    prescaler_instance/inst/clk_100
    W5                   IBUF (Prop_ibuf_I_O)         0.414     0.414 r  prescaler_instance/inst/clkin1_ibufg/O
                         net (fo=1, routed)           0.480     0.894    prescaler_instance/inst/clk_100_clkDVIprescaler
    MMCME2_ADV_X1Y0      MMCME2_ADV (Prop_mmcme2_adv_CLKIN1_CLKOUT0)
                                                     -3.142    -2.248 r  prescaler_instance/inst/mmcm_adv_inst/CLKOUT0
                         net (fo=1, routed)           0.530    -1.718    prescaler_instance/inst/clk_25_clkDVIprescaler
    BUFGCTRL_X0Y0        BUFG (Prop_bufg_I_O)         0.029    -1.689 r  prescaler_instance/inst/clkout1_buf/O
                         net (fo=135, routed)         0.862    -0.827    pixel_gen_inst/DisplayLevel_inst/clk_25
    SLICE_X1Y57          FDRE                                         r  pixel_gen_inst/DisplayLevel_inst/char_y_start_reg[5]/C

Slack:                    inf
  Source:                 pixel_gen_inst/DisplayLevel_inst/ControlChar_inst/X_OutS_reg[1]/C
                            (rising edge-triggered cell FDRE)
  Destination:            pixel_gen_inst/DisplayLevel_inst/char_x_start_reg[1]/D
                            (rising edge-triggered cell FDRE clocked by clk_25_clkDVIprescaler  {rise@0.000ns fall@20.000ns period=40.000ns})
  Path Group:             (none)
  Path Type:              Hold (Min at Fast Process Corner)
  Data Path Delay:        0.304ns  (logic 0.164ns (53.951%)  route 0.140ns (46.049%))
  Logic Levels:           1  (FDRE=1)
  Clock Uncertainty:      0.199ns  ((TSJ^2 + DJ^2)^1/2) / 2 + PE
    Total System Jitter     (TSJ):    0.050ns
    Discrete Jitter          (DJ):    0.182ns
    Phase Error              (PE):    0.104ns

    Location             Delay type                Incr(ns)  Path(ns)    Netlist Resource(s)
  -------------------------------------------------------------------    -------------------
    SLICE_X2Y56          FDRE                         0.000     0.000 r  pixel_gen_inst/DisplayLevel_inst/ControlChar_inst/X_OutS_reg[1]/C
    SLICE_X2Y56          FDRE (Prop_fdre_C_Q)         0.164     0.164 r  pixel_gen_inst/DisplayLevel_inst/ControlChar_inst/X_OutS_reg[1]/Q
                         net (fo=4, routed)           0.140     0.304    pixel_gen_inst/DisplayLevel_inst/X_OutS_reg__0[1]
    SLICE_X5Y56          FDRE                                         r  pixel_gen_inst/DisplayLevel_inst/char_x_start_reg[1]/D
  -------------------------------------------------------------------    -------------------

                         (clock clk_25_clkDVIprescaler rise edge)
                                                      0.000     0.000 r  
    W5                                                0.000     0.000 r  clk100 (IN)
                         net (fo=0)                   0.000     0.000    prescaler_instance/inst/clk_100
    W5                   IBUF (Prop_ibuf_I_O)         0.414     0.414 r  prescaler_instance/inst/clkin1_ibufg/O
                         net (fo=1, routed)           0.480     0.894    prescaler_instance/inst/clk_100_clkDVIprescaler
    MMCME2_ADV_X1Y0      MMCME2_ADV (Prop_mmcme2_adv_CLKIN1_CLKOUT0)
                                                     -3.142    -2.248 r  prescaler_instance/inst/mmcm_adv_inst/CLKOUT0
                         net (fo=1, routed)           0.530    -1.718    prescaler_instance/inst/clk_25_clkDVIprescaler
    BUFGCTRL_X0Y0        BUFG (Prop_bufg_I_O)         0.029    -1.689 r  prescaler_instance/inst/clkout1_buf/O
                         net (fo=135, routed)         0.861    -0.828    pixel_gen_inst/DisplayLevel_inst/clk_25
    SLICE_X5Y56          FDRE                                         r  pixel_gen_inst/DisplayLevel_inst/char_x_start_reg[1]/C

Slack:                    inf
  Source:                 pixel_gen_inst/DisplayLevel_inst/ControlChar_inst/Y_OutS_reg[1]/C
                            (rising edge-triggered cell FDRE)
  Destination:            pixel_gen_inst/DisplayLevel_inst/char_y_start_reg[3]/D
                            (rising edge-triggered cell FDRE clocked by clk_25_clkDVIprescaler  {rise@0.000ns fall@20.000ns period=40.000ns})
  Path Group:             (none)
  Path Type:              Hold (Min at Fast Process Corner)
  Data Path Delay:        0.318ns  (logic 0.186ns (58.462%)  route 0.132ns (41.538%))
  Logic Levels:           2  (FDRE=1 LUT4=1)
  Clock Uncertainty:      0.199ns  ((TSJ^2 + DJ^2)^1/2) / 2 + PE
    Total System Jitter     (TSJ):    0.050ns
    Discrete Jitter          (DJ):    0.182ns
    Phase Error              (PE):    0.104ns

    Location             Delay type                Incr(ns)  Path(ns)    Netlist Resource(s)
  -------------------------------------------------------------------    -------------------
    SLICE_X0Y57          FDRE                         0.000     0.000 r  pixel_gen_inst/DisplayLevel_inst/ControlChar_inst/Y_OutS_reg[1]/C
    SLICE_X0Y57          FDRE (Prop_fdre_C_Q)         0.141     0.141 r  pixel_gen_inst/DisplayLevel_inst/ControlChar_inst/Y_OutS_reg[1]/Q
                         net (fo=9, routed)           0.132     0.273    pixel_gen_inst/DisplayLevel_inst/ControlChar_inst/Y_OutS_reg[1]
    SLICE_X1Y57          LUT4 (Prop_lut4_I2_O)        0.045     0.318 r  pixel_gen_inst/DisplayLevel_inst/ControlChar_inst/char_y_start[3]_i_1/O
                         net (fo=1, routed)           0.000     0.318    pixel_gen_inst/DisplayLevel_inst/ControlChar_inst_n_16
    SLICE_X1Y57          FDRE                                         r  pixel_gen_inst/DisplayLevel_inst/char_y_start_reg[3]/D
  -------------------------------------------------------------------    -------------------

                         (clock clk_25_clkDVIprescaler rise edge)
                                                      0.000     0.000 r  
    W5                                                0.000     0.000 r  clk100 (IN)
                         net (fo=0)                   0.000     0.000    prescaler_instance/inst/clk_100
    W5                   IBUF (Prop_ibuf_I_O)         0.414     0.414 r  prescaler_instance/inst/clkin1_ibufg/O
                         net (fo=1, routed)           0.480     0.894    prescaler_instance/inst/clk_100_clkDVIprescaler
    MMCME2_ADV_X1Y0      MMCME2_ADV (Prop_mmcme2_adv_CLKIN1_CLKOUT0)
                                                     -3.142    -2.248 r  prescaler_instance/inst/mmcm_adv_inst/CLKOUT0
                         net (fo=1, routed)           0.530    -1.718    prescaler_instance/inst/clk_25_clkDVIprescaler
    BUFGCTRL_X0Y0        BUFG (Prop_bufg_I_O)         0.029    -1.689 r  prescaler_instance/inst/clkout1_buf/O
                         net (fo=135, routed)         0.862    -0.827    pixel_gen_inst/DisplayLevel_inst/clk_25
    SLICE_X1Y57          FDRE                                         r  pixel_gen_inst/DisplayLevel_inst/char_y_start_reg[3]/C

Slack:                    inf
  Source:                 pixel_gen_inst/DisplayLevel_inst/ControlChar_inst/Y_OutS_reg[1]/C
                            (rising edge-triggered cell FDRE)
  Destination:            pixel_gen_inst/DisplayLevel_inst/char_y_start_reg[4]/D
                            (rising edge-triggered cell FDRE clocked by clk_25_clkDVIprescaler  {rise@0.000ns fall@20.000ns period=40.000ns})
  Path Group:             (none)
  Path Type:              Hold (Min at Fast Process Corner)
  Data Path Delay:        0.321ns  (logic 0.189ns (58.850%)  route 0.132ns (41.150%))
  Logic Levels:           2  (FDRE=1 LUT5=1)
  Clock Uncertainty:      0.199ns  ((TSJ^2 + DJ^2)^1/2) / 2 + PE
    Total System Jitter     (TSJ):    0.050ns
    Discrete Jitter          (DJ):    0.182ns
    Phase Error              (PE):    0.104ns

    Location             Delay type                Incr(ns)  Path(ns)    Netlist Resource(s)
  -------------------------------------------------------------------    -------------------
    SLICE_X0Y57          FDRE                         0.000     0.000 r  pixel_gen_inst/DisplayLevel_inst/ControlChar_inst/Y_OutS_reg[1]/C
    SLICE_X0Y57          FDRE (Prop_fdre_C_Q)         0.141     0.141 r  pixel_gen_inst/DisplayLevel_inst/ControlChar_inst/Y_OutS_reg[1]/Q
                         net (fo=9, routed)           0.132     0.273    pixel_gen_inst/DisplayLevel_inst/ControlChar_inst/Y_OutS_reg[1]
    SLICE_X1Y57          LUT5 (Prop_lut5_I1_O)        0.048     0.321 r  pixel_gen_inst/DisplayLevel_inst/ControlChar_inst/char_y_start[4]_i_1/O
                         net (fo=1, routed)           0.000     0.321    pixel_gen_inst/DisplayLevel_inst/ControlChar_inst_n_15
    SLICE_X1Y57          FDRE                                         r  pixel_gen_inst/DisplayLevel_inst/char_y_start_reg[4]/D
  -------------------------------------------------------------------    -------------------

                         (clock clk_25_clkDVIprescaler rise edge)
                                                      0.000     0.000 r  
    W5                                                0.000     0.000 r  clk100 (IN)
                         net (fo=0)                   0.000     0.000    prescaler_instance/inst/clk_100
    W5                   IBUF (Prop_ibuf_I_O)         0.414     0.414 r  prescaler_instance/inst/clkin1_ibufg/O
                         net (fo=1, routed)           0.480     0.894    prescaler_instance/inst/clk_100_clkDVIprescaler
    MMCME2_ADV_X1Y0      MMCME2_ADV (Prop_mmcme2_adv_CLKIN1_CLKOUT0)
                                                     -3.142    -2.248 r  prescaler_instance/inst/mmcm_adv_inst/CLKOUT0
                         net (fo=1, routed)           0.530    -1.718    prescaler_instance/inst/clk_25_clkDVIprescaler
    BUFGCTRL_X0Y0        BUFG (Prop_bufg_I_O)         0.029    -1.689 r  prescaler_instance/inst/clkout1_buf/O
                         net (fo=135, routed)         0.862    -0.827    pixel_gen_inst/DisplayLevel_inst/clk_25
    SLICE_X1Y57          FDRE                                         r  pixel_gen_inst/DisplayLevel_inst/char_y_start_reg[4]/C

Slack:                    inf
  Source:                 pixel_gen_inst/DisplayLevel_inst/ControlChar_inst/X_OutS_reg[0]/C
                            (rising edge-triggered cell FDRE)
  Destination:            pixel_gen_inst/DisplayLevel_inst/char_x_start_reg[0]/D
                            (rising edge-triggered cell FDRE clocked by clk_25_clkDVIprescaler  {rise@0.000ns fall@20.000ns period=40.000ns})
  Path Group:             (none)
  Path Type:              Hold (Min at Fast Process Corner)
  Data Path Delay:        0.343ns  (logic 0.141ns (41.060%)  route 0.202ns (58.940%))
  Logic Levels:           1  (FDRE=1)
  Clock Uncertainty:      0.199ns  ((TSJ^2 + DJ^2)^1/2) / 2 + PE
    Total System Jitter     (TSJ):    0.050ns
    Discrete Jitter          (DJ):    0.182ns
    Phase Error              (PE):    0.104ns

    Location             Delay type                Incr(ns)  Path(ns)    Netlist Resource(s)
  -------------------------------------------------------------------    -------------------
    SLICE_X3Y58          FDRE                         0.000     0.000 r  pixel_gen_inst/DisplayLevel_inst/ControlChar_inst/X_OutS_reg[0]/C
    SLICE_X3Y58          FDRE (Prop_fdre_C_Q)         0.141     0.141 r  pixel_gen_inst/DisplayLevel_inst/ControlChar_inst/X_OutS_reg[0]/Q
                         net (fo=4, routed)           0.202     0.343    pixel_gen_inst/DisplayLevel_inst/X_OutS_reg__0[0]
    SLICE_X5Y56          FDRE                                         r  pixel_gen_inst/DisplayLevel_inst/char_x_start_reg[0]/D
  -------------------------------------------------------------------    -------------------

                         (clock clk_25_clkDVIprescaler rise edge)
                                                      0.000     0.000 r  
    W5                                                0.000     0.000 r  clk100 (IN)
                         net (fo=0)                   0.000     0.000    prescaler_instance/inst/clk_100
    W5                   IBUF (Prop_ibuf_I_O)         0.414     0.414 r  prescaler_instance/inst/clkin1_ibufg/O
                         net (fo=1, routed)           0.480     0.894    prescaler_instance/inst/clk_100_clkDVIprescaler
    MMCME2_ADV_X1Y0      MMCME2_ADV (Prop_mmcme2_adv_CLKIN1_CLKOUT0)
                                                     -3.142    -2.248 r  prescaler_instance/inst/mmcm_adv_inst/CLKOUT0
                         net (fo=1, routed)           0.530    -1.718    prescaler_instance/inst/clk_25_clkDVIprescaler
    BUFGCTRL_X0Y0        BUFG (Prop_bufg_I_O)         0.029    -1.689 r  prescaler_instance/inst/clkout1_buf/O
                         net (fo=135, routed)         0.861    -0.828    pixel_gen_inst/DisplayLevel_inst/clk_25
    SLICE_X5Y56          FDRE                                         r  pixel_gen_inst/DisplayLevel_inst/char_x_start_reg[0]/C

Slack:                    inf
  Source:                 pixel_gen_inst/DisplayLevel_inst/ControlChar_inst/X_OutS_reg[6]/C
                            (rising edge-triggered cell FDRE)
  Destination:            pixel_gen_inst/DisplayLevel_inst/char_x_start_reg[7]/D
                            (rising edge-triggered cell FDRE clocked by clk_25_clkDVIprescaler  {rise@0.000ns fall@20.000ns period=40.000ns})
  Path Group:             (none)
  Path Type:              Hold (Min at Fast Process Corner)
  Data Path Delay:        0.379ns  (logic 0.209ns (55.146%)  route 0.170ns (44.854%))
  Logic Levels:           2  (FDRE=1 LUT6=1)
  Clock Uncertainty:      0.199ns  ((TSJ^2 + DJ^2)^1/2) / 2 + PE
    Total System Jitter     (TSJ):    0.050ns
    Discrete Jitter          (DJ):    0.182ns
    Phase Error              (PE):    0.104ns

    Location             Delay type                Incr(ns)  Path(ns)    Netlist Resource(s)
  -------------------------------------------------------------------    -------------------
    SLICE_X2Y57          FDRE                         0.000     0.000 r  pixel_gen_inst/DisplayLevel_inst/ControlChar_inst/X_OutS_reg[6]/C
    SLICE_X2Y57          FDRE (Prop_fdre_C_Q)         0.164     0.164 r  pixel_gen_inst/DisplayLevel_inst/ControlChar_inst/X_OutS_reg[6]/Q
                         net (fo=8, routed)           0.170     0.334    pixel_gen_inst/DisplayLevel_inst/ControlChar_inst/X_OutS_reg[6]
    SLICE_X7Y57          LUT6 (Prop_lut6_I0_O)        0.045     0.379 r  pixel_gen_inst/DisplayLevel_inst/ControlChar_inst/char_x_start[7]_i_1/O
                         net (fo=1, routed)           0.000     0.379    pixel_gen_inst/DisplayLevel_inst/ControlChar_inst_n_2
    SLICE_X7Y57          FDRE                                         r  pixel_gen_inst/DisplayLevel_inst/char_x_start_reg[7]/D
  -------------------------------------------------------------------    -------------------

                         (clock clk_25_clkDVIprescaler rise edge)
                                                      0.000     0.000 r  
    W5                                                0.000     0.000 r  clk100 (IN)
                         net (fo=0)                   0.000     0.000    prescaler_instance/inst/clk_100
    W5                   IBUF (Prop_ibuf_I_O)         0.414     0.414 r  prescaler_instance/inst/clkin1_ibufg/O
                         net (fo=1, routed)           0.480     0.894    prescaler_instance/inst/clk_100_clkDVIprescaler
    MMCME2_ADV_X1Y0      MMCME2_ADV (Prop_mmcme2_adv_CLKIN1_CLKOUT0)
                                                     -3.142    -2.248 r  prescaler_instance/inst/mmcm_adv_inst/CLKOUT0
                         net (fo=1, routed)           0.530    -1.718    prescaler_instance/inst/clk_25_clkDVIprescaler
    BUFGCTRL_X0Y0        BUFG (Prop_bufg_I_O)         0.029    -1.689 r  prescaler_instance/inst/clkout1_buf/O
                         net (fo=135, routed)         0.860    -0.829    pixel_gen_inst/DisplayLevel_inst/clk_25
    SLICE_X7Y57          FDRE                                         r  pixel_gen_inst/DisplayLevel_inst/char_x_start_reg[7]/C

Slack:                    inf
  Source:                 pixel_gen_inst/DisplayLevel_inst/ControlChar_inst/Y_OutS_reg[6]/C
                            (rising edge-triggered cell FDRE)
  Destination:            pixel_gen_inst/DisplayLevel_inst/char_y_start_reg[8]/D
                            (rising edge-triggered cell FDRE clocked by clk_25_clkDVIprescaler  {rise@0.000ns fall@20.000ns period=40.000ns})
  Path Group:             (none)
  Path Type:              Hold (Min at Fast Process Corner)
  Data Path Delay:        0.380ns  (logic 0.186ns (48.900%)  route 0.194ns (51.100%))
  Logic Levels:           2  (FDRE=1 LUT4=1)
  Clock Uncertainty:      0.199ns  ((TSJ^2 + DJ^2)^1/2) / 2 + PE
    Total System Jitter     (TSJ):    0.050ns
    Discrete Jitter          (DJ):    0.182ns
    Phase Error              (PE):    0.104ns

    Location             Delay type                Incr(ns)  Path(ns)    Netlist Resource(s)
  -------------------------------------------------------------------    -------------------
    SLICE_X0Y58          FDRE                         0.000     0.000 r  pixel_gen_inst/DisplayLevel_inst/ControlChar_inst/Y_OutS_reg[6]/C
    SLICE_X0Y58          FDRE (Prop_fdre_C_Q)         0.141     0.141 r  pixel_gen_inst/DisplayLevel_inst/ControlChar_inst/Y_OutS_reg[6]/Q
                         net (fo=8, routed)           0.194     0.335    pixel_gen_inst/DisplayLevel_inst/ControlChar_inst/Y_OutS_reg[6]
    SLICE_X1Y58          LUT4 (Prop_lut4_I0_O)        0.045     0.380 r  pixel_gen_inst/DisplayLevel_inst/ControlChar_inst/char_y_start[8]_i_1/O
                         net (fo=1, routed)           0.000     0.380    pixel_gen_inst/DisplayLevel_inst/ControlChar_inst_n_11
    SLICE_X1Y58          FDRE                                         r  pixel_gen_inst/DisplayLevel_inst/char_y_start_reg[8]/D
  -------------------------------------------------------------------    -------------------

                         (clock clk_25_clkDVIprescaler rise edge)
                                                      0.000     0.000 r  
    W5                                                0.000     0.000 r  clk100 (IN)
                         net (fo=0)                   0.000     0.000    prescaler_instance/inst/clk_100
    W5                   IBUF (Prop_ibuf_I_O)         0.414     0.414 r  prescaler_instance/inst/clkin1_ibufg/O
                         net (fo=1, routed)           0.480     0.894    prescaler_instance/inst/clk_100_clkDVIprescaler
    MMCME2_ADV_X1Y0      MMCME2_ADV (Prop_mmcme2_adv_CLKIN1_CLKOUT0)
                                                     -3.142    -2.248 r  prescaler_instance/inst/mmcm_adv_inst/CLKOUT0
                         net (fo=1, routed)           0.530    -1.718    prescaler_instance/inst/clk_25_clkDVIprescaler
    BUFGCTRL_X0Y0        BUFG (Prop_bufg_I_O)         0.029    -1.689 r  prescaler_instance/inst/clkout1_buf/O
                         net (fo=135, routed)         0.862    -0.827    pixel_gen_inst/DisplayLevel_inst/clk_25
    SLICE_X1Y58          FDRE                                         r  pixel_gen_inst/DisplayLevel_inst/char_y_start_reg[8]/C

Slack:                    inf
  Source:                 pixel_gen_inst/DisplayLevel_inst/ControlChar_inst/Y_OutS_reg[6]/C
                            (rising edge-triggered cell FDRE)
  Destination:            pixel_gen_inst/DisplayLevel_inst/char_y_start_reg[9]/D
                            (rising edge-triggered cell FDRE clocked by clk_25_clkDVIprescaler  {rise@0.000ns fall@20.000ns period=40.000ns})
  Path Group:             (none)
  Path Type:              Hold (Min at Fast Process Corner)
  Data Path Delay:        0.381ns  (logic 0.187ns (49.034%)  route 0.194ns (50.966%))
  Logic Levels:           2  (FDRE=1 LUT5=1)
  Clock Uncertainty:      0.199ns  ((TSJ^2 + DJ^2)^1/2) / 2 + PE
    Total System Jitter     (TSJ):    0.050ns
    Discrete Jitter          (DJ):    0.182ns
    Phase Error              (PE):    0.104ns

    Location             Delay type                Incr(ns)  Path(ns)    Netlist Resource(s)
  -------------------------------------------------------------------    -------------------
    SLICE_X0Y58          FDRE                         0.000     0.000 r  pixel_gen_inst/DisplayLevel_inst/ControlChar_inst/Y_OutS_reg[6]/C
    SLICE_X0Y58          FDRE (Prop_fdre_C_Q)         0.141     0.141 r  pixel_gen_inst/DisplayLevel_inst/ControlChar_inst/Y_OutS_reg[6]/Q
                         net (fo=8, routed)           0.194     0.335    pixel_gen_inst/DisplayLevel_inst/ControlChar_inst/Y_OutS_reg[6]
    SLICE_X1Y58          LUT5 (Prop_lut5_I2_O)        0.046     0.381 r  pixel_gen_inst/DisplayLevel_inst/ControlChar_inst/char_y_start[9]_i_1/O
                         net (fo=1, routed)           0.000     0.381    pixel_gen_inst/DisplayLevel_inst/ControlChar_inst_n_10
    SLICE_X1Y58          FDRE                                         r  pixel_gen_inst/DisplayLevel_inst/char_y_start_reg[9]/D
  -------------------------------------------------------------------    -------------------

                         (clock clk_25_clkDVIprescaler rise edge)
                                                      0.000     0.000 r  
    W5                                                0.000     0.000 r  clk100 (IN)
                         net (fo=0)                   0.000     0.000    prescaler_instance/inst/clk_100
    W5                   IBUF (Prop_ibuf_I_O)         0.414     0.414 r  prescaler_instance/inst/clkin1_ibufg/O
                         net (fo=1, routed)           0.480     0.894    prescaler_instance/inst/clk_100_clkDVIprescaler
    MMCME2_ADV_X1Y0      MMCME2_ADV (Prop_mmcme2_adv_CLKIN1_CLKOUT0)
                                                     -3.142    -2.248 r  prescaler_instance/inst/mmcm_adv_inst/CLKOUT0
                         net (fo=1, routed)           0.530    -1.718    prescaler_instance/inst/clk_25_clkDVIprescaler
    BUFGCTRL_X0Y0        BUFG (Prop_bufg_I_O)         0.029    -1.689 r  prescaler_instance/inst/clkout1_buf/O
                         net (fo=135, routed)         0.862    -0.827    pixel_gen_inst/DisplayLevel_inst/clk_25
    SLICE_X1Y58          FDRE                                         r  pixel_gen_inst/DisplayLevel_inst/char_y_start_reg[9]/C

Slack:                    inf
  Source:                 pixel_gen_inst/DisplayLevel_inst/ControlChar_inst/X_OutS_reg[7]/C
                            (rising edge-triggered cell FDRE)
  Destination:            pixel_gen_inst/DisplayLevel_inst/char_x_start_reg[8]/D
                            (rising edge-triggered cell FDRE clocked by clk_25_clkDVIprescaler  {rise@0.000ns fall@20.000ns period=40.000ns})
  Path Group:             (none)
  Path Type:              Hold (Min at Fast Process Corner)
  Data Path Delay:        0.403ns  (logic 0.209ns (51.858%)  route 0.194ns (48.142%))
  Logic Levels:           2  (FDRE=1 LUT6=1)
  Clock Uncertainty:      0.199ns  ((TSJ^2 + DJ^2)^1/2) / 2 + PE
    Total System Jitter     (TSJ):    0.050ns
    Discrete Jitter          (DJ):    0.182ns
    Phase Error              (PE):    0.104ns

    Location             Delay type                Incr(ns)  Path(ns)    Netlist Resource(s)
  -------------------------------------------------------------------    -------------------
    SLICE_X2Y57          FDRE                         0.000     0.000 r  pixel_gen_inst/DisplayLevel_inst/ControlChar_inst/X_OutS_reg[7]/C
    SLICE_X2Y57          FDRE (Prop_fdre_C_Q)         0.164     0.164 r  pixel_gen_inst/DisplayLevel_inst/ControlChar_inst/X_OutS_reg[7]/Q
                         net (fo=7, routed)           0.194     0.358    pixel_gen_inst/DisplayLevel_inst/ControlChar_inst/X_OutS_reg[7]
    SLICE_X7Y57          LUT6 (Prop_lut6_I4_O)        0.045     0.403 r  pixel_gen_inst/DisplayLevel_inst/ControlChar_inst/char_x_start[8]_i_1/O
                         net (fo=1, routed)           0.000     0.403    pixel_gen_inst/DisplayLevel_inst/ControlChar_inst_n_1
    SLICE_X7Y57          FDRE                                         r  pixel_gen_inst/DisplayLevel_inst/char_x_start_reg[8]/D
  -------------------------------------------------------------------    -------------------

                         (clock clk_25_clkDVIprescaler rise edge)
                                                      0.000     0.000 r  
    W5                                                0.000     0.000 r  clk100 (IN)
                         net (fo=0)                   0.000     0.000    prescaler_instance/inst/clk_100
    W5                   IBUF (Prop_ibuf_I_O)         0.414     0.414 r  prescaler_instance/inst/clkin1_ibufg/O
                         net (fo=1, routed)           0.480     0.894    prescaler_instance/inst/clk_100_clkDVIprescaler
    MMCME2_ADV_X1Y0      MMCME2_ADV (Prop_mmcme2_adv_CLKIN1_CLKOUT0)
                                                     -3.142    -2.248 r  prescaler_instance/inst/mmcm_adv_inst/CLKOUT0
                         net (fo=1, routed)           0.530    -1.718    prescaler_instance/inst/clk_25_clkDVIprescaler
    BUFGCTRL_X0Y0        BUFG (Prop_bufg_I_O)         0.029    -1.689 r  prescaler_instance/inst/clkout1_buf/O
                         net (fo=135, routed)         0.860    -0.829    pixel_gen_inst/DisplayLevel_inst/clk_25
    SLICE_X7Y57          FDRE                                         r  pixel_gen_inst/DisplayLevel_inst/char_x_start_reg[8]/C

Slack:                    inf
  Source:                 pixel_gen_inst/DisplayLevel_inst/ControlChar_inst/X_OutS_reg[5]/C
                            (rising edge-triggered cell FDRE)
  Destination:            pixel_gen_inst/DisplayLevel_inst/char_x_start_reg[5]/D
                            (rising edge-triggered cell FDRE clocked by clk_25_clkDVIprescaler  {rise@0.000ns fall@20.000ns period=40.000ns})
  Path Group:             (none)
  Path Type:              Hold (Min at Fast Process Corner)
  Data Path Delay:        0.418ns  (logic 0.209ns (49.976%)  route 0.209ns (50.024%))
  Logic Levels:           2  (FDRE=1 LUT4=1)
  Clock Uncertainty:      0.199ns  ((TSJ^2 + DJ^2)^1/2) / 2 + PE
    Total System Jitter     (TSJ):    0.050ns
    Discrete Jitter          (DJ):    0.182ns
    Phase Error              (PE):    0.104ns

    Location             Delay type                Incr(ns)  Path(ns)    Netlist Resource(s)
  -------------------------------------------------------------------    -------------------
    SLICE_X2Y57          FDRE                         0.000     0.000 r  pixel_gen_inst/DisplayLevel_inst/ControlChar_inst/X_OutS_reg[5]/C
    SLICE_X2Y57          FDRE (Prop_fdre_C_Q)         0.164     0.164 r  pixel_gen_inst/DisplayLevel_inst/ControlChar_inst/X_OutS_reg[5]/Q
                         net (fo=9, routed)           0.209     0.373    pixel_gen_inst/DisplayLevel_inst/ControlChar_inst/X_OutS_reg[5]
    SLICE_X6Y57          LUT4 (Prop_lut4_I3_O)        0.045     0.418 r  pixel_gen_inst/DisplayLevel_inst/ControlChar_inst/char_x_start[5]_i_1/O
                         net (fo=1, routed)           0.000     0.418    pixel_gen_inst/DisplayLevel_inst/ControlChar_inst_n_4
    SLICE_X6Y57          FDRE                                         r  pixel_gen_inst/DisplayLevel_inst/char_x_start_reg[5]/D
  -------------------------------------------------------------------    -------------------

                         (clock clk_25_clkDVIprescaler rise edge)
                                                      0.000     0.000 r  
    W5                                                0.000     0.000 r  clk100 (IN)
                         net (fo=0)                   0.000     0.000    prescaler_instance/inst/clk_100
    W5                   IBUF (Prop_ibuf_I_O)         0.414     0.414 r  prescaler_instance/inst/clkin1_ibufg/O
                         net (fo=1, routed)           0.480     0.894    prescaler_instance/inst/clk_100_clkDVIprescaler
    MMCME2_ADV_X1Y0      MMCME2_ADV (Prop_mmcme2_adv_CLKIN1_CLKOUT0)
                                                     -3.142    -2.248 r  prescaler_instance/inst/mmcm_adv_inst/CLKOUT0
                         net (fo=1, routed)           0.530    -1.718    prescaler_instance/inst/clk_25_clkDVIprescaler
    BUFGCTRL_X0Y0        BUFG (Prop_bufg_I_O)         0.029    -1.689 r  prescaler_instance/inst/clkout1_buf/O
                         net (fo=135, routed)         0.860    -0.829    pixel_gen_inst/DisplayLevel_inst/clk_25
    SLICE_X6Y57          FDRE                                         r  pixel_gen_inst/DisplayLevel_inst/char_x_start_reg[5]/C





