#-----------------------------------------------------------
# Vivado v2024.1 (64-bit)
# SW Build 5076996 on Wed May 22 18:37:14 MDT 2024
# IP Build 5075265 on Wed May 22 21:45:21 MDT 2024
# SharedData Build 5076995 on Wed May 22 18:29:18 MDT 2024
# Start of session at: Wed Mar 19 16:17:28 2025
# Process ID: 4076
# Current directory: C:/Progh/Code/Project_RetroGame/FAT
# Command line: vivado.exe -gui_launcher_event rodinguilauncherevent15044 C:\Progh\Code\Project_RetroGame\FAT\CharacterLevelMove.xpr
# Log file: C:/Progh/Code/Project_RetroGame/FAT/vivado.log
# Journal file: C:/Progh/Code/Project_RetroGame/FAT\vivado.jou
# Running On        :DESKTOP-H0VVJ00
# Platform          :Windows Server 2016 or Windows 10
# Operating System  :22631
# Processor Detail  :11th Gen Intel(R) Core(TM) i5-1155G7 @ 2.50GHz
# CPU Frequency     :2496 MHz
# CPU Physical cores:4
# CPU Logical cores :8
# Host memory       :16804 MB
# Swap memory       :8053 MB
# Total Virtual     :24858 MB
# Available Virtual :6181 MB
#-----------------------------------------------------------
start_gui
open_project C:/Progh/Code/Project_RetroGame/FAT/CharacterLevelMove.xpr
WARNING: [Board 49-26] cannot add Board Part xilinx.com:k24c:part0:1.0 available at C:/Xilinx/Vivado/2024.1/data/xhub/boards/XilinxBoardStore/boards/Xilinx/k24c/1.0/board.xml as part xck24-ubva530-2lv-c specified in board_part file is either invalid or not available
WARNING: [Board 49-26] cannot add Board Part xilinx.com:k24i:part0:1.0 available at C:/Xilinx/Vivado/2024.1/data/xhub/boards/XilinxBoardStore/boards/Xilinx/k24i/1.0/board.xml as part xck24-ubva530-2lvi-i specified in board_part file is either invalid or not available
WARNING: [Board 49-26] cannot add Board Part xilinx.com:k26c:part0:1.2 available at C:/Xilinx/Vivado/2024.1/data/xhub/boards/XilinxBoardStore/boards/Xilinx/k26c/1.2/board.xml as part xck26-sfvc784-2lv-c specified in board_part file is either invalid or not available
WARNING: [Board 49-26] cannot add Board Part xilinx.com:k26c:part0:1.3 available at C:/Xilinx/Vivado/2024.1/data/xhub/boards/XilinxBoardStore/boards/Xilinx/k26c/1.3/board.xml as part xck26-sfvc784-2lv-c specified in board_part file is either invalid or not available
WARNING: [Board 49-26] cannot add Board Part xilinx.com:k26c:part0:1.4 available at C:/Xilinx/Vivado/2024.1/data/xhub/boards/XilinxBoardStore/boards/Xilinx/k26c/1.4/board.xml as part xck26-sfvc784-2lv-c specified in board_part file is either invalid or not available
WARNING: [Board 49-26] cannot add Board Part xilinx.com:k26i:part0:1.2 available at C:/Xilinx/Vivado/2024.1/data/xhub/boards/XilinxBoardStore/boards/Xilinx/k26i/1.2/board.xml as part xck26-sfvc784-2lvi-i specified in board_part file is either invalid or not available
WARNING: [Board 49-26] cannot add Board Part xilinx.com:k26i:part0:1.3 available at C:/Xilinx/Vivado/2024.1/data/xhub/boards/XilinxBoardStore/boards/Xilinx/k26i/1.3/board.xml as part xck26-sfvc784-2lvi-i specified in board_part file is either invalid or not available
WARNING: [Board 49-26] cannot add Board Part xilinx.com:k26i:part0:1.4 available at C:/Xilinx/Vivado/2024.1/data/xhub/boards/XilinxBoardStore/boards/Xilinx/k26i/1.4/board.xml as part xck26-sfvc784-2lvi-i specified in board_part file is either invalid or not available
WARNING: [Board 49-26] cannot add Board Part xilinx.com:kcu105:part0:1.6 available at C:/Xilinx/Vivado/2024.1/data/xhub/boards/XilinxBoardStore/boards/Xilinx/kcu105/1.6/board.xml as part xcku040-ffva1156-2-e specified in board_part file is either invalid or not available
WARNING: [Board 49-26] cannot add Board Part xilinx.com:kcu105:part0:1.7 available at C:/Xilinx/Vivado/2024.1/data/xhub/boards/XilinxBoardStore/boards/Xilinx/kcu105/1.7/board.xml as part xcku040-ffva1156-2-e specified in board_part file is either invalid or not available
WARNING: [Board 49-26] cannot add Board Part xilinx.com:kcu116:part0:1.4 available at C:/Xilinx/Vivado/2024.1/data/xhub/boards/XilinxBoardStore/boards/Xilinx/kcu116/1.4/board.xml as part xcku5p-ffvb676-2-e specified in board_part file is either invalid or not available
WARNING: [Board 49-26] cannot add Board Part xilinx.com:kcu116:part0:1.5 available at C:/Xilinx/Vivado/2024.1/data/xhub/boards/XilinxBoardStore/boards/Xilinx/kcu116/1.5/board.xml as part xcku5p-ffvb676-2-e specified in board_part file is either invalid or not available
WARNING: [Board 49-26] cannot add Board Part xilinx.com:kcu1500:part0:1.2 available at C:/Xilinx/Vivado/2024.1/data/xhub/boards/XilinxBoardStore/boards/Xilinx/kcu1500/1.2/board.xml as part xcku115-flvb2104-2-e specified in board_part file is either invalid or not available
WARNING: [Board 49-26] cannot add Board Part xilinx.com:kd240_som:part0:1.0 available at C:/Xilinx/Vivado/2024.1/data/xhub/boards/XilinxBoardStore/boards/Xilinx/kd240_som/1.0/board.xml as part xck24-ubva530-2lv-c specified in board_part file is either invalid or not available
WARNING: [Board 49-26] cannot add Board Part xilinx.com:kr260_som:part0:1.0 available at C:/Xilinx/Vivado/2024.1/data/xhub/boards/XilinxBoardStore/boards/Xilinx/kr260_som/1.0/board.xml as part xck26-sfvc784-2lv-c specified in board_part file is either invalid or not available
WARNING: [Board 49-26] cannot add Board Part xilinx.com:kr260_som:part0:1.1 available at C:/Xilinx/Vivado/2024.1/data/xhub/boards/XilinxBoardStore/boards/Xilinx/kr260_som/1.1/board.xml as part xck26-sfvc784-2lv-c specified in board_part file is either invalid or not available
WARNING: [Board 49-26] cannot add Board Part xilinx.com:kv260_som:part0:1.2 available at C:/Xilinx/Vivado/2024.1/data/xhub/boards/XilinxBoardStore/boards/Xilinx/kv260_som/1.2/board.xml as part xck26-sfvc784-2lv-c specified in board_part file is either invalid or not available
WARNING: [Board 49-26] cannot add Board Part xilinx.com:kv260_som:part0:1.3 available at C:/Xilinx/Vivado/2024.1/data/xhub/boards/XilinxBoardStore/boards/Xilinx/kv260_som/1.3/board.xml as part xck26-sfvc784-2lv-c specified in board_part file is either invalid or not available
WARNING: [Board 49-26] cannot add Board Part xilinx.com:kv260_som:part0:1.4 available at C:/Xilinx/Vivado/2024.1/data/xhub/boards/XilinxBoardStore/boards/Xilinx/kv260_som/1.4/board.xml as part xck26-sfvc784-2lv-c specified in board_part file is either invalid or not available
WARNING: [Board 49-26] cannot add Board Part xilinx.com:vck190:part0:2.2 available at C:/Xilinx/Vivado/2024.1/data/xhub/boards/XilinxBoardStore/boards/Xilinx/vck190/production/2.2/board.xml as part xcvc1902-vsva2197-2mp-e-s specified in board_part file is either invalid or not available
WARNING: [Board 49-26] cannot add Board Part xilinx.com:vck190:part0:3.0 available at C:/Xilinx/Vivado/2024.1/data/xhub/boards/XilinxBoardStore/boards/Xilinx/vck190/production/3.0/board.xml as part xcvc1902-vsva2197-2mp-e-s specified in board_part file is either invalid or not available
WARNING: [Board 49-26] cannot add Board Part xilinx.com:vck190:part0:3.1 available at C:/Xilinx/Vivado/2024.1/data/xhub/boards/XilinxBoardStore/boards/Xilinx/vck190/production/3.1/board.xml as part xcvc1902-vsva2197-2mp-e-s specified in board_part file is either invalid or not available
WARNING: [Board 49-26] cannot add Board Part xilinx.com:vck190:part0:3.2 available at C:/Xilinx/Vivado/2024.1/data/xhub/boards/XilinxBoardStore/boards/Xilinx/vck190/production/3.2/board.xml as part xcvc1902-vsva2197-2mp-e-s specified in board_part file is either invalid or not available
WARNING: [Board 49-26] cannot add Board Part xilinx.com:vck190:part0:3.3 available at C:/Xilinx/Vivado/2024.1/data/xhub/boards/XilinxBoardStore/boards/Xilinx/vck190/production/3.3/board.xml as part xcvc1902-vsva2197-2mp-e-s specified in board_part file is either invalid or not available
WARNING: [Board 49-26] cannot add Board Part xilinx.com:vck190_newl:part0:1.0 available at C:/Xilinx/Vivado/2024.1/data/xhub/boards/XilinxBoardStore/boards/Xilinx/vck190_newl/production/1.0/board.xml as part xcvc1902-vsva2197-2mp-e-s specified in board_part file is either invalid or not available
WARNING: [Board 49-26] cannot add Board Part xilinx.com:vck190_newl:part0:1.1 available at C:/Xilinx/Vivado/2024.1/data/xhub/boards/XilinxBoardStore/boards/Xilinx/vck190_newl/production/1.1/board.xml as part xcvc1902-vsva2197-2mp-e-s specified in board_part file is either invalid or not available
WARNING: [Board 49-26] cannot add Board Part xilinx.com:vck190_newl:part0:1.2 available at C:/Xilinx/Vivado/2024.1/data/xhub/boards/XilinxBoardStore/boards/Xilinx/vck190_newl/production/1.2/board.xml as part xcvc1902-vsva2197-2mp-e-s specified in board_part file is either invalid or not available
WARNING: [Board 49-26] cannot add Board Part xilinx.com:vcu108:part0:1.6 available at C:/Xilinx/Vivado/2024.1/data/xhub/boards/XilinxBoardStore/boards/Xilinx/vcu108/1.6/board.xml as part xcvu095-ffva2104-2-e specified in board_part file is either invalid or not available
WARNING: [Board 49-26] cannot add Board Part xilinx.com:vcu108:part0:1.7 available at C:/Xilinx/Vivado/2024.1/data/xhub/boards/XilinxBoardStore/boards/Xilinx/vcu108/1.7/board.xml as part xcvu095-ffva2104-2-e specified in board_part file is either invalid or not available
WARNING: [Board 49-26] cannot add Board Part xilinx.com:vcu110:part0:1.4 available at C:/Xilinx/Vivado/2024.1/data/xhub/boards/XilinxBoardStore/boards/Xilinx/vcu110/1.4/board.xml as part xcvu190-flgc2104-2-e specified in board_part file is either invalid or not available
WARNING: [Board 49-26] cannot add Board Part xilinx.com:vcu118:part0:2.0 available at C:/Xilinx/Vivado/2024.1/data/xhub/boards/XilinxBoardStore/boards/Xilinx/vcu118/2.0/board.xml as part xcvu9p-flga2104-2l-e specified in board_part file is either invalid or not available
WARNING: [Board 49-26] cannot add Board Part xilinx.com:vcu118:part0:2.3 available at C:/Xilinx/Vivado/2024.1/data/xhub/boards/XilinxBoardStore/boards/Xilinx/vcu118/2.3/board.xml as part xcvu9p-flga2104-2l-e specified in board_part file is either invalid or not available
WARNING: [Board 49-26] cannot add Board Part xilinx.com:vcu118:part0:2.4 available at C:/Xilinx/Vivado/2024.1/data/xhub/boards/XilinxBoardStore/boards/Xilinx/vcu118/2.4/board.xml as part xcvu9p-flga2104-2l-e specified in board_part file is either invalid or not available
WARNING: [Board 49-26] cannot add Board Part xilinx.com:vcu128:part0:1.0 available at C:/Xilinx/Vivado/2024.1/data/xhub/boards/XilinxBoardStore/boards/Xilinx/vcu128/production/1.0/board.xml as part xcvu37p-fsvh2892-2l-e specified in board_part file is either invalid or not available
WARNING: [Board 49-26] cannot add Board Part xilinx.com:vcu129:part0:1.0 available at C:/Xilinx/Vivado/2024.1/data/xhub/boards/XilinxBoardStore/boards/Xilinx/vcu129/production/1.0/board.xml as part xcvu29p-fsga2577-2l-e specified in board_part file is either invalid or not available
WARNING: [Board 49-26] cannot add Board Part xilinx.com:vcu1525:part0:1.3 available at C:/Xilinx/Vivado/2024.1/data/xhub/boards/XilinxBoardStore/boards/Xilinx/vcu1525/1.3/board.xml as part xcvu9p-fsgd2104-2l-e specified in board_part file is either invalid or not available
WARNING: [Board 49-26] cannot add Board Part xilinx.com:vek280:part0:1.0 available at C:/Xilinx/Vivado/2024.1/data/xhub/boards/XilinxBoardStore/boards/Xilinx/vek280/production/1.0/board.xml as part xcve2802-vsvh1760-2mp-e-s specified in board_part file is either invalid or not available
WARNING: [Board 49-26] cannot add Board Part xilinx.com:vek280:part0:1.1 available at C:/Xilinx/Vivado/2024.1/data/xhub/boards/XilinxBoardStore/boards/Xilinx/vek280/production/1.1/board.xml as part xcve2802-vsvh1760-2mp-e-s specified in board_part file is either invalid or not available
WARNING: [Board 49-26] cannot add Board Part xilinx.com:vek280:part0:1.2 available at C:/Xilinx/Vivado/2024.1/data/xhub/boards/XilinxBoardStore/boards/Xilinx/vek280/production/1.2/board.xml as part xcve2802-vsvh1760-2mp-e-s specified in board_part file is either invalid or not available
WARNING: [Board 49-26] cannot add Board Part xilinx.com:vek280_es:part0:1.0 available at C:/Xilinx/Vivado/2024.1/data/xhub/boards/XilinxBoardStore/boards/Xilinx/vek280/es/rev_a/1.0/board.xml as part xcve2802-vsvh1760-2lp-e-s-es1 specified in board_part file is either invalid or not available
WARNING: [Board 49-26] cannot add Board Part xilinx.com:vek280_es:part0:1.1 available at C:/Xilinx/Vivado/2024.1/data/xhub/boards/XilinxBoardStore/boards/Xilinx/vek280/es/rev_a/1.1/board.xml as part xcve2802-vsvh1760-2lp-e-s-es1 specified in board_part file is either invalid or not available
WARNING: [Board 49-26] cannot add Board Part xilinx.com:vek280_es_revb:part0:1.0 available at C:/Xilinx/Vivado/2024.1/data/xhub/boards/XilinxBoardStore/boards/Xilinx/vek280/es/rev_b/1.0/board.xml as part xcve2802-vsvh1760-2mp-e-s-es1 specified in board_part file is either invalid or not available
WARNING: [Board 49-26] cannot add Board Part xilinx.com:vek280_es_revb:part0:1.1 available at C:/Xilinx/Vivado/2024.1/data/xhub/boards/XilinxBoardStore/boards/Xilinx/vek280/es/rev_b/1.1/board.xml as part xcve2802-vsvh1760-2mp-e-s-es1 specified in board_part file is either invalid or not available
WARNING: [Board 49-26] cannot add Board Part xilinx.com:vermeo_t1_mpsoc:part0:1.0 available at C:/Xilinx/Vivado/2024.1/data/xhub/boards/XilinxBoardStore/boards/Xilinx/vermeo_t1_mpsoc/1.0/board.xml as part xczu19eg-ffvd1760-2l-e specified in board_part file is either invalid or not available
WARNING: [Board 49-26] cannot add Board Part xilinx.com:vermeo_t1_rfsoc:part0:1.0 available at C:/Xilinx/Vivado/2024.1/data/xhub/boards/XilinxBoardStore/boards/Xilinx/vermeo_t1_rfsoc/1.0/board.xml as part xczu21dr-ffvd1156-2l-e specified in board_part file is either invalid or not available
WARNING: [Board 49-26] cannot add Board Part xilinx.com:vhk158:part0:1.0 available at C:/Xilinx/Vivado/2024.1/data/xhub/boards/XilinxBoardStore/boards/Xilinx/vhk158/production/1.0/board.xml as part xcvh1582-vsva3697-2mp-e-s specified in board_part file is either invalid or not available
WARNING: [Board 49-26] cannot add Board Part xilinx.com:vhk158:part0:1.1 available at C:/Xilinx/Vivado/2024.1/data/xhub/boards/XilinxBoardStore/boards/Xilinx/vhk158/production/1.1/board.xml as part xcvh1582-vsva3697-2mp-e-s specified in board_part file is either invalid or not available
WARNING: [Board 49-26] cannot add Board Part xilinx.com:vhk158_es:part0:1.0 available at C:/Xilinx/Vivado/2024.1/data/xhub/boards/XilinxBoardStore/boards/Xilinx/vhk158/es/1.0/board.xml as part xcvh1582-vsva3697-2mp-e-s-es1 specified in board_part file is either invalid or not available
WARNING: [Board 49-26] cannot add Board Part xilinx.com:vhk158_es:part0:1.1 available at C:/Xilinx/Vivado/2024.1/data/xhub/boards/XilinxBoardStore/boards/Xilinx/vhk158/es/1.1/board.xml as part xcvh1582-vsva3697-2mp-e-s-es1 specified in board_part file is either invalid or not available
WARNING: [Board 49-26] cannot add Board Part xilinx.com:vmk180:part0:2.2 available at C:/Xilinx/Vivado/2024.1/data/xhub/boards/XilinxBoardStore/boards/Xilinx/vmk180/production/2.2/board.xml as part xcvm1802-vsva2197-2mp-e-s specified in board_part file is either invalid or not available
WARNING: [Board 49-26] cannot add Board Part xilinx.com:vmk180:part0:3.0 available at C:/Xilinx/Vivado/2024.1/data/xhub/boards/XilinxBoardStore/boards/Xilinx/vmk180/production/3.0/board.xml as part xcvm1802-vsva2197-2mp-e-s specified in board_part file is either invalid or not available
WARNING: [Board 49-26] cannot add Board Part xilinx.com:vmk180:part0:3.1 available at C:/Xilinx/Vivado/2024.1/data/xhub/boards/XilinxBoardStore/boards/Xilinx/vmk180/production/3.1/board.xml as part xcvm1802-vsva2197-2mp-e-s specified in board_part file is either invalid or not available
WARNING: [Board 49-26] cannot add Board Part xilinx.com:vmk180:part0:3.2 available at C:/Xilinx/Vivado/2024.1/data/xhub/boards/XilinxBoardStore/boards/Xilinx/vmk180/production/3.2/board.xml as part xcvm1802-vsva2197-2mp-e-s specified in board_part file is either invalid or not available
WARNING: [Board 49-26] cannot add Board Part xilinx.com:vmk180_newl:part0:1.0 available at C:/Xilinx/Vivado/2024.1/data/xhub/boards/XilinxBoardStore/boards/Xilinx/vmk180_newl/production/1.0/board.xml as part xcvm1802-vsva2197-2mp-e-s specified in board_part file is either invalid or not available
WARNING: [Board 49-26] cannot add Board Part xilinx.com:vmk180_newl:part0:1.1 available at C:/Xilinx/Vivado/2024.1/data/xhub/boards/XilinxBoardStore/boards/Xilinx/vmk180_newl/production/1.1/board.xml as part xcvm1802-vsva2197-2mp-e-s specified in board_part file is either invalid or not available
WARNING: [Board 49-26] cannot add Board Part xilinx.com:vpk120:part0:1.0 available at C:/Xilinx/Vivado/2024.1/data/xhub/boards/XilinxBoardStore/boards/Xilinx/vpk120/production/1.0/board.xml as part xcvp1202-vsva2785-2mp-e-s specified in board_part file is either invalid or not available
WARNING: [Board 49-26] cannot add Board Part xilinx.com:vpk120:part0:1.1 available at C:/Xilinx/Vivado/2024.1/data/xhub/boards/XilinxBoardStore/boards/Xilinx/vpk120/production/1.1/board.xml as part xcvp1202-vsva2785-2mp-e-s specified in board_part file is either invalid or not available
WARNING: [Board 49-26] cannot add Board Part xilinx.com:vpk120:part0:1.2 available at C:/Xilinx/Vivado/2024.1/data/xhub/boards/XilinxBoardStore/boards/Xilinx/vpk120/production/1.2/board.xml as part xcvp1202-vsva2785-2mp-e-s specified in board_part file is either invalid or not available
WARNING: [Board 49-26] cannot add Board Part xilinx.com:vpk180:part0:1.0 available at C:/Xilinx/Vivado/2024.1/data/xhub/boards/XilinxBoardStore/boards/Xilinx/vpk180/production/1.0/board.xml as part xcvp1802-lsvc4072-2mp-e-s specified in board_part file is either invalid or not available
WARNING: [Board 49-26] cannot add Board Part xilinx.com:vpk180:part0:1.1 available at C:/Xilinx/Vivado/2024.1/data/xhub/boards/XilinxBoardStore/boards/Xilinx/vpk180/production/1.1/board.xml as part xcvp1802-lsvc4072-2mp-e-s specified in board_part file is either invalid or not available
WARNING: [Board 49-26] cannot add Board Part xilinx.com:vpk180:part0:1.2 available at C:/Xilinx/Vivado/2024.1/data/xhub/boards/XilinxBoardStore/boards/Xilinx/vpk180/production/1.2/board.xml as part xcvp1802-lsvc4072-2mp-e-s specified in board_part file is either invalid or not available
WARNING: [Board 49-26] cannot add Board Part xilinx.com:zc702:part0:1.4 available at C:/Xilinx/Vivado/2024.1/data/xhub/boards/XilinxBoardStore/boards/Xilinx/zc702/1.4/board.xml as part xc7z020clg484-1 specified in board_part file is either invalid or not available
WARNING: [Board 49-26] cannot add Board Part xilinx.com:zc706:part0:1.4 available at C:/Xilinx/Vivado/2024.1/data/xhub/boards/XilinxBoardStore/boards/Xilinx/zc706/1.4/board.xml as part xc7z045ffg900-2 specified in board_part file is either invalid or not available
WARNING: [Board 49-26] cannot add Board Part xilinx.com:zcu102:part0:3.3 available at C:/Xilinx/Vivado/2024.1/data/xhub/boards/XilinxBoardStore/boards/Xilinx/zcu102/3.3/board.xml as part xczu9eg-ffvb1156-2-e specified in board_part file is either invalid or not available
WARNING: [Board 49-26] cannot add Board Part xilinx.com:zcu102:part0:3.4 available at C:/Xilinx/Vivado/2024.1/data/xhub/boards/XilinxBoardStore/boards/Xilinx/zcu102/3.4/board.xml as part xczu9eg-ffvb1156-2-e specified in board_part file is either invalid or not available
WARNING: [Board 49-26] cannot add Board Part xilinx.com:zcu104:part0:1.1 available at C:/Xilinx/Vivado/2024.1/data/xhub/boards/XilinxBoardStore/boards/Xilinx/zcu104/1.1/board.xml as part xczu7ev-ffvc1156-2-e specified in board_part file is either invalid or not available
WARNING: [Board 49-26] cannot add Board Part xilinx.com:zcu106:part0:2.4 available at C:/Xilinx/Vivado/2024.1/data/xhub/boards/XilinxBoardStore/boards/Xilinx/zcu106/2.4/board.xml as part xczu7ev-ffvc1156-2-e specified in board_part file is either invalid or not available
WARNING: [Board 49-26] cannot add Board Part xilinx.com:zcu106:part0:2.5 available at C:/Xilinx/Vivado/2024.1/data/xhub/boards/XilinxBoardStore/boards/Xilinx/zcu106/2.5/board.xml as part xczu7ev-ffvc1156-2-e specified in board_part file is either invalid or not available
WARNING: [Board 49-26] cannot add Board Part xilinx.com:zcu106:part0:2.6 available at C:/Xilinx/Vivado/2024.1/data/xhub/boards/XilinxBoardStore/boards/Xilinx/zcu106/2.6/board.xml as part xczu7ev-ffvc1156-2-e specified in board_part file is either invalid or not available
WARNING: [Board 49-26] cannot add Board Part xilinx.com:zcu111:part0:1.2 available at C:/Xilinx/Vivado/2024.1/data/xhub/boards/XilinxBoardStore/boards/Xilinx/zcu111/1.2/board.xml as part xczu28dr-ffvg1517-2-e specified in board_part file is either invalid or not available
WARNING: [Board 49-26] cannot add Board Part xilinx.com:zcu111:part0:1.3 available at C:/Xilinx/Vivado/2024.1/data/xhub/boards/XilinxBoardStore/boards/Xilinx/zcu111/1.3/board.xml as part xczu28dr-ffvg1517-2-e specified in board_part file is either invalid or not available
WARNING: [Board 49-26] cannot add Board Part xilinx.com:zcu111:part0:1.4 available at C:/Xilinx/Vivado/2024.1/data/xhub/boards/XilinxBoardStore/boards/Xilinx/zcu111/1.4/board.xml as part xczu28dr-ffvg1517-2-e specified in board_part file is either invalid or not available
WARNING: [Board 49-26] cannot add Board Part xilinx.com:zcu1275:part0:1.0 available at C:/Xilinx/Vivado/2024.1/data/xhub/boards/XilinxBoardStore/boards/Xilinx/zcu1275/1.0/board.xml as part xczu29dr-ffvf1760-2-e specified in board_part file is either invalid or not available
WARNING: [Board 49-26] cannot add Board Part xilinx.com:zcu1285:part0:1.0 available at C:/Xilinx/Vivado/2024.1/data/xhub/boards/XilinxBoardStore/boards/Xilinx/zcu1285/1.0/board.xml as part xczu39dr-ffvf1760-2-i specified in board_part file is either invalid or not available
WARNING: [Board 49-26] cannot add Board Part xilinx.com:zcu208:part0:2.0 available at C:/Xilinx/Vivado/2024.1/data/xhub/boards/XilinxBoardStore/boards/Xilinx/zcu208/production/2.0/board.xml as part xczu48dr-fsvg1517-2-e specified in board_part file is either invalid or not available
WARNING: [Board 49-26] cannot add Board Part xilinx.com:zcu208ld:part0:2.0 available at C:/Xilinx/Vivado/2024.1/data/xhub/boards/XilinxBoardStore/boards/Xilinx/zcu208ld/production/2.0/board.xml as part xczu58dr-fsvg1517-2-i specified in board_part file is either invalid or not available
WARNING: [Board 49-26] cannot add Board Part xilinx.com:zcu216:part0:2.0 available at C:/Xilinx/Vivado/2024.1/data/xhub/boards/XilinxBoardStore/boards/Xilinx/zcu216/production/2.0/board.xml as part xczu49dr-ffvf1760-2-e specified in board_part file is either invalid or not available
WARNING: [Board 49-26] cannot add Board Part xilinx.com:zcu216ld:part0:2.0 available at C:/Xilinx/Vivado/2024.1/data/xhub/boards/XilinxBoardStore/boards/Xilinx/zcu216ld/production/2.0/board.xml as part xczu59dr-ffvf1760-2-i specified in board_part file is either invalid or not available
WARNING: [Board 49-26] cannot add Board Part xilinx.com:zcu670:part0:2.0 available at C:/Xilinx/Vivado/2024.1/data/xhub/boards/XilinxBoardStore/boards/Xilinx/zcu670/2.0/board.xml as part xczu67dr-fsve1156-2-i specified in board_part file is either invalid or not available
WARNING: [Board 49-26] cannot add Board Part xilinx.com:zcu670ld:part0:1.0 available at C:/Xilinx/Vivado/2024.1/data/xhub/boards/XilinxBoardStore/boards/Xilinx/zcu670ld/1.0/board.xml as part xczu57dr-fsve1156-2-i specified in board_part file is either invalid or not available
CRITICAL WARNING: [Project 1-19] Could not find the file 'C:/Progh/Code/Project_RetroGame/Show_Level/archive_project_summary.txt'.
Scanning sources...
Finished scanning sources
INFO: [IP_Flow 19-234] Refreshing IP repositories
INFO: [IP_Flow 19-1704] No user IP repositories specified
INFO: [IP_Flow 19-2313] Loaded Vivado IP repository 'C:/Xilinx/Vivado/2024.1/data/ip'.
open_project: Time (s): cpu = 00:00:17 ; elapsed = 00:00:11 . Memory (MB): peak = 1621.504 ; gain = 190.508
update_compile_order -fileset sources_1
WARNING: [filemgmt 56-199] Attempt to get parsing info during refresh. "On-the-fly" syntax checking information may be incorrect. [C:\Progh\Code\Project_RetroGame\FAT\CharacterLevelMove.srcs\sources_1\new\ControlCharacter.vhd:]
WARNING: [filemgmt 56-199] Attempt to get parsing info during refresh. "On-the-fly" syntax checking information may be incorrect. [C:\Progh\Code\Project_RetroGame\FAT\CharacterLevelMove.srcs\sources_1\new\XY_GEN.vhd:]
WARNING: [filemgmt 56-199] Attempt to get parsing info during refresh. "On-the-fly" syntax checking information may be incorrect. [C:\Progh\Code\Project_RetroGame\FAT\CharacterLevelMove.srcs\sources_1\new\CharacterController.vhd:]
WARNING: [filemgmt 56-199] Attempt to get parsing info during refresh. "On-the-fly" syntax checking information may be incorrect. [C:\Progh\Code\Project_RetroGame\FAT\CharacterLevelMove.srcs\sources_1\imports\Week 5 + 6 - Bounching Square - Ball\DVI.vhd:]
WARNING: [filemgmt 56-199] Attempt to get parsing info during refresh. "On-the-fly" syntax checking information may be incorrect. [C:\Progh\Code\Project_RetroGame\FAT\CharacterLevelMove.srcs\sources_1\new\XY_GEN.vhd:]
WARNING: [filemgmt 56-199] Attempt to get parsing info during refresh. "On-the-fly" syntax checking information may be incorrect. [C:\Progh\Code\Project_RetroGame\FAT\CharacterLevelMove.srcs\sources_1\new\XY_GEN.vhd:]
WARNING: [filemgmt 56-199] Attempt to get parsing info during refresh. "On-the-fly" syntax checking information may be incorrect. [C:\Progh\Code\Project_RetroGame\FAT\CharacterLevelMove.srcs\sources_1\new\ControlCharacter.vhd:]
WARNING: [filemgmt 56-199] Attempt to get parsing info during refresh. "On-the-fly" syntax checking information may be incorrect. [C:\Progh\Code\Project_RetroGame\FAT\CharacterLevelMove.srcs\sources_1\new\XY_GEN.vhd:]
WARNING: [filemgmt 56-199] Attempt to get parsing info during refresh. "On-the-fly" syntax checking information may be incorrect. [C:\Progh\Code\Project_RetroGame\FAT\CharacterLevelMove.srcs\sources_1\new\CharacterController.vhd:]
WARNING: [filemgmt 56-199] Attempt to get parsing info during refresh. "On-the-fly" syntax checking information may be incorrect. [C:\Progh\Code\Project_RetroGame\FAT\CharacterLevelMove.srcs\sources_1\imports\Week 5 + 6 - Bounching Square - Ball\DVI.vhd:]
WARNING: [filemgmt 56-199] Attempt to get parsing info during refresh. "On-the-fly" syntax checking information may be incorrect. [C:\Progh\Code\Project_RetroGame\FAT\CharacterLevelMove.srcs\sources_1\new\ControlCharacter.vhd:]
WARNING: [filemgmt 56-199] Attempt to get parsing info during refresh. "On-the-fly" syntax checking information may be incorrect. [C:\Progh\Code\Project_RetroGame\FAT\CharacterLevelMove.srcs\sources_1\new\ControlCharacter.vhd:]
ERROR: [Common 17-180] Spawn failed: No error
ERROR: [Common 17-180] Spawn failed: No error
WARNING: [filemgmt 56-199] Attempt to get parsing info during refresh. "On-the-fly" syntax checking information may be incorrect. [C:\Progh\Code\Project_RetroGame\FAT\CharacterLevelMove.srcs\sources_1\new\ControlCharacter.vhd:]
WARNING: [filemgmt 56-199] Attempt to get parsing info during refresh. "On-the-fly" syntax checking information may be incorrect. [C:\Progh\Code\Project_RetroGame\FAT\CharacterLevelMove.srcs\sources_1\new\XY_GEN.vhd:]
WARNING: [filemgmt 56-199] Attempt to get parsing info during refresh. "On-the-fly" syntax checking information may be incorrect. [C:\Progh\Code\Project_RetroGame\FAT\CharacterLevelMove.srcs\sources_1\new\CharacterController.vhd:]
WARNING: [filemgmt 56-199] Attempt to get parsing info during refresh. "On-the-fly" syntax checking information may be incorrect. [C:\Progh\Code\Project_RetroGame\FAT\CharacterLevelMove.srcs\sources_1\imports\Week 5 + 6 - Bounching Square - Ball\DVI.vhd:]
WARNING: [filemgmt 56-199] Attempt to get parsing info during refresh. "On-the-fly" syntax checking information may be incorrect. [C:\Progh\Code\Project_RetroGame\FAT\CharacterLevelMove.srcs\sources_1\new\XY_GEN.vhd:]
WARNING: [filemgmt 56-199] Attempt to get parsing info during refresh. "On-the-fly" syntax checking information may be incorrect. [C:\Progh\Code\Project_RetroGame\FAT\CharacterLevelMove.srcs\sources_1\new\XY_GEN.vhd:]
WARNING: [filemgmt 56-199] Attempt to get parsing info during refresh. "On-the-fly" syntax checking information may be incorrect. [C:\Progh\Code\Project_RetroGame\FAT\CharacterLevelMove.srcs\sources_1\new\ControlCharacter.vhd:]
WARNING: [filemgmt 56-199] Attempt to get parsing info during refresh. "On-the-fly" syntax checking information may be incorrect. [C:\Progh\Code\Project_RetroGame\FAT\CharacterLevelMove.srcs\sources_1\new\XY_GEN.vhd:]
WARNING: [filemgmt 56-199] Attempt to get parsing info during refresh. "On-the-fly" syntax checking information may be incorrect. [C:\Progh\Code\Project_RetroGame\FAT\CharacterLevelMove.srcs\sources_1\new\CharacterController.vhd:]
WARNING: [filemgmt 56-199] Attempt to get parsing info during refresh. "On-the-fly" syntax checking information may be incorrect. [C:\Progh\Code\Project_RetroGame\FAT\CharacterLevelMove.srcs\sources_1\imports\Week 5 + 6 - Bounching Square - Ball\DVI.vhd:]
WARNING: [filemgmt 56-199] Attempt to get parsing info during refresh. "On-the-fly" syntax checking information may be incorrect. [C:\Progh\Code\Project_RetroGame\FAT\CharacterLevelMove.srcs\sources_1\new\ControlCharacter.vhd:]
WARNING: [filemgmt 56-199] Attempt to get parsing info during refresh. "On-the-fly" syntax checking information may be incorrect. [C:\Progh\Code\Project_RetroGame\FAT\CharacterLevelMove.srcs\sources_1\new\ControlCharacter.vhd:]
ERROR: [Common 17-180] Spawn failed: No error
WARNING: [filemgmt 56-199] Attempt to get parsing info during refresh. "On-the-fly" syntax checking information may be incorrect. [C:\Progh\Code\Project_RetroGame\FAT\CharacterLevelMove.srcs\sources_1\new\ControlCharacter.vhd:]
WARNING: [filemgmt 56-199] Attempt to get parsing info during refresh. "On-the-fly" syntax checking information may be incorrect. [C:\Progh\Code\Project_RetroGame\FAT\CharacterLevelMove.srcs\sources_1\new\XY_GEN.vhd:]
WARNING: [filemgmt 56-199] Attempt to get parsing info during refresh. "On-the-fly" syntax checking information may be incorrect. [C:\Progh\Code\Project_RetroGame\FAT\CharacterLevelMove.srcs\sources_1\new\CharacterController.vhd:]
WARNING: [filemgmt 56-199] Attempt to get parsing info during refresh. "On-the-fly" syntax checking information may be incorrect. [C:\Progh\Code\Project_RetroGame\FAT\CharacterLevelMove.srcs\sources_1\imports\Week 5 + 6 - Bounching Square - Ball\DVI.vhd:]
WARNING: [filemgmt 56-199] Attempt to get parsing info during refresh. "On-the-fly" syntax checking information may be incorrect. [C:\Progh\Code\Project_RetroGame\FAT\CharacterLevelMove.srcs\sources_1\imports\Week 5 + 6 - Bounching Square - Ball\DVI.vhd:]
WARNING: [filemgmt 56-199] Attempt to get parsing info during refresh. "On-the-fly" syntax checking information may be incorrect. [C:\Progh\Code\Project_RetroGame\FAT\CharacterLevelMove.srcs\sources_1\imports\Week 5 + 6 - Bounching Square - Ball\DVI.vhd:]
ERROR: [Common 17-180] Spawn failed: No error
add_files -fileset constrs_1 -norecurse C:/Progh/Code/Project_RetroGame/FAT/CharacterLevelMove.srcs/constrs_1/new/kontstains.xdc
WARNING: [filemgmt 56-199] Attempt to get parsing info during refresh. "On-the-fly" syntax checking information may be incorrect. [C:\Progh\Code\Project_RetroGame\FAT\CharacterLevelMove.srcs\sources_1\new\ControlCharacter.vhd:]
WARNING: [filemgmt 56-199] Attempt to get parsing info during refresh. "On-the-fly" syntax checking information may be incorrect. [C:\Progh\Code\Project_RetroGame\FAT\CharacterLevelMove.srcs\sources_1\new\XY_GEN.vhd:]
WARNING: [filemgmt 56-199] Attempt to get parsing info during refresh. "On-the-fly" syntax checking information may be incorrect. [C:\Progh\Code\Project_RetroGame\FAT\CharacterLevelMove.srcs\sources_1\new\CharacterController.vhd:]
WARNING: [filemgmt 56-199] Attempt to get parsing info during refresh. "On-the-fly" syntax checking information may be incorrect. [C:\Progh\Code\Project_RetroGame\FAT\CharacterLevelMove.srcs\sources_1\imports\Week 5 + 6 - Bounching Square - Ball\DVI.vhd:]
WARNING: [filemgmt 56-199] Attempt to get parsing info during refresh. "On-the-fly" syntax checking information may be incorrect. [C:\Progh\Code\Project_RetroGame\FAT\CharacterLevelMove.srcs\sources_1\new\XY_GEN.vhd:]
WARNING: [filemgmt 56-199] Attempt to get parsing info during refresh. "On-the-fly" syntax checking information may be incorrect. [C:\Progh\Code\Project_RetroGame\FAT\CharacterLevelMove.srcs\sources_1\new\XY_GEN.vhd:]
WARNING: [filemgmt 56-199] Attempt to get parsing info during refresh. "On-the-fly" syntax checking information may be incorrect. [C:\Progh\Code\Project_RetroGame\FAT\CharacterLevelMove.srcs\sources_1\new\ControlCharacter.vhd:]
WARNING: [filemgmt 56-199] Attempt to get parsing info during refresh. "On-the-fly" syntax checking information may be incorrect. [C:\Progh\Code\Project_RetroGame\FAT\CharacterLevelMove.srcs\sources_1\new\XY_GEN.vhd:]
WARNING: [filemgmt 56-199] Attempt to get parsing info during refresh. "On-the-fly" syntax checking information may be incorrect. [C:\Progh\Code\Project_RetroGame\FAT\CharacterLevelMove.srcs\sources_1\new\CharacterController.vhd:]
WARNING: [filemgmt 56-199] Attempt to get parsing info during refresh. "On-the-fly" syntax checking information may be incorrect. [C:\Progh\Code\Project_RetroGame\FAT\CharacterLevelMove.srcs\sources_1\imports\Week 5 + 6 - Bounching Square - Ball\DVI.vhd:]
WARNING: [filemgmt 56-199] Attempt to get parsing info during refresh. "On-the-fly" syntax checking information may be incorrect. [C:\Progh\Code\Project_RetroGame\FAT\CharacterLevelMove.srcs\sources_1\new\ControlCharacter.vhd:]
WARNING: [filemgmt 56-199] Attempt to get parsing info during refresh. "On-the-fly" syntax checking information may be incorrect. [C:\Progh\Code\Project_RetroGame\FAT\CharacterLevelMove.srcs\sources_1\new\ControlCharacter.vhd:]
ERROR: [Common 17-180] Spawn failed: No error
WARNING: [filemgmt 56-199] Attempt to get parsing info during refresh. "On-the-fly" syntax checking information may be incorrect. [C:\Progh\Code\Project_RetroGame\FAT\CharacterLevelMove.srcs\sources_1\new\ControlCharacter.vhd:]
WARNING: [filemgmt 56-199] Attempt to get parsing info during refresh. "On-the-fly" syntax checking information may be incorrect. [C:\Progh\Code\Project_RetroGame\FAT\CharacterLevelMove.srcs\sources_1\new\XY_GEN.vhd:]
WARNING: [filemgmt 56-199] Attempt to get parsing info during refresh. "On-the-fly" syntax checking information may be incorrect. [C:\Progh\Code\Project_RetroGame\FAT\CharacterLevelMove.srcs\sources_1\new\CharacterController.vhd:]
WARNING: [filemgmt 56-199] Attempt to get parsing info during refresh. "On-the-fly" syntax checking information may be incorrect. [C:\Progh\Code\Project_RetroGame\FAT\CharacterLevelMove.srcs\sources_1\imports\Week 5 + 6 - Bounching Square - Ball\DVI.vhd:]
WARNING: [filemgmt 56-199] Attempt to get parsing info during refresh. "On-the-fly" syntax checking information may be incorrect. [C:\Progh\Code\Project_RetroGame\FAT\CharacterLevelMove.srcs\sources_1\imports\Week 5 + 6 - Bounching Square - Ball\DVI.vhd:]
WARNING: [filemgmt 56-199] Attempt to get parsing info during refresh. "On-the-fly" syntax checking information may be incorrect. [C:\Progh\Code\Project_RetroGame\FAT\CharacterLevelMove.srcs\sources_1\imports\Week 5 + 6 - Bounching Square - Ball\DVI.vhd:]
ERROR: [Common 17-180] Spawn failed: No error
WARNING: [filemgmt 56-199] Attempt to get parsing info during refresh. "On-the-fly" syntax checking information may be incorrect. [C:\Progh\Code\Project_RetroGame\FAT\CharacterLevelMove.srcs\sources_1\new\ControlCharacter.vhd:]
WARNING: [filemgmt 56-199] Attempt to get parsing info during refresh. "On-the-fly" syntax checking information may be incorrect. [C:\Progh\Code\Project_RetroGame\FAT\CharacterLevelMove.srcs\sources_1\new\XY_GEN.vhd:]
WARNING: [filemgmt 56-199] Attempt to get parsing info during refresh. "On-the-fly" syntax checking information may be incorrect. [C:\Progh\Code\Project_RetroGame\FAT\CharacterLevelMove.srcs\sources_1\new\CharacterController.vhd:]
WARNING: [filemgmt 56-199] Attempt to get parsing info during refresh. "On-the-fly" syntax checking information may be incorrect. [C:\Progh\Code\Project_RetroGame\FAT\CharacterLevelMove.srcs\sources_1\imports\Week 5 + 6 - Bounching Square - Ball\DVI.vhd:]
WARNING: [filemgmt 56-199] Attempt to get parsing info during refresh. "On-the-fly" syntax checking information may be incorrect. [C:\Progh\Code\Project_RetroGame\FAT\CharacterLevelMove.srcs\sources_1\new\CharacterController.vhd:]
WARNING: [filemgmt 56-199] Attempt to get parsing info during refresh. "On-the-fly" syntax checking information may be incorrect. [C:\Progh\Code\Project_RetroGame\FAT\CharacterLevelMove.srcs\sources_1\new\CharacterController.vhd:]
WARNING: [filemgmt 56-199] Attempt to get parsing info during refresh. "On-the-fly" syntax checking information may be incorrect. [C:\Progh\Code\Project_RetroGame\FAT\CharacterLevelMove.srcs\sources_1\new\ControlCharacter.vhd:]
WARNING: [filemgmt 56-199] Attempt to get parsing info during refresh. "On-the-fly" syntax checking information may be incorrect. [C:\Progh\Code\Project_RetroGame\FAT\CharacterLevelMove.srcs\sources_1\new\XY_GEN.vhd:]
WARNING: [filemgmt 56-199] Attempt to get parsing info during refresh. "On-the-fly" syntax checking information may be incorrect. [C:\Progh\Code\Project_RetroGame\FAT\CharacterLevelMove.srcs\sources_1\new\CharacterController.vhd:]
WARNING: [filemgmt 56-199] Attempt to get parsing info during refresh. "On-the-fly" syntax checking information may be incorrect. [C:\Progh\Code\Project_RetroGame\FAT\CharacterLevelMove.srcs\sources_1\imports\Week 5 + 6 - Bounching Square - Ball\DVI.vhd:]
WARNING: [filemgmt 56-199] Attempt to get parsing info during refresh. "On-the-fly" syntax checking information may be incorrect. [C:\Progh\Code\Project_RetroGame\FAT\CharacterLevelMove.srcs\sources_1\new\ControlCharacter.vhd:]
WARNING: [filemgmt 56-199] Attempt to get parsing info during refresh. "On-the-fly" syntax checking information may be incorrect. [C:\Progh\Code\Project_RetroGame\FAT\CharacterLevelMove.srcs\sources_1\new\ControlCharacter.vhd:]
ERROR: [Common 17-180] Spawn failed: No error
WARNING: [filemgmt 56-199] Attempt to get parsing info during refresh. "On-the-fly" syntax checking information may be incorrect. [C:\Progh\Code\Project_RetroGame\FAT\CharacterLevelMove.srcs\sources_1\new\ControlCharacter.vhd:]
WARNING: [filemgmt 56-199] Attempt to get parsing info during refresh. "On-the-fly" syntax checking information may be incorrect. [C:\Progh\Code\Project_RetroGame\FAT\CharacterLevelMove.srcs\sources_1\new\XY_GEN.vhd:]
WARNING: [filemgmt 56-199] Attempt to get parsing info during refresh. "On-the-fly" syntax checking information may be incorrect. [C:\Progh\Code\Project_RetroGame\FAT\CharacterLevelMove.srcs\sources_1\new\CharacterController.vhd:]
WARNING: [filemgmt 56-199] Attempt to get parsing info during refresh. "On-the-fly" syntax checking information may be incorrect. [C:\Progh\Code\Project_RetroGame\FAT\CharacterLevelMove.srcs\sources_1\imports\Week 5 + 6 - Bounching Square - Ball\DVI.vhd:]
WARNING: [filemgmt 56-199] Attempt to get parsing info during refresh. "On-the-fly" syntax checking information may be incorrect. [C:\Progh\Code\Project_RetroGame\FAT\CharacterLevelMove.srcs\sources_1\imports\Week 5 + 6 - Bounching Square - Ball\DVI.vhd:]
WARNING: [filemgmt 56-199] Attempt to get parsing info during refresh. "On-the-fly" syntax checking information may be incorrect. [C:\Progh\Code\Project_RetroGame\FAT\CharacterLevelMove.srcs\sources_1\imports\Week 5 + 6 - Bounching Square - Ball\DVI.vhd:]
ERROR: [Common 17-180] Spawn failed: No error
WARNING: [filemgmt 56-199] Attempt to get parsing info during refresh. "On-the-fly" syntax checking information may be incorrect. [C:\Progh\Code\Project_RetroGame\FAT\CharacterLevelMove.srcs\sources_1\new\ControlCharacter.vhd:]
WARNING: [filemgmt 56-199] Attempt to get parsing info during refresh. "On-the-fly" syntax checking information may be incorrect. [C:\Progh\Code\Project_RetroGame\FAT\CharacterLevelMove.srcs\sources_1\new\XY_GEN.vhd:]
WARNING: [filemgmt 56-199] Attempt to get parsing info during refresh. "On-the-fly" syntax checking information may be incorrect. [C:\Progh\Code\Project_RetroGame\FAT\CharacterLevelMove.srcs\sources_1\new\CharacterController.vhd:]
WARNING: [filemgmt 56-199] Attempt to get parsing info during refresh. "On-the-fly" syntax checking information may be incorrect. [C:\Progh\Code\Project_RetroGame\FAT\CharacterLevelMove.srcs\sources_1\imports\Week 5 + 6 - Bounching Square - Ball\DVI.vhd:]
WARNING: [filemgmt 56-199] Attempt to get parsing info during refresh. "On-the-fly" syntax checking information may be incorrect. [C:\Progh\Code\Project_RetroGame\FAT\CharacterLevelMove.srcs\sources_1\new\XY_GEN.vhd:]
WARNING: [filemgmt 56-199] Attempt to get parsing info during refresh. "On-the-fly" syntax checking information may be incorrect. [C:\Progh\Code\Project_RetroGame\FAT\CharacterLevelMove.srcs\sources_1\new\XY_GEN.vhd:]
WARNING: [filemgmt 56-199] Attempt to get parsing info during refresh. "On-the-fly" syntax checking information may be incorrect. [C:\Progh\Code\Project_RetroGame\FAT\CharacterLevelMove.srcs\sources_1\new\ControlCharacter.vhd:]
WARNING: [filemgmt 56-199] Attempt to get parsing info during refresh. "On-the-fly" syntax checking information may be incorrect. [C:\Progh\Code\Project_RetroGame\FAT\CharacterLevelMove.srcs\sources_1\new\XY_GEN.vhd:]
WARNING: [filemgmt 56-199] Attempt to get parsing info during refresh. "On-the-fly" syntax checking information may be incorrect. [C:\Progh\Code\Project_RetroGame\FAT\CharacterLevelMove.srcs\sources_1\new\CharacterController.vhd:]
WARNING: [filemgmt 56-199] Attempt to get parsing info during refresh. "On-the-fly" syntax checking information may be incorrect. [C:\Progh\Code\Project_RetroGame\FAT\CharacterLevelMove.srcs\sources_1\imports\Week 5 + 6 - Bounching Square - Ball\DVI.vhd:]
WARNING: [filemgmt 56-199] Attempt to get parsing info during refresh. "On-the-fly" syntax checking information may be incorrect. [C:\Progh\Code\Project_RetroGame\FAT\CharacterLevelMove.srcs\sources_1\new\ControlCharacter.vhd:]
WARNING: [filemgmt 56-199] Attempt to get parsing info during refresh. "On-the-fly" syntax checking information may be incorrect. [C:\Progh\Code\Project_RetroGame\FAT\CharacterLevelMove.srcs\sources_1\new\ControlCharacter.vhd:]
ERROR: [Common 17-180] Spawn failed: No error
WARNING: [filemgmt 56-199] Attempt to get parsing info during refresh. "On-the-fly" syntax checking information may be incorrect. [C:\Progh\Code\Project_RetroGame\FAT\CharacterLevelMove.srcs\sources_1\new\ControlCharacter.vhd:]
WARNING: [filemgmt 56-199] Attempt to get parsing info during refresh. "On-the-fly" syntax checking information may be incorrect. [C:\Progh\Code\Project_RetroGame\FAT\CharacterLevelMove.srcs\sources_1\new\XY_GEN.vhd:]
WARNING: [filemgmt 56-199] Attempt to get parsing info during refresh. "On-the-fly" syntax checking information may be incorrect. [C:\Progh\Code\Project_RetroGame\FAT\CharacterLevelMove.srcs\sources_1\new\CharacterController.vhd:]
WARNING: [filemgmt 56-199] Attempt to get parsing info during refresh. "On-the-fly" syntax checking information may be incorrect. [C:\Progh\Code\Project_RetroGame\FAT\CharacterLevelMove.srcs\sources_1\imports\Week 5 + 6 - Bounching Square - Ball\DVI.vhd:]
WARNING: [filemgmt 56-199] Attempt to get parsing info during refresh. "On-the-fly" syntax checking information may be incorrect. [C:\Progh\Code\Project_RetroGame\FAT\CharacterLevelMove.srcs\sources_1\imports\Week 5 + 6 - Bounching Square - Ball\DVI.vhd:]
WARNING: [filemgmt 56-199] Attempt to get parsing info during refresh. "On-the-fly" syntax checking information may be incorrect. [C:\Progh\Code\Project_RetroGame\FAT\CharacterLevelMove.srcs\sources_1\imports\Week 5 + 6 - Bounching Square - Ball\DVI.vhd:]
ERROR: [Common 17-180] Spawn failed: No error
WARNING: [filemgmt 56-199] Attempt to get parsing info during refresh. "On-the-fly" syntax checking information may be incorrect. [C:\Progh\Code\Project_RetroGame\FAT\CharacterLevelMove.srcs\sources_1\new\ControlCharacter.vhd:]
WARNING: [filemgmt 56-199] Attempt to get parsing info during refresh. "On-the-fly" syntax checking information may be incorrect. [C:\Progh\Code\Project_RetroGame\FAT\CharacterLevelMove.srcs\sources_1\new\XY_GEN.vhd:]
WARNING: [filemgmt 56-199] Attempt to get parsing info during refresh. "On-the-fly" syntax checking information may be incorrect. [C:\Progh\Code\Project_RetroGame\FAT\CharacterLevelMove.srcs\sources_1\new\CharacterController.vhd:]
WARNING: [filemgmt 56-199] Attempt to get parsing info during refresh. "On-the-fly" syntax checking information may be incorrect. [C:\Progh\Code\Project_RetroGame\FAT\CharacterLevelMove.srcs\sources_1\imports\Week 5 + 6 - Bounching Square - Ball\DVI.vhd:]
WARNING: [filemgmt 56-199] Attempt to get parsing info during refresh. "On-the-fly" syntax checking information may be incorrect. [C:\Progh\Code\Project_RetroGame\FAT\CharacterLevelMove.srcs\sources_1\new\XY_GEN.vhd:]
WARNING: [filemgmt 56-199] Attempt to get parsing info during refresh. "On-the-fly" syntax checking information may be incorrect. [C:\Progh\Code\Project_RetroGame\FAT\CharacterLevelMove.srcs\sources_1\new\XY_GEN.vhd:]
WARNING: [filemgmt 56-199] Attempt to get parsing info during refresh. "On-the-fly" syntax checking information may be incorrect. [C:\Progh\Code\Project_RetroGame\FAT\CharacterLevelMove.srcs\sources_1\new\ControlCharacter.vhd:]
WARNING: [filemgmt 56-199] Attempt to get parsing info during refresh. "On-the-fly" syntax checking information may be incorrect. [C:\Progh\Code\Project_RetroGame\FAT\CharacterLevelMove.srcs\sources_1\new\XY_GEN.vhd:]
WARNING: [filemgmt 56-199] Attempt to get parsing info during refresh. "On-the-fly" syntax checking information may be incorrect. [C:\Progh\Code\Project_RetroGame\FAT\CharacterLevelMove.srcs\sources_1\new\CharacterController.vhd:]
WARNING: [filemgmt 56-199] Attempt to get parsing info during refresh. "On-the-fly" syntax checking information may be incorrect. [C:\Progh\Code\Project_RetroGame\FAT\CharacterLevelMove.srcs\sources_1\imports\Week 5 + 6 - Bounching Square - Ball\DVI.vhd:]
WARNING: [filemgmt 56-199] Attempt to get parsing info during refresh. "On-the-fly" syntax checking information may be incorrect. [C:\Progh\Code\Project_RetroGame\FAT\CharacterLevelMove.srcs\sources_1\new\ControlCharacter.vhd:]
WARNING: [filemgmt 56-199] Attempt to get parsing info during refresh. "On-the-fly" syntax checking information may be incorrect. [C:\Progh\Code\Project_RetroGame\FAT\CharacterLevelMove.srcs\sources_1\new\ControlCharacter.vhd:]
ERROR: [Common 17-180] Spawn failed: No error
WARNING: [filemgmt 56-199] Attempt to get parsing info during refresh. "On-the-fly" syntax checking information may be incorrect. [C:\Progh\Code\Project_RetroGame\FAT\CharacterLevelMove.srcs\sources_1\new\ControlCharacter.vhd:]
WARNING: [filemgmt 56-199] Attempt to get parsing info during refresh. "On-the-fly" syntax checking information may be incorrect. [C:\Progh\Code\Project_RetroGame\FAT\CharacterLevelMove.srcs\sources_1\new\XY_GEN.vhd:]
WARNING: [filemgmt 56-199] Attempt to get parsing info during refresh. "On-the-fly" syntax checking information may be incorrect. [C:\Progh\Code\Project_RetroGame\FAT\CharacterLevelMove.srcs\sources_1\new\CharacterController.vhd:]
WARNING: [filemgmt 56-199] Attempt to get parsing info during refresh. "On-the-fly" syntax checking information may be incorrect. [C:\Progh\Code\Project_RetroGame\FAT\CharacterLevelMove.srcs\sources_1\imports\Week 5 + 6 - Bounching Square - Ball\DVI.vhd:]
WARNING: [filemgmt 56-199] Attempt to get parsing info during refresh. "On-the-fly" syntax checking information may be incorrect. [C:\Progh\Code\Project_RetroGame\FAT\CharacterLevelMove.srcs\sources_1\imports\Week 5 + 6 - Bounching Square - Ball\DVI.vhd:]
WARNING: [filemgmt 56-199] Attempt to get parsing info during refresh. "On-the-fly" syntax checking information may be incorrect. [C:\Progh\Code\Project_RetroGame\FAT\CharacterLevelMove.srcs\sources_1\imports\Week 5 + 6 - Bounching Square - Ball\DVI.vhd:]
ERROR: [Common 17-180] Spawn failed: No error
set_msg_config -id {Project 1-19} -new_severity {INFO}
WARNING: [filemgmt 56-199] Attempt to get parsing info during refresh. "On-the-fly" syntax checking information may be incorrect. [C:\Progh\Code\Project_RetroGame\FAT\CharacterLevelMove.srcs\sources_1\new\ControlCharacter.vhd:]
WARNING: [filemgmt 56-199] Attempt to get parsing info during refresh. "On-the-fly" syntax checking information may be incorrect. [C:\Progh\Code\Project_RetroGame\FAT\CharacterLevelMove.srcs\sources_1\new\XY_GEN.vhd:]
WARNING: [filemgmt 56-199] Attempt to get parsing info during refresh. "On-the-fly" syntax checking information may be incorrect. [C:\Progh\Code\Project_RetroGame\FAT\CharacterLevelMove.srcs\sources_1\new\CharacterController.vhd:]
WARNING: [filemgmt 56-199] Attempt to get parsing info during refresh. "On-the-fly" syntax checking information may be incorrect. [C:\Progh\Code\Project_RetroGame\FAT\CharacterLevelMove.srcs\sources_1\imports\Week 5 + 6 - Bounching Square - Ball\DVI.vhd:]
WARNING: [filemgmt 56-199] Attempt to get parsing info during refresh. "On-the-fly" syntax checking information may be incorrect. [C:\Progh\Code\Project_RetroGame\FAT\CharacterLevelMove.srcs\sources_1\new\XY_GEN.vhd:]
WARNING: [filemgmt 56-199] Attempt to get parsing info during refresh. "On-the-fly" syntax checking information may be incorrect. [C:\Progh\Code\Project_RetroGame\FAT\CharacterLevelMove.srcs\sources_1\new\XY_GEN.vhd:]
WARNING: [filemgmt 56-199] Attempt to get parsing info during refresh. "On-the-fly" syntax checking information may be incorrect. [C:\Progh\Code\Project_RetroGame\FAT\CharacterLevelMove.srcs\sources_1\new\ControlCharacter.vhd:]
WARNING: [filemgmt 56-199] Attempt to get parsing info during refresh. "On-the-fly" syntax checking information may be incorrect. [C:\Progh\Code\Project_RetroGame\FAT\CharacterLevelMove.srcs\sources_1\new\XY_GEN.vhd:]
WARNING: [filemgmt 56-199] Attempt to get parsing info during refresh. "On-the-fly" syntax checking information may be incorrect. [C:\Progh\Code\Project_RetroGame\FAT\CharacterLevelMove.srcs\sources_1\new\CharacterController.vhd:]
WARNING: [filemgmt 56-199] Attempt to get parsing info during refresh. "On-the-fly" syntax checking information may be incorrect. [C:\Progh\Code\Project_RetroGame\FAT\CharacterLevelMove.srcs\sources_1\imports\Week 5 + 6 - Bounching Square - Ball\DVI.vhd:]
WARNING: [filemgmt 56-199] Attempt to get parsing info during refresh. "On-the-fly" syntax checking information may be incorrect. [C:\Progh\Code\Project_RetroGame\FAT\CharacterLevelMove.srcs\sources_1\new\ControlCharacter.vhd:]
WARNING: [filemgmt 56-199] Attempt to get parsing info during refresh. "On-the-fly" syntax checking information may be incorrect. [C:\Progh\Code\Project_RetroGame\FAT\CharacterLevelMove.srcs\sources_1\new\ControlCharacter.vhd:]
ERROR: [Common 17-180] Spawn failed: No error
ERROR: [Common 17-180] Spawn failed: No error
WARNING: [filemgmt 56-199] Attempt to get parsing info during refresh. "On-the-fly" syntax checking information may be incorrect. [C:\Progh\Code\Project_RetroGame\FAT\CharacterLevelMove.srcs\sources_1\new\ControlCharacter.vhd:]
WARNING: [filemgmt 56-199] Attempt to get parsing info during refresh. "On-the-fly" syntax checking information may be incorrect. [C:\Progh\Code\Project_RetroGame\FAT\CharacterLevelMove.srcs\sources_1\new\XY_GEN.vhd:]
WARNING: [filemgmt 56-199] Attempt to get parsing info during refresh. "On-the-fly" syntax checking information may be incorrect. [C:\Progh\Code\Project_RetroGame\FAT\CharacterLevelMove.srcs\sources_1\new\CharacterController.vhd:]
WARNING: [filemgmt 56-199] Attempt to get parsing info during refresh. "On-the-fly" syntax checking information may be incorrect. [C:\Progh\Code\Project_RetroGame\FAT\CharacterLevelMove.srcs\sources_1\imports\Week 5 + 6 - Bounching Square - Ball\DVI.vhd:]
WARNING: [filemgmt 56-199] Attempt to get parsing info during refresh. "On-the-fly" syntax checking information may be incorrect. [C:\Progh\Code\Project_RetroGame\FAT\CharacterLevelMove.srcs\sources_1\new\XY_GEN.vhd:]
WARNING: [filemgmt 56-199] Attempt to get parsing info during refresh. "On-the-fly" syntax checking information may be incorrect. [C:\Progh\Code\Project_RetroGame\FAT\CharacterLevelMove.srcs\sources_1\new\XY_GEN.vhd:]
WARNING: [filemgmt 56-199] Attempt to get parsing info during refresh. "On-the-fly" syntax checking information may be incorrect. [C:\Progh\Code\Project_RetroGame\FAT\CharacterLevelMove.srcs\sources_1\new\ControlCharacter.vhd:]
WARNING: [filemgmt 56-199] Attempt to get parsing info during refresh. "On-the-fly" syntax checking information may be incorrect. [C:\Progh\Code\Project_RetroGame\FAT\CharacterLevelMove.srcs\sources_1\new\XY_GEN.vhd:]
WARNING: [filemgmt 56-199] Attempt to get parsing info during refresh. "On-the-fly" syntax checking information may be incorrect. [C:\Progh\Code\Project_RetroGame\FAT\CharacterLevelMove.srcs\sources_1\new\CharacterController.vhd:]
WARNING: [filemgmt 56-199] Attempt to get parsing info during refresh. "On-the-fly" syntax checking information may be incorrect. [C:\Progh\Code\Project_RetroGame\FAT\CharacterLevelMove.srcs\sources_1\imports\Week 5 + 6 - Bounching Square - Ball\DVI.vhd:]
WARNING: [filemgmt 56-199] Attempt to get parsing info during refresh. "On-the-fly" syntax checking information may be incorrect. [C:\Progh\Code\Project_RetroGame\FAT\CharacterLevelMove.srcs\sources_1\new\ControlCharacter.vhd:]
WARNING: [filemgmt 56-199] Attempt to get parsing info during refresh. "On-the-fly" syntax checking information may be incorrect. [C:\Progh\Code\Project_RetroGame\FAT\CharacterLevelMove.srcs\sources_1\new\ControlCharacter.vhd:]
ERROR: [Common 17-180] Spawn failed: No error
WARNING: [filemgmt 56-199] Attempt to get parsing info during refresh. "On-the-fly" syntax checking information may be incorrect. [C:\Progh\Code\Project_RetroGame\FAT\CharacterLevelMove.srcs\sources_1\new\ControlCharacter.vhd:]
WARNING: [filemgmt 56-199] Attempt to get parsing info during refresh. "On-the-fly" syntax checking information may be incorrect. [C:\Progh\Code\Project_RetroGame\FAT\CharacterLevelMove.srcs\sources_1\new\XY_GEN.vhd:]
WARNING: [filemgmt 56-199] Attempt to get parsing info during refresh. "On-the-fly" syntax checking information may be incorrect. [C:\Progh\Code\Project_RetroGame\FAT\CharacterLevelMove.srcs\sources_1\new\CharacterController.vhd:]
WARNING: [filemgmt 56-199] Attempt to get parsing info during refresh. "On-the-fly" syntax checking information may be incorrect. [C:\Progh\Code\Project_RetroGame\FAT\CharacterLevelMove.srcs\sources_1\imports\Week 5 + 6 - Bounching Square - Ball\DVI.vhd:]
WARNING: [filemgmt 56-199] Attempt to get parsing info during refresh. "On-the-fly" syntax checking information may be incorrect. [C:\Progh\Code\Project_RetroGame\FAT\CharacterLevelMove.srcs\sources_1\new\CharacterController.vhd:]
WARNING: [filemgmt 56-199] Attempt to get parsing info during refresh. "On-the-fly" syntax checking information may be incorrect. [C:\Progh\Code\Project_RetroGame\FAT\CharacterLevelMove.srcs\sources_1\new\CharacterController.vhd:]
ERROR: [Common 17-180] Spawn failed: No error
WARNING: [filemgmt 56-199] Attempt to get parsing info during refresh. "On-the-fly" syntax checking information may be incorrect. [C:\Progh\Code\Project_RetroGame\FAT\CharacterLevelMove.srcs\sources_1\new\ControlCharacter.vhd:]
WARNING: [filemgmt 56-199] Attempt to get parsing info during refresh. "On-the-fly" syntax checking information may be incorrect. [C:\Progh\Code\Project_RetroGame\FAT\CharacterLevelMove.srcs\sources_1\new\XY_GEN.vhd:]
WARNING: [filemgmt 56-199] Attempt to get parsing info during refresh. "On-the-fly" syntax checking information may be incorrect. [C:\Progh\Code\Project_RetroGame\FAT\CharacterLevelMove.srcs\sources_1\new\CharacterController.vhd:]
WARNING: [filemgmt 56-199] Attempt to get parsing info during refresh. "On-the-fly" syntax checking information may be incorrect. [C:\Progh\Code\Project_RetroGame\FAT\CharacterLevelMove.srcs\sources_1\imports\Week 5 + 6 - Bounching Square - Ball\DVI.vhd:]
WARNING: [filemgmt 56-199] Attempt to get parsing info during refresh. "On-the-fly" syntax checking information may be incorrect. [C:\Progh\Code\Project_RetroGame\FAT\CharacterLevelMove.srcs\sources_1\new\XY_GEN.vhd:]
WARNING: [filemgmt 56-199] Attempt to get parsing info during refresh. "On-the-fly" syntax checking information may be incorrect. [C:\Progh\Code\Project_RetroGame\FAT\CharacterLevelMove.srcs\sources_1\new\XY_GEN.vhd:]
WARNING: [filemgmt 56-199] Attempt to get parsing info during refresh. "On-the-fly" syntax checking information may be incorrect. [C:\Progh\Code\Project_RetroGame\FAT\CharacterLevelMove.srcs\sources_1\new\ControlCharacter.vhd:]
WARNING: [filemgmt 56-199] Attempt to get parsing info during refresh. "On-the-fly" syntax checking information may be incorrect. [C:\Progh\Code\Project_RetroGame\FAT\CharacterLevelMove.srcs\sources_1\new\XY_GEN.vhd:]
WARNING: [filemgmt 56-199] Attempt to get parsing info during refresh. "On-the-fly" syntax checking information may be incorrect. [C:\Progh\Code\Project_RetroGame\FAT\CharacterLevelMove.srcs\sources_1\new\CharacterController.vhd:]
WARNING: [filemgmt 56-199] Attempt to get parsing info during refresh. "On-the-fly" syntax checking information may be incorrect. [C:\Progh\Code\Project_RetroGame\FAT\CharacterLevelMove.srcs\sources_1\imports\Week 5 + 6 - Bounching Square - Ball\DVI.vhd:]
WARNING: [filemgmt 56-199] Attempt to get parsing info during refresh. "On-the-fly" syntax checking information may be incorrect. [C:\Progh\Code\Project_RetroGame\FAT\CharacterLevelMove.srcs\sources_1\new\ControlCharacter.vhd:]
WARNING: [filemgmt 56-199] Attempt to get parsing info during refresh. "On-the-fly" syntax checking information may be incorrect. [C:\Progh\Code\Project_RetroGame\FAT\CharacterLevelMove.srcs\sources_1\new\ControlCharacter.vhd:]
ERROR: [Common 17-180] Spawn failed: No error
WARNING: [filemgmt 56-199] Attempt to get parsing info during refresh. "On-the-fly" syntax checking information may be incorrect. [C:\Progh\Code\Project_RetroGame\FAT\CharacterLevelMove.srcs\sources_1\new\ControlCharacter.vhd:]
WARNING: [filemgmt 56-199] Attempt to get parsing info during refresh. "On-the-fly" syntax checking information may be incorrect. [C:\Progh\Code\Project_RetroGame\FAT\CharacterLevelMove.srcs\sources_1\new\XY_GEN.vhd:]
WARNING: [filemgmt 56-199] Attempt to get parsing info during refresh. "On-the-fly" syntax checking information may be incorrect. [C:\Progh\Code\Project_RetroGame\FAT\CharacterLevelMove.srcs\sources_1\new\CharacterController.vhd:]
WARNING: [filemgmt 56-199] Attempt to get parsing info during refresh. "On-the-fly" syntax checking information may be incorrect. [C:\Progh\Code\Project_RetroGame\FAT\CharacterLevelMove.srcs\sources_1\imports\Week 5 + 6 - Bounching Square - Ball\DVI.vhd:]
WARNING: [filemgmt 56-199] Attempt to get parsing info during refresh. "On-the-fly" syntax checking information may be incorrect. [C:\Progh\Code\Project_RetroGame\FAT\CharacterLevelMove.srcs\sources_1\imports\Week 5 + 6 - Bounching Square - Ball\DVI.vhd:]
WARNING: [filemgmt 56-199] Attempt to get parsing info during refresh. "On-the-fly" syntax checking information may be incorrect. [C:\Progh\Code\Project_RetroGame\FAT\CharacterLevelMove.srcs\sources_1\imports\Week 5 + 6 - Bounching Square - Ball\DVI.vhd:]
ERROR: [Common 17-180] Spawn failed: No error
WARNING: [filemgmt 56-199] Attempt to get parsing info during refresh. "On-the-fly" syntax checking information may be incorrect. [C:\Progh\Code\Project_RetroGame\FAT\CharacterLevelMove.srcs\sources_1\new\ControlCharacter.vhd:]
WARNING: [filemgmt 56-199] Attempt to get parsing info during refresh. "On-the-fly" syntax checking information may be incorrect. [C:\Progh\Code\Project_RetroGame\FAT\CharacterLevelMove.srcs\sources_1\new\XY_GEN.vhd:]
WARNING: [filemgmt 56-199] Attempt to get parsing info during refresh. "On-the-fly" syntax checking information may be incorrect. [C:\Progh\Code\Project_RetroGame\FAT\CharacterLevelMove.srcs\sources_1\new\CharacterController.vhd:]
WARNING: [filemgmt 56-199] Attempt to get parsing info during refresh. "On-the-fly" syntax checking information may be incorrect. [C:\Progh\Code\Project_RetroGame\FAT\CharacterLevelMove.srcs\sources_1\imports\Week 5 + 6 - Bounching Square - Ball\DVI.vhd:]
WARNING: [filemgmt 56-199] Attempt to get parsing info during refresh. "On-the-fly" syntax checking information may be incorrect. [C:\Progh\Code\Project_RetroGame\FAT\CharacterLevelMove.srcs\sources_1\new\XY_GEN.vhd:]
WARNING: [filemgmt 56-199] Attempt to get parsing info during refresh. "On-the-fly" syntax checking information may be incorrect. [C:\Progh\Code\Project_RetroGame\FAT\CharacterLevelMove.srcs\sources_1\new\XY_GEN.vhd:]
WARNING: [filemgmt 56-199] Attempt to get parsing info during refresh. "On-the-fly" syntax checking information may be incorrect. [C:\Progh\Code\Project_RetroGame\FAT\CharacterLevelMove.srcs\sources_1\new\ControlCharacter.vhd:]
WARNING: [filemgmt 56-199] Attempt to get parsing info during refresh. "On-the-fly" syntax checking information may be incorrect. [C:\Progh\Code\Project_RetroGame\FAT\CharacterLevelMove.srcs\sources_1\new\XY_GEN.vhd:]
WARNING: [filemgmt 56-199] Attempt to get parsing info during refresh. "On-the-fly" syntax checking information may be incorrect. [C:\Progh\Code\Project_RetroGame\FAT\CharacterLevelMove.srcs\sources_1\new\CharacterController.vhd:]
WARNING: [filemgmt 56-199] Attempt to get parsing info during refresh. "On-the-fly" syntax checking information may be incorrect. [C:\Progh\Code\Project_RetroGame\FAT\CharacterLevelMove.srcs\sources_1\imports\Week 5 + 6 - Bounching Square - Ball\DVI.vhd:]
WARNING: [filemgmt 56-199] Attempt to get parsing info during refresh. "On-the-fly" syntax checking information may be incorrect. [C:\Progh\Code\Project_RetroGame\FAT\CharacterLevelMove.srcs\sources_1\new\ControlCharacter.vhd:]
WARNING: [filemgmt 56-199] Attempt to get parsing info during refresh. "On-the-fly" syntax checking information may be incorrect. [C:\Progh\Code\Project_RetroGame\FAT\CharacterLevelMove.srcs\sources_1\new\ControlCharacter.vhd:]
ERROR: [Common 17-180] Spawn failed: No error
WARNING: [filemgmt 56-199] Attempt to get parsing info during refresh. "On-the-fly" syntax checking information may be incorrect. [C:\Progh\Code\Project_RetroGame\FAT\CharacterLevelMove.srcs\sources_1\new\ControlCharacter.vhd:]
WARNING: [filemgmt 56-199] Attempt to get parsing info during refresh. "On-the-fly" syntax checking information may be incorrect. [C:\Progh\Code\Project_RetroGame\FAT\CharacterLevelMove.srcs\sources_1\new\XY_GEN.vhd:]
WARNING: [filemgmt 56-199] Attempt to get parsing info during refresh. "On-the-fly" syntax checking information may be incorrect. [C:\Progh\Code\Project_RetroGame\FAT\CharacterLevelMove.srcs\sources_1\new\CharacterController.vhd:]
WARNING: [filemgmt 56-199] Attempt to get parsing info during refresh. "On-the-fly" syntax checking information may be incorrect. [C:\Progh\Code\Project_RetroGame\FAT\CharacterLevelMove.srcs\sources_1\imports\Week 5 + 6 - Bounching Square - Ball\DVI.vhd:]
WARNING: [filemgmt 56-199] Attempt to get parsing info during refresh. "On-the-fly" syntax checking information may be incorrect. [C:\Progh\Code\Project_RetroGame\FAT\CharacterLevelMove.srcs\sources_1\new\CharacterController.vhd:]
WARNING: [filemgmt 56-199] Attempt to get parsing info during refresh. "On-the-fly" syntax checking information may be incorrect. [C:\Progh\Code\Project_RetroGame\FAT\CharacterLevelMove.srcs\sources_1\new\CharacterController.vhd:]
ERROR: [Common 17-180] Spawn failed: No error
WARNING: [filemgmt 56-199] Attempt to get parsing info during refresh. "On-the-fly" syntax checking information may be incorrect. [C:\Progh\Code\Project_RetroGame\FAT\CharacterLevelMove.srcs\sources_1\new\ControlCharacter.vhd:]
WARNING: [filemgmt 56-199] Attempt to get parsing info during refresh. "On-the-fly" syntax checking information may be incorrect. [C:\Progh\Code\Project_RetroGame\FAT\CharacterLevelMove.srcs\sources_1\new\XY_GEN.vhd:]
WARNING: [filemgmt 56-199] Attempt to get parsing info during refresh. "On-the-fly" syntax checking information may be incorrect. [C:\Progh\Code\Project_RetroGame\FAT\CharacterLevelMove.srcs\sources_1\new\CharacterController.vhd:]
WARNING: [filemgmt 56-199] Attempt to get parsing info during refresh. "On-the-fly" syntax checking information may be incorrect. [C:\Progh\Code\Project_RetroGame\FAT\CharacterLevelMove.srcs\sources_1\imports\Week 5 + 6 - Bounching Square - Ball\DVI.vhd:]
WARNING: [filemgmt 56-199] Attempt to get parsing info during refresh. "On-the-fly" syntax checking information may be incorrect. [C:\Progh\Code\Project_RetroGame\FAT\CharacterLevelMove.srcs\sources_1\new\CharacterController.vhd:]
WARNING: [filemgmt 56-199] Attempt to get parsing info during refresh. "On-the-fly" syntax checking information may be incorrect. [C:\Progh\Code\Project_RetroGame\FAT\CharacterLevelMove.srcs\sources_1\new\CharacterController.vhd:]
WARNING: [filemgmt 56-199] Attempt to get parsing info during refresh. "On-the-fly" syntax checking information may be incorrect. [C:\Progh\Code\Project_RetroGame\FAT\CharacterLevelMove.srcs\sources_1\new\ControlCharacter.vhd:]
WARNING: [filemgmt 56-199] Attempt to get parsing info during refresh. "On-the-fly" syntax checking information may be incorrect. [C:\Progh\Code\Project_RetroGame\FAT\CharacterLevelMove.srcs\sources_1\new\XY_GEN.vhd:]
WARNING: [filemgmt 56-199] Attempt to get parsing info during refresh. "On-the-fly" syntax checking information may be incorrect. [C:\Progh\Code\Project_RetroGame\FAT\CharacterLevelMove.srcs\sources_1\new\CharacterController.vhd:]
WARNING: [filemgmt 56-199] Attempt to get parsing info during refresh. "On-the-fly" syntax checking information may be incorrect. [C:\Progh\Code\Project_RetroGame\FAT\CharacterLevelMove.srcs\sources_1\imports\Week 5 + 6 - Bounching Square - Ball\DVI.vhd:]
WARNING: [filemgmt 56-199] Attempt to get parsing info during refresh. "On-the-fly" syntax checking information may be incorrect. [C:\Progh\Code\Project_RetroGame\FAT\CharacterLevelMove.srcs\sources_1\new\ControlCharacter.vhd:]
WARNING: [filemgmt 56-199] Attempt to get parsing info during refresh. "On-the-fly" syntax checking information may be incorrect. [C:\Progh\Code\Project_RetroGame\FAT\CharacterLevelMove.srcs\sources_1\new\ControlCharacter.vhd:]
ERROR: [Common 17-180] Spawn failed: No error
WARNING: [filemgmt 56-199] Attempt to get parsing info during refresh. "On-the-fly" syntax checking information may be incorrect. [C:\Progh\Code\Project_RetroGame\FAT\CharacterLevelMove.srcs\sources_1\new\ControlCharacter.vhd:]
WARNING: [filemgmt 56-199] Attempt to get parsing info during refresh. "On-the-fly" syntax checking information may be incorrect. [C:\Progh\Code\Project_RetroGame\FAT\CharacterLevelMove.srcs\sources_1\new\XY_GEN.vhd:]
WARNING: [filemgmt 56-199] Attempt to get parsing info during refresh. "On-the-fly" syntax checking information may be incorrect. [C:\Progh\Code\Project_RetroGame\FAT\CharacterLevelMove.srcs\sources_1\new\CharacterController.vhd:]
WARNING: [filemgmt 56-199] Attempt to get parsing info during refresh. "On-the-fly" syntax checking information may be incorrect. [C:\Progh\Code\Project_RetroGame\FAT\CharacterLevelMove.srcs\sources_1\imports\Week 5 + 6 - Bounching Square - Ball\DVI.vhd:]
ERROR: [Common 17-180] Spawn failed: No error
WARNING: [filemgmt 56-199] Attempt to get parsing info during refresh. "On-the-fly" syntax checking information may be incorrect. [C:\Progh\Code\Project_RetroGame\FAT\CharacterLevelMove.srcs\sources_1\imports\Week 5 + 6 - Bounching Square - Ball\DVI.vhd:]
WARNING: [filemgmt 56-199] Attempt to get parsing info during refresh. "On-the-fly" syntax checking information may be incorrect. [C:\Progh\Code\Project_RetroGame\FAT\CharacterLevelMove.srcs\sources_1\imports\Week 5 + 6 - Bounching Square - Ball\DVI.vhd:]
WARNING: [filemgmt 56-199] Attempt to get parsing info during refresh. "On-the-fly" syntax checking information may be incorrect. [C:\Progh\Code\Project_RetroGame\FAT\CharacterLevelMove.srcs\sources_1\new\ControlCharacter.vhd:]
WARNING: [filemgmt 56-199] Attempt to get parsing info during refresh. "On-the-fly" syntax checking information may be incorrect. [C:\Progh\Code\Project_RetroGame\FAT\CharacterLevelMove.srcs\sources_1\new\XY_GEN.vhd:]
WARNING: [filemgmt 56-199] Attempt to get parsing info during refresh. "On-the-fly" syntax checking information may be incorrect. [C:\Progh\Code\Project_RetroGame\FAT\CharacterLevelMove.srcs\sources_1\new\CharacterController.vhd:]
WARNING: [filemgmt 56-199] Attempt to get parsing info during refresh. "On-the-fly" syntax checking information may be incorrect. [C:\Progh\Code\Project_RetroGame\FAT\CharacterLevelMove.srcs\sources_1\imports\Week 5 + 6 - Bounching Square - Ball\DVI.vhd:]
WARNING: [filemgmt 56-199] Attempt to get parsing info during refresh. "On-the-fly" syntax checking information may be incorrect. [C:\Progh\Code\Project_RetroGame\FAT\CharacterLevelMove.srcs\sources_1\imports\Week 5 + 6 - Bounching Square - Ball\DVI.vhd:]
WARNING: [filemgmt 56-199] Attempt to get parsing info during refresh. "On-the-fly" syntax checking information may be incorrect. [C:\Progh\Code\Project_RetroGame\FAT\CharacterLevelMove.srcs\sources_1\imports\Week 5 + 6 - Bounching Square - Ball\DVI.vhd:]
WARNING: [filemgmt 56-199] Attempt to get parsing info during refresh. "On-the-fly" syntax checking information may be incorrect. [C:\Progh\Code\Project_RetroGame\FAT\CharacterLevelMove.srcs\sources_1\new\ControlCharacter.vhd:]
WARNING: [filemgmt 56-199] Attempt to get parsing info during refresh. "On-the-fly" syntax checking information may be incorrect. [C:\Progh\Code\Project_RetroGame\FAT\CharacterLevelMove.srcs\sources_1\new\XY_GEN.vhd:]
WARNING: [filemgmt 56-199] Attempt to get parsing info during refresh. "On-the-fly" syntax checking information may be incorrect. [C:\Progh\Code\Project_RetroGame\FAT\CharacterLevelMove.srcs\sources_1\new\CharacterController.vhd:]
WARNING: [filemgmt 56-199] Attempt to get parsing info during refresh. "On-the-fly" syntax checking information may be incorrect. [C:\Progh\Code\Project_RetroGame\FAT\CharacterLevelMove.srcs\sources_1\imports\Week 5 + 6 - Bounching Square - Ball\DVI.vhd:]
WARNING: [filemgmt 56-199] Attempt to get parsing info during refresh. "On-the-fly" syntax checking information may be incorrect. [C:\Progh\Code\Project_RetroGame\FAT\CharacterLevelMove.srcs\sources_1\new\ControlCharacter.vhd:]
WARNING: [filemgmt 56-199] Attempt to get parsing info during refresh. "On-the-fly" syntax checking information may be incorrect. [C:\Progh\Code\Project_RetroGame\FAT\CharacterLevelMove.srcs\sources_1\new\ControlCharacter.vhd:]
ERROR: [Common 17-180] Spawn failed: No error
WARNING: [filemgmt 56-199] Attempt to get parsing info during refresh. "On-the-fly" syntax checking information may be incorrect. [C:\Progh\Code\Project_RetroGame\FAT\CharacterLevelMove.srcs\sources_1\new\ControlCharacter.vhd:]
WARNING: [filemgmt 56-199] Attempt to get parsing info during refresh. "On-the-fly" syntax checking information may be incorrect. [C:\Progh\Code\Project_RetroGame\FAT\CharacterLevelMove.srcs\sources_1\new\XY_GEN.vhd:]
WARNING: [filemgmt 56-199] Attempt to get parsing info during refresh. "On-the-fly" syntax checking information may be incorrect. [C:\Progh\Code\Project_RetroGame\FAT\CharacterLevelMove.srcs\sources_1\new\CharacterController.vhd:]
WARNING: [filemgmt 56-199] Attempt to get parsing info during refresh. "On-the-fly" syntax checking information may be incorrect. [C:\Progh\Code\Project_RetroGame\FAT\CharacterLevelMove.srcs\sources_1\imports\Week 5 + 6 - Bounching Square - Ball\DVI.vhd:]
ERROR: [Common 17-180] Spawn failed: No error
WARNING: [filemgmt 56-199] Attempt to get parsing info during refresh. "On-the-fly" syntax checking information may be incorrect. [C:\Progh\Code\Project_RetroGame\FAT\CharacterLevelMove.srcs\sources_1\new\XY_GEN.vhd:]
WARNING: [filemgmt 56-199] Attempt to get parsing info during refresh. "On-the-fly" syntax checking information may be incorrect. [C:\Progh\Code\Project_RetroGame\FAT\CharacterLevelMove.srcs\sources_1\new\XY_GEN.vhd:]
synth_design -rtl -rtl_skip_mlo -name rtl_1
Command: synth_design -rtl -rtl_skip_mlo -name rtl_1
Starting synth_design
Using part: xc7a35tcpg236-1
Top: DVI_Top
INFO: [Device 21-403] Loading part xc7a35tcpg236-1
INFO: [Device 21-9227] Part: xc7a35tcpg236-1 does not have CEAM library.
INFO: [Synth 8-7079] Multithreading enabled for synth_design using a maximum of 2 processes.
INFO: [Synth 8-7078] Launching helper process for spawning children vivado processes
INFO: [Synth 8-7075] Helper process launched with PID 21400
---------------------------------------------------------------------------------
Starting RTL Elaboration : Time (s): cpu = 00:00:04 ; elapsed = 00:00:05 . Memory (MB): peak = 2404.117 ; gain = 429.418
---------------------------------------------------------------------------------
INFO: [Synth 8-638] synthesizing module 'DVI_Top' [C:/Progh/Code/Project_RetroGame/FAT/CharacterLevelMove.srcs/sources_1/imports/Week 5 + 6 - Bounching Square - Ball/DVI.vhd:19]
INFO: [Synth 8-3491] module 'clkDVIprescaler' declared at 'C:/Progh/Code/Project_RetroGame/FAT/.Xil/Vivado-4076-DESKTOP-H0VVJ00/realtime/clkDVIprescaler_stub.v:6' bound to instance 'prescaler_instance' of component 'clkDVIprescaler' [C:/Progh/Code/Project_RetroGame/FAT/CharacterLevelMove.srcs/sources_1/imports/Week 5 + 6 - Bounching Square - Ball/DVI.vhd:66]
INFO: [Synth 8-6157] synthesizing module 'clkDVIprescaler' [C:/Progh/Code/Project_RetroGame/FAT/.Xil/Vivado-4076-DESKTOP-H0VVJ00/realtime/clkDVIprescaler_stub.v:6]
INFO: [Synth 8-6155] done synthesizing module 'clkDVIprescaler' (0#1) [C:/Progh/Code/Project_RetroGame/FAT/.Xil/Vivado-4076-DESKTOP-H0VVJ00/realtime/clkDVIprescaler_stub.v:6]
INFO: [Synth 8-3491] module 'DVI_Driver' declared at 'C:/Progh/Code/Project_RetroGame/FAT/CharacterLevelMove.srcs/sources_1/new/DVI_Display.vhd:5' bound to instance 'dvi_driver_inst' of component 'DVI_Driver' [C:/Progh/Code/Project_RetroGame/FAT/CharacterLevelMove.srcs/sources_1/imports/Week 5 + 6 - Bounching Square - Ball/DVI.vhd:73]
INFO: [Synth 8-638] synthesizing module 'DVI_Driver' [C:/Progh/Code/Project_RetroGame/FAT/CharacterLevelMove.srcs/sources_1/new/DVI_Display.vhd:16]
INFO: [Synth 8-256] done synthesizing module 'DVI_Driver' (0#1) [C:/Progh/Code/Project_RetroGame/FAT/CharacterLevelMove.srcs/sources_1/new/DVI_Display.vhd:16]
INFO: [Synth 8-3491] module 'Pixel_Gen' declared at 'C:/Progh/Code/Project_RetroGame/FAT/CharacterLevelMove.srcs/sources_1/new/XY_GEN.vhd:5' bound to instance 'pixel_gen_inst' of component 'Pixel_Gen' [C:/Progh/Code/Project_RetroGame/FAT/CharacterLevelMove.srcs/sources_1/imports/Week 5 + 6 - Bounching Square - Ball/DVI.vhd:84]
INFO: [Synth 8-638] synthesizing module 'Pixel_Gen' [C:/Progh/Code/Project_RetroGame/FAT/CharacterLevelMove.srcs/sources_1/new/XY_GEN.vhd:18]
INFO: [Synth 8-3491] module 'CharacterController' declared at 'C:/Progh/Code/Project_RetroGame/FAT/CharacterLevelMove.srcs/sources_1/new/CharacterController.vhd:5' bound to instance 'DisplayCharacter_inst' of component 'CharacterController' [C:/Progh/Code/Project_RetroGame/FAT/CharacterLevelMove.srcs/sources_1/new/XY_GEN.vhd:50]
INFO: [Synth 8-638] synthesizing module 'CharacterController' [C:/Progh/Code/Project_RetroGame/FAT/CharacterLevelMove.srcs/sources_1/new/CharacterController.vhd:17]
INFO: [Synth 8-3491] module 'ControlCharacter' declared at 'C:/Progh/Code/Project_RetroGame/FAT/CharacterLevelMove.srcs/sources_1/new/ControlCharacter.vhd:5' bound to instance 'ControlChar_inst' of component 'ControlCharacter' [C:/Progh/Code/Project_RetroGame/FAT/CharacterLevelMove.srcs/sources_1/new/CharacterController.vhd:106]
INFO: [Synth 8-638] synthesizing module 'ControlCharacter' [C:/Progh/Code/Project_RetroGame/FAT/CharacterLevelMove.srcs/sources_1/new/ControlCharacter.vhd:17]
ERROR: [Synth 8-690] width mismatch in assignment; target has 10 bits, source has 11 bits [C:/Progh/Code/Project_RetroGame/FAT/CharacterLevelMove.srcs/sources_1/new/ControlCharacter.vhd:52]
ERROR: [Synth 8-285] failed synthesizing module 'ControlCharacter' [C:/Progh/Code/Project_RetroGame/FAT/CharacterLevelMove.srcs/sources_1/new/ControlCharacter.vhd:17]
ERROR: [Synth 8-285] failed synthesizing module 'CharacterController' [C:/Progh/Code/Project_RetroGame/FAT/CharacterLevelMove.srcs/sources_1/new/CharacterController.vhd:17]
ERROR: [Synth 8-285] failed synthesizing module 'Pixel_Gen' [C:/Progh/Code/Project_RetroGame/FAT/CharacterLevelMove.srcs/sources_1/new/XY_GEN.vhd:18]
ERROR: [Synth 8-285] failed synthesizing module 'DVI_Top' [C:/Progh/Code/Project_RetroGame/FAT/CharacterLevelMove.srcs/sources_1/imports/Week 5 + 6 - Bounching Square - Ball/DVI.vhd:19]
---------------------------------------------------------------------------------
Finished RTL Elaboration : Time (s): cpu = 00:00:05 ; elapsed = 00:00:06 . Memory (MB): peak = 2510.477 ; gain = 535.777
---------------------------------------------------------------------------------
RTL Elaboration failed
18 Infos, 0 Warnings, 0 Critical Warnings and 6 Errors encountered.
synth_design failed
ERROR: [Vivado_Tcl 4-5] Elaboration failed - please see the console for details
WARNING: [filemgmt 56-199] Attempt to get parsing info during refresh. "On-the-fly" syntax checking information may be incorrect. [C:\Progh\Code\Project_RetroGame\FAT\CharacterLevelMove.srcs\sources_1\new\ControlCharacter.vhd:]
WARNING: [filemgmt 56-199] Attempt to get parsing info during refresh. "On-the-fly" syntax checking information may be incorrect. [C:\Progh\Code\Project_RetroGame\FAT\CharacterLevelMove.srcs\sources_1\new\XY_GEN.vhd:]
WARNING: [filemgmt 56-199] Attempt to get parsing info during refresh. "On-the-fly" syntax checking information may be incorrect. [C:\Progh\Code\Project_RetroGame\FAT\CharacterLevelMove.srcs\sources_1\new\CharacterController.vhd:]
WARNING: [filemgmt 56-199] Attempt to get parsing info during refresh. "On-the-fly" syntax checking information may be incorrect. [C:\Progh\Code\Project_RetroGame\FAT\CharacterLevelMove.srcs\sources_1\imports\Week 5 + 6 - Bounching Square - Ball\DVI.vhd:]
WARNING: [filemgmt 56-199] Attempt to get parsing info during refresh. "On-the-fly" syntax checking information may be incorrect. [C:\Progh\Code\Project_RetroGame\FAT\CharacterLevelMove.srcs\sources_1\new\XY_GEN.vhd:]
WARNING: [filemgmt 56-199] Attempt to get parsing info during refresh. "On-the-fly" syntax checking information may be incorrect. [C:\Progh\Code\Project_RetroGame\FAT\CharacterLevelMove.srcs\sources_1\new\XY_GEN.vhd:]
WARNING: [filemgmt 56-199] Attempt to get parsing info during refresh. "On-the-fly" syntax checking information may be incorrect. [C:\Progh\Code\Project_RetroGame\FAT\CharacterLevelMove.srcs\sources_1\new\ControlCharacter.vhd:]
WARNING: [filemgmt 56-199] Attempt to get parsing info during refresh. "On-the-fly" syntax checking information may be incorrect. [C:\Progh\Code\Project_RetroGame\FAT\CharacterLevelMove.srcs\sources_1\new\XY_GEN.vhd:]
WARNING: [filemgmt 56-199] Attempt to get parsing info during refresh. "On-the-fly" syntax checking information may be incorrect. [C:\Progh\Code\Project_RetroGame\FAT\CharacterLevelMove.srcs\sources_1\new\CharacterController.vhd:]
WARNING: [filemgmt 56-199] Attempt to get parsing info during refresh. "On-the-fly" syntax checking information may be incorrect. [C:\Progh\Code\Project_RetroGame\FAT\CharacterLevelMove.srcs\sources_1\imports\Week 5 + 6 - Bounching Square - Ball\DVI.vhd:]
WARNING: [filemgmt 56-199] Attempt to get parsing info during refresh. "On-the-fly" syntax checking information may be incorrect. [C:\Progh\Code\Project_RetroGame\FAT\CharacterLevelMove.srcs\sources_1\new\ControlCharacter.vhd:]
WARNING: [filemgmt 56-199] Attempt to get parsing info during refresh. "On-the-fly" syntax checking information may be incorrect. [C:\Progh\Code\Project_RetroGame\FAT\CharacterLevelMove.srcs\sources_1\new\ControlCharacter.vhd:]
ERROR: [Common 17-180] Spawn failed: No error
WARNING: [filemgmt 56-199] Attempt to get parsing info during refresh. "On-the-fly" syntax checking information may be incorrect. [C:\Progh\Code\Project_RetroGame\FAT\CharacterLevelMove.srcs\sources_1\new\ControlCharacter.vhd:]
WARNING: [filemgmt 56-199] Attempt to get parsing info during refresh. "On-the-fly" syntax checking information may be incorrect. [C:\Progh\Code\Project_RetroGame\FAT\CharacterLevelMove.srcs\sources_1\new\XY_GEN.vhd:]
WARNING: [filemgmt 56-199] Attempt to get parsing info during refresh. "On-the-fly" syntax checking information may be incorrect. [C:\Progh\Code\Project_RetroGame\FAT\CharacterLevelMove.srcs\sources_1\new\CharacterController.vhd:]
WARNING: [filemgmt 56-199] Attempt to get parsing info during refresh. "On-the-fly" syntax checking information may be incorrect. [C:\Progh\Code\Project_RetroGame\FAT\CharacterLevelMove.srcs\sources_1\imports\Week 5 + 6 - Bounching Square - Ball\DVI.vhd:]
WARNING: [filemgmt 56-199] Attempt to get parsing info during refresh. "On-the-fly" syntax checking information may be incorrect. [C:\Progh\Code\Project_RetroGame\FAT\CharacterLevelMove.srcs\sources_1\imports\Week 5 + 6 - Bounching Square - Ball\DVI.vhd:]
WARNING: [filemgmt 56-199] Attempt to get parsing info during refresh. "On-the-fly" syntax checking information may be incorrect. [C:\Progh\Code\Project_RetroGame\FAT\CharacterLevelMove.srcs\sources_1\imports\Week 5 + 6 - Bounching Square - Ball\DVI.vhd:]
ERROR: [Common 17-180] Spawn failed: No error
synth_design -rtl -rtl_skip_mlo -name rtl_1
Command: synth_design -rtl -rtl_skip_mlo -name rtl_1
Starting synth_design
Using part: xc7a35tcpg236-1
Top: DVI_Top
INFO: [Synth 8-7079] Multithreading enabled for synth_design using a maximum of 2 processes.
---------------------------------------------------------------------------------
Starting RTL Elaboration : Time (s): cpu = 00:00:04 ; elapsed = 00:00:04 . Memory (MB): peak = 2510.566 ; gain = 0.000
---------------------------------------------------------------------------------
INFO: [Synth 8-638] synthesizing module 'DVI_Top' [C:/Progh/Code/Project_RetroGame/FAT/CharacterLevelMove.srcs/sources_1/imports/Week 5 + 6 - Bounching Square - Ball/DVI.vhd:19]
INFO: [Synth 8-3491] module 'clkDVIprescaler' declared at 'C:/Progh/Code/Project_RetroGame/FAT/.Xil/Vivado-4076-DESKTOP-H0VVJ00/realtime/clkDVIprescaler_stub.v:6' bound to instance 'prescaler_instance' of component 'clkDVIprescaler' [C:/Progh/Code/Project_RetroGame/FAT/CharacterLevelMove.srcs/sources_1/imports/Week 5 + 6 - Bounching Square - Ball/DVI.vhd:66]
INFO: [Synth 8-6157] synthesizing module 'clkDVIprescaler' [C:/Progh/Code/Project_RetroGame/FAT/.Xil/Vivado-4076-DESKTOP-H0VVJ00/realtime/clkDVIprescaler_stub.v:6]
INFO: [Synth 8-6155] done synthesizing module 'clkDVIprescaler' (0#1) [C:/Progh/Code/Project_RetroGame/FAT/.Xil/Vivado-4076-DESKTOP-H0VVJ00/realtime/clkDVIprescaler_stub.v:6]
INFO: [Synth 8-3491] module 'DVI_Driver' declared at 'C:/Progh/Code/Project_RetroGame/FAT/CharacterLevelMove.srcs/sources_1/new/DVI_Display.vhd:5' bound to instance 'dvi_driver_inst' of component 'DVI_Driver' [C:/Progh/Code/Project_RetroGame/FAT/CharacterLevelMove.srcs/sources_1/imports/Week 5 + 6 - Bounching Square - Ball/DVI.vhd:73]
INFO: [Synth 8-638] synthesizing module 'DVI_Driver' [C:/Progh/Code/Project_RetroGame/FAT/CharacterLevelMove.srcs/sources_1/new/DVI_Display.vhd:16]
INFO: [Synth 8-256] done synthesizing module 'DVI_Driver' (0#1) [C:/Progh/Code/Project_RetroGame/FAT/CharacterLevelMove.srcs/sources_1/new/DVI_Display.vhd:16]
INFO: [Synth 8-3491] module 'Pixel_Gen' declared at 'C:/Progh/Code/Project_RetroGame/FAT/CharacterLevelMove.srcs/sources_1/new/XY_GEN.vhd:5' bound to instance 'pixel_gen_inst' of component 'Pixel_Gen' [C:/Progh/Code/Project_RetroGame/FAT/CharacterLevelMove.srcs/sources_1/imports/Week 5 + 6 - Bounching Square - Ball/DVI.vhd:84]
INFO: [Synth 8-638] synthesizing module 'Pixel_Gen' [C:/Progh/Code/Project_RetroGame/FAT/CharacterLevelMove.srcs/sources_1/new/XY_GEN.vhd:18]
INFO: [Synth 8-3491] module 'CharacterController' declared at 'C:/Progh/Code/Project_RetroGame/FAT/CharacterLevelMove.srcs/sources_1/new/CharacterController.vhd:5' bound to instance 'DisplayCharacter_inst' of component 'CharacterController' [C:/Progh/Code/Project_RetroGame/FAT/CharacterLevelMove.srcs/sources_1/new/XY_GEN.vhd:50]
INFO: [Synth 8-638] synthesizing module 'CharacterController' [C:/Progh/Code/Project_RetroGame/FAT/CharacterLevelMove.srcs/sources_1/new/CharacterController.vhd:17]
INFO: [Synth 8-3491] module 'ControlCharacter' declared at 'C:/Progh/Code/Project_RetroGame/FAT/CharacterLevelMove.srcs/sources_1/new/ControlCharacter.vhd:5' bound to instance 'ControlChar_inst' of component 'ControlCharacter' [C:/Progh/Code/Project_RetroGame/FAT/CharacterLevelMove.srcs/sources_1/new/CharacterController.vhd:106]
INFO: [Synth 8-638] synthesizing module 'ControlCharacter' [C:/Progh/Code/Project_RetroGame/FAT/CharacterLevelMove.srcs/sources_1/new/ControlCharacter.vhd:17]
ERROR: [Synth 8-690] width mismatch in assignment; target has 10 bits, source has 9 bits [C:/Progh/Code/Project_RetroGame/FAT/CharacterLevelMove.srcs/sources_1/new/ControlCharacter.vhd:51]
ERROR: [Synth 8-285] failed synthesizing module 'ControlCharacter' [C:/Progh/Code/Project_RetroGame/FAT/CharacterLevelMove.srcs/sources_1/new/ControlCharacter.vhd:17]
ERROR: [Synth 8-285] failed synthesizing module 'CharacterController' [C:/Progh/Code/Project_RetroGame/FAT/CharacterLevelMove.srcs/sources_1/new/CharacterController.vhd:17]
ERROR: [Synth 8-285] failed synthesizing module 'Pixel_Gen' [C:/Progh/Code/Project_RetroGame/FAT/CharacterLevelMove.srcs/sources_1/new/XY_GEN.vhd:18]
ERROR: [Synth 8-285] failed synthesizing module 'DVI_Top' [C:/Progh/Code/Project_RetroGame/FAT/CharacterLevelMove.srcs/sources_1/imports/Week 5 + 6 - Bounching Square - Ball/DVI.vhd:19]
---------------------------------------------------------------------------------
Finished RTL Elaboration : Time (s): cpu = 00:00:05 ; elapsed = 00:00:05 . Memory (MB): peak = 2532.793 ; gain = 22.227
---------------------------------------------------------------------------------
RTL Elaboration failed
14 Infos, 0 Warnings, 0 Critical Warnings and 6 Errors encountered.
synth_design failed
ERROR: [Vivado_Tcl 4-5] Elaboration failed - please see the console for details
synth_design -rtl -rtl_skip_mlo -name rtl_1
Command: synth_design -rtl -rtl_skip_mlo -name rtl_1
Starting synth_design
Using part: xc7a35tcpg236-1
Top: DVI_Top
INFO: [Synth 8-7079] Multithreading enabled for synth_design using a maximum of 2 processes.
---------------------------------------------------------------------------------
Starting RTL Elaboration : Time (s): cpu = 00:00:05 ; elapsed = 00:00:04 . Memory (MB): peak = 2549.082 ; gain = 16.289
---------------------------------------------------------------------------------
INFO: [Synth 8-638] synthesizing module 'DVI_Top' [C:/Progh/Code/Project_RetroGame/FAT/CharacterLevelMove.srcs/sources_1/imports/Week 5 + 6 - Bounching Square - Ball/DVI.vhd:19]
INFO: [Synth 8-3491] module 'clkDVIprescaler' declared at 'C:/Progh/Code/Project_RetroGame/FAT/.Xil/Vivado-4076-DESKTOP-H0VVJ00/realtime/clkDVIprescaler_stub.v:6' bound to instance 'prescaler_instance' of component 'clkDVIprescaler' [C:/Progh/Code/Project_RetroGame/FAT/CharacterLevelMove.srcs/sources_1/imports/Week 5 + 6 - Bounching Square - Ball/DVI.vhd:66]
INFO: [Synth 8-6157] synthesizing module 'clkDVIprescaler' [C:/Progh/Code/Project_RetroGame/FAT/.Xil/Vivado-4076-DESKTOP-H0VVJ00/realtime/clkDVIprescaler_stub.v:6]
INFO: [Synth 8-6155] done synthesizing module 'clkDVIprescaler' (0#1) [C:/Progh/Code/Project_RetroGame/FAT/.Xil/Vivado-4076-DESKTOP-H0VVJ00/realtime/clkDVIprescaler_stub.v:6]
INFO: [Synth 8-3491] module 'DVI_Driver' declared at 'C:/Progh/Code/Project_RetroGame/FAT/CharacterLevelMove.srcs/sources_1/new/DVI_Display.vhd:5' bound to instance 'dvi_driver_inst' of component 'DVI_Driver' [C:/Progh/Code/Project_RetroGame/FAT/CharacterLevelMove.srcs/sources_1/imports/Week 5 + 6 - Bounching Square - Ball/DVI.vhd:73]
INFO: [Synth 8-638] synthesizing module 'DVI_Driver' [C:/Progh/Code/Project_RetroGame/FAT/CharacterLevelMove.srcs/sources_1/new/DVI_Display.vhd:16]
INFO: [Synth 8-256] done synthesizing module 'DVI_Driver' (0#1) [C:/Progh/Code/Project_RetroGame/FAT/CharacterLevelMove.srcs/sources_1/new/DVI_Display.vhd:16]
INFO: [Synth 8-3491] module 'Pixel_Gen' declared at 'C:/Progh/Code/Project_RetroGame/FAT/CharacterLevelMove.srcs/sources_1/new/XY_GEN.vhd:5' bound to instance 'pixel_gen_inst' of component 'Pixel_Gen' [C:/Progh/Code/Project_RetroGame/FAT/CharacterLevelMove.srcs/sources_1/imports/Week 5 + 6 - Bounching Square - Ball/DVI.vhd:84]
INFO: [Synth 8-638] synthesizing module 'Pixel_Gen' [C:/Progh/Code/Project_RetroGame/FAT/CharacterLevelMove.srcs/sources_1/new/XY_GEN.vhd:18]
INFO: [Synth 8-3491] module 'CharacterController' declared at 'C:/Progh/Code/Project_RetroGame/FAT/CharacterLevelMove.srcs/sources_1/new/CharacterController.vhd:5' bound to instance 'DisplayCharacter_inst' of component 'CharacterController' [C:/Progh/Code/Project_RetroGame/FAT/CharacterLevelMove.srcs/sources_1/new/XY_GEN.vhd:50]
INFO: [Synth 8-638] synthesizing module 'CharacterController' [C:/Progh/Code/Project_RetroGame/FAT/CharacterLevelMove.srcs/sources_1/new/CharacterController.vhd:17]
INFO: [Synth 8-3491] module 'ControlCharacter' declared at 'C:/Progh/Code/Project_RetroGame/FAT/CharacterLevelMove.srcs/sources_1/new/ControlCharacter.vhd:5' bound to instance 'ControlChar_inst' of component 'ControlCharacter' [C:/Progh/Code/Project_RetroGame/FAT/CharacterLevelMove.srcs/sources_1/new/CharacterController.vhd:106]
INFO: [Synth 8-638] synthesizing module 'ControlCharacter' [C:/Progh/Code/Project_RetroGame/FAT/CharacterLevelMove.srcs/sources_1/new/ControlCharacter.vhd:17]
ERROR: [Synth 8-690] width mismatch in assignment; target has 10 bits, source has 9 bits [C:/Progh/Code/Project_RetroGame/FAT/CharacterLevelMove.srcs/sources_1/new/ControlCharacter.vhd:51]
ERROR: [Synth 8-285] failed synthesizing module 'ControlCharacter' [C:/Progh/Code/Project_RetroGame/FAT/CharacterLevelMove.srcs/sources_1/new/ControlCharacter.vhd:17]
ERROR: [Synth 8-285] failed synthesizing module 'CharacterController' [C:/Progh/Code/Project_RetroGame/FAT/CharacterLevelMove.srcs/sources_1/new/CharacterController.vhd:17]
ERROR: [Synth 8-285] failed synthesizing module 'Pixel_Gen' [C:/Progh/Code/Project_RetroGame/FAT/CharacterLevelMove.srcs/sources_1/new/XY_GEN.vhd:18]
ERROR: [Synth 8-285] failed synthesizing module 'DVI_Top' [C:/Progh/Code/Project_RetroGame/FAT/CharacterLevelMove.srcs/sources_1/imports/Week 5 + 6 - Bounching Square - Ball/DVI.vhd:19]
---------------------------------------------------------------------------------
Finished RTL Elaboration : Time (s): cpu = 00:00:06 ; elapsed = 00:00:05 . Memory (MB): peak = 2549.082 ; gain = 16.289
---------------------------------------------------------------------------------
RTL Elaboration failed
14 Infos, 0 Warnings, 0 Critical Warnings and 6 Errors encountered.
synth_design failed
ERROR: [Vivado_Tcl 4-5] Elaboration failed - please see the console for details
WARNING: [filemgmt 56-199] Attempt to get parsing info during refresh. "On-the-fly" syntax checking information may be incorrect. [C:\Progh\Code\Project_RetroGame\FAT\CharacterLevelMove.srcs\sources_1\new\ControlCharacter.vhd:]
WARNING: [filemgmt 56-199] Attempt to get parsing info during refresh. "On-the-fly" syntax checking information may be incorrect. [C:\Progh\Code\Project_RetroGame\FAT\CharacterLevelMove.srcs\sources_1\new\XY_GEN.vhd:]
WARNING: [filemgmt 56-199] Attempt to get parsing info during refresh. "On-the-fly" syntax checking information may be incorrect. [C:\Progh\Code\Project_RetroGame\FAT\CharacterLevelMove.srcs\sources_1\new\CharacterController.vhd:]
WARNING: [filemgmt 56-199] Attempt to get parsing info during refresh. "On-the-fly" syntax checking information may be incorrect. [C:\Progh\Code\Project_RetroGame\FAT\CharacterLevelMove.srcs\sources_1\imports\Week 5 + 6 - Bounching Square - Ball\DVI.vhd:]
WARNING: [filemgmt 56-199] Attempt to get parsing info during refresh. "On-the-fly" syntax checking information may be incorrect. [C:\Progh\Code\Project_RetroGame\FAT\CharacterLevelMove.srcs\sources_1\new\CharacterController.vhd:]
WARNING: [filemgmt 56-199] Attempt to get parsing info during refresh. "On-the-fly" syntax checking information may be incorrect. [C:\Progh\Code\Project_RetroGame\FAT\CharacterLevelMove.srcs\sources_1\new\CharacterController.vhd:]
WARNING: [filemgmt 56-199] Attempt to get parsing info during refresh. "On-the-fly" syntax checking information may be incorrect. [C:\Progh\Code\Project_RetroGame\FAT\CharacterLevelMove.srcs\sources_1\new\ControlCharacter.vhd:]
WARNING: [filemgmt 56-199] Attempt to get parsing info during refresh. "On-the-fly" syntax checking information may be incorrect. [C:\Progh\Code\Project_RetroGame\FAT\CharacterLevelMove.srcs\sources_1\new\XY_GEN.vhd:]
WARNING: [filemgmt 56-199] Attempt to get parsing info during refresh. "On-the-fly" syntax checking information may be incorrect. [C:\Progh\Code\Project_RetroGame\FAT\CharacterLevelMove.srcs\sources_1\new\CharacterController.vhd:]
WARNING: [filemgmt 56-199] Attempt to get parsing info during refresh. "On-the-fly" syntax checking information may be incorrect. [C:\Progh\Code\Project_RetroGame\FAT\CharacterLevelMove.srcs\sources_1\imports\Week 5 + 6 - Bounching Square - Ball\DVI.vhd:]
WARNING: [filemgmt 56-199] Attempt to get parsing info during refresh. "On-the-fly" syntax checking information may be incorrect. [C:\Progh\Code\Project_RetroGame\FAT\CharacterLevelMove.srcs\sources_1\new\ControlCharacter.vhd:]
WARNING: [filemgmt 56-199] Attempt to get parsing info during refresh. "On-the-fly" syntax checking information may be incorrect. [C:\Progh\Code\Project_RetroGame\FAT\CharacterLevelMove.srcs\sources_1\new\ControlCharacter.vhd:]
ERROR: [Common 17-180] Spawn failed: No error
ERROR: [Common 17-180] Spawn failed: No error
synth_design -rtl -rtl_skip_mlo -name rtl_1
Command: synth_design -rtl -rtl_skip_mlo -name rtl_1
Starting synth_design
Using part: xc7a35tcpg236-1
Top: DVI_Top
INFO: [Synth 8-7079] Multithreading enabled for synth_design using a maximum of 2 processes.
---------------------------------------------------------------------------------
Starting RTL Elaboration : Time (s): cpu = 00:00:05 ; elapsed = 00:00:04 . Memory (MB): peak = 2555.738 ; gain = 6.656
---------------------------------------------------------------------------------
INFO: [Synth 8-638] synthesizing module 'DVI_Top' [C:/Progh/Code/Project_RetroGame/FAT/CharacterLevelMove.srcs/sources_1/imports/Week 5 + 6 - Bounching Square - Ball/DVI.vhd:19]
INFO: [Synth 8-3491] module 'clkDVIprescaler' declared at 'C:/Progh/Code/Project_RetroGame/FAT/.Xil/Vivado-4076-DESKTOP-H0VVJ00/realtime/clkDVIprescaler_stub.v:6' bound to instance 'prescaler_instance' of component 'clkDVIprescaler' [C:/Progh/Code/Project_RetroGame/FAT/CharacterLevelMove.srcs/sources_1/imports/Week 5 + 6 - Bounching Square - Ball/DVI.vhd:66]
INFO: [Synth 8-6157] synthesizing module 'clkDVIprescaler' [C:/Progh/Code/Project_RetroGame/FAT/.Xil/Vivado-4076-DESKTOP-H0VVJ00/realtime/clkDVIprescaler_stub.v:6]
INFO: [Synth 8-6155] done synthesizing module 'clkDVIprescaler' (0#1) [C:/Progh/Code/Project_RetroGame/FAT/.Xil/Vivado-4076-DESKTOP-H0VVJ00/realtime/clkDVIprescaler_stub.v:6]
INFO: [Synth 8-3491] module 'DVI_Driver' declared at 'C:/Progh/Code/Project_RetroGame/FAT/CharacterLevelMove.srcs/sources_1/new/DVI_Display.vhd:5' bound to instance 'dvi_driver_inst' of component 'DVI_Driver' [C:/Progh/Code/Project_RetroGame/FAT/CharacterLevelMove.srcs/sources_1/imports/Week 5 + 6 - Bounching Square - Ball/DVI.vhd:73]
INFO: [Synth 8-638] synthesizing module 'DVI_Driver' [C:/Progh/Code/Project_RetroGame/FAT/CharacterLevelMove.srcs/sources_1/new/DVI_Display.vhd:16]
INFO: [Synth 8-256] done synthesizing module 'DVI_Driver' (0#1) [C:/Progh/Code/Project_RetroGame/FAT/CharacterLevelMove.srcs/sources_1/new/DVI_Display.vhd:16]
INFO: [Synth 8-3491] module 'Pixel_Gen' declared at 'C:/Progh/Code/Project_RetroGame/FAT/CharacterLevelMove.srcs/sources_1/new/XY_GEN.vhd:5' bound to instance 'pixel_gen_inst' of component 'Pixel_Gen' [C:/Progh/Code/Project_RetroGame/FAT/CharacterLevelMove.srcs/sources_1/imports/Week 5 + 6 - Bounching Square - Ball/DVI.vhd:84]
INFO: [Synth 8-638] synthesizing module 'Pixel_Gen' [C:/Progh/Code/Project_RetroGame/FAT/CharacterLevelMove.srcs/sources_1/new/XY_GEN.vhd:18]
INFO: [Synth 8-3491] module 'CharacterController' declared at 'C:/Progh/Code/Project_RetroGame/FAT/CharacterLevelMove.srcs/sources_1/new/CharacterController.vhd:5' bound to instance 'DisplayCharacter_inst' of component 'CharacterController' [C:/Progh/Code/Project_RetroGame/FAT/CharacterLevelMove.srcs/sources_1/new/XY_GEN.vhd:50]
INFO: [Synth 8-638] synthesizing module 'CharacterController' [C:/Progh/Code/Project_RetroGame/FAT/CharacterLevelMove.srcs/sources_1/new/CharacterController.vhd:17]
INFO: [Synth 8-3491] module 'ControlCharacter' declared at 'C:/Progh/Code/Project_RetroGame/FAT/CharacterLevelMove.srcs/sources_1/new/ControlCharacter.vhd:5' bound to instance 'ControlChar_inst' of component 'ControlCharacter' [C:/Progh/Code/Project_RetroGame/FAT/CharacterLevelMove.srcs/sources_1/new/CharacterController.vhd:106]
INFO: [Synth 8-638] synthesizing module 'ControlCharacter' [C:/Progh/Code/Project_RetroGame/FAT/CharacterLevelMove.srcs/sources_1/new/ControlCharacter.vhd:17]
ERROR: [Synth 8-690] width mismatch in assignment; target has 10 bits, source has 9 bits [C:/Progh/Code/Project_RetroGame/FAT/CharacterLevelMove.srcs/sources_1/new/ControlCharacter.vhd:51]
ERROR: [Synth 8-285] failed synthesizing module 'ControlCharacter' [C:/Progh/Code/Project_RetroGame/FAT/CharacterLevelMove.srcs/sources_1/new/ControlCharacter.vhd:17]
ERROR: [Synth 8-285] failed synthesizing module 'CharacterController' [C:/Progh/Code/Project_RetroGame/FAT/CharacterLevelMove.srcs/sources_1/new/CharacterController.vhd:17]
ERROR: [Synth 8-285] failed synthesizing module 'Pixel_Gen' [C:/Progh/Code/Project_RetroGame/FAT/CharacterLevelMove.srcs/sources_1/new/XY_GEN.vhd:18]
ERROR: [Synth 8-285] failed synthesizing module 'DVI_Top' [C:/Progh/Code/Project_RetroGame/FAT/CharacterLevelMove.srcs/sources_1/imports/Week 5 + 6 - Bounching Square - Ball/DVI.vhd:19]
---------------------------------------------------------------------------------
Finished RTL Elaboration : Time (s): cpu = 00:00:06 ; elapsed = 00:00:05 . Memory (MB): peak = 2560.023 ; gain = 10.941
---------------------------------------------------------------------------------
RTL Elaboration failed
14 Infos, 0 Warnings, 0 Critical Warnings and 6 Errors encountered.
synth_design failed
ERROR: [Vivado_Tcl 4-5] Elaboration failed - please see the console for details
WARNING: [filemgmt 56-199] Attempt to get parsing info during refresh. "On-the-fly" syntax checking information may be incorrect. [C:\Progh\Code\Project_RetroGame\FAT\CharacterLevelMove.srcs\sources_1\new\ControlCharacter.vhd:]
WARNING: [filemgmt 56-199] Attempt to get parsing info during refresh. "On-the-fly" syntax checking information may be incorrect. [C:\Progh\Code\Project_RetroGame\FAT\CharacterLevelMove.srcs\sources_1\new\XY_GEN.vhd:]
WARNING: [filemgmt 56-199] Attempt to get parsing info during refresh. "On-the-fly" syntax checking information may be incorrect. [C:\Progh\Code\Project_RetroGame\FAT\CharacterLevelMove.srcs\sources_1\new\CharacterController.vhd:]
WARNING: [filemgmt 56-199] Attempt to get parsing info during refresh. "On-the-fly" syntax checking information may be incorrect. [C:\Progh\Code\Project_RetroGame\FAT\CharacterLevelMove.srcs\sources_1\imports\Week 5 + 6 - Bounching Square - Ball\DVI.vhd:]
WARNING: [filemgmt 56-199] Attempt to get parsing info during refresh. "On-the-fly" syntax checking information may be incorrect. [C:\Progh\Code\Project_RetroGame\FAT\CharacterLevelMove.srcs\sources_1\new\XY_GEN.vhd:]
WARNING: [filemgmt 56-199] Attempt to get parsing info during refresh. "On-the-fly" syntax checking information may be incorrect. [C:\Progh\Code\Project_RetroGame\FAT\CharacterLevelMove.srcs\sources_1\new\XY_GEN.vhd:]
WARNING: [filemgmt 56-199] Attempt to get parsing info during refresh. "On-the-fly" syntax checking information may be incorrect. [C:\Progh\Code\Project_RetroGame\FAT\CharacterLevelMove.srcs\sources_1\new\ControlCharacter.vhd:]
WARNING: [filemgmt 56-199] Attempt to get parsing info during refresh. "On-the-fly" syntax checking information may be incorrect. [C:\Progh\Code\Project_RetroGame\FAT\CharacterLevelMove.srcs\sources_1\new\XY_GEN.vhd:]
WARNING: [filemgmt 56-199] Attempt to get parsing info during refresh. "On-the-fly" syntax checking information may be incorrect. [C:\Progh\Code\Project_RetroGame\FAT\CharacterLevelMove.srcs\sources_1\new\CharacterController.vhd:]
WARNING: [filemgmt 56-199] Attempt to get parsing info during refresh. "On-the-fly" syntax checking information may be incorrect. [C:\Progh\Code\Project_RetroGame\FAT\CharacterLevelMove.srcs\sources_1\imports\Week 5 + 6 - Bounching Square - Ball\DVI.vhd:]
WARNING: [filemgmt 56-199] Attempt to get parsing info during refresh. "On-the-fly" syntax checking information may be incorrect. [C:\Progh\Code\Project_RetroGame\FAT\CharacterLevelMove.srcs\sources_1\new\ControlCharacter.vhd:]
WARNING: [filemgmt 56-199] Attempt to get parsing info during refresh. "On-the-fly" syntax checking information may be incorrect. [C:\Progh\Code\Project_RetroGame\FAT\CharacterLevelMove.srcs\sources_1\new\ControlCharacter.vhd:]
reset_run synth_1
INFO: [Project 1-1161] Replacing file C:/Progh/Code/Project_RetroGame/FAT/CharacterLevelMove.srcs/utils_1/imports/synth_1/DVI.dcp with file C:/Progh/Code/Project_RetroGame/FAT/CharacterLevelMove.runs/synth_1/DVI_Top.dcp
ERROR: [Common 17-180] Spawn failed: No error
ERROR: [Common 17-180] Spawn failed: No error
launch_runs impl_1 -to_step write_bitstream -jobs 8
[Wed Mar 19 16:48:34 2025] Launched synth_1...
Run output will be captured here: C:/Progh/Code/Project_RetroGame/FAT/CharacterLevelMove.runs/synth_1/runme.log
[Wed Mar 19 16:48:34 2025] Launched impl_1...
Run output will be captured here: C:/Progh/Code/Project_RetroGame/FAT/CharacterLevelMove.runs/impl_1/runme.log
WARNING: [filemgmt 56-199] Attempt to get parsing info during refresh. "On-the-fly" syntax checking information may be incorrect. [C:\Progh\Code\Project_RetroGame\FAT\CharacterLevelMove.srcs\sources_1\new\ControlCharacter.vhd:]
WARNING: [filemgmt 56-199] Attempt to get parsing info during refresh. "On-the-fly" syntax checking information may be incorrect. [C:\Progh\Code\Project_RetroGame\FAT\CharacterLevelMove.srcs\sources_1\new\XY_GEN.vhd:]
WARNING: [filemgmt 56-199] Attempt to get parsing info during refresh. "On-the-fly" syntax checking information may be incorrect. [C:\Progh\Code\Project_RetroGame\FAT\CharacterLevelMove.srcs\sources_1\new\CharacterController.vhd:]
WARNING: [filemgmt 56-199] Attempt to get parsing info during refresh. "On-the-fly" syntax checking information may be incorrect. [C:\Progh\Code\Project_RetroGame\FAT\CharacterLevelMove.srcs\sources_1\imports\Week 5 + 6 - Bounching Square - Ball\DVI.vhd:]
WARNING: [filemgmt 56-199] Attempt to get parsing info during refresh. "On-the-fly" syntax checking information may be incorrect. [C:\Progh\Code\Project_RetroGame\FAT\CharacterLevelMove.srcs\sources_1\new\XY_GEN.vhd:]
WARNING: [filemgmt 56-199] Attempt to get parsing info during refresh. "On-the-fly" syntax checking information may be incorrect. [C:\Progh\Code\Project_RetroGame\FAT\CharacterLevelMove.srcs\sources_1\new\XY_GEN.vhd:]
WARNING: [filemgmt 56-199] Attempt to get parsing info during refresh. "On-the-fly" syntax checking information may be incorrect. [C:\Progh\Code\Project_RetroGame\FAT\CharacterLevelMove.srcs\sources_1\new\ControlCharacter.vhd:]
WARNING: [filemgmt 56-199] Attempt to get parsing info during refresh. "On-the-fly" syntax checking information may be incorrect. [C:\Progh\Code\Project_RetroGame\FAT\CharacterLevelMove.srcs\sources_1\new\XY_GEN.vhd:]
WARNING: [filemgmt 56-199] Attempt to get parsing info during refresh. "On-the-fly" syntax checking information may be incorrect. [C:\Progh\Code\Project_RetroGame\FAT\CharacterLevelMove.srcs\sources_1\new\CharacterController.vhd:]
WARNING: [filemgmt 56-199] Attempt to get parsing info during refresh. "On-the-fly" syntax checking information may be incorrect. [C:\Progh\Code\Project_RetroGame\FAT\CharacterLevelMove.srcs\sources_1\imports\Week 5 + 6 - Bounching Square - Ball\DVI.vhd:]
WARNING: [filemgmt 56-199] Attempt to get parsing info during refresh. "On-the-fly" syntax checking information may be incorrect. [C:\Progh\Code\Project_RetroGame\FAT\CharacterLevelMove.srcs\sources_1\new\CharacterController.vhd:]
WARNING: [filemgmt 56-199] Attempt to get parsing info during refresh. "On-the-fly" syntax checking information may be incorrect. [C:\Progh\Code\Project_RetroGame\FAT\CharacterLevelMove.srcs\sources_1\new\CharacterController.vhd:]
ERROR: [Common 17-180] Spawn failed: No error
WARNING: [filemgmt 56-199] Attempt to get parsing info during refresh. "On-the-fly" syntax checking information may be incorrect. [C:\Progh\Code\Project_RetroGame\FAT\CharacterLevelMove.srcs\sources_1\new\ControlCharacter.vhd:]
WARNING: [filemgmt 56-199] Attempt to get parsing info during refresh. "On-the-fly" syntax checking information may be incorrect. [C:\Progh\Code\Project_RetroGame\FAT\CharacterLevelMove.srcs\sources_1\new\XY_GEN.vhd:]
WARNING: [filemgmt 56-199] Attempt to get parsing info during refresh. "On-the-fly" syntax checking information may be incorrect. [C:\Progh\Code\Project_RetroGame\FAT\CharacterLevelMove.srcs\sources_1\new\CharacterController.vhd:]
WARNING: [filemgmt 56-199] Attempt to get parsing info during refresh. "On-the-fly" syntax checking information may be incorrect. [C:\Progh\Code\Project_RetroGame\FAT\CharacterLevelMove.srcs\sources_1\imports\Week 5 + 6 - Bounching Square - Ball\DVI.vhd:]
WARNING: [filemgmt 56-199] Attempt to get parsing info during refresh. "On-the-fly" syntax checking information may be incorrect. [C:\Progh\Code\Project_RetroGame\FAT\CharacterLevelMove.srcs\sources_1\imports\Week 5 + 6 - Bounching Square - Ball\DVI.vhd:]
WARNING: [filemgmt 56-199] Attempt to get parsing info during refresh. "On-the-fly" syntax checking information may be incorrect. [C:\Progh\Code\Project_RetroGame\FAT\CharacterLevelMove.srcs\sources_1\imports\Week 5 + 6 - Bounching Square - Ball\DVI.vhd:]
ERROR: [Common 17-180] Spawn failed: No error
WARNING: [filemgmt 56-199] Attempt to get parsing info during refresh. "On-the-fly" syntax checking information may be incorrect. [C:\Progh\Code\Project_RetroGame\FAT\CharacterLevelMove.srcs\sources_1\new\ControlCharacter.vhd:]
WARNING: [filemgmt 56-199] Attempt to get parsing info during refresh. "On-the-fly" syntax checking information may be incorrect. [C:\Progh\Code\Project_RetroGame\FAT\CharacterLevelMove.srcs\sources_1\new\XY_GEN.vhd:]
WARNING: [filemgmt 56-199] Attempt to get parsing info during refresh. "On-the-fly" syntax checking information may be incorrect. [C:\Progh\Code\Project_RetroGame\FAT\CharacterLevelMove.srcs\sources_1\new\CharacterController.vhd:]
WARNING: [filemgmt 56-199] Attempt to get parsing info during refresh. "On-the-fly" syntax checking information may be incorrect. [C:\Progh\Code\Project_RetroGame\FAT\CharacterLevelMove.srcs\sources_1\imports\Week 5 + 6 - Bounching Square - Ball\DVI.vhd:]
WARNING: [filemgmt 56-199] Attempt to get parsing info during refresh. "On-the-fly" syntax checking information may be incorrect. [C:\Progh\Code\Project_RetroGame\FAT\CharacterLevelMove.srcs\sources_1\new\XY_GEN.vhd:]
WARNING: [filemgmt 56-199] Attempt to get parsing info during refresh. "On-the-fly" syntax checking information may be incorrect. [C:\Progh\Code\Project_RetroGame\FAT\CharacterLevelMove.srcs\sources_1\new\XY_GEN.vhd:]
WARNING: [filemgmt 56-199] Attempt to get parsing info during refresh. "On-the-fly" syntax checking information may be incorrect. [C:\Progh\Code\Project_RetroGame\FAT\CharacterLevelMove.srcs\sources_1\new\ControlCharacter.vhd:]
WARNING: [filemgmt 56-199] Attempt to get parsing info during refresh. "On-the-fly" syntax checking information may be incorrect. [C:\Progh\Code\Project_RetroGame\FAT\CharacterLevelMove.srcs\sources_1\new\XY_GEN.vhd:]
WARNING: [filemgmt 56-199] Attempt to get parsing info during refresh. "On-the-fly" syntax checking information may be incorrect. [C:\Progh\Code\Project_RetroGame\FAT\CharacterLevelMove.srcs\sources_1\new\CharacterController.vhd:]
WARNING: [filemgmt 56-199] Attempt to get parsing info during refresh. "On-the-fly" syntax checking information may be incorrect. [C:\Progh\Code\Project_RetroGame\FAT\CharacterLevelMove.srcs\sources_1\imports\Week 5 + 6 - Bounching Square - Ball\DVI.vhd:]
WARNING: [filemgmt 56-199] Attempt to get parsing info during refresh. "On-the-fly" syntax checking information may be incorrect. [C:\Progh\Code\Project_RetroGame\FAT\CharacterLevelMove.srcs\sources_1\new\ControlCharacter.vhd:]
WARNING: [filemgmt 56-199] Attempt to get parsing info during refresh. "On-the-fly" syntax checking information may be incorrect. [C:\Progh\Code\Project_RetroGame\FAT\CharacterLevelMove.srcs\sources_1\new\ControlCharacter.vhd:]
ERROR: [Common 17-180] Spawn failed: No error
WARNING: [filemgmt 56-199] Attempt to get parsing info during refresh. "On-the-fly" syntax checking information may be incorrect. [C:\Progh\Code\Project_RetroGame\FAT\CharacterLevelMove.srcs\sources_1\new\ControlCharacter.vhd:]
WARNING: [filemgmt 56-199] Attempt to get parsing info during refresh. "On-the-fly" syntax checking information may be incorrect. [C:\Progh\Code\Project_RetroGame\FAT\CharacterLevelMove.srcs\sources_1\new\XY_GEN.vhd:]
WARNING: [filemgmt 56-199] Attempt to get parsing info during refresh. "On-the-fly" syntax checking information may be incorrect. [C:\Progh\Code\Project_RetroGame\FAT\CharacterLevelMove.srcs\sources_1\new\CharacterController.vhd:]
WARNING: [filemgmt 56-199] Attempt to get parsing info during refresh. "On-the-fly" syntax checking information may be incorrect. [C:\Progh\Code\Project_RetroGame\FAT\CharacterLevelMove.srcs\sources_1\imports\Week 5 + 6 - Bounching Square - Ball\DVI.vhd:]
WARNING: [filemgmt 56-199] Attempt to get parsing info during refresh. "On-the-fly" syntax checking information may be incorrect. [C:\Progh\Code\Project_RetroGame\FAT\CharacterLevelMove.srcs\sources_1\new\CharacterController.vhd:]
WARNING: [filemgmt 56-199] Attempt to get parsing info during refresh. "On-the-fly" syntax checking information may be incorrect. [C:\Progh\Code\Project_RetroGame\FAT\CharacterLevelMove.srcs\sources_1\new\CharacterController.vhd:]
ERROR: [Common 17-180] Spawn failed: No error
WARNING: [filemgmt 56-199] Attempt to get parsing info during refresh. "On-the-fly" syntax checking information may be incorrect. [C:\Progh\Code\Project_RetroGame\FAT\CharacterLevelMove.srcs\sources_1\new\ControlCharacter.vhd:]
WARNING: [filemgmt 56-199] Attempt to get parsing info during refresh. "On-the-fly" syntax checking information may be incorrect. [C:\Progh\Code\Project_RetroGame\FAT\CharacterLevelMove.srcs\sources_1\new\XY_GEN.vhd:]
WARNING: [filemgmt 56-199] Attempt to get parsing info during refresh. "On-the-fly" syntax checking information may be incorrect. [C:\Progh\Code\Project_RetroGame\FAT\CharacterLevelMove.srcs\sources_1\new\CharacterController.vhd:]
WARNING: [filemgmt 56-199] Attempt to get parsing info during refresh. "On-the-fly" syntax checking information may be incorrect. [C:\Progh\Code\Project_RetroGame\FAT\CharacterLevelMove.srcs\sources_1\imports\Week 5 + 6 - Bounching Square - Ball\DVI.vhd:]
WARNING: [filemgmt 56-199] Attempt to get parsing info during refresh. "On-the-fly" syntax checking information may be incorrect. [C:\Progh\Code\Project_RetroGame\FAT\CharacterLevelMove.srcs\sources_1\new\XY_GEN.vhd:]
WARNING: [filemgmt 56-199] Attempt to get parsing info during refresh. "On-the-fly" syntax checking information may be incorrect. [C:\Progh\Code\Project_RetroGame\FAT\CharacterLevelMove.srcs\sources_1\new\XY_GEN.vhd:]
WARNING: [filemgmt 56-199] Attempt to get parsing info during refresh. "On-the-fly" syntax checking information may be incorrect. [C:\Progh\Code\Project_RetroGame\FAT\CharacterLevelMove.srcs\sources_1\new\ControlCharacter.vhd:]
WARNING: [filemgmt 56-199] Attempt to get parsing info during refresh. "On-the-fly" syntax checking information may be incorrect. [C:\Progh\Code\Project_RetroGame\FAT\CharacterLevelMove.srcs\sources_1\new\XY_GEN.vhd:]
WARNING: [filemgmt 56-199] Attempt to get parsing info during refresh. "On-the-fly" syntax checking information may be incorrect. [C:\Progh\Code\Project_RetroGame\FAT\CharacterLevelMove.srcs\sources_1\new\CharacterController.vhd:]
WARNING: [filemgmt 56-199] Attempt to get parsing info during refresh. "On-the-fly" syntax checking information may be incorrect. [C:\Progh\Code\Project_RetroGame\FAT\CharacterLevelMove.srcs\sources_1\imports\Week 5 + 6 - Bounching Square - Ball\DVI.vhd:]
WARNING: [filemgmt 56-199] Attempt to get parsing info during refresh. "On-the-fly" syntax checking information may be incorrect. [C:\Progh\Code\Project_RetroGame\FAT\CharacterLevelMove.srcs\sources_1\new\ControlCharacter.vhd:]
WARNING: [filemgmt 56-199] Attempt to get parsing info during refresh. "On-the-fly" syntax checking information may be incorrect. [C:\Progh\Code\Project_RetroGame\FAT\CharacterLevelMove.srcs\sources_1\new\ControlCharacter.vhd:]
ERROR: [Common 17-180] Spawn failed: No error
WARNING: [filemgmt 56-199] Attempt to get parsing info during refresh. "On-the-fly" syntax checking information may be incorrect. [C:\Progh\Code\Project_RetroGame\FAT\CharacterLevelMove.srcs\sources_1\new\ControlCharacter.vhd:]
WARNING: [filemgmt 56-199] Attempt to get parsing info during refresh. "On-the-fly" syntax checking information may be incorrect. [C:\Progh\Code\Project_RetroGame\FAT\CharacterLevelMove.srcs\sources_1\new\XY_GEN.vhd:]
WARNING: [filemgmt 56-199] Attempt to get parsing info during refresh. "On-the-fly" syntax checking information may be incorrect. [C:\Progh\Code\Project_RetroGame\FAT\CharacterLevelMove.srcs\sources_1\new\CharacterController.vhd:]
WARNING: [filemgmt 56-199] Attempt to get parsing info during refresh. "On-the-fly" syntax checking information may be incorrect. [C:\Progh\Code\Project_RetroGame\FAT\CharacterLevelMove.srcs\sources_1\imports\Week 5 + 6 - Bounching Square - Ball\DVI.vhd:]
WARNING: [filemgmt 56-199] Attempt to get parsing info during refresh. "On-the-fly" syntax checking information may be incorrect. [C:\Progh\Code\Project_RetroGame\FAT\CharacterLevelMove.srcs\sources_1\imports\Week 5 + 6 - Bounching Square - Ball\DVI.vhd:]
WARNING: [filemgmt 56-199] Attempt to get parsing info during refresh. "On-the-fly" syntax checking information may be incorrect. [C:\Progh\Code\Project_RetroGame\FAT\CharacterLevelMove.srcs\sources_1\imports\Week 5 + 6 - Bounching Square - Ball\DVI.vhd:]
ERROR: [Common 17-180] Spawn failed: No error
WARNING: [filemgmt 56-199] Attempt to get parsing info during refresh. "On-the-fly" syntax checking information may be incorrect. [C:\Progh\Code\Project_RetroGame\FAT\CharacterLevelMove.srcs\sources_1\new\ControlCharacter.vhd:]
WARNING: [filemgmt 56-199] Attempt to get parsing info during refresh. "On-the-fly" syntax checking information may be incorrect. [C:\Progh\Code\Project_RetroGame\FAT\CharacterLevelMove.srcs\sources_1\new\XY_GEN.vhd:]
WARNING: [filemgmt 56-199] Attempt to get parsing info during refresh. "On-the-fly" syntax checking information may be incorrect. [C:\Progh\Code\Project_RetroGame\FAT\CharacterLevelMove.srcs\sources_1\new\CharacterController.vhd:]
WARNING: [filemgmt 56-199] Attempt to get parsing info during refresh. "On-the-fly" syntax checking information may be incorrect. [C:\Progh\Code\Project_RetroGame\FAT\CharacterLevelMove.srcs\sources_1\imports\Week 5 + 6 - Bounching Square - Ball\DVI.vhd:]
WARNING: [filemgmt 56-199] Attempt to get parsing info during refresh. "On-the-fly" syntax checking information may be incorrect. [C:\Progh\Code\Project_RetroGame\FAT\CharacterLevelMove.srcs\sources_1\new\XY_GEN.vhd:]
WARNING: [filemgmt 56-199] Attempt to get parsing info during refresh. "On-the-fly" syntax checking information may be incorrect. [C:\Progh\Code\Project_RetroGame\FAT\CharacterLevelMove.srcs\sources_1\new\XY_GEN.vhd:]
WARNING: [filemgmt 56-199] Attempt to get parsing info during refresh. "On-the-fly" syntax checking information may be incorrect. [C:\Progh\Code\Project_RetroGame\FAT\CharacterLevelMove.srcs\sources_1\new\ControlCharacter.vhd:]
WARNING: [filemgmt 56-199] Attempt to get parsing info during refresh. "On-the-fly" syntax checking information may be incorrect. [C:\Progh\Code\Project_RetroGame\FAT\CharacterLevelMove.srcs\sources_1\new\XY_GEN.vhd:]
WARNING: [filemgmt 56-199] Attempt to get parsing info during refresh. "On-the-fly" syntax checking information may be incorrect. [C:\Progh\Code\Project_RetroGame\FAT\CharacterLevelMove.srcs\sources_1\new\CharacterController.vhd:]
WARNING: [filemgmt 56-199] Attempt to get parsing info during refresh. "On-the-fly" syntax checking information may be incorrect. [C:\Progh\Code\Project_RetroGame\FAT\CharacterLevelMove.srcs\sources_1\imports\Week 5 + 6 - Bounching Square - Ball\DVI.vhd:]
WARNING: [filemgmt 56-199] Attempt to get parsing info during refresh. "On-the-fly" syntax checking information may be incorrect. [C:\Progh\Code\Project_RetroGame\FAT\CharacterLevelMove.srcs\sources_1\new\ControlCharacter.vhd:]
WARNING: [filemgmt 56-199] Attempt to get parsing info during refresh. "On-the-fly" syntax checking information may be incorrect. [C:\Progh\Code\Project_RetroGame\FAT\CharacterLevelMove.srcs\sources_1\new\ControlCharacter.vhd:]
ERROR: [Common 17-180] Spawn failed: No error
WARNING: [filemgmt 56-199] Attempt to get parsing info during refresh. "On-the-fly" syntax checking information may be incorrect. [C:\Progh\Code\Project_RetroGame\FAT\CharacterLevelMove.srcs\sources_1\new\ControlCharacter.vhd:]
WARNING: [filemgmt 56-199] Attempt to get parsing info during refresh. "On-the-fly" syntax checking information may be incorrect. [C:\Progh\Code\Project_RetroGame\FAT\CharacterLevelMove.srcs\sources_1\new\XY_GEN.vhd:]
WARNING: [filemgmt 56-199] Attempt to get parsing info during refresh. "On-the-fly" syntax checking information may be incorrect. [C:\Progh\Code\Project_RetroGame\FAT\CharacterLevelMove.srcs\sources_1\new\CharacterController.vhd:]
WARNING: [filemgmt 56-199] Attempt to get parsing info during refresh. "On-the-fly" syntax checking information may be incorrect. [C:\Progh\Code\Project_RetroGame\FAT\CharacterLevelMove.srcs\sources_1\imports\Week 5 + 6 - Bounching Square - Ball\DVI.vhd:]
WARNING: [filemgmt 56-199] Attempt to get parsing info during refresh. "On-the-fly" syntax checking information may be incorrect. [C:\Progh\Code\Project_RetroGame\FAT\CharacterLevelMove.srcs\sources_1\imports\Week 5 + 6 - Bounching Square - Ball\DVI.vhd:]
WARNING: [filemgmt 56-199] Attempt to get parsing info during refresh. "On-the-fly" syntax checking information may be incorrect. [C:\Progh\Code\Project_RetroGame\FAT\CharacterLevelMove.srcs\sources_1\imports\Week 5 + 6 - Bounching Square - Ball\DVI.vhd:]
ERROR: [Common 17-180] Spawn failed: No error
reset_run synth_1
launch_runs impl_1 -to_step write_bitstream -jobs 8
[Wed Mar 19 16:50:27 2025] Launched synth_1...
Run output will be captured here: C:/Progh/Code/Project_RetroGame/FAT/CharacterLevelMove.runs/synth_1/runme.log
[Wed Mar 19 16:50:27 2025] Launched impl_1...
Run output will be captured here: C:/Progh/Code/Project_RetroGame/FAT/CharacterLevelMove.runs/impl_1/runme.log
WARNING: [filemgmt 56-199] Attempt to get parsing info during refresh. "On-the-fly" syntax checking information may be incorrect. [C:\Progh\Code\Project_RetroGame\FAT\CharacterLevelMove.srcs\sources_1\new\ControlCharacter.vhd:]
WARNING: [filemgmt 56-199] Attempt to get parsing info during refresh. "On-the-fly" syntax checking information may be incorrect. [C:\Progh\Code\Project_RetroGame\FAT\CharacterLevelMove.srcs\sources_1\new\XY_GEN.vhd:]
WARNING: [filemgmt 56-199] Attempt to get parsing info during refresh. "On-the-fly" syntax checking information may be incorrect. [C:\Progh\Code\Project_RetroGame\FAT\CharacterLevelMove.srcs\sources_1\new\CharacterController.vhd:]
WARNING: [filemgmt 56-199] Attempt to get parsing info during refresh. "On-the-fly" syntax checking information may be incorrect. [C:\Progh\Code\Project_RetroGame\FAT\CharacterLevelMove.srcs\sources_1\imports\Week 5 + 6 - Bounching Square - Ball\DVI.vhd:]
WARNING: [filemgmt 56-199] Attempt to get parsing info during refresh. "On-the-fly" syntax checking information may be incorrect. [C:\Progh\Code\Project_RetroGame\FAT\CharacterLevelMove.srcs\sources_1\new\XY_GEN.vhd:]
WARNING: [filemgmt 56-199] Attempt to get parsing info during refresh. "On-the-fly" syntax checking information may be incorrect. [C:\Progh\Code\Project_RetroGame\FAT\CharacterLevelMove.srcs\sources_1\new\XY_GEN.vhd:]
WARNING: [filemgmt 56-199] Attempt to get parsing info during refresh. "On-the-fly" syntax checking information may be incorrect. [C:\Progh\Code\Project_RetroGame\FAT\CharacterLevelMove.srcs\sources_1\new\ControlCharacter.vhd:]
WARNING: [filemgmt 56-199] Attempt to get parsing info during refresh. "On-the-fly" syntax checking information may be incorrect. [C:\Progh\Code\Project_RetroGame\FAT\CharacterLevelMove.srcs\sources_1\new\XY_GEN.vhd:]
WARNING: [filemgmt 56-199] Attempt to get parsing info during refresh. "On-the-fly" syntax checking information may be incorrect. [C:\Progh\Code\Project_RetroGame\FAT\CharacterLevelMove.srcs\sources_1\new\CharacterController.vhd:]
WARNING: [filemgmt 56-199] Attempt to get parsing info during refresh. "On-the-fly" syntax checking information may be incorrect. [C:\Progh\Code\Project_RetroGame\FAT\CharacterLevelMove.srcs\sources_1\imports\Week 5 + 6 - Bounching Square - Ball\DVI.vhd:]
WARNING: [filemgmt 56-199] Attempt to get parsing info during refresh. "On-the-fly" syntax checking information may be incorrect. [C:\Progh\Code\Project_RetroGame\FAT\CharacterLevelMove.srcs\sources_1\new\ControlCharacter.vhd:]
WARNING: [filemgmt 56-199] Attempt to get parsing info during refresh. "On-the-fly" syntax checking information may be incorrect. [C:\Progh\Code\Project_RetroGame\FAT\CharacterLevelMove.srcs\sources_1\new\ControlCharacter.vhd:]
ERROR: [Common 17-180] Spawn failed: No error
ERROR: [Common 17-180] Spawn failed: No error
reset_run synth_1
WARNING: [Vivado 12-1017] Problems encountered:
1. Failed to delete one or more files in run directory C:/Progh/Code/Project_RetroGame/FAT/CharacterLevelMove.runs/synth_1

launch_runs impl_1 -to_step write_bitstream -jobs 8
[Wed Mar 19 16:50:51 2025] Launched synth_1...
Run output will be captured here: C:/Progh/Code/Project_RetroGame/FAT/CharacterLevelMove.runs/synth_1/runme.log
[Wed Mar 19 16:50:51 2025] Launched impl_1...
Run output will be captured here: C:/Progh/Code/Project_RetroGame/FAT/CharacterLevelMove.runs/impl_1/runme.log
WARNING: [filemgmt 56-199] Attempt to get parsing info during refresh. "On-the-fly" syntax checking information may be incorrect. [C:\Progh\Code\Project_RetroGame\FAT\CharacterLevelMove.srcs\sources_1\new\ControlCharacter.vhd:]
WARNING: [filemgmt 56-199] Attempt to get parsing info during refresh. "On-the-fly" syntax checking information may be incorrect. [C:\Progh\Code\Project_RetroGame\FAT\CharacterLevelMove.srcs\sources_1\new\XY_GEN.vhd:]
WARNING: [filemgmt 56-199] Attempt to get parsing info during refresh. "On-the-fly" syntax checking information may be incorrect. [C:\Progh\Code\Project_RetroGame\FAT\CharacterLevelMove.srcs\sources_1\new\CharacterController.vhd:]
WARNING: [filemgmt 56-199] Attempt to get parsing info during refresh. "On-the-fly" syntax checking information may be incorrect. [C:\Progh\Code\Project_RetroGame\FAT\CharacterLevelMove.srcs\sources_1\imports\Week 5 + 6 - Bounching Square - Ball\DVI.vhd:]
WARNING: [filemgmt 56-199] Attempt to get parsing info during refresh. "On-the-fly" syntax checking information may be incorrect. [C:\Progh\Code\Project_RetroGame\FAT\CharacterLevelMove.srcs\sources_1\new\XY_GEN.vhd:]
WARNING: [filemgmt 56-199] Attempt to get parsing info during refresh. "On-the-fly" syntax checking information may be incorrect. [C:\Progh\Code\Project_RetroGame\FAT\CharacterLevelMove.srcs\sources_1\new\XY_GEN.vhd:]
WARNING: [filemgmt 56-199] Attempt to get parsing info during refresh. "On-the-fly" syntax checking information may be incorrect. [C:\Progh\Code\Project_RetroGame\FAT\CharacterLevelMove.srcs\sources_1\new\ControlCharacter.vhd:]
WARNING: [filemgmt 56-199] Attempt to get parsing info during refresh. "On-the-fly" syntax checking information may be incorrect. [C:\Progh\Code\Project_RetroGame\FAT\CharacterLevelMove.srcs\sources_1\new\XY_GEN.vhd:]
WARNING: [filemgmt 56-199] Attempt to get parsing info during refresh. "On-the-fly" syntax checking information may be incorrect. [C:\Progh\Code\Project_RetroGame\FAT\CharacterLevelMove.srcs\sources_1\new\CharacterController.vhd:]
WARNING: [filemgmt 56-199] Attempt to get parsing info during refresh. "On-the-fly" syntax checking information may be incorrect. [C:\Progh\Code\Project_RetroGame\FAT\CharacterLevelMove.srcs\sources_1\imports\Week 5 + 6 - Bounching Square - Ball\DVI.vhd:]
WARNING: [filemgmt 56-199] Attempt to get parsing info during refresh. "On-the-fly" syntax checking information may be incorrect. [C:\Progh\Code\Project_RetroGame\FAT\CharacterLevelMove.srcs\sources_1\new\ControlCharacter.vhd:]
WARNING: [filemgmt 56-199] Attempt to get parsing info during refresh. "On-the-fly" syntax checking information may be incorrect. [C:\Progh\Code\Project_RetroGame\FAT\CharacterLevelMove.srcs\sources_1\new\ControlCharacter.vhd:]
ERROR: [Common 17-180] Spawn failed: No error
WARNING: [filemgmt 56-199] Attempt to get parsing info during refresh. "On-the-fly" syntax checking information may be incorrect. [C:\Progh\Code\Project_RetroGame\FAT\CharacterLevelMove.srcs\sources_1\new\ControlCharacter.vhd:]
WARNING: [filemgmt 56-199] Attempt to get parsing info during refresh. "On-the-fly" syntax checking information may be incorrect. [C:\Progh\Code\Project_RetroGame\FAT\CharacterLevelMove.srcs\sources_1\new\XY_GEN.vhd:]
WARNING: [filemgmt 56-199] Attempt to get parsing info during refresh. "On-the-fly" syntax checking information may be incorrect. [C:\Progh\Code\Project_RetroGame\FAT\CharacterLevelMove.srcs\sources_1\new\CharacterController.vhd:]
WARNING: [filemgmt 56-199] Attempt to get parsing info during refresh. "On-the-fly" syntax checking information may be incorrect. [C:\Progh\Code\Project_RetroGame\FAT\CharacterLevelMove.srcs\sources_1\imports\Week 5 + 6 - Bounching Square - Ball\DVI.vhd:]
WARNING: [filemgmt 56-199] Attempt to get parsing info during refresh. "On-the-fly" syntax checking information may be incorrect. [C:\Progh\Code\Project_RetroGame\FAT\CharacterLevelMove.srcs\sources_1\imports\Week 5 + 6 - Bounching Square - Ball\DVI.vhd:]
WARNING: [filemgmt 56-199] Attempt to get parsing info during refresh. "On-the-fly" syntax checking information may be incorrect. [C:\Progh\Code\Project_RetroGame\FAT\CharacterLevelMove.srcs\sources_1\imports\Week 5 + 6 - Bounching Square - Ball\DVI.vhd:]
ERROR: [Common 17-180] Spawn failed: No error
WARNING: [filemgmt 56-199] Attempt to get parsing info during refresh. "On-the-fly" syntax checking information may be incorrect. [C:\Progh\Code\Project_RetroGame\FAT\CharacterLevelMove.srcs\sources_1\new\ControlCharacter.vhd:]
WARNING: [filemgmt 56-199] Attempt to get parsing info during refresh. "On-the-fly" syntax checking information may be incorrect. [C:\Progh\Code\Project_RetroGame\FAT\CharacterLevelMove.srcs\sources_1\new\XY_GEN.vhd:]
WARNING: [filemgmt 56-199] Attempt to get parsing info during refresh. "On-the-fly" syntax checking information may be incorrect. [C:\Progh\Code\Project_RetroGame\FAT\CharacterLevelMove.srcs\sources_1\new\CharacterController.vhd:]
WARNING: [filemgmt 56-199] Attempt to get parsing info during refresh. "On-the-fly" syntax checking information may be incorrect. [C:\Progh\Code\Project_RetroGame\FAT\CharacterLevelMove.srcs\sources_1\imports\Week 5 + 6 - Bounching Square - Ball\DVI.vhd:]
WARNING: [filemgmt 56-199] Attempt to get parsing info during refresh. "On-the-fly" syntax checking information may be incorrect. [C:\Progh\Code\Project_RetroGame\FAT\CharacterLevelMove.srcs\sources_1\new\XY_GEN.vhd:]
WARNING: [filemgmt 56-199] Attempt to get parsing info during refresh. "On-the-fly" syntax checking information may be incorrect. [C:\Progh\Code\Project_RetroGame\FAT\CharacterLevelMove.srcs\sources_1\new\XY_GEN.vhd:]
WARNING: [filemgmt 56-199] Attempt to get parsing info during refresh. "On-the-fly" syntax checking information may be incorrect. [C:\Progh\Code\Project_RetroGame\FAT\CharacterLevelMove.srcs\sources_1\new\ControlCharacter.vhd:]
WARNING: [filemgmt 56-199] Attempt to get parsing info during refresh. "On-the-fly" syntax checking information may be incorrect. [C:\Progh\Code\Project_RetroGame\FAT\CharacterLevelMove.srcs\sources_1\new\XY_GEN.vhd:]
WARNING: [filemgmt 56-199] Attempt to get parsing info during refresh. "On-the-fly" syntax checking information may be incorrect. [C:\Progh\Code\Project_RetroGame\FAT\CharacterLevelMove.srcs\sources_1\new\CharacterController.vhd:]
WARNING: [filemgmt 56-199] Attempt to get parsing info during refresh. "On-the-fly" syntax checking information may be incorrect. [C:\Progh\Code\Project_RetroGame\FAT\CharacterLevelMove.srcs\sources_1\imports\Week 5 + 6 - Bounching Square - Ball\DVI.vhd:]
WARNING: [filemgmt 56-199] Attempt to get parsing info during refresh. "On-the-fly" syntax checking information may be incorrect. [C:\Progh\Code\Project_RetroGame\FAT\CharacterLevelMove.srcs\sources_1\new\ControlCharacter.vhd:]
WARNING: [filemgmt 56-199] Attempt to get parsing info during refresh. "On-the-fly" syntax checking information may be incorrect. [C:\Progh\Code\Project_RetroGame\FAT\CharacterLevelMove.srcs\sources_1\new\ControlCharacter.vhd:]
ERROR: [Common 17-180] Spawn failed: No error
WARNING: [filemgmt 56-199] Attempt to get parsing info during refresh. "On-the-fly" syntax checking information may be incorrect. [C:\Progh\Code\Project_RetroGame\FAT\CharacterLevelMove.srcs\sources_1\new\ControlCharacter.vhd:]
WARNING: [filemgmt 56-199] Attempt to get parsing info during refresh. "On-the-fly" syntax checking information may be incorrect. [C:\Progh\Code\Project_RetroGame\FAT\CharacterLevelMove.srcs\sources_1\new\XY_GEN.vhd:]
WARNING: [filemgmt 56-199] Attempt to get parsing info during refresh. "On-the-fly" syntax checking information may be incorrect. [C:\Progh\Code\Project_RetroGame\FAT\CharacterLevelMove.srcs\sources_1\new\CharacterController.vhd:]
WARNING: [filemgmt 56-199] Attempt to get parsing info during refresh. "On-the-fly" syntax checking information may be incorrect. [C:\Progh\Code\Project_RetroGame\FAT\CharacterLevelMove.srcs\sources_1\imports\Week 5 + 6 - Bounching Square - Ball\DVI.vhd:]
WARNING: [filemgmt 56-199] Attempt to get parsing info during refresh. "On-the-fly" syntax checking information may be incorrect. [C:\Progh\Code\Project_RetroGame\FAT\CharacterLevelMove.srcs\sources_1\imports\Week 5 + 6 - Bounching Square - Ball\DVI.vhd:]
WARNING: [filemgmt 56-199] Attempt to get parsing info during refresh. "On-the-fly" syntax checking information may be incorrect. [C:\Progh\Code\Project_RetroGame\FAT\CharacterLevelMove.srcs\sources_1\imports\Week 5 + 6 - Bounching Square - Ball\DVI.vhd:]
ERROR: [Common 17-180] Spawn failed: No error
reset_run synth_1
launch_runs impl_1 -to_step write_bitstream -jobs 8
[Wed Mar 19 16:52:52 2025] Launched synth_1...
Run output will be captured here: C:/Progh/Code/Project_RetroGame/FAT/CharacterLevelMove.runs/synth_1/runme.log
[Wed Mar 19 16:52:52 2025] Launched impl_1...
Run output will be captured here: C:/Progh/Code/Project_RetroGame/FAT/CharacterLevelMove.runs/impl_1/runme.log
reset_run synth_1
launch_runs impl_1 -to_step write_bitstream -jobs 8
[Wed Mar 19 16:54:09 2025] Launched synth_1...
Run output will be captured here: C:/Progh/Code/Project_RetroGame/FAT/CharacterLevelMove.runs/synth_1/runme.log
[Wed Mar 19 16:54:09 2025] Launched impl_1...
Run output will be captured here: C:/Progh/Code/Project_RetroGame/FAT/CharacterLevelMove.runs/impl_1/runme.log
synth_design -rtl -rtl_skip_mlo -name rtl_1
Command: synth_design -rtl -rtl_skip_mlo -name rtl_1
Starting synth_design
Using part: xc7a35tcpg236-1
Top: DVI_Top
INFO: [Synth 8-7079] Multithreading enabled for synth_design using a maximum of 2 processes.
---------------------------------------------------------------------------------
Starting RTL Elaboration : Time (s): cpu = 00:00:05 ; elapsed = 00:00:04 . Memory (MB): peak = 2572.855 ; gain = 0.000
---------------------------------------------------------------------------------
INFO: [Common 17-41] Interrupt caught. Command should exit soon.
ERROR: [Synth 8-9486] formal port 'sck' has no actual or default value [C:/Progh/Code/Project_RetroGame/FAT/CharacterLevelMove.srcs/sources_1/imports/Week 5 + 6 - Bounching Square - Ball/DVI.vhd:92]
INFO: [Synth 8-8898] 'sck' is declared here [C:/Progh/Code/Project_RetroGame/FAT/CharacterLevelMove.srcs/sources_1/imports/Week 5 + 6 - Bounching Square - Ball/DVI.vhd:53]
INFO: [Synth 8-8898] 'mosi' is declared here [C:/Progh/Code/Project_RetroGame/FAT/CharacterLevelMove.srcs/sources_1/imports/Week 5 + 6 - Bounching Square - Ball/DVI.vhd:54]
INFO: [Synth 8-8898] 'cs' is declared here [C:/Progh/Code/Project_RetroGame/FAT/CharacterLevelMove.srcs/sources_1/imports/Week 5 + 6 - Bounching Square - Ball/DVI.vhd:55]
INFO: [Synth 8-11252] unit 'behavioral' is ignored due to previous errors [C:/Progh/Code/Project_RetroGame/FAT/CharacterLevelMove.srcs/sources_1/imports/Week 5 + 6 - Bounching Square - Ball/DVI.vhd:103]
INFO: [Synth 8-10443] VHDL file 'C:/Progh/Code/Project_RetroGame/FAT/CharacterLevelMove.srcs/sources_1/imports/Week 5 + 6 - Bounching Square - Ball/DVI.vhd' is ignored due to errors
INFO: [Common 17-344] 'source' was cancelled
8 Infos, 0 Warnings, 0 Critical Warnings and 1 Errors encountered.
synth_design completed successfully
synth_design: Time (s): cpu = 00:00:06 ; elapsed = 00:00:06 . Memory (MB): peak = 2572.855 ; gain = 0.000
INFO: [Common 17-344] 'synth_design' was cancelled
synth_design -rtl -rtl_skip_mlo -name rtl_1
Command: synth_design -rtl -rtl_skip_mlo -name rtl_1
Starting synth_design
Using part: xc7a35tcpg236-1
Top: DVI_Top
INFO: [Synth 8-7079] Multithreading enabled for synth_design using a maximum of 2 processes.
---------------------------------------------------------------------------------
Starting RTL Elaboration : Time (s): cpu = 00:00:04 ; elapsed = 00:00:04 . Memory (MB): peak = 2572.855 ; gain = 0.000
---------------------------------------------------------------------------------
ERROR: [Synth 8-9486] formal port 'sck' has no actual or default value [C:/Progh/Code/Project_RetroGame/FAT/CharacterLevelMove.srcs/sources_1/imports/Week 5 + 6 - Bounching Square - Ball/DVI.vhd:92]
INFO: [Synth 8-8898] 'sck' is declared here [C:/Progh/Code/Project_RetroGame/FAT/CharacterLevelMove.srcs/sources_1/imports/Week 5 + 6 - Bounching Square - Ball/DVI.vhd:53]
INFO: [Synth 8-8898] 'mosi' is declared here [C:/Progh/Code/Project_RetroGame/FAT/CharacterLevelMove.srcs/sources_1/imports/Week 5 + 6 - Bounching Square - Ball/DVI.vhd:54]
INFO: [Synth 8-8898] 'cs' is declared here [C:/Progh/Code/Project_RetroGame/FAT/CharacterLevelMove.srcs/sources_1/imports/Week 5 + 6 - Bounching Square - Ball/DVI.vhd:55]
INFO: [Synth 8-11252] unit 'behavioral' is ignored due to previous errors [C:/Progh/Code/Project_RetroGame/FAT/CharacterLevelMove.srcs/sources_1/imports/Week 5 + 6 - Bounching Square - Ball/DVI.vhd:103]
INFO: [Synth 8-10443] VHDL file 'C:/Progh/Code/Project_RetroGame/FAT/CharacterLevelMove.srcs/sources_1/imports/Week 5 + 6 - Bounching Square - Ball/DVI.vhd' is ignored due to errors
INFO: [Synth 8-638] synthesizing module 'DVI_Top' [C:/Progh/Code/Project_RetroGame/FAT/CharacterLevelMove.srcs/sources_1/imports/Week 5 + 6 - Bounching Square - Ball/DVI.vhd:5]
INFO: [Synth 8-256] done synthesizing module 'DVI_Top' (0#1) [C:/Progh/Code/Project_RetroGame/FAT/CharacterLevelMove.srcs/sources_1/imports/Week 5 + 6 - Bounching Square - Ball/DVI.vhd:5]
---------------------------------------------------------------------------------
Finished RTL Elaboration : Time (s): cpu = 00:00:05 ; elapsed = 00:00:05 . Memory (MB): peak = 2572.855 ; gain = 0.000
---------------------------------------------------------------------------------
RTL Elaboration failed
8 Infos, 0 Warnings, 0 Critical Warnings and 2 Errors encountered.
synth_design failed
ERROR: [Vivado_Tcl 4-5] Elaboration failed - please see the console for details
WARNING: [filemgmt 56-199] Attempt to get parsing info during refresh. "On-the-fly" syntax checking information may be incorrect. [C:\Progh\Code\Project_RetroGame\FAT\CharacterLevelMove.srcs\sources_1\new\ControlCharacter.vhd:]
WARNING: [filemgmt 56-199] Attempt to get parsing info during refresh. "On-the-fly" syntax checking information may be incorrect. [C:\Progh\Code\Project_RetroGame\FAT\CharacterLevelMove.srcs\sources_1\new\XY_GEN.vhd:]
WARNING: [filemgmt 56-199] Attempt to get parsing info during refresh. "On-the-fly" syntax checking information may be incorrect. [C:\Progh\Code\Project_RetroGame\FAT\CharacterLevelMove.srcs\sources_1\new\CharacterController.vhd:]
WARNING: [filemgmt 56-199] Attempt to get parsing info during refresh. "On-the-fly" syntax checking information may be incorrect. [C:\Progh\Code\Project_RetroGame\FAT\CharacterLevelMove.srcs\sources_1\imports\Week 5 + 6 - Bounching Square - Ball\DVI.vhd:]
WARNING: [filemgmt 56-199] Attempt to get parsing info during refresh. "On-the-fly" syntax checking information may be incorrect. [C:\Progh\Code\Project_RetroGame\FAT\CharacterLevelMove.srcs\sources_1\new\CharacterController.vhd:]
WARNING: [filemgmt 56-199] Attempt to get parsing info during refresh. "On-the-fly" syntax checking information may be incorrect. [C:\Progh\Code\Project_RetroGame\FAT\CharacterLevelMove.srcs\sources_1\new\CharacterController.vhd:]
WARNING: [filemgmt 56-199] Attempt to get parsing info during refresh. "On-the-fly" syntax checking information may be incorrect. [C:\Progh\Code\Project_RetroGame\FAT\CharacterLevelMove.srcs\sources_1\new\ControlCharacter.vhd:]
WARNING: [filemgmt 56-199] Attempt to get parsing info during refresh. "On-the-fly" syntax checking information may be incorrect. [C:\Progh\Code\Project_RetroGame\FAT\CharacterLevelMove.srcs\sources_1\new\XY_GEN.vhd:]
WARNING: [filemgmt 56-199] Attempt to get parsing info during refresh. "On-the-fly" syntax checking information may be incorrect. [C:\Progh\Code\Project_RetroGame\FAT\CharacterLevelMove.srcs\sources_1\new\CharacterController.vhd:]
WARNING: [filemgmt 56-199] Attempt to get parsing info during refresh. "On-the-fly" syntax checking information may be incorrect. [C:\Progh\Code\Project_RetroGame\FAT\CharacterLevelMove.srcs\sources_1\imports\Week 5 + 6 - Bounching Square - Ball\DVI.vhd:]
WARNING: [filemgmt 56-199] Attempt to get parsing info during refresh. "On-the-fly" syntax checking information may be incorrect. [C:\Progh\Code\Project_RetroGame\FAT\CharacterLevelMove.srcs\sources_1\new\ControlCharacter.vhd:]
WARNING: [filemgmt 56-199] Attempt to get parsing info during refresh. "On-the-fly" syntax checking information may be incorrect. [C:\Progh\Code\Project_RetroGame\FAT\CharacterLevelMove.srcs\sources_1\new\ControlCharacter.vhd:]
ERROR: [Common 17-180] Spawn failed: No error
WARNING: [filemgmt 56-199] Attempt to get parsing info during refresh. "On-the-fly" syntax checking information may be incorrect. [C:\Progh\Code\Project_RetroGame\FAT\CharacterLevelMove.srcs\sources_1\new\ControlCharacter.vhd:]
WARNING: [filemgmt 56-199] Attempt to get parsing info during refresh. "On-the-fly" syntax checking information may be incorrect. [C:\Progh\Code\Project_RetroGame\FAT\CharacterLevelMove.srcs\sources_1\new\XY_GEN.vhd:]
WARNING: [filemgmt 56-199] Attempt to get parsing info during refresh. "On-the-fly" syntax checking information may be incorrect. [C:\Progh\Code\Project_RetroGame\FAT\CharacterLevelMove.srcs\sources_1\new\CharacterController.vhd:]
WARNING: [filemgmt 56-199] Attempt to get parsing info during refresh. "On-the-fly" syntax checking information may be incorrect. [C:\Progh\Code\Project_RetroGame\FAT\CharacterLevelMove.srcs\sources_1\imports\Week 5 + 6 - Bounching Square - Ball\DVI.vhd:]
WARNING: [filemgmt 56-199] Attempt to get parsing info during refresh. "On-the-fly" syntax checking information may be incorrect. [C:\Progh\Code\Project_RetroGame\FAT\CharacterLevelMove.srcs\sources_1\imports\Week 5 + 6 - Bounching Square - Ball\DVI.vhd:]
WARNING: [filemgmt 56-199] Attempt to get parsing info during refresh. "On-the-fly" syntax checking information may be incorrect. [C:\Progh\Code\Project_RetroGame\FAT\CharacterLevelMove.srcs\sources_1\imports\Week 5 + 6 - Bounching Square - Ball\DVI.vhd:]
ERROR: [Common 17-180] Spawn failed: No error
WARNING: [Board 49-26] cannot add Board Part xilinx.com:k24c:part0:1.0 available at C:/Xilinx/Vivado/2024.1/data/xhub/boards/XilinxBoardStore/boards/Xilinx/k24c/1.0/board.xml as part xck24-ubva530-2lv-c specified in board_part file is either invalid or not available
WARNING: [Board 49-26] cannot add Board Part xilinx.com:k24i:part0:1.0 available at C:/Xilinx/Vivado/2024.1/data/xhub/boards/XilinxBoardStore/boards/Xilinx/k24i/1.0/board.xml as part xck24-ubva530-2lvi-i specified in board_part file is either invalid or not available
WARNING: [Board 49-26] cannot add Board Part xilinx.com:k26c:part0:1.2 available at C:/Xilinx/Vivado/2024.1/data/xhub/boards/XilinxBoardStore/boards/Xilinx/k26c/1.2/board.xml as part xck26-sfvc784-2lv-c specified in board_part file is either invalid or not available
WARNING: [Board 49-26] cannot add Board Part xilinx.com:k26c:part0:1.3 available at C:/Xilinx/Vivado/2024.1/data/xhub/boards/XilinxBoardStore/boards/Xilinx/k26c/1.3/board.xml as part xck26-sfvc784-2lv-c specified in board_part file is either invalid or not available
WARNING: [Board 49-26] cannot add Board Part xilinx.com:k26c:part0:1.4 available at C:/Xilinx/Vivado/2024.1/data/xhub/boards/XilinxBoardStore/boards/Xilinx/k26c/1.4/board.xml as part xck26-sfvc784-2lv-c specified in board_part file is either invalid or not available
WARNING: [Board 49-26] cannot add Board Part xilinx.com:k26i:part0:1.2 available at C:/Xilinx/Vivado/2024.1/data/xhub/boards/XilinxBoardStore/boards/Xilinx/k26i/1.2/board.xml as part xck26-sfvc784-2lvi-i specified in board_part file is either invalid or not available
WARNING: [Board 49-26] cannot add Board Part xilinx.com:k26i:part0:1.3 available at C:/Xilinx/Vivado/2024.1/data/xhub/boards/XilinxBoardStore/boards/Xilinx/k26i/1.3/board.xml as part xck26-sfvc784-2lvi-i specified in board_part file is either invalid or not available
WARNING: [Board 49-26] cannot add Board Part xilinx.com:k26i:part0:1.4 available at C:/Xilinx/Vivado/2024.1/data/xhub/boards/XilinxBoardStore/boards/Xilinx/k26i/1.4/board.xml as part xck26-sfvc784-2lvi-i specified in board_part file is either invalid or not available
WARNING: [Board 49-26] cannot add Board Part xilinx.com:kcu105:part0:1.6 available at C:/Xilinx/Vivado/2024.1/data/xhub/boards/XilinxBoardStore/boards/Xilinx/kcu105/1.6/board.xml as part xcku040-ffva1156-2-e specified in board_part file is either invalid or not available
WARNING: [Board 49-26] cannot add Board Part xilinx.com:kcu105:part0:1.7 available at C:/Xilinx/Vivado/2024.1/data/xhub/boards/XilinxBoardStore/boards/Xilinx/kcu105/1.7/board.xml as part xcku040-ffva1156-2-e specified in board_part file is either invalid or not available
WARNING: [Board 49-26] cannot add Board Part xilinx.com:kcu116:part0:1.4 available at C:/Xilinx/Vivado/2024.1/data/xhub/boards/XilinxBoardStore/boards/Xilinx/kcu116/1.4/board.xml as part xcku5p-ffvb676-2-e specified in board_part file is either invalid or not available
WARNING: [Board 49-26] cannot add Board Part xilinx.com:kcu116:part0:1.5 available at C:/Xilinx/Vivado/2024.1/data/xhub/boards/XilinxBoardStore/boards/Xilinx/kcu116/1.5/board.xml as part xcku5p-ffvb676-2-e specified in board_part file is either invalid or not available
WARNING: [Board 49-26] cannot add Board Part xilinx.com:kcu1500:part0:1.2 available at C:/Xilinx/Vivado/2024.1/data/xhub/boards/XilinxBoardStore/boards/Xilinx/kcu1500/1.2/board.xml as part xcku115-flvb2104-2-e specified in board_part file is either invalid or not available
WARNING: [Board 49-26] cannot add Board Part xilinx.com:kd240_som:part0:1.0 available at C:/Xilinx/Vivado/2024.1/data/xhub/boards/XilinxBoardStore/boards/Xilinx/kd240_som/1.0/board.xml as part xck24-ubva530-2lv-c specified in board_part file is either invalid or not available
WARNING: [Board 49-26] cannot add Board Part xilinx.com:kr260_som:part0:1.0 available at C:/Xilinx/Vivado/2024.1/data/xhub/boards/XilinxBoardStore/boards/Xilinx/kr260_som/1.0/board.xml as part xck26-sfvc784-2lv-c specified in board_part file is either invalid or not available
WARNING: [Board 49-26] cannot add Board Part xilinx.com:kr260_som:part0:1.1 available at C:/Xilinx/Vivado/2024.1/data/xhub/boards/XilinxBoardStore/boards/Xilinx/kr260_som/1.1/board.xml as part xck26-sfvc784-2lv-c specified in board_part file is either invalid or not available
WARNING: [Board 49-26] cannot add Board Part xilinx.com:kv260_som:part0:1.2 available at C:/Xilinx/Vivado/2024.1/data/xhub/boards/XilinxBoardStore/boards/Xilinx/kv260_som/1.2/board.xml as part xck26-sfvc784-2lv-c specified in board_part file is either invalid or not available
WARNING: [Board 49-26] cannot add Board Part xilinx.com:kv260_som:part0:1.3 available at C:/Xilinx/Vivado/2024.1/data/xhub/boards/XilinxBoardStore/boards/Xilinx/kv260_som/1.3/board.xml as part xck26-sfvc784-2lv-c specified in board_part file is either invalid or not available
WARNING: [Board 49-26] cannot add Board Part xilinx.com:kv260_som:part0:1.4 available at C:/Xilinx/Vivado/2024.1/data/xhub/boards/XilinxBoardStore/boards/Xilinx/kv260_som/1.4/board.xml as part xck26-sfvc784-2lv-c specified in board_part file is either invalid or not available
WARNING: [Board 49-26] cannot add Board Part xilinx.com:vck190:part0:2.2 available at C:/Xilinx/Vivado/2024.1/data/xhub/boards/XilinxBoardStore/boards/Xilinx/vck190/production/2.2/board.xml as part xcvc1902-vsva2197-2mp-e-s specified in board_part file is either invalid or not available
WARNING: [Board 49-26] cannot add Board Part xilinx.com:vck190:part0:3.0 available at C:/Xilinx/Vivado/2024.1/data/xhub/boards/XilinxBoardStore/boards/Xilinx/vck190/production/3.0/board.xml as part xcvc1902-vsva2197-2mp-e-s specified in board_part file is either invalid or not available
WARNING: [Board 49-26] cannot add Board Part xilinx.com:vck190:part0:3.1 available at C:/Xilinx/Vivado/2024.1/data/xhub/boards/XilinxBoardStore/boards/Xilinx/vck190/production/3.1/board.xml as part xcvc1902-vsva2197-2mp-e-s specified in board_part file is either invalid or not available
WARNING: [Board 49-26] cannot add Board Part xilinx.com:vck190:part0:3.2 available at C:/Xilinx/Vivado/2024.1/data/xhub/boards/XilinxBoardStore/boards/Xilinx/vck190/production/3.2/board.xml as part xcvc1902-vsva2197-2mp-e-s specified in board_part file is either invalid or not available
WARNING: [Board 49-26] cannot add Board Part xilinx.com:vck190:part0:3.3 available at C:/Xilinx/Vivado/2024.1/data/xhub/boards/XilinxBoardStore/boards/Xilinx/vck190/production/3.3/board.xml as part xcvc1902-vsva2197-2mp-e-s specified in board_part file is either invalid or not available
WARNING: [Board 49-26] cannot add Board Part xilinx.com:vck190_newl:part0:1.0 available at C:/Xilinx/Vivado/2024.1/data/xhub/boards/XilinxBoardStore/boards/Xilinx/vck190_newl/production/1.0/board.xml as part xcvc1902-vsva2197-2mp-e-s specified in board_part file is either invalid or not available
WARNING: [Board 49-26] cannot add Board Part xilinx.com:vck190_newl:part0:1.1 available at C:/Xilinx/Vivado/2024.1/data/xhub/boards/XilinxBoardStore/boards/Xilinx/vck190_newl/production/1.1/board.xml as part xcvc1902-vsva2197-2mp-e-s specified in board_part file is either invalid or not available
WARNING: [Board 49-26] cannot add Board Part xilinx.com:vck190_newl:part0:1.2 available at C:/Xilinx/Vivado/2024.1/data/xhub/boards/XilinxBoardStore/boards/Xilinx/vck190_newl/production/1.2/board.xml as part xcvc1902-vsva2197-2mp-e-s specified in board_part file is either invalid or not available
WARNING: [Board 49-26] cannot add Board Part xilinx.com:vcu108:part0:1.6 available at C:/Xilinx/Vivado/2024.1/data/xhub/boards/XilinxBoardStore/boards/Xilinx/vcu108/1.6/board.xml as part xcvu095-ffva2104-2-e specified in board_part file is either invalid or not available
WARNING: [Board 49-26] cannot add Board Part xilinx.com:vcu108:part0:1.7 available at C:/Xilinx/Vivado/2024.1/data/xhub/boards/XilinxBoardStore/boards/Xilinx/vcu108/1.7/board.xml as part xcvu095-ffva2104-2-e specified in board_part file is either invalid or not available
WARNING: [Board 49-26] cannot add Board Part xilinx.com:vcu110:part0:1.4 available at C:/Xilinx/Vivado/2024.1/data/xhub/boards/XilinxBoardStore/boards/Xilinx/vcu110/1.4/board.xml as part xcvu190-flgc2104-2-e specified in board_part file is either invalid or not available
WARNING: [Board 49-26] cannot add Board Part xilinx.com:vcu118:part0:2.0 available at C:/Xilinx/Vivado/2024.1/data/xhub/boards/XilinxBoardStore/boards/Xilinx/vcu118/2.0/board.xml as part xcvu9p-flga2104-2l-e specified in board_part file is either invalid or not available
WARNING: [Board 49-26] cannot add Board Part xilinx.com:vcu118:part0:2.3 available at C:/Xilinx/Vivado/2024.1/data/xhub/boards/XilinxBoardStore/boards/Xilinx/vcu118/2.3/board.xml as part xcvu9p-flga2104-2l-e specified in board_part file is either invalid or not available
WARNING: [Board 49-26] cannot add Board Part xilinx.com:vcu118:part0:2.4 available at C:/Xilinx/Vivado/2024.1/data/xhub/boards/XilinxBoardStore/boards/Xilinx/vcu118/2.4/board.xml as part xcvu9p-flga2104-2l-e specified in board_part file is either invalid or not available
WARNING: [Board 49-26] cannot add Board Part xilinx.com:vcu128:part0:1.0 available at C:/Xilinx/Vivado/2024.1/data/xhub/boards/XilinxBoardStore/boards/Xilinx/vcu128/production/1.0/board.xml as part xcvu37p-fsvh2892-2l-e specified in board_part file is either invalid or not available
WARNING: [Board 49-26] cannot add Board Part xilinx.com:vcu129:part0:1.0 available at C:/Xilinx/Vivado/2024.1/data/xhub/boards/XilinxBoardStore/boards/Xilinx/vcu129/production/1.0/board.xml as part xcvu29p-fsga2577-2l-e specified in board_part file is either invalid or not available
WARNING: [Board 49-26] cannot add Board Part xilinx.com:vcu1525:part0:1.3 available at C:/Xilinx/Vivado/2024.1/data/xhub/boards/XilinxBoardStore/boards/Xilinx/vcu1525/1.3/board.xml as part xcvu9p-fsgd2104-2l-e specified in board_part file is either invalid or not available
WARNING: [Board 49-26] cannot add Board Part xilinx.com:vek280:part0:1.0 available at C:/Xilinx/Vivado/2024.1/data/xhub/boards/XilinxBoardStore/boards/Xilinx/vek280/production/1.0/board.xml as part xcve2802-vsvh1760-2mp-e-s specified in board_part file is either invalid or not available
WARNING: [Board 49-26] cannot add Board Part xilinx.com:vek280:part0:1.1 available at C:/Xilinx/Vivado/2024.1/data/xhub/boards/XilinxBoardStore/boards/Xilinx/vek280/production/1.1/board.xml as part xcve2802-vsvh1760-2mp-e-s specified in board_part file is either invalid or not available
WARNING: [Board 49-26] cannot add Board Part xilinx.com:vek280:part0:1.2 available at C:/Xilinx/Vivado/2024.1/data/xhub/boards/XilinxBoardStore/boards/Xilinx/vek280/production/1.2/board.xml as part xcve2802-vsvh1760-2mp-e-s specified in board_part file is either invalid or not available
WARNING: [Board 49-26] cannot add Board Part xilinx.com:vek280_es:part0:1.0 available at C:/Xilinx/Vivado/2024.1/data/xhub/boards/XilinxBoardStore/boards/Xilinx/vek280/es/rev_a/1.0/board.xml as part xcve2802-vsvh1760-2lp-e-s-es1 specified in board_part file is either invalid or not available
WARNING: [Board 49-26] cannot add Board Part xilinx.com:vek280_es:part0:1.1 available at C:/Xilinx/Vivado/2024.1/data/xhub/boards/XilinxBoardStore/boards/Xilinx/vek280/es/rev_a/1.1/board.xml as part xcve2802-vsvh1760-2lp-e-s-es1 specified in board_part file is either invalid or not available
WARNING: [Board 49-26] cannot add Board Part xilinx.com:vek280_es_revb:part0:1.0 available at C:/Xilinx/Vivado/2024.1/data/xhub/boards/XilinxBoardStore/boards/Xilinx/vek280/es/rev_b/1.0/board.xml as part xcve2802-vsvh1760-2mp-e-s-es1 specified in board_part file is either invalid or not available
WARNING: [Board 49-26] cannot add Board Part xilinx.com:vek280_es_revb:part0:1.1 available at C:/Xilinx/Vivado/2024.1/data/xhub/boards/XilinxBoardStore/boards/Xilinx/vek280/es/rev_b/1.1/board.xml as part xcve2802-vsvh1760-2mp-e-s-es1 specified in board_part file is either invalid or not available
WARNING: [Board 49-26] cannot add Board Part xilinx.com:vermeo_t1_mpsoc:part0:1.0 available at C:/Xilinx/Vivado/2024.1/data/xhub/boards/XilinxBoardStore/boards/Xilinx/vermeo_t1_mpsoc/1.0/board.xml as part xczu19eg-ffvd1760-2l-e specified in board_part file is either invalid or not available
WARNING: [Board 49-26] cannot add Board Part xilinx.com:vermeo_t1_rfsoc:part0:1.0 available at C:/Xilinx/Vivado/2024.1/data/xhub/boards/XilinxBoardStore/boards/Xilinx/vermeo_t1_rfsoc/1.0/board.xml as part xczu21dr-ffvd1156-2l-e specified in board_part file is either invalid or not available
WARNING: [Board 49-26] cannot add Board Part xilinx.com:vhk158:part0:1.0 available at C:/Xilinx/Vivado/2024.1/data/xhub/boards/XilinxBoardStore/boards/Xilinx/vhk158/production/1.0/board.xml as part xcvh1582-vsva3697-2mp-e-s specified in board_part file is either invalid or not available
WARNING: [Board 49-26] cannot add Board Part xilinx.com:vhk158:part0:1.1 available at C:/Xilinx/Vivado/2024.1/data/xhub/boards/XilinxBoardStore/boards/Xilinx/vhk158/production/1.1/board.xml as part xcvh1582-vsva3697-2mp-e-s specified in board_part file is either invalid or not available
WARNING: [Board 49-26] cannot add Board Part xilinx.com:vhk158_es:part0:1.0 available at C:/Xilinx/Vivado/2024.1/data/xhub/boards/XilinxBoardStore/boards/Xilinx/vhk158/es/1.0/board.xml as part xcvh1582-vsva3697-2mp-e-s-es1 specified in board_part file is either invalid or not available
WARNING: [Board 49-26] cannot add Board Part xilinx.com:vhk158_es:part0:1.1 available at C:/Xilinx/Vivado/2024.1/data/xhub/boards/XilinxBoardStore/boards/Xilinx/vhk158/es/1.1/board.xml as part xcvh1582-vsva3697-2mp-e-s-es1 specified in board_part file is either invalid or not available
WARNING: [Board 49-26] cannot add Board Part xilinx.com:vmk180:part0:2.2 available at C:/Xilinx/Vivado/2024.1/data/xhub/boards/XilinxBoardStore/boards/Xilinx/vmk180/production/2.2/board.xml as part xcvm1802-vsva2197-2mp-e-s specified in board_part file is either invalid or not available
WARNING: [Board 49-26] cannot add Board Part xilinx.com:vmk180:part0:3.0 available at C:/Xilinx/Vivado/2024.1/data/xhub/boards/XilinxBoardStore/boards/Xilinx/vmk180/production/3.0/board.xml as part xcvm1802-vsva2197-2mp-e-s specified in board_part file is either invalid or not available
WARNING: [Board 49-26] cannot add Board Part xilinx.com:vmk180:part0:3.1 available at C:/Xilinx/Vivado/2024.1/data/xhub/boards/XilinxBoardStore/boards/Xilinx/vmk180/production/3.1/board.xml as part xcvm1802-vsva2197-2mp-e-s specified in board_part file is either invalid or not available
WARNING: [Board 49-26] cannot add Board Part xilinx.com:vmk180:part0:3.2 available at C:/Xilinx/Vivado/2024.1/data/xhub/boards/XilinxBoardStore/boards/Xilinx/vmk180/production/3.2/board.xml as part xcvm1802-vsva2197-2mp-e-s specified in board_part file is either invalid or not available
WARNING: [Board 49-26] cannot add Board Part xilinx.com:vmk180_newl:part0:1.0 available at C:/Xilinx/Vivado/2024.1/data/xhub/boards/XilinxBoardStore/boards/Xilinx/vmk180_newl/production/1.0/board.xml as part xcvm1802-vsva2197-2mp-e-s specified in board_part file is either invalid or not available
WARNING: [Board 49-26] cannot add Board Part xilinx.com:vmk180_newl:part0:1.1 available at C:/Xilinx/Vivado/2024.1/data/xhub/boards/XilinxBoardStore/boards/Xilinx/vmk180_newl/production/1.1/board.xml as part xcvm1802-vsva2197-2mp-e-s specified in board_part file is either invalid or not available
WARNING: [Board 49-26] cannot add Board Part xilinx.com:vpk120:part0:1.0 available at C:/Xilinx/Vivado/2024.1/data/xhub/boards/XilinxBoardStore/boards/Xilinx/vpk120/production/1.0/board.xml as part xcvp1202-vsva2785-2mp-e-s specified in board_part file is either invalid or not available
WARNING: [Board 49-26] cannot add Board Part xilinx.com:vpk120:part0:1.1 available at C:/Xilinx/Vivado/2024.1/data/xhub/boards/XilinxBoardStore/boards/Xilinx/vpk120/production/1.1/board.xml as part xcvp1202-vsva2785-2mp-e-s specified in board_part file is either invalid or not available
WARNING: [Board 49-26] cannot add Board Part xilinx.com:vpk120:part0:1.2 available at C:/Xilinx/Vivado/2024.1/data/xhub/boards/XilinxBoardStore/boards/Xilinx/vpk120/production/1.2/board.xml as part xcvp1202-vsva2785-2mp-e-s specified in board_part file is either invalid or not available
WARNING: [Board 49-26] cannot add Board Part xilinx.com:vpk180:part0:1.0 available at C:/Xilinx/Vivado/2024.1/data/xhub/boards/XilinxBoardStore/boards/Xilinx/vpk180/production/1.0/board.xml as part xcvp1802-lsvc4072-2mp-e-s specified in board_part file is either invalid or not available
WARNING: [Board 49-26] cannot add Board Part xilinx.com:vpk180:part0:1.1 available at C:/Xilinx/Vivado/2024.1/data/xhub/boards/XilinxBoardStore/boards/Xilinx/vpk180/production/1.1/board.xml as part xcvp1802-lsvc4072-2mp-e-s specified in board_part file is either invalid or not available
WARNING: [Board 49-26] cannot add Board Part xilinx.com:vpk180:part0:1.2 available at C:/Xilinx/Vivado/2024.1/data/xhub/boards/XilinxBoardStore/boards/Xilinx/vpk180/production/1.2/board.xml as part xcvp1802-lsvc4072-2mp-e-s specified in board_part file is either invalid or not available
WARNING: [Board 49-26] cannot add Board Part xilinx.com:zc702:part0:1.4 available at C:/Xilinx/Vivado/2024.1/data/xhub/boards/XilinxBoardStore/boards/Xilinx/zc702/1.4/board.xml as part xc7z020clg484-1 specified in board_part file is either invalid or not available
WARNING: [Board 49-26] cannot add Board Part xilinx.com:zc706:part0:1.4 available at C:/Xilinx/Vivado/2024.1/data/xhub/boards/XilinxBoardStore/boards/Xilinx/zc706/1.4/board.xml as part xc7z045ffg900-2 specified in board_part file is either invalid or not available
WARNING: [Board 49-26] cannot add Board Part xilinx.com:zcu102:part0:3.3 available at C:/Xilinx/Vivado/2024.1/data/xhub/boards/XilinxBoardStore/boards/Xilinx/zcu102/3.3/board.xml as part xczu9eg-ffvb1156-2-e specified in board_part file is either invalid or not available
WARNING: [Board 49-26] cannot add Board Part xilinx.com:zcu102:part0:3.4 available at C:/Xilinx/Vivado/2024.1/data/xhub/boards/XilinxBoardStore/boards/Xilinx/zcu102/3.4/board.xml as part xczu9eg-ffvb1156-2-e specified in board_part file is either invalid or not available
WARNING: [Board 49-26] cannot add Board Part xilinx.com:zcu104:part0:1.1 available at C:/Xilinx/Vivado/2024.1/data/xhub/boards/XilinxBoardStore/boards/Xilinx/zcu104/1.1/board.xml as part xczu7ev-ffvc1156-2-e specified in board_part file is either invalid or not available
WARNING: [Board 49-26] cannot add Board Part xilinx.com:zcu106:part0:2.4 available at C:/Xilinx/Vivado/2024.1/data/xhub/boards/XilinxBoardStore/boards/Xilinx/zcu106/2.4/board.xml as part xczu7ev-ffvc1156-2-e specified in board_part file is either invalid or not available
WARNING: [Board 49-26] cannot add Board Part xilinx.com:zcu106:part0:2.5 available at C:/Xilinx/Vivado/2024.1/data/xhub/boards/XilinxBoardStore/boards/Xilinx/zcu106/2.5/board.xml as part xczu7ev-ffvc1156-2-e specified in board_part file is either invalid or not available
WARNING: [Board 49-26] cannot add Board Part xilinx.com:zcu106:part0:2.6 available at C:/Xilinx/Vivado/2024.1/data/xhub/boards/XilinxBoardStore/boards/Xilinx/zcu106/2.6/board.xml as part xczu7ev-ffvc1156-2-e specified in board_part file is either invalid or not available
WARNING: [Board 49-26] cannot add Board Part xilinx.com:zcu111:part0:1.2 available at C:/Xilinx/Vivado/2024.1/data/xhub/boards/XilinxBoardStore/boards/Xilinx/zcu111/1.2/board.xml as part xczu28dr-ffvg1517-2-e specified in board_part file is either invalid or not available
WARNING: [Board 49-26] cannot add Board Part xilinx.com:zcu111:part0:1.3 available at C:/Xilinx/Vivado/2024.1/data/xhub/boards/XilinxBoardStore/boards/Xilinx/zcu111/1.3/board.xml as part xczu28dr-ffvg1517-2-e specified in board_part file is either invalid or not available
WARNING: [Board 49-26] cannot add Board Part xilinx.com:zcu111:part0:1.4 available at C:/Xilinx/Vivado/2024.1/data/xhub/boards/XilinxBoardStore/boards/Xilinx/zcu111/1.4/board.xml as part xczu28dr-ffvg1517-2-e specified in board_part file is either invalid or not available
WARNING: [Board 49-26] cannot add Board Part xilinx.com:zcu1275:part0:1.0 available at C:/Xilinx/Vivado/2024.1/data/xhub/boards/XilinxBoardStore/boards/Xilinx/zcu1275/1.0/board.xml as part xczu29dr-ffvf1760-2-e specified in board_part file is either invalid or not available
WARNING: [Board 49-26] cannot add Board Part xilinx.com:zcu1285:part0:1.0 available at C:/Xilinx/Vivado/2024.1/data/xhub/boards/XilinxBoardStore/boards/Xilinx/zcu1285/1.0/board.xml as part xczu39dr-ffvf1760-2-i specified in board_part file is either invalid or not available
WARNING: [Board 49-26] cannot add Board Part xilinx.com:zcu208:part0:2.0 available at C:/Xilinx/Vivado/2024.1/data/xhub/boards/XilinxBoardStore/boards/Xilinx/zcu208/production/2.0/board.xml as part xczu48dr-fsvg1517-2-e specified in board_part file is either invalid or not available
WARNING: [Board 49-26] cannot add Board Part xilinx.com:zcu208ld:part0:2.0 available at C:/Xilinx/Vivado/2024.1/data/xhub/boards/XilinxBoardStore/boards/Xilinx/zcu208ld/production/2.0/board.xml as part xczu58dr-fsvg1517-2-i specified in board_part file is either invalid or not available
WARNING: [Board 49-26] cannot add Board Part xilinx.com:zcu216:part0:2.0 available at C:/Xilinx/Vivado/2024.1/data/xhub/boards/XilinxBoardStore/boards/Xilinx/zcu216/production/2.0/board.xml as part xczu49dr-ffvf1760-2-e specified in board_part file is either invalid or not available
WARNING: [Board 49-26] cannot add Board Part xilinx.com:zcu216ld:part0:2.0 available at C:/Xilinx/Vivado/2024.1/data/xhub/boards/XilinxBoardStore/boards/Xilinx/zcu216ld/production/2.0/board.xml as part xczu59dr-ffvf1760-2-i specified in board_part file is either invalid or not available
WARNING: [Board 49-26] cannot add Board Part xilinx.com:zcu670:part0:2.0 available at C:/Xilinx/Vivado/2024.1/data/xhub/boards/XilinxBoardStore/boards/Xilinx/zcu670/2.0/board.xml as part xczu67dr-fsve1156-2-i specified in board_part file is either invalid or not available
WARNING: [Board 49-26] cannot add Board Part xilinx.com:zcu670ld:part0:1.0 available at C:/Xilinx/Vivado/2024.1/data/xhub/boards/XilinxBoardStore/boards/Xilinx/zcu670ld/1.0/board.xml as part xczu57dr-fsve1156-2-i specified in board_part file is either invalid or not available
synth_design -rtl -rtl_skip_mlo -name rtl_1
Command: synth_design -rtl -rtl_skip_mlo -name rtl_1
Starting synth_design
Using part: xc7a35tcpg236-1
Top: DVI_Top
INFO: [Synth 8-7079] Multithreading enabled for synth_design using a maximum of 2 processes.
---------------------------------------------------------------------------------
Starting RTL Elaboration : Time (s): cpu = 00:00:05 ; elapsed = 00:00:04 . Memory (MB): peak = 2582.656 ; gain = 9.801
---------------------------------------------------------------------------------
INFO: [Synth 8-638] synthesizing module 'DVI_Top' [C:/Progh/Code/Project_RetroGame/FAT/CharacterLevelMove.srcs/sources_1/imports/Week 5 + 6 - Bounching Square - Ball/DVI.vhd:16]
INFO: [Synth 8-3491] module 'clkDVIprescaler' declared at 'C:/Progh/Code/Project_RetroGame/FAT/.Xil/Vivado-4076-DESKTOP-H0VVJ00/realtime/clkDVIprescaler_stub.v:6' bound to instance 'prescaler_instance' of component 'clkDVIprescaler' [C:/Progh/Code/Project_RetroGame/FAT/CharacterLevelMove.srcs/sources_1/imports/Week 5 + 6 - Bounching Square - Ball/DVI.vhd:60]
INFO: [Synth 8-6157] synthesizing module 'clkDVIprescaler' [C:/Progh/Code/Project_RetroGame/FAT/.Xil/Vivado-4076-DESKTOP-H0VVJ00/realtime/clkDVIprescaler_stub.v:6]
INFO: [Synth 8-6155] done synthesizing module 'clkDVIprescaler' (0#1) [C:/Progh/Code/Project_RetroGame/FAT/.Xil/Vivado-4076-DESKTOP-H0VVJ00/realtime/clkDVIprescaler_stub.v:6]
INFO: [Synth 8-3491] module 'DVI_Driver' declared at 'C:/Progh/Code/Project_RetroGame/FAT/CharacterLevelMove.srcs/sources_1/new/DVI_Display.vhd:5' bound to instance 'dvi_driver_inst' of component 'DVI_Driver' [C:/Progh/Code/Project_RetroGame/FAT/CharacterLevelMove.srcs/sources_1/imports/Week 5 + 6 - Bounching Square - Ball/DVI.vhd:67]
INFO: [Synth 8-638] synthesizing module 'DVI_Driver' [C:/Progh/Code/Project_RetroGame/FAT/CharacterLevelMove.srcs/sources_1/new/DVI_Display.vhd:16]
INFO: [Synth 8-256] done synthesizing module 'DVI_Driver' (0#1) [C:/Progh/Code/Project_RetroGame/FAT/CharacterLevelMove.srcs/sources_1/new/DVI_Display.vhd:16]
INFO: [Synth 8-3491] module 'Pixel_Gen' declared at 'C:/Progh/Code/Project_RetroGame/FAT/CharacterLevelMove.srcs/sources_1/new/XY_GEN.vhd:5' bound to instance 'pixel_gen_inst' of component 'Pixel_Gen' [C:/Progh/Code/Project_RetroGame/FAT/CharacterLevelMove.srcs/sources_1/imports/Week 5 + 6 - Bounching Square - Ball/DVI.vhd:78]
INFO: [Synth 8-638] synthesizing module 'Pixel_Gen' [C:/Progh/Code/Project_RetroGame/FAT/CharacterLevelMove.srcs/sources_1/new/XY_GEN.vhd:15]
INFO: [Synth 8-3491] module 'CharacterController' declared at 'C:/Progh/Code/Project_RetroGame/FAT/CharacterLevelMove.srcs/sources_1/new/CharacterController.vhd:5' bound to instance 'DisplayCharacter_inst' of component 'CharacterController' [C:/Progh/Code/Project_RetroGame/FAT/CharacterLevelMove.srcs/sources_1/new/XY_GEN.vhd:44]
INFO: [Synth 8-638] synthesizing module 'CharacterController' [C:/Progh/Code/Project_RetroGame/FAT/CharacterLevelMove.srcs/sources_1/new/CharacterController.vhd:14]
INFO: [Synth 8-3491] module 'ControlCharacter' declared at 'C:/Progh/Code/Project_RetroGame/FAT/CharacterLevelMove.srcs/sources_1/new/ControlCharacter.vhd:5' bound to instance 'ControlChar_inst' of component 'ControlCharacter' [C:/Progh/Code/Project_RetroGame/FAT/CharacterLevelMove.srcs/sources_1/new/CharacterController.vhd:102]
INFO: [Synth 8-638] synthesizing module 'ControlCharacter' [C:/Progh/Code/Project_RetroGame/FAT/CharacterLevelMove.srcs/sources_1/new/ControlCharacter.vhd:16]
INFO: [Synth 8-256] done synthesizing module 'ControlCharacter' (0#1) [C:/Progh/Code/Project_RetroGame/FAT/CharacterLevelMove.srcs/sources_1/new/ControlCharacter.vhd:16]
INFO: [Synth 8-3491] module 'blk_mem_gen_0' declared at 'C:/Progh/Code/Project_RetroGame/FAT/.Xil/Vivado-4076-DESKTOP-H0VVJ00/realtime/blk_mem_gen_0_stub.v:6' bound to instance 'ROM_inst_1' of component 'blk_mem_gen_0' [C:/Progh/Code/Project_RetroGame/FAT/CharacterLevelMove.srcs/sources_1/new/CharacterController.vhd:148]
INFO: [Synth 8-6157] synthesizing module 'blk_mem_gen_0' [C:/Progh/Code/Project_RetroGame/FAT/.Xil/Vivado-4076-DESKTOP-H0VVJ00/realtime/blk_mem_gen_0_stub.v:6]
INFO: [Synth 8-6155] done synthesizing module 'blk_mem_gen_0' (0#1) [C:/Progh/Code/Project_RetroGame/FAT/.Xil/Vivado-4076-DESKTOP-H0VVJ00/realtime/blk_mem_gen_0_stub.v:6]
INFO: [Synth 8-3491] module 'blk_mem_gen_1' declared at 'C:/Progh/Code/Project_RetroGame/FAT/.Xil/Vivado-4076-DESKTOP-H0VVJ00/realtime/blk_mem_gen_1_stub.v:6' bound to instance 'ROM_inst_2' of component 'blk_mem_gen_1' [C:/Progh/Code/Project_RetroGame/FAT/CharacterLevelMove.srcs/sources_1/new/CharacterController.vhd:156]
INFO: [Synth 8-6157] synthesizing module 'blk_mem_gen_1' [C:/Progh/Code/Project_RetroGame/FAT/.Xil/Vivado-4076-DESKTOP-H0VVJ00/realtime/blk_mem_gen_1_stub.v:6]
INFO: [Synth 8-6155] done synthesizing module 'blk_mem_gen_1' (0#1) [C:/Progh/Code/Project_RetroGame/FAT/.Xil/Vivado-4076-DESKTOP-H0VVJ00/realtime/blk_mem_gen_1_stub.v:6]
INFO: [Synth 8-3491] module 'blk_mem_gen_2' declared at 'C:/Progh/Code/Project_RetroGame/FAT/.Xil/Vivado-4076-DESKTOP-H0VVJ00/realtime/blk_mem_gen_2_stub.v:6' bound to instance 'ROM_inst_3' of component 'blk_mem_gen_2' [C:/Progh/Code/Project_RetroGame/FAT/CharacterLevelMove.srcs/sources_1/new/CharacterController.vhd:164]
INFO: [Synth 8-6157] synthesizing module 'blk_mem_gen_2' [C:/Progh/Code/Project_RetroGame/FAT/.Xil/Vivado-4076-DESKTOP-H0VVJ00/realtime/blk_mem_gen_2_stub.v:6]
INFO: [Synth 8-6155] done synthesizing module 'blk_mem_gen_2' (0#1) [C:/Progh/Code/Project_RetroGame/FAT/.Xil/Vivado-4076-DESKTOP-H0VVJ00/realtime/blk_mem_gen_2_stub.v:6]
INFO: [Synth 8-3491] module 'blk_mem_gen_3' declared at 'C:/Progh/Code/Project_RetroGame/FAT/.Xil/Vivado-4076-DESKTOP-H0VVJ00/realtime/blk_mem_gen_3_stub.v:6' bound to instance 'ROM_inst_4' of component 'blk_mem_gen_3' [C:/Progh/Code/Project_RetroGame/FAT/CharacterLevelMove.srcs/sources_1/new/CharacterController.vhd:172]
INFO: [Synth 8-6157] synthesizing module 'blk_mem_gen_3' [C:/Progh/Code/Project_RetroGame/FAT/.Xil/Vivado-4076-DESKTOP-H0VVJ00/realtime/blk_mem_gen_3_stub.v:6]
INFO: [Synth 8-6155] done synthesizing module 'blk_mem_gen_3' (0#1) [C:/Progh/Code/Project_RetroGame/FAT/.Xil/Vivado-4076-DESKTOP-H0VVJ00/realtime/blk_mem_gen_3_stub.v:6]
INFO: [Synth 8-256] done synthesizing module 'CharacterController' (0#1) [C:/Progh/Code/Project_RetroGame/FAT/CharacterLevelMove.srcs/sources_1/new/CharacterController.vhd:14]
INFO: [Synth 8-3491] module 'Displaylevel' declared at 'C:/Progh/Code/Project_RetroGame/FAT/CharacterLevelMove.srcs/sources_1/new/Displaylevel.vhd:5' bound to instance 'DisplayLevel_inst' of component 'Displaylevel' [C:/Progh/Code/Project_RetroGame/FAT/CharacterLevelMove.srcs/sources_1/new/XY_GEN.vhd:53]
INFO: [Synth 8-638] synthesizing module 'Displaylevel' [C:/Progh/Code/Project_RetroGame/FAT/CharacterLevelMove.srcs/sources_1/new/Displaylevel.vhd:14]
INFO: [Synth 8-3491] module 'blk_mem_gen_4' declared at 'C:/Progh/Code/Project_RetroGame/FAT/.Xil/Vivado-4076-DESKTOP-H0VVJ00/realtime/blk_mem_gen_4_stub.v:6' bound to instance 'ROM_inst' of component 'blk_mem_gen_4' [C:/Progh/Code/Project_RetroGame/FAT/CharacterLevelMove.srcs/sources_1/new/Displaylevel.vhd:64]
INFO: [Synth 8-6157] synthesizing module 'blk_mem_gen_4' [C:/Progh/Code/Project_RetroGame/FAT/.Xil/Vivado-4076-DESKTOP-H0VVJ00/realtime/blk_mem_gen_4_stub.v:6]
INFO: [Synth 8-6155] done synthesizing module 'blk_mem_gen_4' (0#1) [C:/Progh/Code/Project_RetroGame/FAT/.Xil/Vivado-4076-DESKTOP-H0VVJ00/realtime/blk_mem_gen_4_stub.v:6]
INFO: [Synth 8-256] done synthesizing module 'Displaylevel' (0#1) [C:/Progh/Code/Project_RetroGame/FAT/CharacterLevelMove.srcs/sources_1/new/Displaylevel.vhd:14]
INFO: [Synth 8-256] done synthesizing module 'Pixel_Gen' (0#1) [C:/Progh/Code/Project_RetroGame/FAT/CharacterLevelMove.srcs/sources_1/new/XY_GEN.vhd:15]
INFO: [Synth 8-256] done synthesizing module 'DVI_Top' (0#1) [C:/Progh/Code/Project_RetroGame/FAT/CharacterLevelMove.srcs/sources_1/imports/Week 5 + 6 - Bounching Square - Ball/DVI.vhd:16]
WARNING: [Synth 8-7129] Port hcount[9] in module ControlCharacter is either unconnected or has no load
WARNING: [Synth 8-7129] Port hcount[8] in module ControlCharacter is either unconnected or has no load
WARNING: [Synth 8-7129] Port hcount[7] in module ControlCharacter is either unconnected or has no load
WARNING: [Synth 8-7129] Port hcount[6] in module ControlCharacter is either unconnected or has no load
WARNING: [Synth 8-7129] Port hcount[5] in module ControlCharacter is either unconnected or has no load
WARNING: [Synth 8-7129] Port hcount[4] in module ControlCharacter is either unconnected or has no load
WARNING: [Synth 8-7129] Port hcount[3] in module ControlCharacter is either unconnected or has no load
WARNING: [Synth 8-7129] Port hcount[2] in module ControlCharacter is either unconnected or has no load
WARNING: [Synth 8-7129] Port hcount[1] in module ControlCharacter is either unconnected or has no load
WARNING: [Synth 8-7129] Port hcount[0] in module ControlCharacter is either unconnected or has no load
WARNING: [Synth 8-7129] Port vcount[9] in module ControlCharacter is either unconnected or has no load
WARNING: [Synth 8-7129] Port vcount[8] in module ControlCharacter is either unconnected or has no load
WARNING: [Synth 8-7129] Port vcount[7] in module ControlCharacter is either unconnected or has no load
WARNING: [Synth 8-7129] Port vcount[6] in module ControlCharacter is either unconnected or has no load
WARNING: [Synth 8-7129] Port vcount[5] in module ControlCharacter is either unconnected or has no load
WARNING: [Synth 8-7129] Port vcount[4] in module ControlCharacter is either unconnected or has no load
WARNING: [Synth 8-7129] Port vcount[3] in module ControlCharacter is either unconnected or has no load
WARNING: [Synth 8-7129] Port vcount[2] in module ControlCharacter is either unconnected or has no load
WARNING: [Synth 8-7129] Port vcount[1] in module ControlCharacter is either unconnected or has no load
WARNING: [Synth 8-7129] Port vcount[0] in module ControlCharacter is either unconnected or has no load
WARNING: [Synth 8-7129] Port btn_reset in module DVI_Top is either unconnected or has no load
---------------------------------------------------------------------------------
Finished RTL Elaboration : Time (s): cpu = 00:00:06 ; elapsed = 00:00:06 . Memory (MB): peak = 2582.656 ; gain = 9.801
---------------------------------------------------------------------------------
---------------------------------------------------------------------------------
Start Handling Custom Attributes
---------------------------------------------------------------------------------
---------------------------------------------------------------------------------
Finished Handling Custom Attributes : Time (s): cpu = 00:00:06 ; elapsed = 00:00:06 . Memory (MB): peak = 2587.812 ; gain = 14.957
---------------------------------------------------------------------------------
---------------------------------------------------------------------------------
Finished RTL Optimization Phase 1 : Time (s): cpu = 00:00:06 ; elapsed = 00:00:06 . Memory (MB): peak = 2587.812 ; gain = 14.957
---------------------------------------------------------------------------------
INFO: [Project 1-454] Reading design checkpoint 'c:/Progh/Code/Project_RetroGame/FAT/CharacterLevelMove.gen/sources_1/ip/clkDVIprescaler/clkDVIprescaler.dcp' for cell 'prescaler_instance'
INFO: [Project 1-454] Reading design checkpoint 'c:/Progh/Code/Project_RetroGame/FAT/CharacterLevelMove.gen/sources_1/ip/blk_mem_gen_0/blk_mem_gen_0.dcp' for cell 'pixel_gen_inst/DisplayCharacter_inst/ROM_inst_1'
INFO: [Project 1-454] Reading design checkpoint 'c:/Progh/Code/Project_RetroGame/FAT/CharacterLevelMove.gen/sources_1/ip/blk_mem_gen_1/blk_mem_gen_1.dcp' for cell 'pixel_gen_inst/DisplayCharacter_inst/ROM_inst_2'
INFO: [Project 1-454] Reading design checkpoint 'c:/Progh/Code/Project_RetroGame/FAT/CharacterLevelMove.gen/sources_1/ip/blk_mem_gen_2/blk_mem_gen_2.dcp' for cell 'pixel_gen_inst/DisplayCharacter_inst/ROM_inst_3'
INFO: [Project 1-454] Reading design checkpoint 'c:/Progh/Code/Project_RetroGame/FAT/CharacterLevelMove.gen/sources_1/ip/blk_mem_gen_3/blk_mem_gen_3.dcp' for cell 'pixel_gen_inst/DisplayCharacter_inst/ROM_inst_4'
INFO: [Project 1-454] Reading design checkpoint 'c:/Progh/Code/Project_RetroGame/FAT/CharacterLevelMove.gen/sources_1/ip/blk_mem_gen_4/blk_mem_gen_4.dcp' for cell 'pixel_gen_inst/DisplayLevel_inst/ROM_inst'
Netlist sorting complete. Time (s): cpu = 00:00:00 ; elapsed = 00:00:00.016 . Memory (MB): peak = 2618.336 ; gain = 0.000
INFO: [Netlist 29-17] Analyzing 50 Unisim elements for replacement
INFO: [Netlist 29-28] Unisim Transformation completed in 0 CPU seconds
INFO: [Project 1-479] Netlist was created with Vivado 2024.1
INFO: [Project 1-570] Preparing netlist for logic optimization

Processing XDC Constraints
Initializing timing engine
Parsing XDC File [c:/Progh/Code/Project_RetroGame/FAT/CharacterLevelMove.gen/sources_1/ip/clkDVIprescaler/clkDVIprescaler_board.xdc] for cell 'prescaler_instance/inst'
Finished Parsing XDC File [c:/Progh/Code/Project_RetroGame/FAT/CharacterLevelMove.gen/sources_1/ip/clkDVIprescaler/clkDVIprescaler_board.xdc] for cell 'prescaler_instance/inst'
Parsing XDC File [c:/Progh/Code/Project_RetroGame/FAT/CharacterLevelMove.gen/sources_1/ip/clkDVIprescaler/clkDVIprescaler.xdc] for cell 'prescaler_instance/inst'
Finished Parsing XDC File [c:/Progh/Code/Project_RetroGame/FAT/CharacterLevelMove.gen/sources_1/ip/clkDVIprescaler/clkDVIprescaler.xdc] for cell 'prescaler_instance/inst'
INFO: [Project 1-236] Implementation specific constraints were found while reading constraint file [c:/Progh/Code/Project_RetroGame/FAT/CharacterLevelMove.gen/sources_1/ip/clkDVIprescaler/clkDVIprescaler.xdc]. These constraints will be ignored for synthesis but will be used in implementation. Impacted constraints are listed in the file [.Xil/DVI_Top_propImpl.xdc].
Resolution: To avoid this warning, move constraints listed in [.Xil/DVI_Top_propImpl.xdc] to another XDC file and exclude this new file from synthesis with the used_in_synthesis property (File Properties dialog in GUI) and re-run elaboration/synthesis.
INFO: [Timing 38-2] Deriving generated clocks
Parsing XDC File [C:/Progh/Code/Project_RetroGame/FAT/CharacterLevelMove.srcs/constrs_1/new/const.xdc]
WARNING: [Vivado 12-584] No ports matched 'clk25'. [C:/Progh/Code/Project_RetroGame/FAT/CharacterLevelMove.srcs/constrs_1/new/const.xdc:13]
WARNING: [Vivado 12-584] No ports matched 'clk25'. [C:/Progh/Code/Project_RetroGame/FAT/CharacterLevelMove.srcs/constrs_1/new/const.xdc:20]
Finished Parsing XDC File [C:/Progh/Code/Project_RetroGame/FAT/CharacterLevelMove.srcs/constrs_1/new/const.xdc]
WARNING: [Project 1-498] One or more constraints failed evaluation while reading constraint file [C:/Progh/Code/Project_RetroGame/FAT/CharacterLevelMove.srcs/constrs_1/new/const.xdc] and the design contains unresolved black boxes. These constraints will be read post-synthesis (as long as their source constraint file is marked as used_in_implementation) and should be applied correctly then. You should review the constraints listed in the file [.Xil/DVI_Top_propImpl.xdc] and check the run log file to verify that these constraints were correctly applied.
Parsing XDC File [C:/Progh/Code/Project_RetroGame/FAT/CharacterLevelMove.srcs/constrs_1/new/kontstains.xdc]
WARNING: [Vivado 12-584] No ports matched 'SCLK'. [C:/Progh/Code/Project_RetroGame/FAT/CharacterLevelMove.srcs/constrs_1/new/kontstains.xdc:2]
WARNING: [Vivado 12-584] No ports matched 'SCLK'. [C:/Progh/Code/Project_RetroGame/FAT/CharacterLevelMove.srcs/constrs_1/new/kontstains.xdc:3]
WARNING: [Vivado 12-584] No ports matched 'MOSI'. [C:/Progh/Code/Project_RetroGame/FAT/CharacterLevelMove.srcs/constrs_1/new/kontstains.xdc:6]
WARNING: [Vivado 12-584] No ports matched 'SS_n'. [C:/Progh/Code/Project_RetroGame/FAT/CharacterLevelMove.srcs/constrs_1/new/kontstains.xdc:9]
WARNING: [Vivado 12-584] No ports matched 'SS_n'. [C:/Progh/Code/Project_RetroGame/FAT/CharacterLevelMove.srcs/constrs_1/new/kontstains.xdc:10]
WARNING: [Vivado 12-584] No ports matched 'MISO'. [C:/Progh/Code/Project_RetroGame/FAT/CharacterLevelMove.srcs/constrs_1/new/kontstains.xdc:13]
WARNING: [Vivado 12-584] No ports matched 'MISO'. [C:/Progh/Code/Project_RetroGame/FAT/CharacterLevelMove.srcs/constrs_1/new/kontstains.xdc:14]
WARNING: [Vivado 12-584] No ports matched 'led'. [C:/Progh/Code/Project_RetroGame/FAT/CharacterLevelMove.srcs/constrs_1/new/kontstains.xdc:17]
WARNING: [Vivado 12-584] No ports matched 'led'. [C:/Progh/Code/Project_RetroGame/FAT/CharacterLevelMove.srcs/constrs_1/new/kontstains.xdc:18]
WARNING: [Vivado 12-584] No ports matched 'clk'. [C:/Progh/Code/Project_RetroGame/FAT/CharacterLevelMove.srcs/constrs_1/new/kontstains.xdc:22]
WARNING: [Vivado 12-584] No ports matched 'clk'. [C:/Progh/Code/Project_RetroGame/FAT/CharacterLevelMove.srcs/constrs_1/new/kontstains.xdc:23]
WARNING: [Vivado 12-584] No ports matched 'SS_n'. [C:/Progh/Code/Project_RetroGame/FAT/CharacterLevelMove.srcs/constrs_1/new/kontstains.xdc:25]
WARNING: [Vivado 12-584] No ports matched 'CS'. [C:/Progh/Code/Project_RetroGame/FAT/CharacterLevelMove.srcs/constrs_1/new/kontstains.xdc:27]
WARNING: [Vivado 12-584] No ports matched 'SCK'. [C:/Progh/Code/Project_RetroGame/FAT/CharacterLevelMove.srcs/constrs_1/new/kontstains.xdc:28]
WARNING: [Vivado 12-584] No ports matched 'CS'. [C:/Progh/Code/Project_RetroGame/FAT/CharacterLevelMove.srcs/constrs_1/new/kontstains.xdc:29]
WARNING: [Vivado 12-584] No ports matched 'SCK'. [C:/Progh/Code/Project_RetroGame/FAT/CharacterLevelMove.srcs/constrs_1/new/kontstains.xdc:30]
WARNING: [Vivado 12-584] No ports matched 'MOSI'. [C:/Progh/Code/Project_RetroGame/FAT/CharacterLevelMove.srcs/constrs_1/new/kontstains.xdc:31]
WARNING: [Vivado 12-584] No ports matched 'LED_JUMP'. [C:/Progh/Code/Project_RetroGame/FAT/CharacterLevelMove.srcs/constrs_1/new/kontstains.xdc:33]
WARNING: [Vivado 12-584] No ports matched 'LED_LEFT'. [C:/Progh/Code/Project_RetroGame/FAT/CharacterLevelMove.srcs/constrs_1/new/kontstains.xdc:34]
WARNING: [Vivado 12-584] No ports matched 'LED_RIGHT'. [C:/Progh/Code/Project_RetroGame/FAT/CharacterLevelMove.srcs/constrs_1/new/kontstains.xdc:35]
WARNING: [Vivado 12-584] No ports matched 'LED_JUMP'. [C:/Progh/Code/Project_RetroGame/FAT/CharacterLevelMove.srcs/constrs_1/new/kontstains.xdc:36]
WARNING: [Vivado 12-584] No ports matched 'LED_LEFT'. [C:/Progh/Code/Project_RetroGame/FAT/CharacterLevelMove.srcs/constrs_1/new/kontstains.xdc:37]
WARNING: [Vivado 12-584] No ports matched 'LED_RIGHT'. [C:/Progh/Code/Project_RetroGame/FAT/CharacterLevelMove.srcs/constrs_1/new/kontstains.xdc:38]
WARNING: [Vivado 12-584] No ports matched 'SS_n'. [C:/Progh/Code/Project_RetroGame/FAT/CharacterLevelMove.srcs/constrs_1/new/kontstains.xdc:40]
WARNING: [Vivado 12-507] No nets matched 'SCK_IBUF'. [C:/Progh/Code/Project_RetroGame/FAT/CharacterLevelMove.srcs/constrs_1/new/kontstains.xdc:42]
Finished Parsing XDC File [C:/Progh/Code/Project_RetroGame/FAT/CharacterLevelMove.srcs/constrs_1/new/kontstains.xdc]
WARNING: [Project 1-498] One or more constraints failed evaluation while reading constraint file [C:/Progh/Code/Project_RetroGame/FAT/CharacterLevelMove.srcs/constrs_1/new/kontstains.xdc] and the design contains unresolved black boxes. These constraints will be read post-synthesis (as long as their source constraint file is marked as used_in_implementation) and should be applied correctly then. You should review the constraints listed in the file [.Xil/DVI_Top_propImpl.xdc] and check the run log file to verify that these constraints were correctly applied.
INFO: [Project 1-236] Implementation specific constraints were found while reading constraint file [C:/Progh/Code/Project_RetroGame/FAT/CharacterLevelMove.srcs/constrs_1/new/kontstains.xdc]. These constraints will be ignored for synthesis but will be used in implementation. Impacted constraints are listed in the file [.Xil/DVI_Top_propImpl.xdc].
Resolution: To avoid this warning, move constraints listed in [.Xil/DVI_Top_propImpl.xdc] to another XDC file and exclude this new file from synthesis with the used_in_synthesis property (File Properties dialog in GUI) and re-run elaboration/synthesis.
Completed Processing XDC Constraints

Netlist sorting complete. Time (s): cpu = 00:00:00 ; elapsed = 00:00:00.001 . Memory (MB): peak = 2716.625 ; gain = 0.000
INFO: [Project 1-111] Unisim Transformation Summary:
No Unisim elements were transformed.

RTL Elaboration Complete:  : Time (s): cpu = 00:00:12 ; elapsed = 00:00:12 . Memory (MB): peak = 2738.125 ; gain = 165.270
50 Infos, 50 Warnings, 0 Critical Warnings and 0 Errors encountered.
synth_design completed successfully
synth_design: Time (s): cpu = 00:00:12 ; elapsed = 00:00:12 . Memory (MB): peak = 2738.125 ; gain = 165.270
reset_run synth_1
launch_runs impl_1 -to_step write_bitstream -jobs 8
[Wed Mar 19 16:56:15 2025] Launched synth_1...
Run output will be captured here: C:/Progh/Code/Project_RetroGame/FAT/CharacterLevelMove.runs/synth_1/runme.log
[Wed Mar 19 16:56:15 2025] Launched impl_1...
Run output will be captured here: C:/Progh/Code/Project_RetroGame/FAT/CharacterLevelMove.runs/impl_1/runme.log
close_design
open_run impl_1
Netlist sorting complete. Time (s): cpu = 00:00:00 ; elapsed = 00:00:00.016 . Memory (MB): peak = 2751.023 ; gain = 0.000
INFO: [Netlist 29-17] Analyzing 88 Unisim elements for replacement
INFO: [Netlist 29-28] Unisim Transformation completed in 0 CPU seconds
INFO: [Project 1-479] Netlist was created with Vivado 2024.1
INFO: [Project 1-570] Preparing netlist for logic optimization
Read ShapeDB Complete: Time (s): cpu = 00:00:00 ; elapsed = 00:00:00.004 . Memory (MB): peak = 2751.023 ; gain = 0.000
INFO: [Timing 38-478] Restoring timing data from binary archive.
INFO: [Timing 38-479] Binary timing data restore complete.
INFO: [Project 1-856] Restoring constraints from binary archive.
INFO: [Project 1-853] Binary constraint restore complete.
INFO: [Designutils 20-5722] Start Reading Physical Databases.
Reading placement.
Read Netlist Cache: Time (s): cpu = 00:00:00 ; elapsed = 00:00:00.001 . Memory (MB): peak = 3075.426 ; gain = 0.000
Reading placer database...
Read Device Cache: Time (s): cpu = 00:00:00 ; elapsed = 00:00:00.007 . Memory (MB): peak = 3075.426 ; gain = 0.000
Read PlaceDB: Time (s): cpu = 00:00:00 ; elapsed = 00:00:00.034 . Memory (MB): peak = 3075.426 ; gain = 0.000
Read PulsedLatchDB: Time (s): cpu = 00:00:00 ; elapsed = 00:00:00 . Memory (MB): peak = 3075.426 ; gain = 0.000
Reading routing.
Read RouteStorage: Time (s): cpu = 00:00:00 ; elapsed = 00:00:00.039 . Memory (MB): peak = 3075.426 ; gain = 0.000
Read Physdb Files: Time (s): cpu = 00:00:00 ; elapsed = 00:00:00.090 . Memory (MB): peak = 3075.426 ; gain = 0.000
Restored from archive | CPU: 0.000000 secs | Memory: 0.000000 MB |
Finished XDEF File Restore: Time (s): cpu = 00:00:00 ; elapsed = 00:00:00.090 . Memory (MB): peak = 3075.426 ; gain = 0.000
Netlist sorting complete. Time (s): cpu = 00:00:00 ; elapsed = 00:00:00.001 . Memory (MB): peak = 3075.426 ; gain = 0.000
INFO: [Project 1-111] Unisim Transformation Summary:
No Unisim elements were transformed.

open_run: Time (s): cpu = 00:00:08 ; elapsed = 00:00:09 . Memory (MB): peak = 3131.070 ; gain = 380.047
open_hw_manager
connect_hw_server -allow_non_jtag
INFO: [Labtools 27-2285] Connecting to hw_server url TCP:localhost:3121
INFO: [Labtools 27-2222] Launching hw_server...
INFO: [Labtools 27-2221] Launch Output:

****** Xilinx hw_server v2024.1.0
  **** Build date : Mar  6 2024 at 20:50:54
    ** Copyright 1986-2022 Xilinx, Inc. All Rights Reserved.


INFO: [Labtools 27-3415] Connecting to cs_server url TCP:localhost:0
INFO: [Labtools 27-3417] Launching cs_server...
INFO: [Labtools 27-2221] Launch Output:


******** Xilinx cs_server v2024.1.0
  ****** Build date   : Mar 09 2024-01:00:37
    **** Build number : 2024.1.1709942437
      ** Copyright 2017-2022 Xilinx, Inc. All Rights Reserved.
      ** Copyright 2022-2025 Advanced Micro Devices, Inc. All Rights Reserved.



connect_hw_server: Time (s): cpu = 00:00:00 ; elapsed = 00:00:06 . Memory (MB): peak = 3183.711 ; gain = 9.918
open_hw_target
INFO: [Labtoolstcl 44-466] Opening hw_target localhost:3121/xilinx_tcf/Digilent/210183A3873BA
set_property PROGRAM.FILE {C:/Progh/Code/Project_RetroGame/FAT/CharacterLevelMove.runs/impl_1/DVI_Top.bit} [get_hw_devices xc7a35t_0]
current_hw_device [get_hw_devices xc7a35t_0]
refresh_hw_device -update_hw_probes false [lindex [get_hw_devices xc7a35t_0] 0]
INFO: [Labtools 27-1434] Device xc7a35t (JTAG device index = 0) is programmed with a design that has no supported debug core(s) in it.
set_property PROBES.FILE {} [get_hw_devices xc7a35t_0]
set_property FULL_PROBES.FILE {} [get_hw_devices xc7a35t_0]
set_property PROGRAM.FILE {C:/Progh/Code/Project_RetroGame/FAT/CharacterLevelMove.runs/impl_1/DVI_Top.bit} [get_hw_devices xc7a35t_0]
program_hw_devices [get_hw_devices xc7a35t_0]
INFO: [Labtools 27-3164] End of startup status: HIGH
refresh_hw_device [lindex [get_hw_devices xc7a35t_0] 0]
INFO: [Labtools 27-1434] Device xc7a35t (JTAG device index = 0) is programmed with a design that has no supported debug core(s) in it.
archive_project C:/Progh/Code/Project_RetroGame/Fat_Backup/CharacterLevelMove.xpr.zip -temp_dir C:/Progh/Code/Project_RetroGame/FAT/.Xil/Vivado-4076-DESKTOP-H0VVJ00 -force -include_local_ip_cache
INFO: [Coretcl 2-137] starting archive...
INFO: [Coretcl 2-1499] Saving project copy to temporary location 'C:/Progh/Code/Project_RetroGame/FAT/.Xil/Vivado-4076-DESKTOP-H0VVJ00' for archiving project
INFO: [Project 1-19] Could not find the file 'C:/Progh/Code/Project_RetroGame/Show_Level/archive_project_summary.txt'.
Scanning sources...
Finished scanning sources
INFO: [IP_Flow 19-234] Refreshing IP repositories
INFO: [IP_Flow 19-1704] No user IP repositories specified
INFO: [IP_Flow 19-2313] Loaded Vivado IP repository 'C:/Xilinx/Vivado/2024.1/data/ip'.
WARNING: [filemgmt 56-199] Attempt to get parsing info during refresh. "On-the-fly" syntax checking information may be incorrect. [C:\Progh\Code\Project_RetroGame\FAT\CharacterLevelMove.srcs\sources_1\new\ControlCharacter.vhd:]
WARNING: [filemgmt 56-199] Attempt to get parsing info during refresh. "On-the-fly" syntax checking information may be incorrect. [C:\Progh\Code\Project_RetroGame\FAT\CharacterLevelMove.srcs\sources_1\new\XY_GEN.vhd:]
WARNING: [filemgmt 56-199] Attempt to get parsing info during refresh. "On-the-fly" syntax checking information may be incorrect. [C:\Progh\Code\Project_RetroGame\FAT\CharacterLevelMove.srcs\sources_1\new\CharacterController.vhd:]
WARNING: [filemgmt 56-199] Attempt to get parsing info during refresh. "On-the-fly" syntax checking information may be incorrect. [C:\Progh\Code\Project_RetroGame\FAT\CharacterLevelMove.srcs\sources_1\imports\Week 5 + 6 - Bounching Square - Ball\DVI.vhd:]
WARNING: [filemgmt 56-199] Attempt to get parsing info during refresh. "On-the-fly" syntax checking information may be incorrect. [C:\Progh\Code\Project_RetroGame\FAT\CharacterLevelMove.srcs\sources_1\new\XY_GEN.vhd:]
WARNING: [filemgmt 56-199] Attempt to get parsing info during refresh. "On-the-fly" syntax checking information may be incorrect. [C:\Progh\Code\Project_RetroGame\FAT\CharacterLevelMove.srcs\sources_1\new\XY_GEN.vhd:]
WARNING: [filemgmt 56-199] Attempt to get parsing info during refresh. "On-the-fly" syntax checking information may be incorrect. [C:\Progh\Code\Project_RetroGame\FAT\CharacterLevelMove.srcs\sources_1\new\ControlCharacter.vhd:]
WARNING: [filemgmt 56-199] Attempt to get parsing info during refresh. "On-the-fly" syntax checking information may be incorrect. [C:\Progh\Code\Project_RetroGame\FAT\CharacterLevelMove.srcs\sources_1\new\XY_GEN.vhd:]
WARNING: [filemgmt 56-199] Attempt to get parsing info during refresh. "On-the-fly" syntax checking information may be incorrect. [C:\Progh\Code\Project_RetroGame\FAT\CharacterLevelMove.srcs\sources_1\new\CharacterController.vhd:]
WARNING: [filemgmt 56-199] Attempt to get parsing info during refresh. "On-the-fly" syntax checking information may be incorrect. [C:\Progh\Code\Project_RetroGame\FAT\CharacterLevelMove.srcs\sources_1\imports\Week 5 + 6 - Bounching Square - Ball\DVI.vhd:]
WARNING: [filemgmt 56-199] Attempt to get parsing info during refresh. "On-the-fly" syntax checking information may be incorrect. [C:\Progh\Code\Project_RetroGame\FAT\CharacterLevelMove.srcs\sources_1\new\ControlCharacter.vhd:]
WARNING: [filemgmt 56-199] Attempt to get parsing info during refresh. "On-the-fly" syntax checking information may be incorrect. [C:\Progh\Code\Project_RetroGame\FAT\CharacterLevelMove.srcs\sources_1\new\ControlCharacter.vhd:]
INFO: [Coretcl 2-1211] Creating project copy for archival...
ERROR: [Common 17-180] Spawn failed: No error
WARNING: [filemgmt 56-199] Attempt to get parsing info during refresh. "On-the-fly" syntax checking information may be incorrect. [C:\Progh\Code\Project_RetroGame\FAT\CharacterLevelMove.srcs\sources_1\new\ControlCharacter.vhd:]
WARNING: [filemgmt 56-199] Attempt to get parsing info during refresh. "On-the-fly" syntax checking information may be incorrect. [C:\Progh\Code\Project_RetroGame\FAT\CharacterLevelMove.srcs\sources_1\new\XY_GEN.vhd:]
WARNING: [filemgmt 56-199] Attempt to get parsing info during refresh. "On-the-fly" syntax checking information may be incorrect. [C:\Progh\Code\Project_RetroGame\FAT\CharacterLevelMove.srcs\sources_1\new\CharacterController.vhd:]
WARNING: [filemgmt 56-199] Attempt to get parsing info during refresh. "On-the-fly" syntax checking information may be incorrect. [C:\Progh\Code\Project_RetroGame\FAT\CharacterLevelMove.srcs\sources_1\imports\Week 5 + 6 - Bounching Square - Ball\DVI.vhd:]
WARNING: [filemgmt 56-199] Attempt to get parsing info during refresh. "On-the-fly" syntax checking information may be incorrect. [C:\Progh\Code\Project_RetroGame\FAT\CharacterLevelMove.srcs\sources_1\imports\Week 5 + 6 - Bounching Square - Ball\DVI.vhd:]
WARNING: [filemgmt 56-199] Attempt to get parsing info during refresh. "On-the-fly" syntax checking information may be incorrect. [C:\Progh\Code\Project_RetroGame\FAT\CharacterLevelMove.srcs\sources_1\imports\Week 5 + 6 - Bounching Square - Ball\DVI.vhd:]
ERROR: [Common 17-180] Spawn failed: No error
INFO: [IP_Flow 19-7005] Skipping external file c:/Progh/Code/Project_RetroGame/FAT/CharacterLevelMove.srcs/sources_1/imports/CoeFileOpslag/Beter1.coe
INFO: [IP_Flow 19-7005] Skipping external file c:/Progh/Code/Project_RetroGame/FAT/CharacterLevelMove.srcs/sources_1/imports/CoeFileOpslag/Beter2.coe
INFO: [IP_Flow 19-7005] Skipping external file c:/Progh/Code/Project_RetroGame/FAT/CharacterLevelMove.srcs/sources_1/imports/CoeFileOpslag/Beter3.coe
INFO: [IP_Flow 19-7005] Skipping external file c:/Progh/Code/Project_RetroGame/FAT/CharacterLevelMove.srcs/sources_1/imports/CoeFileOpslag/Beter4.coe
INFO: [IP_Flow 19-7005] Skipping external file c:/Progh/Code/Project_RetroGame/FAT/CoeFilesOpslag/MapBeter.coe
WARNING: [IP_Flow 19-4995] The host OS only allows 260 characters in a normal path. The IP cache path is more than 80 characters. If you experience issues with IP caching, please consider changing the IP cache to a location with a shorter path. Alternately consider using the OS subst command to map part of the path to a drive letter. 
Current IP cache path is C:/Progh/Code/Project_RetroGame/FAT/.Xil/Vivado-4076-DESKTOP-H0VVJ00/PrjAr/_X_/CharacterLevelMove.cache/ip 
WARNING: [filemgmt 56-199] Attempt to get parsing info during refresh. "On-the-fly" syntax checking information may be incorrect. [C:\Progh\Code\Project_RetroGame\FAT\CharacterLevelMove.srcs\sources_1\new\ControlCharacter.vhd:]
WARNING: [filemgmt 56-199] Attempt to get parsing info during refresh. "On-the-fly" syntax checking information may be incorrect. [C:\Progh\Code\Project_RetroGame\FAT\CharacterLevelMove.srcs\sources_1\new\XY_GEN.vhd:]
WARNING: [filemgmt 56-199] Attempt to get parsing info during refresh. "On-the-fly" syntax checking information may be incorrect. [C:\Progh\Code\Project_RetroGame\FAT\CharacterLevelMove.srcs\sources_1\new\CharacterController.vhd:]
WARNING: [filemgmt 56-199] Attempt to get parsing info during refresh. "On-the-fly" syntax checking information may be incorrect. [C:\Progh\Code\Project_RetroGame\FAT\CharacterLevelMove.srcs\sources_1\imports\Week 5 + 6 - Bounching Square - Ball\DVI.vhd:]
WARNING: [filemgmt 56-199] Attempt to get parsing info during refresh. "On-the-fly" syntax checking information may be incorrect. [C:\Progh\Code\Project_RetroGame\FAT\CharacterLevelMove.srcs\sources_1\new\ControlCharacter.vhd:]
WARNING: [filemgmt 56-199] Attempt to get parsing info during refresh. "On-the-fly" syntax checking information may be incorrect. [C:\Progh\Code\Project_RetroGame\FAT\CharacterLevelMove.srcs\sources_1\new\ControlCharacter.vhd:]
WARNING: [filemgmt 56-199] Attempt to get parsing info during refresh. "On-the-fly" syntax checking information may be incorrect. [C:\Progh\Code\Project_RetroGame\FAT\CharacterLevelMove.srcs\sources_1\new\ControlCharacter.vhd:]
WARNING: [filemgmt 56-199] Attempt to get parsing info during refresh. "On-the-fly" syntax checking information may be incorrect. [C:\Progh\Code\Project_RetroGame\FAT\CharacterLevelMove.srcs\sources_1\new\XY_GEN.vhd:]
WARNING: [filemgmt 56-199] Attempt to get parsing info during refresh. "On-the-fly" syntax checking information may be incorrect. [C:\Progh\Code\Project_RetroGame\FAT\CharacterLevelMove.srcs\sources_1\new\CharacterController.vhd:]
WARNING: [filemgmt 56-199] Attempt to get parsing info during refresh. "On-the-fly" syntax checking information may be incorrect. [C:\Progh\Code\Project_RetroGame\FAT\CharacterLevelMove.srcs\sources_1\imports\Week 5 + 6 - Bounching Square - Ball\DVI.vhd:]
WARNING: [filemgmt 56-199] Attempt to get parsing info during refresh. "On-the-fly" syntax checking information may be incorrect. [C:\Progh\Code\Project_RetroGame\FAT\CharacterLevelMove.srcs\sources_1\new\XY_GEN.vhd:]
WARNING: [filemgmt 56-199] Attempt to get parsing info during refresh. "On-the-fly" syntax checking information may be incorrect. [C:\Progh\Code\Project_RetroGame\FAT\CharacterLevelMove.srcs\sources_1\new\XY_GEN.vhd:]
INFO: [Coretcl 2-1213] Including run results for 'synth_1'
INFO: [Coretcl 2-1213] Including run results for 'clkDVIprescaler_synth_1'
INFO: [Coretcl 2-1213] Including run results for 'blk_mem_gen_0_synth_1'
INFO: [Coretcl 2-1213] Including run results for 'blk_mem_gen_1_synth_1'
INFO: [Coretcl 2-1213] Including run results for 'blk_mem_gen_2_synth_1'
INFO: [Coretcl 2-1213] Including run results for 'blk_mem_gen_3_synth_1'
INFO: [Coretcl 2-1213] Including run results for 'blk_mem_gen_4_synth_1'
INFO: [Coretcl 2-1213] Including run results for 'impl_1'
INFO: [Coretcl 2-133] re-setting run 'clkDVIprescaler_impl_1'...
INFO: [Coretcl 2-133] re-setting run 'blk_mem_gen_0_impl_1'...
INFO: [Coretcl 2-133] re-setting run 'blk_mem_gen_1_impl_1'...
INFO: [Coretcl 2-133] re-setting run 'blk_mem_gen_2_impl_1'...
INFO: [Coretcl 2-133] re-setting run 'blk_mem_gen_3_impl_1'...
INFO: [Coretcl 2-133] re-setting run 'blk_mem_gen_4_impl_1'...
ERROR: [Common 17-180] Spawn failed: No error
WARNING: [filemgmt 56-199] Attempt to get parsing info during refresh. "On-the-fly" syntax checking information may be incorrect. [C:\Progh\Code\Project_RetroGame\FAT\CharacterLevelMove.srcs\sources_1\new\ControlCharacter.vhd:]
WARNING: [filemgmt 56-199] Attempt to get parsing info during refresh. "On-the-fly" syntax checking information may be incorrect. [C:\Progh\Code\Project_RetroGame\FAT\CharacterLevelMove.srcs\sources_1\new\XY_GEN.vhd:]
WARNING: [filemgmt 56-199] Attempt to get parsing info during refresh. "On-the-fly" syntax checking information may be incorrect. [C:\Progh\Code\Project_RetroGame\FAT\CharacterLevelMove.srcs\sources_1\new\CharacterController.vhd:]
WARNING: [filemgmt 56-199] Attempt to get parsing info during refresh. "On-the-fly" syntax checking information may be incorrect. [C:\Progh\Code\Project_RetroGame\FAT\CharacterLevelMove.srcs\sources_1\imports\Week 5 + 6 - Bounching Square - Ball\DVI.vhd:]
WARNING: [filemgmt 56-199] Attempt to get parsing info during refresh. "On-the-fly" syntax checking information may be incorrect. [C:\Progh\Code\Project_RetroGame\FAT\CharacterLevelMove.srcs\sources_1\new\CharacterController.vhd:]
WARNING: [filemgmt 56-199] Attempt to get parsing info during refresh. "On-the-fly" syntax checking information may be incorrect. [C:\Progh\Code\Project_RetroGame\FAT\CharacterLevelMove.srcs\sources_1\new\CharacterController.vhd:]
ERROR: [Common 17-180] Spawn failed: No error
WARNING: [Coretcl 2-52] File 'C:/Progh/Code/Project_RetroGame/Show_Level/archive_project_summary.txt' does not exist
INFO: [Coretcl 2-1212] Importing remotely added design sources and verilog include files (if any)...
INFO: [filemgmt 20-334] All file(s) are already imported in fileset: 'blk_mem_gen_0'
INFO: [filemgmt 20-348] Importing the appropriate files for fileset: 'blk_mem_gen_0'
INFO: [filemgmt 20-334] All file(s) are already imported in fileset: 'blk_mem_gen_1'
INFO: [filemgmt 20-348] Importing the appropriate files for fileset: 'blk_mem_gen_1'
INFO: [filemgmt 20-334] All file(s) are already imported in fileset: 'blk_mem_gen_2'
INFO: [filemgmt 20-348] Importing the appropriate files for fileset: 'blk_mem_gen_2'
INFO: [filemgmt 20-334] All file(s) are already imported in fileset: 'blk_mem_gen_3'
INFO: [filemgmt 20-348] Importing the appropriate files for fileset: 'blk_mem_gen_3'
INFO: [filemgmt 20-334] All file(s) are already imported in fileset: 'blk_mem_gen_4'
INFO: [filemgmt 20-348] Importing the appropriate files for fileset: 'blk_mem_gen_4'
INFO: [filemgmt 20-334] All file(s) are already imported in fileset: 'clkDVIprescaler'
INFO: [filemgmt 20-348] Importing the appropriate files for fileset: 'clkDVIprescaler'
INFO: [filemgmt 20-334] All file(s) are already imported in fileset: 'constrs_1'
INFO: [filemgmt 20-348] Importing the appropriate files for fileset: 'constrs_1'
INFO: [filemgmt 20-348] Importing the appropriate files for fileset: 'sources_1'
WARNING: [filemgmt 20-342] File / dir doesn't exist, skipping: C:/Progh/Code/Project_RetroGame/Show_Level/archive_project_summary.txt
INFO: [filemgmt 20-334] All file(s) are already imported in fileset: 'utils_1'
INFO: [filemgmt 20-348] Importing the appropriate files for fileset: 'utils_1'
INFO: [Coretcl 2-1209] Adding archive summary file to the project...
INFO: [Coretcl 2-1214] Preparing project files for archive...
WARNING: [filemgmt 56-199] Attempt to get parsing info during refresh. "On-the-fly" syntax checking information may be incorrect. [C:\Progh\Code\Project_RetroGame\FAT\CharacterLevelMove.srcs\sources_1\new\ControlCharacter.vhd:]
WARNING: [filemgmt 56-199] Attempt to get parsing info during refresh. "On-the-fly" syntax checking information may be incorrect. [C:\Progh\Code\Project_RetroGame\FAT\CharacterLevelMove.srcs\sources_1\new\XY_GEN.vhd:]
WARNING: [filemgmt 56-199] Attempt to get parsing info during refresh. "On-the-fly" syntax checking information may be incorrect. [C:\Progh\Code\Project_RetroGame\FAT\CharacterLevelMove.srcs\sources_1\new\CharacterController.vhd:]
WARNING: [filemgmt 56-199] Attempt to get parsing info during refresh. "On-the-fly" syntax checking information may be incorrect. [C:\Progh\Code\Project_RetroGame\FAT\CharacterLevelMove.srcs\sources_1\imports\Week 5 + 6 - Bounching Square - Ball\DVI.vhd:]
WARNING: [filemgmt 56-199] Attempt to get parsing info during refresh. "On-the-fly" syntax checking information may be incorrect. [C:\Progh\Code\Project_RetroGame\FAT\CharacterLevelMove.srcs\sources_1\new\XY_GEN.vhd:]
WARNING: [filemgmt 56-199] Attempt to get parsing info during refresh. "On-the-fly" syntax checking information may be incorrect. [C:\Progh\Code\Project_RetroGame\FAT\CharacterLevelMove.srcs\sources_1\new\XY_GEN.vhd:]
WARNING: [filemgmt 56-199] Attempt to get parsing info during refresh. "On-the-fly" syntax checking information may be incorrect. [C:\Progh\Code\Project_RetroGame\FAT\CharacterLevelMove.srcs\sources_1\new\ControlCharacter.vhd:]
WARNING: [filemgmt 56-199] Attempt to get parsing info during refresh. "On-the-fly" syntax checking information may be incorrect. [C:\Progh\Code\Project_RetroGame\FAT\CharacterLevelMove.srcs\sources_1\new\XY_GEN.vhd:]
WARNING: [filemgmt 56-199] Attempt to get parsing info during refresh. "On-the-fly" syntax checking information may be incorrect. [C:\Progh\Code\Project_RetroGame\FAT\CharacterLevelMove.srcs\sources_1\new\CharacterController.vhd:]
WARNING: [filemgmt 56-199] Attempt to get parsing info during refresh. "On-the-fly" syntax checking information may be incorrect. [C:\Progh\Code\Project_RetroGame\FAT\CharacterLevelMove.srcs\sources_1\imports\Week 5 + 6 - Bounching Square - Ball\DVI.vhd:]
WARNING: [filemgmt 56-199] Attempt to get parsing info during refresh. "On-the-fly" syntax checking information may be incorrect. [C:\Progh\Code\Project_RetroGame\FAT\CharacterLevelMove.srcs\sources_1\new\ControlCharacter.vhd:]
WARNING: [filemgmt 56-199] Attempt to get parsing info during refresh. "On-the-fly" syntax checking information may be incorrect. [C:\Progh\Code\Project_RetroGame\FAT\CharacterLevelMove.srcs\sources_1\new\ControlCharacter.vhd:]
INFO: [Coretcl 2-1210] Compressing project files and data...
ERROR: [Common 17-180] Spawn failed: No error
WARNING: [filemgmt 56-199] Attempt to get parsing info during refresh. "On-the-fly" syntax checking information may be incorrect. [C:\Progh\Code\Project_RetroGame\FAT\CharacterLevelMove.srcs\sources_1\new\ControlCharacter.vhd:]
WARNING: [filemgmt 56-199] Attempt to get parsing info during refresh. "On-the-fly" syntax checking information may be incorrect. [C:\Progh\Code\Project_RetroGame\FAT\CharacterLevelMove.srcs\sources_1\new\XY_GEN.vhd:]
WARNING: [filemgmt 56-199] Attempt to get parsing info during refresh. "On-the-fly" syntax checking information may be incorrect. [C:\Progh\Code\Project_RetroGame\FAT\CharacterLevelMove.srcs\sources_1\new\CharacterController.vhd:]
WARNING: [filemgmt 56-199] Attempt to get parsing info during refresh. "On-the-fly" syntax checking information may be incorrect. [C:\Progh\Code\Project_RetroGame\FAT\CharacterLevelMove.srcs\sources_1\imports\Week 5 + 6 - Bounching Square - Ball\DVI.vhd:]
WARNING: [filemgmt 56-199] Attempt to get parsing info during refresh. "On-the-fly" syntax checking information may be incorrect. [C:\Progh\Code\Project_RetroGame\FAT\CharacterLevelMove.srcs\sources_1\imports\Week 5 + 6 - Bounching Square - Ball\DVI.vhd:]
WARNING: [filemgmt 56-199] Attempt to get parsing info during refresh. "On-the-fly" syntax checking information may be incorrect. [C:\Progh\Code\Project_RetroGame\FAT\CharacterLevelMove.srcs\sources_1\imports\Week 5 + 6 - Bounching Square - Ball\DVI.vhd:]
ERROR: [Common 17-180] Spawn failed: No error
INFO: [Coretcl 2-1215] Project archived (C:/Progh/Code/Project_RetroGame/Fat_Backup/CharacterLevelMove.xpr.zip)
INFO: [Coretcl 2-1216] To view the archive summary log in GUI, double click on 'Design Sources->Text->archive_project_summary.txt', or open this file from the archived project directory.
archive_project: Time (s): cpu = 00:00:11 ; elapsed = 00:00:16 . Memory (MB): peak = 3261.152 ; gain = 24.324
ERROR: [Common 17-39] 'archive_project' failed due to earlier errors.
exit
INFO: [Common 17-206] Exiting Vivado at Wed Mar 19 16:59:59 2025...
