Copyright 1986-2022 Xilinx, Inc. All Rights Reserved. Copyright 2022-2024 Advanced Micro Devices, Inc. All Rights Reserved.
------------------------------------------------------------------------------------------------------------------------------------------------------------------------------------------------------------------
| Tool Version : Vivado v.2024.1 (win64) Build 5076996 Wed May 22 18:37:14 MDT 2024
| Date         : Thu Apr 10 09:21:33 2025
| Host         : DESKTOP-H0VVJ00 running 64-bit major release  (build 9200)
| Command      : report_timing_summary -max_paths 10 -report_unconstrained -file DVI_Top_timing_summary_routed.rpt -pb DVI_Top_timing_summary_routed.pb -rpx DVI_Top_timing_summary_routed.rpx -warn_on_violation
| Design       : DVI_Top
| Device       : 7a35t-cpg236
| Speed File   : -1  PRODUCTION 1.23 2018-06-13
| Design State : Routed
------------------------------------------------------------------------------------------------------------------------------------------------------------------------------------------------------------------

Timing Summary Report

------------------------------------------------------------------------------------------------
| Timer Settings
| --------------
------------------------------------------------------------------------------------------------

  Enable Multi Corner Analysis               :  Yes
  Enable Pessimism Removal                   :  Yes
  Pessimism Removal Resolution               :  Nearest Common Node
  Enable Input Delay Default Clock           :  No
  Enable Preset / Clear Arcs                 :  No
  Disable Flight Delays                      :  No
  Ignore I/O Paths                           :  No
  Timing Early Launch at Borrowing Latches   :  No
  Borrow Time for Max Delay Exceptions       :  Yes
  Merge Timing Exceptions                    :  Yes
  Inter-SLR Compensation                     :  Conservative

  Corner  Analyze    Analyze    
  Name    Max Paths  Min Paths  
  ------  ---------  ---------  
  Slow    Yes        Yes        
  Fast    Yes        Yes        


------------------------------------------------------------------------------------------------
| Report Methodology
| ------------------
------------------------------------------------------------------------------------------------

Rule       Severity          Description                  Violations  
---------  ----------------  ---------------------------  ----------  
TIMING-17  Critical Warning  Non-clocked sequential cell  706         

Note: This report is based on the most recent report_methodology run and may not be up-to-date. Run report_methodology on the current design for the latest report.



check_timing report

Table of Contents
-----------------
1. checking no_clock (706)
2. checking constant_clock (0)
3. checking pulse_width_clock (0)
4. checking unconstrained_internal_endpoints (1364)
5. checking no_input_delay (2)
6. checking no_output_delay (15)
7. checking multiple_clock (0)
8. checking generated_clocks (0)
9. checking loops (0)
10. checking partial_input_delay (0)
11. checking partial_output_delay (0)
12. checking latch_loops (0)

1. checking no_clock (706)
--------------------------
 There are 706 register/latch pins with no clock driven by root clock pin: SCK (HIGH)


2. checking constant_clock (0)
------------------------------
 There are 0 register/latch pins with constant_clock.


3. checking pulse_width_clock (0)
---------------------------------
 There are 0 register/latch pins which need pulse_width check


4. checking unconstrained_internal_endpoints (1364)
---------------------------------------------------
 There are 1364 pins that are not constrained for maximum delay. (HIGH)

 There are 0 pins that are not constrained for maximum delay due to constant clock.


5. checking no_input_delay (2)
------------------------------
 There are 2 input ports with no input delay specified. (HIGH)

 There are 0 input ports with no input delay but user has a false path constraint.


6. checking no_output_delay (15)
--------------------------------
 There are 15 ports with no output delay specified. (HIGH)

 There are 0 ports with no output delay but user has a false path constraint

 There are 0 ports with no output delay but with a timing clock defined on it or propagating through it


7. checking multiple_clock (0)
------------------------------
 There are 0 register/latch pins with multiple clocks.


8. checking generated_clocks (0)
--------------------------------
 There are 0 generated clocks that are not connected to a clock source.


9. checking loops (0)
---------------------
 There are 0 combinational loops in the design.


10. checking partial_input_delay (0)
------------------------------------
 There are 0 input ports with partial input delay specified.


11. checking partial_output_delay (0)
-------------------------------------
 There are 0 ports with partial output delay specified.


12. checking latch_loops (0)
----------------------------
 There are 0 combinational latch loops in the design through latch input



------------------------------------------------------------------------------------------------
| Design Timing Summary
| ---------------------
------------------------------------------------------------------------------------------------

    WNS(ns)      TNS(ns)  TNS Failing Endpoints  TNS Total Endpoints      WHS(ns)      THS(ns)  THS Failing Endpoints  THS Total Endpoints     WPWS(ns)     TPWS(ns)  TPWS Failing Endpoints  TPWS Total Endpoints  
    -------      -------  ---------------------  -------------------      -------      -------  ---------------------  -------------------     --------     --------  ----------------------  --------------------  
     23.413        0.000                      0                 1121        0.046        0.000                      0                 1121        3.000        0.000                       0                   650  


All user specified timing constraints are met.


------------------------------------------------------------------------------------------------
| Clock Summary
| -------------
------------------------------------------------------------------------------------------------

Clock                       Waveform(ns)       Period(ns)      Frequency(MHz)
-----                       ------------       ----------      --------------
clk100                      {0.000 5.000}      10.000          100.000         
  clk_25_clkDVIprescaler    {0.000 20.000}     40.000          25.000          
  clkfbout_clkDVIprescaler  {0.000 5.000}      10.000          100.000         


------------------------------------------------------------------------------------------------
| Intra Clock Table
| -----------------
------------------------------------------------------------------------------------------------

Clock                           WNS(ns)      TNS(ns)  TNS Failing Endpoints  TNS Total Endpoints      WHS(ns)      THS(ns)  THS Failing Endpoints  THS Total Endpoints     WPWS(ns)     TPWS(ns)  TPWS Failing Endpoints  TPWS Total Endpoints  
-----                           -------      -------  ---------------------  -------------------      -------      -------  ---------------------  -------------------     --------     --------  ----------------------  --------------------  
clk100                                                                                                                                                                        3.000        0.000                       0                     1  
  clk_25_clkDVIprescaler         23.413        0.000                      0                 1121        0.046        0.000                      0                 1121       19.500        0.000                       0                   646  
  clkfbout_clkDVIprescaler                                                                                                                                                    7.845        0.000                       0                     3  


------------------------------------------------------------------------------------------------
| Inter Clock Table
| -----------------
------------------------------------------------------------------------------------------------

From Clock    To Clock          WNS(ns)      TNS(ns)  TNS Failing Endpoints  TNS Total Endpoints      WHS(ns)      THS(ns)  THS Failing Endpoints  THS Total Endpoints  
----------    --------          -------      -------  ---------------------  -------------------      -------      -------  ---------------------  -------------------  


------------------------------------------------------------------------------------------------
| Other Path Groups Table
| -----------------------
------------------------------------------------------------------------------------------------

Path Group    From Clock    To Clock          WNS(ns)      TNS(ns)  TNS Failing Endpoints  TNS Total Endpoints      WHS(ns)      THS(ns)  THS Failing Endpoints  THS Total Endpoints  
----------    ----------    --------          -------      -------  ---------------------  -------------------      -------      -------  ---------------------  -------------------  


------------------------------------------------------------------------------------------------
| User Ignored Path Table
| -----------------------
------------------------------------------------------------------------------------------------

Path Group    From Clock    To Clock    
----------    ----------    --------    


------------------------------------------------------------------------------------------------
| Unconstrained Path Table
| ------------------------
------------------------------------------------------------------------------------------------

Path Group                From Clock                To Clock                
----------                ----------                --------                
(none)                                                                        
(none)                    clk_25_clkDVIprescaler                              
(none)                    clkfbout_clkDVIprescaler                            
(none)                                              clk_25_clkDVIprescaler    


------------------------------------------------------------------------------------------------
| Timing Details
| --------------
------------------------------------------------------------------------------------------------


---------------------------------------------------------------------------------------------------
From Clock:  clk100
  To Clock:  clk100

Setup :           NA  Failing Endpoints,  Worst Slack           NA  ,  Total Violation           NA
Hold  :           NA  Failing Endpoints,  Worst Slack           NA  ,  Total Violation           NA
PW    :            0  Failing Endpoints,  Worst Slack        3.000ns,  Total Violation        0.000ns
---------------------------------------------------------------------------------------------------


Pulse Width Checks
--------------------------------------------------------------------------------------
Clock Name:         clk100
Waveform(ns):       { 0.000 5.000 }
Period(ns):         10.000
Sources:            { clk100 }

Check Type        Corner  Lib Pin            Reference Pin  Required(ns)  Actual(ns)  Slack(ns)  Location         Pin
Min Period        n/a     MMCME2_ADV/CLKIN1  n/a            1.249         10.000      8.751      MMCME2_ADV_X1Y0  prescaler_instance/inst/mmcm_adv_inst/CLKIN1
Max Period        n/a     MMCME2_ADV/CLKIN1  n/a            100.000       10.000      90.000     MMCME2_ADV_X1Y0  prescaler_instance/inst/mmcm_adv_inst/CLKIN1
Low Pulse Width   Slow    MMCME2_ADV/CLKIN1  n/a            2.000         5.000       3.000      MMCME2_ADV_X1Y0  prescaler_instance/inst/mmcm_adv_inst/CLKIN1
Low Pulse Width   Fast    MMCME2_ADV/CLKIN1  n/a            2.000         5.000       3.000      MMCME2_ADV_X1Y0  prescaler_instance/inst/mmcm_adv_inst/CLKIN1
High Pulse Width  Slow    MMCME2_ADV/CLKIN1  n/a            2.000         5.000       3.000      MMCME2_ADV_X1Y0  prescaler_instance/inst/mmcm_adv_inst/CLKIN1
High Pulse Width  Fast    MMCME2_ADV/CLKIN1  n/a            2.000         5.000       3.000      MMCME2_ADV_X1Y0  prescaler_instance/inst/mmcm_adv_inst/CLKIN1



---------------------------------------------------------------------------------------------------
From Clock:  clk_25_clkDVIprescaler
  To Clock:  clk_25_clkDVIprescaler

Setup :            0  Failing Endpoints,  Worst Slack       23.413ns,  Total Violation        0.000ns
Hold  :            0  Failing Endpoints,  Worst Slack        0.046ns,  Total Violation        0.000ns
PW    :            0  Failing Endpoints,  Worst Slack       19.500ns,  Total Violation        0.000ns
---------------------------------------------------------------------------------------------------


Max Delay Paths
--------------------------------------------------------------------------------------
Slack (MET) :             23.413ns  (required time - arrival time)
  Source:                 dvi_driver_inst/hcount_int_reg[4]/C
                            (rising edge-triggered cell FDRE clocked by clk_25_clkDVIprescaler  {rise@0.000ns fall@20.000ns period=40.000ns})
  Destination:            pixel_gen_inst/DisplayBullet_inst/ROM_inst/U0/inst_blk_mem_gen/gnbram.gnativebmg.native_blk_mem_gen/valid.cstr/ramloop[0].ram.r/prim_init.ram/DEVICE_7SERIES.NO_BMM_INFO.SP.WIDE_PRIM18.ram/ADDRARDADDR[6]
                            (rising edge-triggered cell RAMB18E1 clocked by clk_25_clkDVIprescaler  {rise@0.000ns fall@20.000ns period=40.000ns})
  Path Group:             clk_25_clkDVIprescaler
  Path Type:              Setup (Max at Slow Process Corner)
  Requirement:            40.000ns  (clk_25_clkDVIprescaler rise@40.000ns - clk_25_clkDVIprescaler rise@0.000ns)
  Data Path Delay:        15.904ns  (logic 2.078ns (13.066%)  route 13.826ns (86.934%))
  Logic Levels:           8  (CARRY4=2 LUT4=1 LUT5=2 LUT6=3)
  Clock Path Skew:        -0.020ns (DCD - SCD + CPR)
    Destination Clock Delay (DCD):    -1.526ns = ( 38.474 - 40.000 ) 
    Source Clock Delay      (SCD):    -0.943ns
    Clock Pessimism Removal (CPR):    0.564ns
  Clock Uncertainty:      0.098ns  ((TSJ^2 + DJ^2)^1/2) / 2 + PE
    Total System Jitter     (TSJ):    0.071ns
    Discrete Jitter          (DJ):    0.182ns
    Phase Error              (PE):    0.000ns

    Location             Delay type                Incr(ns)  Path(ns)    Netlist Resource(s)
  -------------------------------------------------------------------    -------------------
                         (clock clk_25_clkDVIprescaler rise edge)
                                                      0.000     0.000 r  
    W5                                                0.000     0.000 r  clk100 (IN)
                         net (fo=0)                   0.000     0.000    prescaler_instance/inst/clk_100
    W5                   IBUF (Prop_ibuf_I_O)         1.458     1.458 r  prescaler_instance/inst/clkin1_ibufg/O
                         net (fo=1, routed)           1.233     2.691    prescaler_instance/inst/clk_100_clkDVIprescaler
    MMCME2_ADV_X1Y0      MMCME2_ADV (Prop_mmcme2_adv_CLKIN1_CLKOUT0)
                                                     -6.961    -4.269 r  prescaler_instance/inst/mmcm_adv_inst/CLKOUT0
                         net (fo=1, routed)           1.661    -2.608    prescaler_instance/inst/clk_25_clkDVIprescaler
    BUFGCTRL_X0Y0        BUFG (Prop_bufg_I_O)         0.096    -2.512 r  prescaler_instance/inst/clkout1_buf/O
                         net (fo=645, routed)         1.569    -0.943    dvi_driver_inst/clk_25
    SLICE_X15Y4          FDRE                                         r  dvi_driver_inst/hcount_int_reg[4]/C
  -------------------------------------------------------------------    -------------------
    SLICE_X15Y4          FDRE (Prop_fdre_C_Q)         0.456    -0.487 r  dvi_driver_inst/hcount_int_reg[4]/Q
                         net (fo=70, routed)          5.077     4.591    pixel_gen_inst/DisplayBullet_inst/ROM_inst_i_187[4]
    SLICE_X12Y32         LUT4 (Prop_lut4_I0_O)        0.124     4.715 r  pixel_gen_inst/DisplayBullet_inst/ROM_inst_i_289/O
                         net (fo=1, routed)           0.000     4.715    dvi_driver_inst/ROM_inst_i_44_0[0]
    SLICE_X12Y32         CARRY4 (Prop_carry4_S[0]_CO[3])
                                                      0.513     5.228 r  dvi_driver_inst/ROM_inst_i_140/CO[3]
                         net (fo=1, routed)           0.000     5.228    dvi_driver_inst/ROM_inst_i_140_n_0
    SLICE_X12Y33         CARRY4 (Prop_carry4_CI_CO[1])
                                                      0.157     5.385 r  dvi_driver_inst/ROM_inst_i_44/CO[1]
                         net (fo=2, routed)           0.984     6.369    pixel_gen_inst/DisplayBullet_inst/ROM_inst_i_6_1[0]
    SLICE_X13Y31         LUT5 (Prop_lut5_I0_O)        0.332     6.701 r  pixel_gen_inst/DisplayBullet_inst/ROM_inst_i_21/O
                         net (fo=29, routed)          2.497     9.197    pixel_gen_inst/DisplayBullet_inst/ROM_inst_i_21_n_0
    SLICE_X10Y14         LUT6 (Prop_lut6_I0_O)        0.124     9.321 r  pixel_gen_inst/DisplayBullet_inst/ROM_inst_i_148/O
                         net (fo=39, routed)          1.765    11.086    pixel_gen_inst/DisplayBullet_inst/ROM_inst_i_148_n_0
    SLICE_X9Y33          LUT6 (Prop_lut6_I4_O)        0.124    11.210 r  pixel_gen_inst/DisplayBullet_inst/ROM_inst_i_71/O
                         net (fo=1, routed)           1.695    12.906    pixel_gen_inst/DisplayBullet_inst/ROM_inst_i_71_n_0
    SLICE_X6Y17          LUT6 (Prop_lut6_I0_O)        0.124    13.030 r  pixel_gen_inst/DisplayBullet_inst/ROM_inst_i_25/O
                         net (fo=4, routed)           0.983    14.012    pixel_gen_inst/DisplayBullet_inst/ROM_inst_i_25_n_0
    SLICE_X6Y20          LUT5 (Prop_lut5_I4_O)        0.124    14.136 r  pixel_gen_inst/DisplayBullet_inst/ROM_inst_i_7/O
                         net (fo=2, routed)           0.825    14.961    pixel_gen_inst/DisplayBullet_inst/ROM_inst/U0/inst_blk_mem_gen/gnbram.gnativebmg.native_blk_mem_gen/valid.cstr/ramloop[0].ram.r/prim_init.ram/addra[1]
    RAMB18_X0Y8          RAMB18E1                                     r  pixel_gen_inst/DisplayBullet_inst/ROM_inst/U0/inst_blk_mem_gen/gnbram.gnativebmg.native_blk_mem_gen/valid.cstr/ramloop[0].ram.r/prim_init.ram/DEVICE_7SERIES.NO_BMM_INFO.SP.WIDE_PRIM18.ram/ADDRARDADDR[6]
  -------------------------------------------------------------------    -------------------

                         (clock clk_25_clkDVIprescaler rise edge)
                                                     40.000    40.000 r  
    W5                                                0.000    40.000 r  clk100 (IN)
                         net (fo=0)                   0.000    40.000    prescaler_instance/inst/clk_100
    W5                   IBUF (Prop_ibuf_I_O)         1.388    41.388 r  prescaler_instance/inst/clkin1_ibufg/O
                         net (fo=1, routed)           1.162    42.550    prescaler_instance/inst/clk_100_clkDVIprescaler
    MMCME2_ADV_X1Y0      MMCME2_ADV (Prop_mmcme2_adv_CLKIN1_CLKOUT0)
                                                     -7.217    35.332 r  prescaler_instance/inst/mmcm_adv_inst/CLKOUT0
                         net (fo=1, routed)           1.581    36.914    prescaler_instance/inst/clk_25_clkDVIprescaler
    BUFGCTRL_X0Y0        BUFG (Prop_bufg_I_O)         0.091    37.005 r  prescaler_instance/inst/clkout1_buf/O
                         net (fo=645, routed)         1.470    38.474    pixel_gen_inst/DisplayBullet_inst/ROM_inst/U0/inst_blk_mem_gen/gnbram.gnativebmg.native_blk_mem_gen/valid.cstr/ramloop[0].ram.r/prim_init.ram/clka
    RAMB18_X0Y8          RAMB18E1                                     r  pixel_gen_inst/DisplayBullet_inst/ROM_inst/U0/inst_blk_mem_gen/gnbram.gnativebmg.native_blk_mem_gen/valid.cstr/ramloop[0].ram.r/prim_init.ram/DEVICE_7SERIES.NO_BMM_INFO.SP.WIDE_PRIM18.ram/CLKARDCLK
                         clock pessimism              0.564    39.038    
                         clock uncertainty           -0.098    38.940    
    RAMB18_X0Y8          RAMB18E1 (Setup_ramb18e1_CLKARDCLK_ADDRARDADDR[6])
                                                     -0.566    38.374    pixel_gen_inst/DisplayBullet_inst/ROM_inst/U0/inst_blk_mem_gen/gnbram.gnativebmg.native_blk_mem_gen/valid.cstr/ramloop[0].ram.r/prim_init.ram/DEVICE_7SERIES.NO_BMM_INFO.SP.WIDE_PRIM18.ram
  -------------------------------------------------------------------
                         required time                         38.374    
                         arrival time                         -14.961    
  -------------------------------------------------------------------
                         slack                                 23.413    

Slack (MET) :             23.419ns  (required time - arrival time)
  Source:                 dvi_driver_inst/hcount_int_reg[4]/C
                            (rising edge-triggered cell FDRE clocked by clk_25_clkDVIprescaler  {rise@0.000ns fall@20.000ns period=40.000ns})
  Destination:            pixel_gen_inst/DisplayBullet_inst/ROM_inst/U0/inst_blk_mem_gen/gnbram.gnativebmg.native_blk_mem_gen/valid.cstr/ramloop[0].ram.r/prim_init.ram/DEVICE_7SERIES.NO_BMM_INFO.SP.WIDE_PRIM18.ram/ADDRBWRADDR[6]
                            (rising edge-triggered cell RAMB18E1 clocked by clk_25_clkDVIprescaler  {rise@0.000ns fall@20.000ns period=40.000ns})
  Path Group:             clk_25_clkDVIprescaler
  Path Type:              Setup (Max at Slow Process Corner)
  Requirement:            40.000ns  (clk_25_clkDVIprescaler rise@40.000ns - clk_25_clkDVIprescaler rise@0.000ns)
  Data Path Delay:        15.904ns  (logic 2.078ns (13.066%)  route 13.826ns (86.934%))
  Logic Levels:           8  (CARRY4=2 LUT4=1 LUT5=2 LUT6=3)
  Clock Path Skew:        -0.014ns (DCD - SCD + CPR)
    Destination Clock Delay (DCD):    -1.520ns = ( 38.480 - 40.000 ) 
    Source Clock Delay      (SCD):    -0.943ns
    Clock Pessimism Removal (CPR):    0.564ns
  Clock Uncertainty:      0.098ns  ((TSJ^2 + DJ^2)^1/2) / 2 + PE
    Total System Jitter     (TSJ):    0.071ns
    Discrete Jitter          (DJ):    0.182ns
    Phase Error              (PE):    0.000ns

    Location             Delay type                Incr(ns)  Path(ns)    Netlist Resource(s)
  -------------------------------------------------------------------    -------------------
                         (clock clk_25_clkDVIprescaler rise edge)
                                                      0.000     0.000 r  
    W5                                                0.000     0.000 r  clk100 (IN)
                         net (fo=0)                   0.000     0.000    prescaler_instance/inst/clk_100
    W5                   IBUF (Prop_ibuf_I_O)         1.458     1.458 r  prescaler_instance/inst/clkin1_ibufg/O
                         net (fo=1, routed)           1.233     2.691    prescaler_instance/inst/clk_100_clkDVIprescaler
    MMCME2_ADV_X1Y0      MMCME2_ADV (Prop_mmcme2_adv_CLKIN1_CLKOUT0)
                                                     -6.961    -4.269 r  prescaler_instance/inst/mmcm_adv_inst/CLKOUT0
                         net (fo=1, routed)           1.661    -2.608    prescaler_instance/inst/clk_25_clkDVIprescaler
    BUFGCTRL_X0Y0        BUFG (Prop_bufg_I_O)         0.096    -2.512 r  prescaler_instance/inst/clkout1_buf/O
                         net (fo=645, routed)         1.569    -0.943    dvi_driver_inst/clk_25
    SLICE_X15Y4          FDRE                                         r  dvi_driver_inst/hcount_int_reg[4]/C
  -------------------------------------------------------------------    -------------------
    SLICE_X15Y4          FDRE (Prop_fdre_C_Q)         0.456    -0.487 r  dvi_driver_inst/hcount_int_reg[4]/Q
                         net (fo=70, routed)          5.077     4.591    pixel_gen_inst/DisplayBullet_inst/ROM_inst_i_187[4]
    SLICE_X12Y32         LUT4 (Prop_lut4_I0_O)        0.124     4.715 r  pixel_gen_inst/DisplayBullet_inst/ROM_inst_i_289/O
                         net (fo=1, routed)           0.000     4.715    dvi_driver_inst/ROM_inst_i_44_0[0]
    SLICE_X12Y32         CARRY4 (Prop_carry4_S[0]_CO[3])
                                                      0.513     5.228 r  dvi_driver_inst/ROM_inst_i_140/CO[3]
                         net (fo=1, routed)           0.000     5.228    dvi_driver_inst/ROM_inst_i_140_n_0
    SLICE_X12Y33         CARRY4 (Prop_carry4_CI_CO[1])
                                                      0.157     5.385 r  dvi_driver_inst/ROM_inst_i_44/CO[1]
                         net (fo=2, routed)           0.984     6.369    pixel_gen_inst/DisplayBullet_inst/ROM_inst_i_6_1[0]
    SLICE_X13Y31         LUT5 (Prop_lut5_I0_O)        0.332     6.701 r  pixel_gen_inst/DisplayBullet_inst/ROM_inst_i_21/O
                         net (fo=29, routed)          2.497     9.197    pixel_gen_inst/DisplayBullet_inst/ROM_inst_i_21_n_0
    SLICE_X10Y14         LUT6 (Prop_lut6_I0_O)        0.124     9.321 r  pixel_gen_inst/DisplayBullet_inst/ROM_inst_i_148/O
                         net (fo=39, routed)          1.765    11.086    pixel_gen_inst/DisplayBullet_inst/ROM_inst_i_148_n_0
    SLICE_X9Y33          LUT6 (Prop_lut6_I4_O)        0.124    11.210 r  pixel_gen_inst/DisplayBullet_inst/ROM_inst_i_71/O
                         net (fo=1, routed)           1.695    12.906    pixel_gen_inst/DisplayBullet_inst/ROM_inst_i_71_n_0
    SLICE_X6Y17          LUT6 (Prop_lut6_I0_O)        0.124    13.030 r  pixel_gen_inst/DisplayBullet_inst/ROM_inst_i_25/O
                         net (fo=4, routed)           0.983    14.012    pixel_gen_inst/DisplayBullet_inst/ROM_inst_i_25_n_0
    SLICE_X6Y20          LUT5 (Prop_lut5_I4_O)        0.124    14.136 r  pixel_gen_inst/DisplayBullet_inst/ROM_inst_i_7/O
                         net (fo=2, routed)           0.825    14.961    pixel_gen_inst/DisplayBullet_inst/ROM_inst/U0/inst_blk_mem_gen/gnbram.gnativebmg.native_blk_mem_gen/valid.cstr/ramloop[0].ram.r/prim_init.ram/addra[1]
    RAMB18_X0Y8          RAMB18E1                                     r  pixel_gen_inst/DisplayBullet_inst/ROM_inst/U0/inst_blk_mem_gen/gnbram.gnativebmg.native_blk_mem_gen/valid.cstr/ramloop[0].ram.r/prim_init.ram/DEVICE_7SERIES.NO_BMM_INFO.SP.WIDE_PRIM18.ram/ADDRBWRADDR[6]
  -------------------------------------------------------------------    -------------------

                         (clock clk_25_clkDVIprescaler rise edge)
                                                     40.000    40.000 r  
    W5                                                0.000    40.000 r  clk100 (IN)
                         net (fo=0)                   0.000    40.000    prescaler_instance/inst/clk_100
    W5                   IBUF (Prop_ibuf_I_O)         1.388    41.388 r  prescaler_instance/inst/clkin1_ibufg/O
                         net (fo=1, routed)           1.162    42.550    prescaler_instance/inst/clk_100_clkDVIprescaler
    MMCME2_ADV_X1Y0      MMCME2_ADV (Prop_mmcme2_adv_CLKIN1_CLKOUT0)
                                                     -7.217    35.332 r  prescaler_instance/inst/mmcm_adv_inst/CLKOUT0
                         net (fo=1, routed)           1.581    36.914    prescaler_instance/inst/clk_25_clkDVIprescaler
    BUFGCTRL_X0Y0        BUFG (Prop_bufg_I_O)         0.091    37.005 r  prescaler_instance/inst/clkout1_buf/O
                         net (fo=645, routed)         1.476    38.480    pixel_gen_inst/DisplayBullet_inst/ROM_inst/U0/inst_blk_mem_gen/gnbram.gnativebmg.native_blk_mem_gen/valid.cstr/ramloop[0].ram.r/prim_init.ram/clka
    RAMB18_X0Y8          RAMB18E1                                     r  pixel_gen_inst/DisplayBullet_inst/ROM_inst/U0/inst_blk_mem_gen/gnbram.gnativebmg.native_blk_mem_gen/valid.cstr/ramloop[0].ram.r/prim_init.ram/DEVICE_7SERIES.NO_BMM_INFO.SP.WIDE_PRIM18.ram/CLKBWRCLK
                         clock pessimism              0.564    39.044    
                         clock uncertainty           -0.098    38.946    
    RAMB18_X0Y8          RAMB18E1 (Setup_ramb18e1_CLKBWRCLK_ADDRBWRADDR[6])
                                                     -0.566    38.380    pixel_gen_inst/DisplayBullet_inst/ROM_inst/U0/inst_blk_mem_gen/gnbram.gnativebmg.native_blk_mem_gen/valid.cstr/ramloop[0].ram.r/prim_init.ram/DEVICE_7SERIES.NO_BMM_INFO.SP.WIDE_PRIM18.ram
  -------------------------------------------------------------------
                         required time                         38.380    
                         arrival time                         -14.961    
  -------------------------------------------------------------------
                         slack                                 23.419    

Slack (MET) :             23.628ns  (required time - arrival time)
  Source:                 dvi_driver_inst/hcount_int_reg[4]/C
                            (rising edge-triggered cell FDRE clocked by clk_25_clkDVIprescaler  {rise@0.000ns fall@20.000ns period=40.000ns})
  Destination:            pixel_gen_inst/DisplayBullet_inst/ROM_inst/U0/inst_blk_mem_gen/gnbram.gnativebmg.native_blk_mem_gen/valid.cstr/ramloop[0].ram.r/prim_init.ram/DEVICE_7SERIES.NO_BMM_INFO.SP.WIDE_PRIM18.ram/ADDRARDADDR[5]
                            (rising edge-triggered cell RAMB18E1 clocked by clk_25_clkDVIprescaler  {rise@0.000ns fall@20.000ns period=40.000ns})
  Path Group:             clk_25_clkDVIprescaler
  Path Type:              Setup (Max at Slow Process Corner)
  Requirement:            40.000ns  (clk_25_clkDVIprescaler rise@40.000ns - clk_25_clkDVIprescaler rise@0.000ns)
  Data Path Delay:        15.485ns  (logic 2.070ns (13.368%)  route 13.415ns (86.632%))
  Logic Levels:           8  (CARRY4=2 LUT3=1 LUT4=1 LUT5=1 LUT6=3)
  Clock Path Skew:        -0.020ns (DCD - SCD + CPR)
    Destination Clock Delay (DCD):    -1.526ns = ( 38.474 - 40.000 ) 
    Source Clock Delay      (SCD):    -0.943ns
    Clock Pessimism Removal (CPR):    0.564ns
  Clock Uncertainty:      0.098ns  ((TSJ^2 + DJ^2)^1/2) / 2 + PE
    Total System Jitter     (TSJ):    0.071ns
    Discrete Jitter          (DJ):    0.182ns
    Phase Error              (PE):    0.000ns

    Location             Delay type                Incr(ns)  Path(ns)    Netlist Resource(s)
  -------------------------------------------------------------------    -------------------
                         (clock clk_25_clkDVIprescaler rise edge)
                                                      0.000     0.000 r  
    W5                                                0.000     0.000 r  clk100 (IN)
                         net (fo=0)                   0.000     0.000    prescaler_instance/inst/clk_100
    W5                   IBUF (Prop_ibuf_I_O)         1.458     1.458 r  prescaler_instance/inst/clkin1_ibufg/O
                         net (fo=1, routed)           1.233     2.691    prescaler_instance/inst/clk_100_clkDVIprescaler
    MMCME2_ADV_X1Y0      MMCME2_ADV (Prop_mmcme2_adv_CLKIN1_CLKOUT0)
                                                     -6.961    -4.269 r  prescaler_instance/inst/mmcm_adv_inst/CLKOUT0
                         net (fo=1, routed)           1.661    -2.608    prescaler_instance/inst/clk_25_clkDVIprescaler
    BUFGCTRL_X0Y0        BUFG (Prop_bufg_I_O)         0.096    -2.512 r  prescaler_instance/inst/clkout1_buf/O
                         net (fo=645, routed)         1.569    -0.943    dvi_driver_inst/clk_25
    SLICE_X15Y4          FDRE                                         r  dvi_driver_inst/hcount_int_reg[4]/C
  -------------------------------------------------------------------    -------------------
    SLICE_X15Y4          FDRE (Prop_fdre_C_Q)         0.456    -0.487 r  dvi_driver_inst/hcount_int_reg[4]/Q
                         net (fo=70, routed)          5.077     4.591    pixel_gen_inst/DisplayBullet_inst/ROM_inst_i_187[4]
    SLICE_X12Y32         LUT4 (Prop_lut4_I0_O)        0.124     4.715 r  pixel_gen_inst/DisplayBullet_inst/ROM_inst_i_289/O
                         net (fo=1, routed)           0.000     4.715    dvi_driver_inst/ROM_inst_i_44_0[0]
    SLICE_X12Y32         CARRY4 (Prop_carry4_S[0]_CO[3])
                                                      0.513     5.228 r  dvi_driver_inst/ROM_inst_i_140/CO[3]
                         net (fo=1, routed)           0.000     5.228    dvi_driver_inst/ROM_inst_i_140_n_0
    SLICE_X12Y33         CARRY4 (Prop_carry4_CI_CO[1])
                                                      0.157     5.385 r  dvi_driver_inst/ROM_inst_i_44/CO[1]
                         net (fo=2, routed)           0.984     6.369    pixel_gen_inst/DisplayBullet_inst/ROM_inst_i_6_1[0]
    SLICE_X13Y31         LUT5 (Prop_lut5_I0_O)        0.332     6.701 r  pixel_gen_inst/DisplayBullet_inst/ROM_inst_i_21/O
                         net (fo=29, routed)          2.497     9.197    pixel_gen_inst/DisplayBullet_inst/ROM_inst_i_21_n_0
    SLICE_X10Y14         LUT6 (Prop_lut6_I0_O)        0.124     9.321 r  pixel_gen_inst/DisplayBullet_inst/ROM_inst_i_148/O
                         net (fo=39, routed)          1.765    11.086    pixel_gen_inst/DisplayBullet_inst/ROM_inst_i_148_n_0
    SLICE_X9Y33          LUT6 (Prop_lut6_I4_O)        0.124    11.210 r  pixel_gen_inst/DisplayBullet_inst/ROM_inst_i_71/O
                         net (fo=1, routed)           1.695    12.906    pixel_gen_inst/DisplayBullet_inst/ROM_inst_i_71_n_0
    SLICE_X6Y17          LUT6 (Prop_lut6_I0_O)        0.124    13.030 r  pixel_gen_inst/DisplayBullet_inst/ROM_inst_i_25/O
                         net (fo=4, routed)           0.569    13.598    pixel_gen_inst/DisplayBullet_inst/ROM_inst_i_25_n_0
    SLICE_X6Y20          LUT3 (Prop_lut3_I2_O)        0.116    13.714 r  pixel_gen_inst/DisplayBullet_inst/ROM_inst_i_8/O
                         net (fo=2, routed)           0.828    14.542    pixel_gen_inst/DisplayBullet_inst/ROM_inst/U0/inst_blk_mem_gen/gnbram.gnativebmg.native_blk_mem_gen/valid.cstr/ramloop[0].ram.r/prim_init.ram/addra[0]
    RAMB18_X0Y8          RAMB18E1                                     r  pixel_gen_inst/DisplayBullet_inst/ROM_inst/U0/inst_blk_mem_gen/gnbram.gnativebmg.native_blk_mem_gen/valid.cstr/ramloop[0].ram.r/prim_init.ram/DEVICE_7SERIES.NO_BMM_INFO.SP.WIDE_PRIM18.ram/ADDRARDADDR[5]
  -------------------------------------------------------------------    -------------------

                         (clock clk_25_clkDVIprescaler rise edge)
                                                     40.000    40.000 r  
    W5                                                0.000    40.000 r  clk100 (IN)
                         net (fo=0)                   0.000    40.000    prescaler_instance/inst/clk_100
    W5                   IBUF (Prop_ibuf_I_O)         1.388    41.388 r  prescaler_instance/inst/clkin1_ibufg/O
                         net (fo=1, routed)           1.162    42.550    prescaler_instance/inst/clk_100_clkDVIprescaler
    MMCME2_ADV_X1Y0      MMCME2_ADV (Prop_mmcme2_adv_CLKIN1_CLKOUT0)
                                                     -7.217    35.332 r  prescaler_instance/inst/mmcm_adv_inst/CLKOUT0
                         net (fo=1, routed)           1.581    36.914    prescaler_instance/inst/clk_25_clkDVIprescaler
    BUFGCTRL_X0Y0        BUFG (Prop_bufg_I_O)         0.091    37.005 r  prescaler_instance/inst/clkout1_buf/O
                         net (fo=645, routed)         1.470    38.474    pixel_gen_inst/DisplayBullet_inst/ROM_inst/U0/inst_blk_mem_gen/gnbram.gnativebmg.native_blk_mem_gen/valid.cstr/ramloop[0].ram.r/prim_init.ram/clka
    RAMB18_X0Y8          RAMB18E1                                     r  pixel_gen_inst/DisplayBullet_inst/ROM_inst/U0/inst_blk_mem_gen/gnbram.gnativebmg.native_blk_mem_gen/valid.cstr/ramloop[0].ram.r/prim_init.ram/DEVICE_7SERIES.NO_BMM_INFO.SP.WIDE_PRIM18.ram/CLKARDCLK
                         clock pessimism              0.564    39.038    
                         clock uncertainty           -0.098    38.940    
    RAMB18_X0Y8          RAMB18E1 (Setup_ramb18e1_CLKARDCLK_ADDRARDADDR[5])
                                                     -0.770    38.170    pixel_gen_inst/DisplayBullet_inst/ROM_inst/U0/inst_blk_mem_gen/gnbram.gnativebmg.native_blk_mem_gen/valid.cstr/ramloop[0].ram.r/prim_init.ram/DEVICE_7SERIES.NO_BMM_INFO.SP.WIDE_PRIM18.ram
  -------------------------------------------------------------------
                         required time                         38.170    
                         arrival time                         -14.542    
  -------------------------------------------------------------------
                         slack                                 23.628    

Slack (MET) :             23.636ns  (required time - arrival time)
  Source:                 dvi_driver_inst/hcount_int_reg[4]/C
                            (rising edge-triggered cell FDRE clocked by clk_25_clkDVIprescaler  {rise@0.000ns fall@20.000ns period=40.000ns})
  Destination:            pixel_gen_inst/DisplayBullet_inst/ROM_inst/U0/inst_blk_mem_gen/gnbram.gnativebmg.native_blk_mem_gen/valid.cstr/ramloop[0].ram.r/prim_init.ram/DEVICE_7SERIES.NO_BMM_INFO.SP.WIDE_PRIM18.ram/ADDRBWRADDR[5]
                            (rising edge-triggered cell RAMB18E1 clocked by clk_25_clkDVIprescaler  {rise@0.000ns fall@20.000ns period=40.000ns})
  Path Group:             clk_25_clkDVIprescaler
  Path Type:              Setup (Max at Slow Process Corner)
  Requirement:            40.000ns  (clk_25_clkDVIprescaler rise@40.000ns - clk_25_clkDVIprescaler rise@0.000ns)
  Data Path Delay:        15.483ns  (logic 2.070ns (13.370%)  route 13.413ns (86.630%))
  Logic Levels:           8  (CARRY4=2 LUT3=1 LUT4=1 LUT5=1 LUT6=3)
  Clock Path Skew:        -0.014ns (DCD - SCD + CPR)
    Destination Clock Delay (DCD):    -1.520ns = ( 38.480 - 40.000 ) 
    Source Clock Delay      (SCD):    -0.943ns
    Clock Pessimism Removal (CPR):    0.564ns
  Clock Uncertainty:      0.098ns  ((TSJ^2 + DJ^2)^1/2) / 2 + PE
    Total System Jitter     (TSJ):    0.071ns
    Discrete Jitter          (DJ):    0.182ns
    Phase Error              (PE):    0.000ns

    Location             Delay type                Incr(ns)  Path(ns)    Netlist Resource(s)
  -------------------------------------------------------------------    -------------------
                         (clock clk_25_clkDVIprescaler rise edge)
                                                      0.000     0.000 r  
    W5                                                0.000     0.000 r  clk100 (IN)
                         net (fo=0)                   0.000     0.000    prescaler_instance/inst/clk_100
    W5                   IBUF (Prop_ibuf_I_O)         1.458     1.458 r  prescaler_instance/inst/clkin1_ibufg/O
                         net (fo=1, routed)           1.233     2.691    prescaler_instance/inst/clk_100_clkDVIprescaler
    MMCME2_ADV_X1Y0      MMCME2_ADV (Prop_mmcme2_adv_CLKIN1_CLKOUT0)
                                                     -6.961    -4.269 r  prescaler_instance/inst/mmcm_adv_inst/CLKOUT0
                         net (fo=1, routed)           1.661    -2.608    prescaler_instance/inst/clk_25_clkDVIprescaler
    BUFGCTRL_X0Y0        BUFG (Prop_bufg_I_O)         0.096    -2.512 r  prescaler_instance/inst/clkout1_buf/O
                         net (fo=645, routed)         1.569    -0.943    dvi_driver_inst/clk_25
    SLICE_X15Y4          FDRE                                         r  dvi_driver_inst/hcount_int_reg[4]/C
  -------------------------------------------------------------------    -------------------
    SLICE_X15Y4          FDRE (Prop_fdre_C_Q)         0.456    -0.487 r  dvi_driver_inst/hcount_int_reg[4]/Q
                         net (fo=70, routed)          5.077     4.591    pixel_gen_inst/DisplayBullet_inst/ROM_inst_i_187[4]
    SLICE_X12Y32         LUT4 (Prop_lut4_I0_O)        0.124     4.715 r  pixel_gen_inst/DisplayBullet_inst/ROM_inst_i_289/O
                         net (fo=1, routed)           0.000     4.715    dvi_driver_inst/ROM_inst_i_44_0[0]
    SLICE_X12Y32         CARRY4 (Prop_carry4_S[0]_CO[3])
                                                      0.513     5.228 r  dvi_driver_inst/ROM_inst_i_140/CO[3]
                         net (fo=1, routed)           0.000     5.228    dvi_driver_inst/ROM_inst_i_140_n_0
    SLICE_X12Y33         CARRY4 (Prop_carry4_CI_CO[1])
                                                      0.157     5.385 r  dvi_driver_inst/ROM_inst_i_44/CO[1]
                         net (fo=2, routed)           0.984     6.369    pixel_gen_inst/DisplayBullet_inst/ROM_inst_i_6_1[0]
    SLICE_X13Y31         LUT5 (Prop_lut5_I0_O)        0.332     6.701 r  pixel_gen_inst/DisplayBullet_inst/ROM_inst_i_21/O
                         net (fo=29, routed)          2.497     9.197    pixel_gen_inst/DisplayBullet_inst/ROM_inst_i_21_n_0
    SLICE_X10Y14         LUT6 (Prop_lut6_I0_O)        0.124     9.321 r  pixel_gen_inst/DisplayBullet_inst/ROM_inst_i_148/O
                         net (fo=39, routed)          1.765    11.086    pixel_gen_inst/DisplayBullet_inst/ROM_inst_i_148_n_0
    SLICE_X9Y33          LUT6 (Prop_lut6_I4_O)        0.124    11.210 r  pixel_gen_inst/DisplayBullet_inst/ROM_inst_i_71/O
                         net (fo=1, routed)           1.695    12.906    pixel_gen_inst/DisplayBullet_inst/ROM_inst_i_71_n_0
    SLICE_X6Y17          LUT6 (Prop_lut6_I0_O)        0.124    13.030 r  pixel_gen_inst/DisplayBullet_inst/ROM_inst_i_25/O
                         net (fo=4, routed)           0.569    13.598    pixel_gen_inst/DisplayBullet_inst/ROM_inst_i_25_n_0
    SLICE_X6Y20          LUT3 (Prop_lut3_I2_O)        0.116    13.714 r  pixel_gen_inst/DisplayBullet_inst/ROM_inst_i_8/O
                         net (fo=2, routed)           0.826    14.540    pixel_gen_inst/DisplayBullet_inst/ROM_inst/U0/inst_blk_mem_gen/gnbram.gnativebmg.native_blk_mem_gen/valid.cstr/ramloop[0].ram.r/prim_init.ram/addra[0]
    RAMB18_X0Y8          RAMB18E1                                     r  pixel_gen_inst/DisplayBullet_inst/ROM_inst/U0/inst_blk_mem_gen/gnbram.gnativebmg.native_blk_mem_gen/valid.cstr/ramloop[0].ram.r/prim_init.ram/DEVICE_7SERIES.NO_BMM_INFO.SP.WIDE_PRIM18.ram/ADDRBWRADDR[5]
  -------------------------------------------------------------------    -------------------

                         (clock clk_25_clkDVIprescaler rise edge)
                                                     40.000    40.000 r  
    W5                                                0.000    40.000 r  clk100 (IN)
                         net (fo=0)                   0.000    40.000    prescaler_instance/inst/clk_100
    W5                   IBUF (Prop_ibuf_I_O)         1.388    41.388 r  prescaler_instance/inst/clkin1_ibufg/O
                         net (fo=1, routed)           1.162    42.550    prescaler_instance/inst/clk_100_clkDVIprescaler
    MMCME2_ADV_X1Y0      MMCME2_ADV (Prop_mmcme2_adv_CLKIN1_CLKOUT0)
                                                     -7.217    35.332 r  prescaler_instance/inst/mmcm_adv_inst/CLKOUT0
                         net (fo=1, routed)           1.581    36.914    prescaler_instance/inst/clk_25_clkDVIprescaler
    BUFGCTRL_X0Y0        BUFG (Prop_bufg_I_O)         0.091    37.005 r  prescaler_instance/inst/clkout1_buf/O
                         net (fo=645, routed)         1.476    38.480    pixel_gen_inst/DisplayBullet_inst/ROM_inst/U0/inst_blk_mem_gen/gnbram.gnativebmg.native_blk_mem_gen/valid.cstr/ramloop[0].ram.r/prim_init.ram/clka
    RAMB18_X0Y8          RAMB18E1                                     r  pixel_gen_inst/DisplayBullet_inst/ROM_inst/U0/inst_blk_mem_gen/gnbram.gnativebmg.native_blk_mem_gen/valid.cstr/ramloop[0].ram.r/prim_init.ram/DEVICE_7SERIES.NO_BMM_INFO.SP.WIDE_PRIM18.ram/CLKBWRCLK
                         clock pessimism              0.564    39.044    
                         clock uncertainty           -0.098    38.946    
    RAMB18_X0Y8          RAMB18E1 (Setup_ramb18e1_CLKBWRCLK_ADDRBWRADDR[5])
                                                     -0.770    38.176    pixel_gen_inst/DisplayBullet_inst/ROM_inst/U0/inst_blk_mem_gen/gnbram.gnativebmg.native_blk_mem_gen/valid.cstr/ramloop[0].ram.r/prim_init.ram/DEVICE_7SERIES.NO_BMM_INFO.SP.WIDE_PRIM18.ram
  -------------------------------------------------------------------
                         required time                         38.176    
                         arrival time                         -14.540    
  -------------------------------------------------------------------
                         slack                                 23.636    

Slack (MET) :             23.643ns  (required time - arrival time)
  Source:                 dvi_driver_inst/hcount_int_reg[4]/C
                            (rising edge-triggered cell FDRE clocked by clk_25_clkDVIprescaler  {rise@0.000ns fall@20.000ns period=40.000ns})
  Destination:            pixel_gen_inst/DisplayBullet_inst/ROM_inst/U0/inst_blk_mem_gen/gnbram.gnativebmg.native_blk_mem_gen/valid.cstr/ramloop[0].ram.r/prim_init.ram/DEVICE_7SERIES.NO_BMM_INFO.SP.WIDE_PRIM18.ram/ADDRBWRADDR[8]
                            (rising edge-triggered cell RAMB18E1 clocked by clk_25_clkDVIprescaler  {rise@0.000ns fall@20.000ns period=40.000ns})
  Path Group:             clk_25_clkDVIprescaler
  Path Type:              Setup (Max at Slow Process Corner)
  Requirement:            40.000ns  (clk_25_clkDVIprescaler rise@40.000ns - clk_25_clkDVIprescaler rise@0.000ns)
  Data Path Delay:        15.680ns  (logic 2.078ns (13.253%)  route 13.602ns (86.747%))
  Logic Levels:           8  (CARRY4=2 LUT3=1 LUT4=1 LUT5=1 LUT6=3)
  Clock Path Skew:        -0.014ns (DCD - SCD + CPR)
    Destination Clock Delay (DCD):    -1.520ns = ( 38.480 - 40.000 ) 
    Source Clock Delay      (SCD):    -0.943ns
    Clock Pessimism Removal (CPR):    0.564ns
  Clock Uncertainty:      0.098ns  ((TSJ^2 + DJ^2)^1/2) / 2 + PE
    Total System Jitter     (TSJ):    0.071ns
    Discrete Jitter          (DJ):    0.182ns
    Phase Error              (PE):    0.000ns

    Location             Delay type                Incr(ns)  Path(ns)    Netlist Resource(s)
  -------------------------------------------------------------------    -------------------
                         (clock clk_25_clkDVIprescaler rise edge)
                                                      0.000     0.000 r  
    W5                                                0.000     0.000 r  clk100 (IN)
                         net (fo=0)                   0.000     0.000    prescaler_instance/inst/clk_100
    W5                   IBUF (Prop_ibuf_I_O)         1.458     1.458 r  prescaler_instance/inst/clkin1_ibufg/O
                         net (fo=1, routed)           1.233     2.691    prescaler_instance/inst/clk_100_clkDVIprescaler
    MMCME2_ADV_X1Y0      MMCME2_ADV (Prop_mmcme2_adv_CLKIN1_CLKOUT0)
                                                     -6.961    -4.269 r  prescaler_instance/inst/mmcm_adv_inst/CLKOUT0
                         net (fo=1, routed)           1.661    -2.608    prescaler_instance/inst/clk_25_clkDVIprescaler
    BUFGCTRL_X0Y0        BUFG (Prop_bufg_I_O)         0.096    -2.512 r  prescaler_instance/inst/clkout1_buf/O
                         net (fo=645, routed)         1.569    -0.943    dvi_driver_inst/clk_25
    SLICE_X15Y4          FDRE                                         r  dvi_driver_inst/hcount_int_reg[4]/C
  -------------------------------------------------------------------    -------------------
    SLICE_X15Y4          FDRE (Prop_fdre_C_Q)         0.456    -0.487 r  dvi_driver_inst/hcount_int_reg[4]/Q
                         net (fo=70, routed)          5.077     4.591    pixel_gen_inst/DisplayBullet_inst/ROM_inst_i_187[4]
    SLICE_X12Y32         LUT4 (Prop_lut4_I0_O)        0.124     4.715 r  pixel_gen_inst/DisplayBullet_inst/ROM_inst_i_289/O
                         net (fo=1, routed)           0.000     4.715    dvi_driver_inst/ROM_inst_i_44_0[0]
    SLICE_X12Y32         CARRY4 (Prop_carry4_S[0]_CO[3])
                                                      0.513     5.228 r  dvi_driver_inst/ROM_inst_i_140/CO[3]
                         net (fo=1, routed)           0.000     5.228    dvi_driver_inst/ROM_inst_i_140_n_0
    SLICE_X12Y33         CARRY4 (Prop_carry4_CI_CO[1])
                                                      0.157     5.385 r  dvi_driver_inst/ROM_inst_i_44/CO[1]
                         net (fo=2, routed)           0.984     6.369    pixel_gen_inst/DisplayBullet_inst/ROM_inst_i_6_1[0]
    SLICE_X13Y31         LUT5 (Prop_lut5_I0_O)        0.332     6.701 r  pixel_gen_inst/DisplayBullet_inst/ROM_inst_i_21/O
                         net (fo=29, routed)          2.497     9.197    pixel_gen_inst/DisplayBullet_inst/ROM_inst_i_21_n_0
    SLICE_X10Y14         LUT6 (Prop_lut6_I0_O)        0.124     9.321 r  pixel_gen_inst/DisplayBullet_inst/ROM_inst_i_148/O
                         net (fo=39, routed)          1.765    11.086    pixel_gen_inst/DisplayBullet_inst/ROM_inst_i_148_n_0
    SLICE_X9Y33          LUT6 (Prop_lut6_I4_O)        0.124    11.210 r  pixel_gen_inst/DisplayBullet_inst/ROM_inst_i_71/O
                         net (fo=1, routed)           1.695    12.906    pixel_gen_inst/DisplayBullet_inst/ROM_inst_i_71_n_0
    SLICE_X6Y17          LUT6 (Prop_lut6_I0_O)        0.124    13.030 r  pixel_gen_inst/DisplayBullet_inst/ROM_inst_i_25/O
                         net (fo=4, routed)           0.569    13.598    pixel_gen_inst/DisplayBullet_inst/ROM_inst_i_25_n_0
    SLICE_X6Y20          LUT3 (Prop_lut3_I1_O)        0.124    13.722 r  pixel_gen_inst/DisplayBullet_inst/ROM_inst_i_5/O
                         net (fo=2, routed)           1.015    14.737    pixel_gen_inst/DisplayBullet_inst/ROM_inst/U0/inst_blk_mem_gen/gnbram.gnativebmg.native_blk_mem_gen/valid.cstr/ramloop[0].ram.r/prim_init.ram/addra[3]
    RAMB18_X0Y8          RAMB18E1                                     r  pixel_gen_inst/DisplayBullet_inst/ROM_inst/U0/inst_blk_mem_gen/gnbram.gnativebmg.native_blk_mem_gen/valid.cstr/ramloop[0].ram.r/prim_init.ram/DEVICE_7SERIES.NO_BMM_INFO.SP.WIDE_PRIM18.ram/ADDRBWRADDR[8]
  -------------------------------------------------------------------    -------------------

                         (clock clk_25_clkDVIprescaler rise edge)
                                                     40.000    40.000 r  
    W5                                                0.000    40.000 r  clk100 (IN)
                         net (fo=0)                   0.000    40.000    prescaler_instance/inst/clk_100
    W5                   IBUF (Prop_ibuf_I_O)         1.388    41.388 r  prescaler_instance/inst/clkin1_ibufg/O
                         net (fo=1, routed)           1.162    42.550    prescaler_instance/inst/clk_100_clkDVIprescaler
    MMCME2_ADV_X1Y0      MMCME2_ADV (Prop_mmcme2_adv_CLKIN1_CLKOUT0)
                                                     -7.217    35.332 r  prescaler_instance/inst/mmcm_adv_inst/CLKOUT0
                         net (fo=1, routed)           1.581    36.914    prescaler_instance/inst/clk_25_clkDVIprescaler
    BUFGCTRL_X0Y0        BUFG (Prop_bufg_I_O)         0.091    37.005 r  prescaler_instance/inst/clkout1_buf/O
                         net (fo=645, routed)         1.476    38.480    pixel_gen_inst/DisplayBullet_inst/ROM_inst/U0/inst_blk_mem_gen/gnbram.gnativebmg.native_blk_mem_gen/valid.cstr/ramloop[0].ram.r/prim_init.ram/clka
    RAMB18_X0Y8          RAMB18E1                                     r  pixel_gen_inst/DisplayBullet_inst/ROM_inst/U0/inst_blk_mem_gen/gnbram.gnativebmg.native_blk_mem_gen/valid.cstr/ramloop[0].ram.r/prim_init.ram/DEVICE_7SERIES.NO_BMM_INFO.SP.WIDE_PRIM18.ram/CLKBWRCLK
                         clock pessimism              0.564    39.044    
                         clock uncertainty           -0.098    38.946    
    RAMB18_X0Y8          RAMB18E1 (Setup_ramb18e1_CLKBWRCLK_ADDRBWRADDR[8])
                                                     -0.566    38.380    pixel_gen_inst/DisplayBullet_inst/ROM_inst/U0/inst_blk_mem_gen/gnbram.gnativebmg.native_blk_mem_gen/valid.cstr/ramloop[0].ram.r/prim_init.ram/DEVICE_7SERIES.NO_BMM_INFO.SP.WIDE_PRIM18.ram
  -------------------------------------------------------------------
                         required time                         38.380    
                         arrival time                         -14.737    
  -------------------------------------------------------------------
                         slack                                 23.643    

Slack (MET) :             23.825ns  (required time - arrival time)
  Source:                 dvi_driver_inst/hcount_int_reg[4]/C
                            (rising edge-triggered cell FDRE clocked by clk_25_clkDVIprescaler  {rise@0.000ns fall@20.000ns period=40.000ns})
  Destination:            pixel_gen_inst/DisplayBullet_inst/ROM_inst/U0/inst_blk_mem_gen/gnbram.gnativebmg.native_blk_mem_gen/valid.cstr/ramloop[0].ram.r/prim_init.ram/DEVICE_7SERIES.NO_BMM_INFO.SP.WIDE_PRIM18.ram/ADDRARDADDR[8]
                            (rising edge-triggered cell RAMB18E1 clocked by clk_25_clkDVIprescaler  {rise@0.000ns fall@20.000ns period=40.000ns})
  Path Group:             clk_25_clkDVIprescaler
  Path Type:              Setup (Max at Slow Process Corner)
  Requirement:            40.000ns  (clk_25_clkDVIprescaler rise@40.000ns - clk_25_clkDVIprescaler rise@0.000ns)
  Data Path Delay:        15.492ns  (logic 2.078ns (13.414%)  route 13.414ns (86.586%))
  Logic Levels:           8  (CARRY4=2 LUT3=1 LUT4=1 LUT5=1 LUT6=3)
  Clock Path Skew:        -0.020ns (DCD - SCD + CPR)
    Destination Clock Delay (DCD):    -1.526ns = ( 38.474 - 40.000 ) 
    Source Clock Delay      (SCD):    -0.943ns
    Clock Pessimism Removal (CPR):    0.564ns
  Clock Uncertainty:      0.098ns  ((TSJ^2 + DJ^2)^1/2) / 2 + PE
    Total System Jitter     (TSJ):    0.071ns
    Discrete Jitter          (DJ):    0.182ns
    Phase Error              (PE):    0.000ns

    Location             Delay type                Incr(ns)  Path(ns)    Netlist Resource(s)
  -------------------------------------------------------------------    -------------------
                         (clock clk_25_clkDVIprescaler rise edge)
                                                      0.000     0.000 r  
    W5                                                0.000     0.000 r  clk100 (IN)
                         net (fo=0)                   0.000     0.000    prescaler_instance/inst/clk_100
    W5                   IBUF (Prop_ibuf_I_O)         1.458     1.458 r  prescaler_instance/inst/clkin1_ibufg/O
                         net (fo=1, routed)           1.233     2.691    prescaler_instance/inst/clk_100_clkDVIprescaler
    MMCME2_ADV_X1Y0      MMCME2_ADV (Prop_mmcme2_adv_CLKIN1_CLKOUT0)
                                                     -6.961    -4.269 r  prescaler_instance/inst/mmcm_adv_inst/CLKOUT0
                         net (fo=1, routed)           1.661    -2.608    prescaler_instance/inst/clk_25_clkDVIprescaler
    BUFGCTRL_X0Y0        BUFG (Prop_bufg_I_O)         0.096    -2.512 r  prescaler_instance/inst/clkout1_buf/O
                         net (fo=645, routed)         1.569    -0.943    dvi_driver_inst/clk_25
    SLICE_X15Y4          FDRE                                         r  dvi_driver_inst/hcount_int_reg[4]/C
  -------------------------------------------------------------------    -------------------
    SLICE_X15Y4          FDRE (Prop_fdre_C_Q)         0.456    -0.487 r  dvi_driver_inst/hcount_int_reg[4]/Q
                         net (fo=70, routed)          5.077     4.591    pixel_gen_inst/DisplayBullet_inst/ROM_inst_i_187[4]
    SLICE_X12Y32         LUT4 (Prop_lut4_I0_O)        0.124     4.715 r  pixel_gen_inst/DisplayBullet_inst/ROM_inst_i_289/O
                         net (fo=1, routed)           0.000     4.715    dvi_driver_inst/ROM_inst_i_44_0[0]
    SLICE_X12Y32         CARRY4 (Prop_carry4_S[0]_CO[3])
                                                      0.513     5.228 r  dvi_driver_inst/ROM_inst_i_140/CO[3]
                         net (fo=1, routed)           0.000     5.228    dvi_driver_inst/ROM_inst_i_140_n_0
    SLICE_X12Y33         CARRY4 (Prop_carry4_CI_CO[1])
                                                      0.157     5.385 r  dvi_driver_inst/ROM_inst_i_44/CO[1]
                         net (fo=2, routed)           0.984     6.369    pixel_gen_inst/DisplayBullet_inst/ROM_inst_i_6_1[0]
    SLICE_X13Y31         LUT5 (Prop_lut5_I0_O)        0.332     6.701 r  pixel_gen_inst/DisplayBullet_inst/ROM_inst_i_21/O
                         net (fo=29, routed)          2.497     9.197    pixel_gen_inst/DisplayBullet_inst/ROM_inst_i_21_n_0
    SLICE_X10Y14         LUT6 (Prop_lut6_I0_O)        0.124     9.321 r  pixel_gen_inst/DisplayBullet_inst/ROM_inst_i_148/O
                         net (fo=39, routed)          1.765    11.086    pixel_gen_inst/DisplayBullet_inst/ROM_inst_i_148_n_0
    SLICE_X9Y33          LUT6 (Prop_lut6_I4_O)        0.124    11.210 r  pixel_gen_inst/DisplayBullet_inst/ROM_inst_i_71/O
                         net (fo=1, routed)           1.695    12.906    pixel_gen_inst/DisplayBullet_inst/ROM_inst_i_71_n_0
    SLICE_X6Y17          LUT6 (Prop_lut6_I0_O)        0.124    13.030 r  pixel_gen_inst/DisplayBullet_inst/ROM_inst_i_25/O
                         net (fo=4, routed)           0.569    13.598    pixel_gen_inst/DisplayBullet_inst/ROM_inst_i_25_n_0
    SLICE_X6Y20          LUT3 (Prop_lut3_I1_O)        0.124    13.722 r  pixel_gen_inst/DisplayBullet_inst/ROM_inst_i_5/O
                         net (fo=2, routed)           0.827    14.549    pixel_gen_inst/DisplayBullet_inst/ROM_inst/U0/inst_blk_mem_gen/gnbram.gnativebmg.native_blk_mem_gen/valid.cstr/ramloop[0].ram.r/prim_init.ram/addra[3]
    RAMB18_X0Y8          RAMB18E1                                     r  pixel_gen_inst/DisplayBullet_inst/ROM_inst/U0/inst_blk_mem_gen/gnbram.gnativebmg.native_blk_mem_gen/valid.cstr/ramloop[0].ram.r/prim_init.ram/DEVICE_7SERIES.NO_BMM_INFO.SP.WIDE_PRIM18.ram/ADDRARDADDR[8]
  -------------------------------------------------------------------    -------------------

                         (clock clk_25_clkDVIprescaler rise edge)
                                                     40.000    40.000 r  
    W5                                                0.000    40.000 r  clk100 (IN)
                         net (fo=0)                   0.000    40.000    prescaler_instance/inst/clk_100
    W5                   IBUF (Prop_ibuf_I_O)         1.388    41.388 r  prescaler_instance/inst/clkin1_ibufg/O
                         net (fo=1, routed)           1.162    42.550    prescaler_instance/inst/clk_100_clkDVIprescaler
    MMCME2_ADV_X1Y0      MMCME2_ADV (Prop_mmcme2_adv_CLKIN1_CLKOUT0)
                                                     -7.217    35.332 r  prescaler_instance/inst/mmcm_adv_inst/CLKOUT0
                         net (fo=1, routed)           1.581    36.914    prescaler_instance/inst/clk_25_clkDVIprescaler
    BUFGCTRL_X0Y0        BUFG (Prop_bufg_I_O)         0.091    37.005 r  prescaler_instance/inst/clkout1_buf/O
                         net (fo=645, routed)         1.470    38.474    pixel_gen_inst/DisplayBullet_inst/ROM_inst/U0/inst_blk_mem_gen/gnbram.gnativebmg.native_blk_mem_gen/valid.cstr/ramloop[0].ram.r/prim_init.ram/clka
    RAMB18_X0Y8          RAMB18E1                                     r  pixel_gen_inst/DisplayBullet_inst/ROM_inst/U0/inst_blk_mem_gen/gnbram.gnativebmg.native_blk_mem_gen/valid.cstr/ramloop[0].ram.r/prim_init.ram/DEVICE_7SERIES.NO_BMM_INFO.SP.WIDE_PRIM18.ram/CLKARDCLK
                         clock pessimism              0.564    39.038    
                         clock uncertainty           -0.098    38.940    
    RAMB18_X0Y8          RAMB18E1 (Setup_ramb18e1_CLKARDCLK_ADDRARDADDR[8])
                                                     -0.566    38.374    pixel_gen_inst/DisplayBullet_inst/ROM_inst/U0/inst_blk_mem_gen/gnbram.gnativebmg.native_blk_mem_gen/valid.cstr/ramloop[0].ram.r/prim_init.ram/DEVICE_7SERIES.NO_BMM_INFO.SP.WIDE_PRIM18.ram
  -------------------------------------------------------------------
                         required time                         38.374    
                         arrival time                         -14.549    
  -------------------------------------------------------------------
                         slack                                 23.825    

Slack (MET) :             23.941ns  (required time - arrival time)
  Source:                 dvi_driver_inst/hcount_int_reg[4]/C
                            (rising edge-triggered cell FDRE clocked by clk_25_clkDVIprescaler  {rise@0.000ns fall@20.000ns period=40.000ns})
  Destination:            pixel_gen_inst/DisplayBullet_inst/ROM_inst/U0/inst_blk_mem_gen/gnbram.gnativebmg.native_blk_mem_gen/valid.cstr/ramloop[0].ram.r/prim_init.ram/DEVICE_7SERIES.NO_BMM_INFO.SP.WIDE_PRIM18.ram/ADDRARDADDR[9]
                            (rising edge-triggered cell RAMB18E1 clocked by clk_25_clkDVIprescaler  {rise@0.000ns fall@20.000ns period=40.000ns})
  Path Group:             clk_25_clkDVIprescaler
  Path Type:              Setup (Max at Slow Process Corner)
  Requirement:            40.000ns  (clk_25_clkDVIprescaler rise@40.000ns - clk_25_clkDVIprescaler rise@0.000ns)
  Data Path Delay:        15.376ns  (logic 2.078ns (13.515%)  route 13.298ns (86.485%))
  Logic Levels:           8  (CARRY4=2 LUT4=1 LUT5=1 LUT6=4)
  Clock Path Skew:        -0.020ns (DCD - SCD + CPR)
    Destination Clock Delay (DCD):    -1.526ns = ( 38.474 - 40.000 ) 
    Source Clock Delay      (SCD):    -0.943ns
    Clock Pessimism Removal (CPR):    0.564ns
  Clock Uncertainty:      0.098ns  ((TSJ^2 + DJ^2)^1/2) / 2 + PE
    Total System Jitter     (TSJ):    0.071ns
    Discrete Jitter          (DJ):    0.182ns
    Phase Error              (PE):    0.000ns

    Location             Delay type                Incr(ns)  Path(ns)    Netlist Resource(s)
  -------------------------------------------------------------------    -------------------
                         (clock clk_25_clkDVIprescaler rise edge)
                                                      0.000     0.000 r  
    W5                                                0.000     0.000 r  clk100 (IN)
                         net (fo=0)                   0.000     0.000    prescaler_instance/inst/clk_100
    W5                   IBUF (Prop_ibuf_I_O)         1.458     1.458 r  prescaler_instance/inst/clkin1_ibufg/O
                         net (fo=1, routed)           1.233     2.691    prescaler_instance/inst/clk_100_clkDVIprescaler
    MMCME2_ADV_X1Y0      MMCME2_ADV (Prop_mmcme2_adv_CLKIN1_CLKOUT0)
                                                     -6.961    -4.269 r  prescaler_instance/inst/mmcm_adv_inst/CLKOUT0
                         net (fo=1, routed)           1.661    -2.608    prescaler_instance/inst/clk_25_clkDVIprescaler
    BUFGCTRL_X0Y0        BUFG (Prop_bufg_I_O)         0.096    -2.512 r  prescaler_instance/inst/clkout1_buf/O
                         net (fo=645, routed)         1.569    -0.943    dvi_driver_inst/clk_25
    SLICE_X15Y4          FDRE                                         r  dvi_driver_inst/hcount_int_reg[4]/C
  -------------------------------------------------------------------    -------------------
    SLICE_X15Y4          FDRE (Prop_fdre_C_Q)         0.456    -0.487 r  dvi_driver_inst/hcount_int_reg[4]/Q
                         net (fo=70, routed)          5.077     4.591    pixel_gen_inst/DisplayBullet_inst/ROM_inst_i_187[4]
    SLICE_X12Y32         LUT4 (Prop_lut4_I0_O)        0.124     4.715 r  pixel_gen_inst/DisplayBullet_inst/ROM_inst_i_289/O
                         net (fo=1, routed)           0.000     4.715    dvi_driver_inst/ROM_inst_i_44_0[0]
    SLICE_X12Y32         CARRY4 (Prop_carry4_S[0]_CO[3])
                                                      0.513     5.228 r  dvi_driver_inst/ROM_inst_i_140/CO[3]
                         net (fo=1, routed)           0.000     5.228    dvi_driver_inst/ROM_inst_i_140_n_0
    SLICE_X12Y33         CARRY4 (Prop_carry4_CI_CO[1])
                                                      0.157     5.385 r  dvi_driver_inst/ROM_inst_i_44/CO[1]
                         net (fo=2, routed)           0.984     6.369    pixel_gen_inst/DisplayBullet_inst/ROM_inst_i_6_1[0]
    SLICE_X13Y31         LUT5 (Prop_lut5_I0_O)        0.332     6.701 r  pixel_gen_inst/DisplayBullet_inst/ROM_inst_i_21/O
                         net (fo=29, routed)          2.497     9.197    pixel_gen_inst/DisplayBullet_inst/ROM_inst_i_21_n_0
    SLICE_X10Y14         LUT6 (Prop_lut6_I0_O)        0.124     9.321 r  pixel_gen_inst/DisplayBullet_inst/ROM_inst_i_148/O
                         net (fo=39, routed)          2.094    11.415    pixel_gen_inst/DisplayBullet_inst/ROM_inst_i_148_n_0
    SLICE_X5Y21          LUT6 (Prop_lut6_I4_O)        0.124    11.539 f  pixel_gen_inst/DisplayBullet_inst/ROM_inst_i_62/O
                         net (fo=1, routed)           1.142    12.682    pixel_gen_inst/DisplayBullet_inst/ROM_inst_i_62_n_0
    SLICE_X5Y18          LUT6 (Prop_lut6_I0_O)        0.124    12.806 f  pixel_gen_inst/DisplayBullet_inst/ROM_inst_i_23/O
                         net (fo=1, routed)           0.596    13.402    pixel_gen_inst/DisplayBullet_inst/ROM_inst_i_23_n_0
    SLICE_X6Y19          LUT6 (Prop_lut6_I0_O)        0.124    13.526 r  pixel_gen_inst/DisplayBullet_inst/ROM_inst_i_4/O
                         net (fo=2, routed)           0.907    14.433    pixel_gen_inst/DisplayBullet_inst/ROM_inst/U0/inst_blk_mem_gen/gnbram.gnativebmg.native_blk_mem_gen/valid.cstr/ramloop[0].ram.r/prim_init.ram/addra[4]
    RAMB18_X0Y8          RAMB18E1                                     r  pixel_gen_inst/DisplayBullet_inst/ROM_inst/U0/inst_blk_mem_gen/gnbram.gnativebmg.native_blk_mem_gen/valid.cstr/ramloop[0].ram.r/prim_init.ram/DEVICE_7SERIES.NO_BMM_INFO.SP.WIDE_PRIM18.ram/ADDRARDADDR[9]
  -------------------------------------------------------------------    -------------------

                         (clock clk_25_clkDVIprescaler rise edge)
                                                     40.000    40.000 r  
    W5                                                0.000    40.000 r  clk100 (IN)
                         net (fo=0)                   0.000    40.000    prescaler_instance/inst/clk_100
    W5                   IBUF (Prop_ibuf_I_O)         1.388    41.388 r  prescaler_instance/inst/clkin1_ibufg/O
                         net (fo=1, routed)           1.162    42.550    prescaler_instance/inst/clk_100_clkDVIprescaler
    MMCME2_ADV_X1Y0      MMCME2_ADV (Prop_mmcme2_adv_CLKIN1_CLKOUT0)
                                                     -7.217    35.332 r  prescaler_instance/inst/mmcm_adv_inst/CLKOUT0
                         net (fo=1, routed)           1.581    36.914    prescaler_instance/inst/clk_25_clkDVIprescaler
    BUFGCTRL_X0Y0        BUFG (Prop_bufg_I_O)         0.091    37.005 r  prescaler_instance/inst/clkout1_buf/O
                         net (fo=645, routed)         1.470    38.474    pixel_gen_inst/DisplayBullet_inst/ROM_inst/U0/inst_blk_mem_gen/gnbram.gnativebmg.native_blk_mem_gen/valid.cstr/ramloop[0].ram.r/prim_init.ram/clka
    RAMB18_X0Y8          RAMB18E1                                     r  pixel_gen_inst/DisplayBullet_inst/ROM_inst/U0/inst_blk_mem_gen/gnbram.gnativebmg.native_blk_mem_gen/valid.cstr/ramloop[0].ram.r/prim_init.ram/DEVICE_7SERIES.NO_BMM_INFO.SP.WIDE_PRIM18.ram/CLKARDCLK
                         clock pessimism              0.564    39.038    
                         clock uncertainty           -0.098    38.940    
    RAMB18_X0Y8          RAMB18E1 (Setup_ramb18e1_CLKARDCLK_ADDRARDADDR[9])
                                                     -0.566    38.374    pixel_gen_inst/DisplayBullet_inst/ROM_inst/U0/inst_blk_mem_gen/gnbram.gnativebmg.native_blk_mem_gen/valid.cstr/ramloop[0].ram.r/prim_init.ram/DEVICE_7SERIES.NO_BMM_INFO.SP.WIDE_PRIM18.ram
  -------------------------------------------------------------------
                         required time                         38.374    
                         arrival time                         -14.433    
  -------------------------------------------------------------------
                         slack                                 23.941    

Slack (MET) :             23.949ns  (required time - arrival time)
  Source:                 dvi_driver_inst/hcount_int_reg[4]/C
                            (rising edge-triggered cell FDRE clocked by clk_25_clkDVIprescaler  {rise@0.000ns fall@20.000ns period=40.000ns})
  Destination:            pixel_gen_inst/DisplayBullet_inst/ROM_inst/U0/inst_blk_mem_gen/gnbram.gnativebmg.native_blk_mem_gen/valid.cstr/ramloop[0].ram.r/prim_init.ram/DEVICE_7SERIES.NO_BMM_INFO.SP.WIDE_PRIM18.ram/ADDRBWRADDR[9]
                            (rising edge-triggered cell RAMB18E1 clocked by clk_25_clkDVIprescaler  {rise@0.000ns fall@20.000ns period=40.000ns})
  Path Group:             clk_25_clkDVIprescaler
  Path Type:              Setup (Max at Slow Process Corner)
  Requirement:            40.000ns  (clk_25_clkDVIprescaler rise@40.000ns - clk_25_clkDVIprescaler rise@0.000ns)
  Data Path Delay:        15.374ns  (logic 2.078ns (13.516%)  route 13.296ns (86.484%))
  Logic Levels:           8  (CARRY4=2 LUT4=1 LUT5=1 LUT6=4)
  Clock Path Skew:        -0.014ns (DCD - SCD + CPR)
    Destination Clock Delay (DCD):    -1.520ns = ( 38.480 - 40.000 ) 
    Source Clock Delay      (SCD):    -0.943ns
    Clock Pessimism Removal (CPR):    0.564ns
  Clock Uncertainty:      0.098ns  ((TSJ^2 + DJ^2)^1/2) / 2 + PE
    Total System Jitter     (TSJ):    0.071ns
    Discrete Jitter          (DJ):    0.182ns
    Phase Error              (PE):    0.000ns

    Location             Delay type                Incr(ns)  Path(ns)    Netlist Resource(s)
  -------------------------------------------------------------------    -------------------
                         (clock clk_25_clkDVIprescaler rise edge)
                                                      0.000     0.000 r  
    W5                                                0.000     0.000 r  clk100 (IN)
                         net (fo=0)                   0.000     0.000    prescaler_instance/inst/clk_100
    W5                   IBUF (Prop_ibuf_I_O)         1.458     1.458 r  prescaler_instance/inst/clkin1_ibufg/O
                         net (fo=1, routed)           1.233     2.691    prescaler_instance/inst/clk_100_clkDVIprescaler
    MMCME2_ADV_X1Y0      MMCME2_ADV (Prop_mmcme2_adv_CLKIN1_CLKOUT0)
                                                     -6.961    -4.269 r  prescaler_instance/inst/mmcm_adv_inst/CLKOUT0
                         net (fo=1, routed)           1.661    -2.608    prescaler_instance/inst/clk_25_clkDVIprescaler
    BUFGCTRL_X0Y0        BUFG (Prop_bufg_I_O)         0.096    -2.512 r  prescaler_instance/inst/clkout1_buf/O
                         net (fo=645, routed)         1.569    -0.943    dvi_driver_inst/clk_25
    SLICE_X15Y4          FDRE                                         r  dvi_driver_inst/hcount_int_reg[4]/C
  -------------------------------------------------------------------    -------------------
    SLICE_X15Y4          FDRE (Prop_fdre_C_Q)         0.456    -0.487 r  dvi_driver_inst/hcount_int_reg[4]/Q
                         net (fo=70, routed)          5.077     4.591    pixel_gen_inst/DisplayBullet_inst/ROM_inst_i_187[4]
    SLICE_X12Y32         LUT4 (Prop_lut4_I0_O)        0.124     4.715 r  pixel_gen_inst/DisplayBullet_inst/ROM_inst_i_289/O
                         net (fo=1, routed)           0.000     4.715    dvi_driver_inst/ROM_inst_i_44_0[0]
    SLICE_X12Y32         CARRY4 (Prop_carry4_S[0]_CO[3])
                                                      0.513     5.228 r  dvi_driver_inst/ROM_inst_i_140/CO[3]
                         net (fo=1, routed)           0.000     5.228    dvi_driver_inst/ROM_inst_i_140_n_0
    SLICE_X12Y33         CARRY4 (Prop_carry4_CI_CO[1])
                                                      0.157     5.385 r  dvi_driver_inst/ROM_inst_i_44/CO[1]
                         net (fo=2, routed)           0.984     6.369    pixel_gen_inst/DisplayBullet_inst/ROM_inst_i_6_1[0]
    SLICE_X13Y31         LUT5 (Prop_lut5_I0_O)        0.332     6.701 r  pixel_gen_inst/DisplayBullet_inst/ROM_inst_i_21/O
                         net (fo=29, routed)          2.497     9.197    pixel_gen_inst/DisplayBullet_inst/ROM_inst_i_21_n_0
    SLICE_X10Y14         LUT6 (Prop_lut6_I0_O)        0.124     9.321 r  pixel_gen_inst/DisplayBullet_inst/ROM_inst_i_148/O
                         net (fo=39, routed)          2.094    11.415    pixel_gen_inst/DisplayBullet_inst/ROM_inst_i_148_n_0
    SLICE_X5Y21          LUT6 (Prop_lut6_I4_O)        0.124    11.539 f  pixel_gen_inst/DisplayBullet_inst/ROM_inst_i_62/O
                         net (fo=1, routed)           1.142    12.682    pixel_gen_inst/DisplayBullet_inst/ROM_inst_i_62_n_0
    SLICE_X5Y18          LUT6 (Prop_lut6_I0_O)        0.124    12.806 f  pixel_gen_inst/DisplayBullet_inst/ROM_inst_i_23/O
                         net (fo=1, routed)           0.596    13.402    pixel_gen_inst/DisplayBullet_inst/ROM_inst_i_23_n_0
    SLICE_X6Y19          LUT6 (Prop_lut6_I0_O)        0.124    13.526 r  pixel_gen_inst/DisplayBullet_inst/ROM_inst_i_4/O
                         net (fo=2, routed)           0.906    14.432    pixel_gen_inst/DisplayBullet_inst/ROM_inst/U0/inst_blk_mem_gen/gnbram.gnativebmg.native_blk_mem_gen/valid.cstr/ramloop[0].ram.r/prim_init.ram/addra[4]
    RAMB18_X0Y8          RAMB18E1                                     r  pixel_gen_inst/DisplayBullet_inst/ROM_inst/U0/inst_blk_mem_gen/gnbram.gnativebmg.native_blk_mem_gen/valid.cstr/ramloop[0].ram.r/prim_init.ram/DEVICE_7SERIES.NO_BMM_INFO.SP.WIDE_PRIM18.ram/ADDRBWRADDR[9]
  -------------------------------------------------------------------    -------------------

                         (clock clk_25_clkDVIprescaler rise edge)
                                                     40.000    40.000 r  
    W5                                                0.000    40.000 r  clk100 (IN)
                         net (fo=0)                   0.000    40.000    prescaler_instance/inst/clk_100
    W5                   IBUF (Prop_ibuf_I_O)         1.388    41.388 r  prescaler_instance/inst/clkin1_ibufg/O
                         net (fo=1, routed)           1.162    42.550    prescaler_instance/inst/clk_100_clkDVIprescaler
    MMCME2_ADV_X1Y0      MMCME2_ADV (Prop_mmcme2_adv_CLKIN1_CLKOUT0)
                                                     -7.217    35.332 r  prescaler_instance/inst/mmcm_adv_inst/CLKOUT0
                         net (fo=1, routed)           1.581    36.914    prescaler_instance/inst/clk_25_clkDVIprescaler
    BUFGCTRL_X0Y0        BUFG (Prop_bufg_I_O)         0.091    37.005 r  prescaler_instance/inst/clkout1_buf/O
                         net (fo=645, routed)         1.476    38.480    pixel_gen_inst/DisplayBullet_inst/ROM_inst/U0/inst_blk_mem_gen/gnbram.gnativebmg.native_blk_mem_gen/valid.cstr/ramloop[0].ram.r/prim_init.ram/clka
    RAMB18_X0Y8          RAMB18E1                                     r  pixel_gen_inst/DisplayBullet_inst/ROM_inst/U0/inst_blk_mem_gen/gnbram.gnativebmg.native_blk_mem_gen/valid.cstr/ramloop[0].ram.r/prim_init.ram/DEVICE_7SERIES.NO_BMM_INFO.SP.WIDE_PRIM18.ram/CLKBWRCLK
                         clock pessimism              0.564    39.044    
                         clock uncertainty           -0.098    38.946    
    RAMB18_X0Y8          RAMB18E1 (Setup_ramb18e1_CLKBWRCLK_ADDRBWRADDR[9])
                                                     -0.566    38.380    pixel_gen_inst/DisplayBullet_inst/ROM_inst/U0/inst_blk_mem_gen/gnbram.gnativebmg.native_blk_mem_gen/valid.cstr/ramloop[0].ram.r/prim_init.ram/DEVICE_7SERIES.NO_BMM_INFO.SP.WIDE_PRIM18.ram
  -------------------------------------------------------------------
                         required time                         38.380    
                         arrival time                         -14.432    
  -------------------------------------------------------------------
                         slack                                 23.949    

Slack (MET) :             23.997ns  (required time - arrival time)
  Source:                 dvi_driver_inst/hcount_int_reg[4]/C
                            (rising edge-triggered cell FDRE clocked by clk_25_clkDVIprescaler  {rise@0.000ns fall@20.000ns period=40.000ns})
  Destination:            pixel_gen_inst/DisplayBullet_inst/ROM_inst/U0/inst_blk_mem_gen/gnbram.gnativebmg.native_blk_mem_gen/valid.cstr/ramloop[0].ram.r/prim_init.ram/DEVICE_7SERIES.NO_BMM_INFO.SP.WIDE_PRIM18.ram/ADDRARDADDR[7]
                            (rising edge-triggered cell RAMB18E1 clocked by clk_25_clkDVIprescaler  {rise@0.000ns fall@20.000ns period=40.000ns})
  Path Group:             clk_25_clkDVIprescaler
  Path Type:              Setup (Max at Slow Process Corner)
  Requirement:            40.000ns  (clk_25_clkDVIprescaler rise@40.000ns - clk_25_clkDVIprescaler rise@0.000ns)
  Data Path Delay:        15.320ns  (logic 2.078ns (13.564%)  route 13.242ns (86.436%))
  Logic Levels:           8  (CARRY4=2 LUT4=1 LUT5=2 LUT6=3)
  Clock Path Skew:        -0.020ns (DCD - SCD + CPR)
    Destination Clock Delay (DCD):    -1.526ns = ( 38.474 - 40.000 ) 
    Source Clock Delay      (SCD):    -0.943ns
    Clock Pessimism Removal (CPR):    0.564ns
  Clock Uncertainty:      0.098ns  ((TSJ^2 + DJ^2)^1/2) / 2 + PE
    Total System Jitter     (TSJ):    0.071ns
    Discrete Jitter          (DJ):    0.182ns
    Phase Error              (PE):    0.000ns

    Location             Delay type                Incr(ns)  Path(ns)    Netlist Resource(s)
  -------------------------------------------------------------------    -------------------
                         (clock clk_25_clkDVIprescaler rise edge)
                                                      0.000     0.000 r  
    W5                                                0.000     0.000 r  clk100 (IN)
                         net (fo=0)                   0.000     0.000    prescaler_instance/inst/clk_100
    W5                   IBUF (Prop_ibuf_I_O)         1.458     1.458 r  prescaler_instance/inst/clkin1_ibufg/O
                         net (fo=1, routed)           1.233     2.691    prescaler_instance/inst/clk_100_clkDVIprescaler
    MMCME2_ADV_X1Y0      MMCME2_ADV (Prop_mmcme2_adv_CLKIN1_CLKOUT0)
                                                     -6.961    -4.269 r  prescaler_instance/inst/mmcm_adv_inst/CLKOUT0
                         net (fo=1, routed)           1.661    -2.608    prescaler_instance/inst/clk_25_clkDVIprescaler
    BUFGCTRL_X0Y0        BUFG (Prop_bufg_I_O)         0.096    -2.512 r  prescaler_instance/inst/clkout1_buf/O
                         net (fo=645, routed)         1.569    -0.943    dvi_driver_inst/clk_25
    SLICE_X15Y4          FDRE                                         r  dvi_driver_inst/hcount_int_reg[4]/C
  -------------------------------------------------------------------    -------------------
    SLICE_X15Y4          FDRE (Prop_fdre_C_Q)         0.456    -0.487 r  dvi_driver_inst/hcount_int_reg[4]/Q
                         net (fo=70, routed)          5.077     4.591    pixel_gen_inst/DisplayBullet_inst/ROM_inst_i_187[4]
    SLICE_X12Y32         LUT4 (Prop_lut4_I0_O)        0.124     4.715 r  pixel_gen_inst/DisplayBullet_inst/ROM_inst_i_289/O
                         net (fo=1, routed)           0.000     4.715    dvi_driver_inst/ROM_inst_i_44_0[0]
    SLICE_X12Y32         CARRY4 (Prop_carry4_S[0]_CO[3])
                                                      0.513     5.228 r  dvi_driver_inst/ROM_inst_i_140/CO[3]
                         net (fo=1, routed)           0.000     5.228    dvi_driver_inst/ROM_inst_i_140_n_0
    SLICE_X12Y33         CARRY4 (Prop_carry4_CI_CO[1])
                                                      0.157     5.385 r  dvi_driver_inst/ROM_inst_i_44/CO[1]
                         net (fo=2, routed)           0.984     6.369    pixel_gen_inst/DisplayBullet_inst/ROM_inst_i_6_1[0]
    SLICE_X13Y31         LUT5 (Prop_lut5_I0_O)        0.332     6.701 r  pixel_gen_inst/DisplayBullet_inst/ROM_inst_i_21/O
                         net (fo=29, routed)          2.497     9.197    pixel_gen_inst/DisplayBullet_inst/ROM_inst_i_21_n_0
    SLICE_X10Y14         LUT6 (Prop_lut6_I0_O)        0.124     9.321 r  pixel_gen_inst/DisplayBullet_inst/ROM_inst_i_148/O
                         net (fo=39, routed)          1.765    11.086    pixel_gen_inst/DisplayBullet_inst/ROM_inst_i_148_n_0
    SLICE_X9Y33          LUT6 (Prop_lut6_I4_O)        0.124    11.210 r  pixel_gen_inst/DisplayBullet_inst/ROM_inst_i_71/O
                         net (fo=1, routed)           1.695    12.906    pixel_gen_inst/DisplayBullet_inst/ROM_inst_i_71_n_0
    SLICE_X6Y17          LUT6 (Prop_lut6_I0_O)        0.124    13.030 r  pixel_gen_inst/DisplayBullet_inst/ROM_inst_i_25/O
                         net (fo=4, routed)           0.526    13.556    pixel_gen_inst/DisplayBullet_inst/ROM_inst_i_25_n_0
    SLICE_X6Y19          LUT5 (Prop_lut5_I4_O)        0.124    13.680 r  pixel_gen_inst/DisplayBullet_inst/ROM_inst_i_6/O
                         net (fo=2, routed)           0.697    14.377    pixel_gen_inst/DisplayBullet_inst/ROM_inst/U0/inst_blk_mem_gen/gnbram.gnativebmg.native_blk_mem_gen/valid.cstr/ramloop[0].ram.r/prim_init.ram/addra[2]
    RAMB18_X0Y8          RAMB18E1                                     r  pixel_gen_inst/DisplayBullet_inst/ROM_inst/U0/inst_blk_mem_gen/gnbram.gnativebmg.native_blk_mem_gen/valid.cstr/ramloop[0].ram.r/prim_init.ram/DEVICE_7SERIES.NO_BMM_INFO.SP.WIDE_PRIM18.ram/ADDRARDADDR[7]
  -------------------------------------------------------------------    -------------------

                         (clock clk_25_clkDVIprescaler rise edge)
                                                     40.000    40.000 r  
    W5                                                0.000    40.000 r  clk100 (IN)
                         net (fo=0)                   0.000    40.000    prescaler_instance/inst/clk_100
    W5                   IBUF (Prop_ibuf_I_O)         1.388    41.388 r  prescaler_instance/inst/clkin1_ibufg/O
                         net (fo=1, routed)           1.162    42.550    prescaler_instance/inst/clk_100_clkDVIprescaler
    MMCME2_ADV_X1Y0      MMCME2_ADV (Prop_mmcme2_adv_CLKIN1_CLKOUT0)
                                                     -7.217    35.332 r  prescaler_instance/inst/mmcm_adv_inst/CLKOUT0
                         net (fo=1, routed)           1.581    36.914    prescaler_instance/inst/clk_25_clkDVIprescaler
    BUFGCTRL_X0Y0        BUFG (Prop_bufg_I_O)         0.091    37.005 r  prescaler_instance/inst/clkout1_buf/O
                         net (fo=645, routed)         1.470    38.474    pixel_gen_inst/DisplayBullet_inst/ROM_inst/U0/inst_blk_mem_gen/gnbram.gnativebmg.native_blk_mem_gen/valid.cstr/ramloop[0].ram.r/prim_init.ram/clka
    RAMB18_X0Y8          RAMB18E1                                     r  pixel_gen_inst/DisplayBullet_inst/ROM_inst/U0/inst_blk_mem_gen/gnbram.gnativebmg.native_blk_mem_gen/valid.cstr/ramloop[0].ram.r/prim_init.ram/DEVICE_7SERIES.NO_BMM_INFO.SP.WIDE_PRIM18.ram/CLKARDCLK
                         clock pessimism              0.564    39.038    
                         clock uncertainty           -0.098    38.940    
    RAMB18_X0Y8          RAMB18E1 (Setup_ramb18e1_CLKARDCLK_ADDRARDADDR[7])
                                                     -0.566    38.374    pixel_gen_inst/DisplayBullet_inst/ROM_inst/U0/inst_blk_mem_gen/gnbram.gnativebmg.native_blk_mem_gen/valid.cstr/ramloop[0].ram.r/prim_init.ram/DEVICE_7SERIES.NO_BMM_INFO.SP.WIDE_PRIM18.ram
  -------------------------------------------------------------------
                         required time                         38.374    
                         arrival time                         -14.377    
  -------------------------------------------------------------------
                         slack                                 23.997    

Slack (MET) :             24.005ns  (required time - arrival time)
  Source:                 dvi_driver_inst/hcount_int_reg[4]/C
                            (rising edge-triggered cell FDRE clocked by clk_25_clkDVIprescaler  {rise@0.000ns fall@20.000ns period=40.000ns})
  Destination:            pixel_gen_inst/DisplayBullet_inst/ROM_inst/U0/inst_blk_mem_gen/gnbram.gnativebmg.native_blk_mem_gen/valid.cstr/ramloop[0].ram.r/prim_init.ram/DEVICE_7SERIES.NO_BMM_INFO.SP.WIDE_PRIM18.ram/ADDRBWRADDR[7]
                            (rising edge-triggered cell RAMB18E1 clocked by clk_25_clkDVIprescaler  {rise@0.000ns fall@20.000ns period=40.000ns})
  Path Group:             clk_25_clkDVIprescaler
  Path Type:              Setup (Max at Slow Process Corner)
  Requirement:            40.000ns  (clk_25_clkDVIprescaler rise@40.000ns - clk_25_clkDVIprescaler rise@0.000ns)
  Data Path Delay:        15.318ns  (logic 2.078ns (13.566%)  route 13.240ns (86.434%))
  Logic Levels:           8  (CARRY4=2 LUT4=1 LUT5=2 LUT6=3)
  Clock Path Skew:        -0.014ns (DCD - SCD + CPR)
    Destination Clock Delay (DCD):    -1.520ns = ( 38.480 - 40.000 ) 
    Source Clock Delay      (SCD):    -0.943ns
    Clock Pessimism Removal (CPR):    0.564ns
  Clock Uncertainty:      0.098ns  ((TSJ^2 + DJ^2)^1/2) / 2 + PE
    Total System Jitter     (TSJ):    0.071ns
    Discrete Jitter          (DJ):    0.182ns
    Phase Error              (PE):    0.000ns

    Location             Delay type                Incr(ns)  Path(ns)    Netlist Resource(s)
  -------------------------------------------------------------------    -------------------
                         (clock clk_25_clkDVIprescaler rise edge)
                                                      0.000     0.000 r  
    W5                                                0.000     0.000 r  clk100 (IN)
                         net (fo=0)                   0.000     0.000    prescaler_instance/inst/clk_100
    W5                   IBUF (Prop_ibuf_I_O)         1.458     1.458 r  prescaler_instance/inst/clkin1_ibufg/O
                         net (fo=1, routed)           1.233     2.691    prescaler_instance/inst/clk_100_clkDVIprescaler
    MMCME2_ADV_X1Y0      MMCME2_ADV (Prop_mmcme2_adv_CLKIN1_CLKOUT0)
                                                     -6.961    -4.269 r  prescaler_instance/inst/mmcm_adv_inst/CLKOUT0
                         net (fo=1, routed)           1.661    -2.608    prescaler_instance/inst/clk_25_clkDVIprescaler
    BUFGCTRL_X0Y0        BUFG (Prop_bufg_I_O)         0.096    -2.512 r  prescaler_instance/inst/clkout1_buf/O
                         net (fo=645, routed)         1.569    -0.943    dvi_driver_inst/clk_25
    SLICE_X15Y4          FDRE                                         r  dvi_driver_inst/hcount_int_reg[4]/C
  -------------------------------------------------------------------    -------------------
    SLICE_X15Y4          FDRE (Prop_fdre_C_Q)         0.456    -0.487 r  dvi_driver_inst/hcount_int_reg[4]/Q
                         net (fo=70, routed)          5.077     4.591    pixel_gen_inst/DisplayBullet_inst/ROM_inst_i_187[4]
    SLICE_X12Y32         LUT4 (Prop_lut4_I0_O)        0.124     4.715 r  pixel_gen_inst/DisplayBullet_inst/ROM_inst_i_289/O
                         net (fo=1, routed)           0.000     4.715    dvi_driver_inst/ROM_inst_i_44_0[0]
    SLICE_X12Y32         CARRY4 (Prop_carry4_S[0]_CO[3])
                                                      0.513     5.228 r  dvi_driver_inst/ROM_inst_i_140/CO[3]
                         net (fo=1, routed)           0.000     5.228    dvi_driver_inst/ROM_inst_i_140_n_0
    SLICE_X12Y33         CARRY4 (Prop_carry4_CI_CO[1])
                                                      0.157     5.385 r  dvi_driver_inst/ROM_inst_i_44/CO[1]
                         net (fo=2, routed)           0.984     6.369    pixel_gen_inst/DisplayBullet_inst/ROM_inst_i_6_1[0]
    SLICE_X13Y31         LUT5 (Prop_lut5_I0_O)        0.332     6.701 r  pixel_gen_inst/DisplayBullet_inst/ROM_inst_i_21/O
                         net (fo=29, routed)          2.497     9.197    pixel_gen_inst/DisplayBullet_inst/ROM_inst_i_21_n_0
    SLICE_X10Y14         LUT6 (Prop_lut6_I0_O)        0.124     9.321 r  pixel_gen_inst/DisplayBullet_inst/ROM_inst_i_148/O
                         net (fo=39, routed)          1.765    11.086    pixel_gen_inst/DisplayBullet_inst/ROM_inst_i_148_n_0
    SLICE_X9Y33          LUT6 (Prop_lut6_I4_O)        0.124    11.210 r  pixel_gen_inst/DisplayBullet_inst/ROM_inst_i_71/O
                         net (fo=1, routed)           1.695    12.906    pixel_gen_inst/DisplayBullet_inst/ROM_inst_i_71_n_0
    SLICE_X6Y17          LUT6 (Prop_lut6_I0_O)        0.124    13.030 r  pixel_gen_inst/DisplayBullet_inst/ROM_inst_i_25/O
                         net (fo=4, routed)           0.526    13.556    pixel_gen_inst/DisplayBullet_inst/ROM_inst_i_25_n_0
    SLICE_X6Y19          LUT5 (Prop_lut5_I4_O)        0.124    13.680 r  pixel_gen_inst/DisplayBullet_inst/ROM_inst_i_6/O
                         net (fo=2, routed)           0.696    14.376    pixel_gen_inst/DisplayBullet_inst/ROM_inst/U0/inst_blk_mem_gen/gnbram.gnativebmg.native_blk_mem_gen/valid.cstr/ramloop[0].ram.r/prim_init.ram/addra[2]
    RAMB18_X0Y8          RAMB18E1                                     r  pixel_gen_inst/DisplayBullet_inst/ROM_inst/U0/inst_blk_mem_gen/gnbram.gnativebmg.native_blk_mem_gen/valid.cstr/ramloop[0].ram.r/prim_init.ram/DEVICE_7SERIES.NO_BMM_INFO.SP.WIDE_PRIM18.ram/ADDRBWRADDR[7]
  -------------------------------------------------------------------    -------------------

                         (clock clk_25_clkDVIprescaler rise edge)
                                                     40.000    40.000 r  
    W5                                                0.000    40.000 r  clk100 (IN)
                         net (fo=0)                   0.000    40.000    prescaler_instance/inst/clk_100
    W5                   IBUF (Prop_ibuf_I_O)         1.388    41.388 r  prescaler_instance/inst/clkin1_ibufg/O
                         net (fo=1, routed)           1.162    42.550    prescaler_instance/inst/clk_100_clkDVIprescaler
    MMCME2_ADV_X1Y0      MMCME2_ADV (Prop_mmcme2_adv_CLKIN1_CLKOUT0)
                                                     -7.217    35.332 r  prescaler_instance/inst/mmcm_adv_inst/CLKOUT0
                         net (fo=1, routed)           1.581    36.914    prescaler_instance/inst/clk_25_clkDVIprescaler
    BUFGCTRL_X0Y0        BUFG (Prop_bufg_I_O)         0.091    37.005 r  prescaler_instance/inst/clkout1_buf/O
                         net (fo=645, routed)         1.476    38.480    pixel_gen_inst/DisplayBullet_inst/ROM_inst/U0/inst_blk_mem_gen/gnbram.gnativebmg.native_blk_mem_gen/valid.cstr/ramloop[0].ram.r/prim_init.ram/clka
    RAMB18_X0Y8          RAMB18E1                                     r  pixel_gen_inst/DisplayBullet_inst/ROM_inst/U0/inst_blk_mem_gen/gnbram.gnativebmg.native_blk_mem_gen/valid.cstr/ramloop[0].ram.r/prim_init.ram/DEVICE_7SERIES.NO_BMM_INFO.SP.WIDE_PRIM18.ram/CLKBWRCLK
                         clock pessimism              0.564    39.044    
                         clock uncertainty           -0.098    38.946    
    RAMB18_X0Y8          RAMB18E1 (Setup_ramb18e1_CLKBWRCLK_ADDRBWRADDR[7])
                                                     -0.566    38.380    pixel_gen_inst/DisplayBullet_inst/ROM_inst/U0/inst_blk_mem_gen/gnbram.gnativebmg.native_blk_mem_gen/valid.cstr/ramloop[0].ram.r/prim_init.ram/DEVICE_7SERIES.NO_BMM_INFO.SP.WIDE_PRIM18.ram
  -------------------------------------------------------------------
                         required time                         38.380    
                         arrival time                         -14.376    
  -------------------------------------------------------------------
                         slack                                 24.005    





Min Delay Paths
--------------------------------------------------------------------------------------
Slack (MET) :             0.046ns  (arrival time - required time)
  Source:                 pixel_gen_inst/DisplayHoofdMenu_inst/orig_h_reg[0]/C
                            (rising edge-triggered cell FDRE clocked by clk_25_clkDVIprescaler  {rise@0.000ns fall@20.000ns period=40.000ns})
  Destination:            pixel_gen_inst/DisplayHoofdMenu_inst/rom_addr_int_reg[0]/D
                            (rising edge-triggered cell FDRE clocked by clk_25_clkDVIprescaler  {rise@0.000ns fall@20.000ns period=40.000ns})
  Path Group:             clk_25_clkDVIprescaler
  Path Type:              Hold (Min at Fast Process Corner)
  Requirement:            0.000ns  (clk_25_clkDVIprescaler rise@0.000ns - clk_25_clkDVIprescaler rise@0.000ns)
  Data Path Delay:        0.379ns  (logic 0.141ns (37.211%)  route 0.238ns (62.789%))
  Logic Levels:           0  
  Clock Path Skew:        0.263ns (DCD - SCD - CPR)
    Destination Clock Delay (DCD):    -0.863ns
    Source Clock Delay      (SCD):    -0.622ns
    Clock Pessimism Removal (CPR):    -0.503ns

    Location             Delay type                Incr(ns)  Path(ns)    Netlist Resource(s)
  -------------------------------------------------------------------    -------------------
                         (clock clk_25_clkDVIprescaler rise edge)
                                                      0.000     0.000 r  
    W5                                                0.000     0.000 r  clk100 (IN)
                         net (fo=0)                   0.000     0.000    prescaler_instance/inst/clk_100
    W5                   IBUF (Prop_ibuf_I_O)         0.226     0.226 r  prescaler_instance/inst/clkin1_ibufg/O
                         net (fo=1, routed)           0.440     0.667    prescaler_instance/inst/clk_100_clkDVIprescaler
    MMCME2_ADV_X1Y0      MMCME2_ADV (Prop_mmcme2_adv_CLKIN1_CLKOUT0)
                                                     -2.360    -1.693 r  prescaler_instance/inst/mmcm_adv_inst/CLKOUT0
                         net (fo=1, routed)           0.486    -1.207    prescaler_instance/inst/clk_25_clkDVIprescaler
    BUFGCTRL_X0Y0        BUFG (Prop_bufg_I_O)         0.026    -1.181 r  prescaler_instance/inst/clkout1_buf/O
                         net (fo=645, routed)         0.559    -0.622    pixel_gen_inst/DisplayHoofdMenu_inst/clk_25
    SLICE_X29Y13         FDRE                                         r  pixel_gen_inst/DisplayHoofdMenu_inst/orig_h_reg[0]/C
  -------------------------------------------------------------------    -------------------
    SLICE_X29Y13         FDRE (Prop_fdre_C_Q)         0.141    -0.481 r  pixel_gen_inst/DisplayHoofdMenu_inst/orig_h_reg[0]/Q
                         net (fo=1, routed)           0.238    -0.243    pixel_gen_inst/DisplayHoofdMenu_inst/orig_h_reg_n_0_[0]
    SLICE_X36Y13         FDRE                                         r  pixel_gen_inst/DisplayHoofdMenu_inst/rom_addr_int_reg[0]/D
  -------------------------------------------------------------------    -------------------

                         (clock clk_25_clkDVIprescaler rise edge)
                                                      0.000     0.000 r  
    W5                                                0.000     0.000 r  clk100 (IN)
                         net (fo=0)                   0.000     0.000    prescaler_instance/inst/clk_100
    W5                   IBUF (Prop_ibuf_I_O)         0.414     0.414 r  prescaler_instance/inst/clkin1_ibufg/O
                         net (fo=1, routed)           0.480     0.894    prescaler_instance/inst/clk_100_clkDVIprescaler
    MMCME2_ADV_X1Y0      MMCME2_ADV (Prop_mmcme2_adv_CLKIN1_CLKOUT0)
                                                     -3.142    -2.248 r  prescaler_instance/inst/mmcm_adv_inst/CLKOUT0
                         net (fo=1, routed)           0.530    -1.718    prescaler_instance/inst/clk_25_clkDVIprescaler
    BUFGCTRL_X0Y0        BUFG (Prop_bufg_I_O)         0.029    -1.689 r  prescaler_instance/inst/clkout1_buf/O
                         net (fo=645, routed)         0.827    -0.863    pixel_gen_inst/DisplayHoofdMenu_inst/clk_25
    SLICE_X36Y13         FDRE                                         r  pixel_gen_inst/DisplayHoofdMenu_inst/rom_addr_int_reg[0]/C
                         clock pessimism              0.503    -0.359    
    SLICE_X36Y13         FDRE (Hold_fdre_C_D)         0.070    -0.289    pixel_gen_inst/DisplayHoofdMenu_inst/rom_addr_int_reg[0]
  -------------------------------------------------------------------
                         required time                          0.289    
                         arrival time                          -0.243    
  -------------------------------------------------------------------
                         slack                                  0.046    

Slack (MET) :             0.080ns  (arrival time - required time)
  Source:                 pixel_gen_inst/DisplayCharacter_inst/rom_addr_reg[7]/C
                            (rising edge-triggered cell FDRE clocked by clk_25_clkDVIprescaler  {rise@0.000ns fall@20.000ns period=40.000ns})
  Destination:            pixel_gen_inst/DisplayCharacter_inst/ROM_inst_2/U0/inst_blk_mem_gen/gnbram.gnativebmg.native_blk_mem_gen/valid.cstr/ramloop[0].ram.r/prim_init.ram/DEVICE_7SERIES.NO_BMM_INFO.SP.SIMPLE_PRIM18.ram/ADDRARDADDR[11]
                            (rising edge-triggered cell RAMB18E1 clocked by clk_25_clkDVIprescaler  {rise@0.000ns fall@20.000ns period=40.000ns})
  Path Group:             clk_25_clkDVIprescaler
  Path Type:              Hold (Min at Fast Process Corner)
  Requirement:            0.000ns  (clk_25_clkDVIprescaler rise@0.000ns - clk_25_clkDVIprescaler rise@0.000ns)
  Data Path Delay:        0.322ns  (logic 0.164ns (50.980%)  route 0.158ns (49.020%))
  Logic Levels:           0  
  Clock Path Skew:        0.058ns (DCD - SCD - CPR)
    Destination Clock Delay (DCD):    -0.811ns
    Source Clock Delay      (SCD):    -0.615ns
    Clock Pessimism Removal (CPR):    -0.254ns

    Location             Delay type                Incr(ns)  Path(ns)    Netlist Resource(s)
  -------------------------------------------------------------------    -------------------
                         (clock clk_25_clkDVIprescaler rise edge)
                                                      0.000     0.000 r  
    W5                                                0.000     0.000 r  clk100 (IN)
                         net (fo=0)                   0.000     0.000    prescaler_instance/inst/clk_100
    W5                   IBUF (Prop_ibuf_I_O)         0.226     0.226 r  prescaler_instance/inst/clkin1_ibufg/O
                         net (fo=1, routed)           0.440     0.667    prescaler_instance/inst/clk_100_clkDVIprescaler
    MMCME2_ADV_X1Y0      MMCME2_ADV (Prop_mmcme2_adv_CLKIN1_CLKOUT0)
                                                     -2.360    -1.693 r  prescaler_instance/inst/mmcm_adv_inst/CLKOUT0
                         net (fo=1, routed)           0.486    -1.207    prescaler_instance/inst/clk_25_clkDVIprescaler
    BUFGCTRL_X0Y0        BUFG (Prop_bufg_I_O)         0.026    -1.181 r  prescaler_instance/inst/clkout1_buf/O
                         net (fo=645, routed)         0.566    -0.615    pixel_gen_inst/DisplayCharacter_inst/clk_25
    SLICE_X8Y4           FDRE                                         r  pixel_gen_inst/DisplayCharacter_inst/rom_addr_reg[7]/C
  -------------------------------------------------------------------    -------------------
    SLICE_X8Y4           FDRE (Prop_fdre_C_Q)         0.164    -0.451 r  pixel_gen_inst/DisplayCharacter_inst/rom_addr_reg[7]/Q
                         net (fo=4, routed)           0.158    -0.294    pixel_gen_inst/DisplayCharacter_inst/ROM_inst_2/U0/inst_blk_mem_gen/gnbram.gnativebmg.native_blk_mem_gen/valid.cstr/ramloop[0].ram.r/prim_init.ram/addra[7]
    RAMB18_X0Y0          RAMB18E1                                     r  pixel_gen_inst/DisplayCharacter_inst/ROM_inst_2/U0/inst_blk_mem_gen/gnbram.gnativebmg.native_blk_mem_gen/valid.cstr/ramloop[0].ram.r/prim_init.ram/DEVICE_7SERIES.NO_BMM_INFO.SP.SIMPLE_PRIM18.ram/ADDRARDADDR[11]
  -------------------------------------------------------------------    -------------------

                         (clock clk_25_clkDVIprescaler rise edge)
                                                      0.000     0.000 r  
    W5                                                0.000     0.000 r  clk100 (IN)
                         net (fo=0)                   0.000     0.000    prescaler_instance/inst/clk_100
    W5                   IBUF (Prop_ibuf_I_O)         0.414     0.414 r  prescaler_instance/inst/clkin1_ibufg/O
                         net (fo=1, routed)           0.480     0.894    prescaler_instance/inst/clk_100_clkDVIprescaler
    MMCME2_ADV_X1Y0      MMCME2_ADV (Prop_mmcme2_adv_CLKIN1_CLKOUT0)
                                                     -3.142    -2.248 r  prescaler_instance/inst/mmcm_adv_inst/CLKOUT0
                         net (fo=1, routed)           0.530    -1.718    prescaler_instance/inst/clk_25_clkDVIprescaler
    BUFGCTRL_X0Y0        BUFG (Prop_bufg_I_O)         0.029    -1.689 r  prescaler_instance/inst/clkout1_buf/O
                         net (fo=645, routed)         0.878    -0.811    pixel_gen_inst/DisplayCharacter_inst/ROM_inst_2/U0/inst_blk_mem_gen/gnbram.gnativebmg.native_blk_mem_gen/valid.cstr/ramloop[0].ram.r/prim_init.ram/clka
    RAMB18_X0Y0          RAMB18E1                                     r  pixel_gen_inst/DisplayCharacter_inst/ROM_inst_2/U0/inst_blk_mem_gen/gnbram.gnativebmg.native_blk_mem_gen/valid.cstr/ramloop[0].ram.r/prim_init.ram/DEVICE_7SERIES.NO_BMM_INFO.SP.SIMPLE_PRIM18.ram/CLKARDCLK
                         clock pessimism              0.254    -0.557    
    RAMB18_X0Y0          RAMB18E1 (Hold_ramb18e1_CLKARDCLK_ADDRARDADDR[11])
                                                      0.183    -0.374    pixel_gen_inst/DisplayCharacter_inst/ROM_inst_2/U0/inst_blk_mem_gen/gnbram.gnativebmg.native_blk_mem_gen/valid.cstr/ramloop[0].ram.r/prim_init.ram/DEVICE_7SERIES.NO_BMM_INFO.SP.SIMPLE_PRIM18.ram
  -------------------------------------------------------------------
                         required time                          0.374    
                         arrival time                          -0.294    
  -------------------------------------------------------------------
                         slack                                  0.080    

Slack (MET) :             0.080ns  (arrival time - required time)
  Source:                 pixel_gen_inst/DisplayCharacter_inst/rom_addr_reg[7]/C
                            (rising edge-triggered cell FDRE clocked by clk_25_clkDVIprescaler  {rise@0.000ns fall@20.000ns period=40.000ns})
  Destination:            pixel_gen_inst/DisplayCharacter_inst/ROM_inst_4/U0/inst_blk_mem_gen/gnbram.gnativebmg.native_blk_mem_gen/valid.cstr/ramloop[0].ram.r/prim_init.ram/DEVICE_7SERIES.NO_BMM_INFO.SP.SIMPLE_PRIM18.ram/ADDRARDADDR[11]
                            (rising edge-triggered cell RAMB18E1 clocked by clk_25_clkDVIprescaler  {rise@0.000ns fall@20.000ns period=40.000ns})
  Path Group:             clk_25_clkDVIprescaler
  Path Type:              Hold (Min at Fast Process Corner)
  Requirement:            0.000ns  (clk_25_clkDVIprescaler rise@0.000ns - clk_25_clkDVIprescaler rise@0.000ns)
  Data Path Delay:        0.322ns  (logic 0.164ns (50.980%)  route 0.158ns (49.020%))
  Logic Levels:           0  
  Clock Path Skew:        0.058ns (DCD - SCD - CPR)
    Destination Clock Delay (DCD):    -0.811ns
    Source Clock Delay      (SCD):    -0.615ns
    Clock Pessimism Removal (CPR):    -0.254ns

    Location             Delay type                Incr(ns)  Path(ns)    Netlist Resource(s)
  -------------------------------------------------------------------    -------------------
                         (clock clk_25_clkDVIprescaler rise edge)
                                                      0.000     0.000 r  
    W5                                                0.000     0.000 r  clk100 (IN)
                         net (fo=0)                   0.000     0.000    prescaler_instance/inst/clk_100
    W5                   IBUF (Prop_ibuf_I_O)         0.226     0.226 r  prescaler_instance/inst/clkin1_ibufg/O
                         net (fo=1, routed)           0.440     0.667    prescaler_instance/inst/clk_100_clkDVIprescaler
    MMCME2_ADV_X1Y0      MMCME2_ADV (Prop_mmcme2_adv_CLKIN1_CLKOUT0)
                                                     -2.360    -1.693 r  prescaler_instance/inst/mmcm_adv_inst/CLKOUT0
                         net (fo=1, routed)           0.486    -1.207    prescaler_instance/inst/clk_25_clkDVIprescaler
    BUFGCTRL_X0Y0        BUFG (Prop_bufg_I_O)         0.026    -1.181 r  prescaler_instance/inst/clkout1_buf/O
                         net (fo=645, routed)         0.566    -0.615    pixel_gen_inst/DisplayCharacter_inst/clk_25
    SLICE_X8Y4           FDRE                                         r  pixel_gen_inst/DisplayCharacter_inst/rom_addr_reg[7]/C
  -------------------------------------------------------------------    -------------------
    SLICE_X8Y4           FDRE (Prop_fdre_C_Q)         0.164    -0.451 r  pixel_gen_inst/DisplayCharacter_inst/rom_addr_reg[7]/Q
                         net (fo=4, routed)           0.158    -0.294    pixel_gen_inst/DisplayCharacter_inst/ROM_inst_4/U0/inst_blk_mem_gen/gnbram.gnativebmg.native_blk_mem_gen/valid.cstr/ramloop[0].ram.r/prim_init.ram/addra[7]
    RAMB18_X0Y1          RAMB18E1                                     r  pixel_gen_inst/DisplayCharacter_inst/ROM_inst_4/U0/inst_blk_mem_gen/gnbram.gnativebmg.native_blk_mem_gen/valid.cstr/ramloop[0].ram.r/prim_init.ram/DEVICE_7SERIES.NO_BMM_INFO.SP.SIMPLE_PRIM18.ram/ADDRARDADDR[11]
  -------------------------------------------------------------------    -------------------

                         (clock clk_25_clkDVIprescaler rise edge)
                                                      0.000     0.000 r  
    W5                                                0.000     0.000 r  clk100 (IN)
                         net (fo=0)                   0.000     0.000    prescaler_instance/inst/clk_100
    W5                   IBUF (Prop_ibuf_I_O)         0.414     0.414 r  prescaler_instance/inst/clkin1_ibufg/O
                         net (fo=1, routed)           0.480     0.894    prescaler_instance/inst/clk_100_clkDVIprescaler
    MMCME2_ADV_X1Y0      MMCME2_ADV (Prop_mmcme2_adv_CLKIN1_CLKOUT0)
                                                     -3.142    -2.248 r  prescaler_instance/inst/mmcm_adv_inst/CLKOUT0
                         net (fo=1, routed)           0.530    -1.718    prescaler_instance/inst/clk_25_clkDVIprescaler
    BUFGCTRL_X0Y0        BUFG (Prop_bufg_I_O)         0.029    -1.689 r  prescaler_instance/inst/clkout1_buf/O
                         net (fo=645, routed)         0.878    -0.811    pixel_gen_inst/DisplayCharacter_inst/ROM_inst_4/U0/inst_blk_mem_gen/gnbram.gnativebmg.native_blk_mem_gen/valid.cstr/ramloop[0].ram.r/prim_init.ram/clka
    RAMB18_X0Y1          RAMB18E1                                     r  pixel_gen_inst/DisplayCharacter_inst/ROM_inst_4/U0/inst_blk_mem_gen/gnbram.gnativebmg.native_blk_mem_gen/valid.cstr/ramloop[0].ram.r/prim_init.ram/DEVICE_7SERIES.NO_BMM_INFO.SP.SIMPLE_PRIM18.ram/CLKARDCLK
                         clock pessimism              0.254    -0.557    
    RAMB18_X0Y1          RAMB18E1 (Hold_ramb18e1_CLKARDCLK_ADDRARDADDR[11])
                                                      0.183    -0.374    pixel_gen_inst/DisplayCharacter_inst/ROM_inst_4/U0/inst_blk_mem_gen/gnbram.gnativebmg.native_blk_mem_gen/valid.cstr/ramloop[0].ram.r/prim_init.ram/DEVICE_7SERIES.NO_BMM_INFO.SP.SIMPLE_PRIM18.ram
  -------------------------------------------------------------------
                         required time                          0.374    
                         arrival time                          -0.294    
  -------------------------------------------------------------------
                         slack                                  0.080    

Slack (MET) :             0.083ns  (arrival time - required time)
  Source:                 pixel_gen_inst/DisplayHoofdMenu_inst/orig_h_reg[1]/C
                            (rising edge-triggered cell FDRE clocked by clk_25_clkDVIprescaler  {rise@0.000ns fall@20.000ns period=40.000ns})
  Destination:            pixel_gen_inst/DisplayHoofdMenu_inst/rom_addr_int_reg[1]/D
                            (rising edge-triggered cell FDRE clocked by clk_25_clkDVIprescaler  {rise@0.000ns fall@20.000ns period=40.000ns})
  Path Group:             clk_25_clkDVIprescaler
  Path Type:              Hold (Min at Fast Process Corner)
  Requirement:            0.000ns  (clk_25_clkDVIprescaler rise@0.000ns - clk_25_clkDVIprescaler rise@0.000ns)
  Data Path Delay:        0.403ns  (logic 0.164ns (40.658%)  route 0.239ns (59.342%))
  Logic Levels:           0  
  Clock Path Skew:        0.261ns (DCD - SCD - CPR)
    Destination Clock Delay (DCD):    -0.863ns
    Source Clock Delay      (SCD):    -0.620ns
    Clock Pessimism Removal (CPR):    -0.503ns

    Location             Delay type                Incr(ns)  Path(ns)    Netlist Resource(s)
  -------------------------------------------------------------------    -------------------
                         (clock clk_25_clkDVIprescaler rise edge)
                                                      0.000     0.000 r  
    W5                                                0.000     0.000 r  clk100 (IN)
                         net (fo=0)                   0.000     0.000    prescaler_instance/inst/clk_100
    W5                   IBUF (Prop_ibuf_I_O)         0.226     0.226 r  prescaler_instance/inst/clkin1_ibufg/O
                         net (fo=1, routed)           0.440     0.667    prescaler_instance/inst/clk_100_clkDVIprescaler
    MMCME2_ADV_X1Y0      MMCME2_ADV (Prop_mmcme2_adv_CLKIN1_CLKOUT0)
                                                     -2.360    -1.693 r  prescaler_instance/inst/mmcm_adv_inst/CLKOUT0
                         net (fo=1, routed)           0.486    -1.207    prescaler_instance/inst/clk_25_clkDVIprescaler
    BUFGCTRL_X0Y0        BUFG (Prop_bufg_I_O)         0.026    -1.181 r  prescaler_instance/inst/clkout1_buf/O
                         net (fo=645, routed)         0.561    -0.620    pixel_gen_inst/DisplayHoofdMenu_inst/clk_25
    SLICE_X30Y11         FDRE                                         r  pixel_gen_inst/DisplayHoofdMenu_inst/orig_h_reg[1]/C
  -------------------------------------------------------------------    -------------------
    SLICE_X30Y11         FDRE (Prop_fdre_C_Q)         0.164    -0.456 r  pixel_gen_inst/DisplayHoofdMenu_inst/orig_h_reg[1]/Q
                         net (fo=1, routed)           0.239    -0.217    pixel_gen_inst/DisplayHoofdMenu_inst/orig_h_reg_n_0_[1]
    SLICE_X38Y14         FDRE                                         r  pixel_gen_inst/DisplayHoofdMenu_inst/rom_addr_int_reg[1]/D
  -------------------------------------------------------------------    -------------------

                         (clock clk_25_clkDVIprescaler rise edge)
                                                      0.000     0.000 r  
    W5                                                0.000     0.000 r  clk100 (IN)
                         net (fo=0)                   0.000     0.000    prescaler_instance/inst/clk_100
    W5                   IBUF (Prop_ibuf_I_O)         0.414     0.414 r  prescaler_instance/inst/clkin1_ibufg/O
                         net (fo=1, routed)           0.480     0.894    prescaler_instance/inst/clk_100_clkDVIprescaler
    MMCME2_ADV_X1Y0      MMCME2_ADV (Prop_mmcme2_adv_CLKIN1_CLKOUT0)
                                                     -3.142    -2.248 r  prescaler_instance/inst/mmcm_adv_inst/CLKOUT0
                         net (fo=1, routed)           0.530    -1.718    prescaler_instance/inst/clk_25_clkDVIprescaler
    BUFGCTRL_X0Y0        BUFG (Prop_bufg_I_O)         0.029    -1.689 r  prescaler_instance/inst/clkout1_buf/O
                         net (fo=645, routed)         0.827    -0.863    pixel_gen_inst/DisplayHoofdMenu_inst/clk_25
    SLICE_X38Y14         FDRE                                         r  pixel_gen_inst/DisplayHoofdMenu_inst/rom_addr_int_reg[1]/C
                         clock pessimism              0.503    -0.359    
    SLICE_X38Y14         FDRE (Hold_fdre_C_D)         0.059    -0.300    pixel_gen_inst/DisplayHoofdMenu_inst/rom_addr_int_reg[1]
  -------------------------------------------------------------------
                         required time                          0.300    
                         arrival time                          -0.217    
  -------------------------------------------------------------------
                         slack                                  0.083    

Slack (MET) :             0.111ns  (arrival time - required time)
  Source:                 pixel_gen_inst/DisplayLevel_inst/rom_addr_reg[3]/C
                            (rising edge-triggered cell FDRE clocked by clk_25_clkDVIprescaler  {rise@0.000ns fall@20.000ns period=40.000ns})
  Destination:            pixel_gen_inst/DisplayLevel_inst/ROM_inst/U0/inst_blk_mem_gen/gnbram.gnativebmg.native_blk_mem_gen/valid.cstr/ramloop[1].ram.r/prim_init.ram/DEVICE_7SERIES.NO_BMM_INFO.SP.SIMPLE_PRIM36.ram/ADDRARDADDR[4]
                            (rising edge-triggered cell RAMB36E1 clocked by clk_25_clkDVIprescaler  {rise@0.000ns fall@20.000ns period=40.000ns})
  Path Group:             clk_25_clkDVIprescaler
  Path Type:              Hold (Min at Fast Process Corner)
  Requirement:            0.000ns  (clk_25_clkDVIprescaler rise@0.000ns - clk_25_clkDVIprescaler rise@0.000ns)
  Data Path Delay:        0.373ns  (logic 0.141ns (37.845%)  route 0.232ns (62.155%))
  Logic Levels:           0  
  Clock Path Skew:        0.078ns (DCD - SCD - CPR)
    Destination Clock Delay (DCD):    -0.823ns
    Source Clock Delay      (SCD):    -0.627ns
    Clock Pessimism Removal (CPR):    -0.274ns

    Location             Delay type                Incr(ns)  Path(ns)    Netlist Resource(s)
  -------------------------------------------------------------------    -------------------
                         (clock clk_25_clkDVIprescaler rise edge)
                                                      0.000     0.000 r  
    W5                                                0.000     0.000 r  clk100 (IN)
                         net (fo=0)                   0.000     0.000    prescaler_instance/inst/clk_100
    W5                   IBUF (Prop_ibuf_I_O)         0.226     0.226 r  prescaler_instance/inst/clkin1_ibufg/O
                         net (fo=1, routed)           0.440     0.667    prescaler_instance/inst/clk_100_clkDVIprescaler
    MMCME2_ADV_X1Y0      MMCME2_ADV (Prop_mmcme2_adv_CLKIN1_CLKOUT0)
                                                     -2.360    -1.693 r  prescaler_instance/inst/mmcm_adv_inst/CLKOUT0
                         net (fo=1, routed)           0.486    -1.207    prescaler_instance/inst/clk_25_clkDVIprescaler
    BUFGCTRL_X0Y0        BUFG (Prop_bufg_I_O)         0.026    -1.181 r  prescaler_instance/inst/clkout1_buf/O
                         net (fo=645, routed)         0.554    -0.627    pixel_gen_inst/DisplayLevel_inst/clk_25
    SLICE_X11Y26         FDRE                                         r  pixel_gen_inst/DisplayLevel_inst/rom_addr_reg[3]/C
  -------------------------------------------------------------------    -------------------
    SLICE_X11Y26         FDRE (Prop_fdre_C_Q)         0.141    -0.486 r  pixel_gen_inst/DisplayLevel_inst/rom_addr_reg[3]/Q
                         net (fo=5, routed)           0.232    -0.255    pixel_gen_inst/DisplayLevel_inst/ROM_inst/U0/inst_blk_mem_gen/gnbram.gnativebmg.native_blk_mem_gen/valid.cstr/ramloop[1].ram.r/prim_init.ram/addra[3]
    RAMB36_X0Y5          RAMB36E1                                     r  pixel_gen_inst/DisplayLevel_inst/ROM_inst/U0/inst_blk_mem_gen/gnbram.gnativebmg.native_blk_mem_gen/valid.cstr/ramloop[1].ram.r/prim_init.ram/DEVICE_7SERIES.NO_BMM_INFO.SP.SIMPLE_PRIM36.ram/ADDRARDADDR[4]
  -------------------------------------------------------------------    -------------------

                         (clock clk_25_clkDVIprescaler rise edge)
                                                      0.000     0.000 r  
    W5                                                0.000     0.000 r  clk100 (IN)
                         net (fo=0)                   0.000     0.000    prescaler_instance/inst/clk_100
    W5                   IBUF (Prop_ibuf_I_O)         0.414     0.414 r  prescaler_instance/inst/clkin1_ibufg/O
                         net (fo=1, routed)           0.480     0.894    prescaler_instance/inst/clk_100_clkDVIprescaler
    MMCME2_ADV_X1Y0      MMCME2_ADV (Prop_mmcme2_adv_CLKIN1_CLKOUT0)
                                                     -3.142    -2.248 r  prescaler_instance/inst/mmcm_adv_inst/CLKOUT0
                         net (fo=1, routed)           0.530    -1.718    prescaler_instance/inst/clk_25_clkDVIprescaler
    BUFGCTRL_X0Y0        BUFG (Prop_bufg_I_O)         0.029    -1.689 r  prescaler_instance/inst/clkout1_buf/O
                         net (fo=645, routed)         0.866    -0.823    pixel_gen_inst/DisplayLevel_inst/ROM_inst/U0/inst_blk_mem_gen/gnbram.gnativebmg.native_blk_mem_gen/valid.cstr/ramloop[1].ram.r/prim_init.ram/clka
    RAMB36_X0Y5          RAMB36E1                                     r  pixel_gen_inst/DisplayLevel_inst/ROM_inst/U0/inst_blk_mem_gen/gnbram.gnativebmg.native_blk_mem_gen/valid.cstr/ramloop[1].ram.r/prim_init.ram/DEVICE_7SERIES.NO_BMM_INFO.SP.SIMPLE_PRIM36.ram/CLKARDCLK
                         clock pessimism              0.274    -0.549    
    RAMB36_X0Y5          RAMB36E1 (Hold_ramb36e1_CLKARDCLK_ADDRARDADDR[4])
                                                      0.183    -0.366    pixel_gen_inst/DisplayLevel_inst/ROM_inst/U0/inst_blk_mem_gen/gnbram.gnativebmg.native_blk_mem_gen/valid.cstr/ramloop[1].ram.r/prim_init.ram/DEVICE_7SERIES.NO_BMM_INFO.SP.SIMPLE_PRIM36.ram
  -------------------------------------------------------------------
                         required time                          0.366    
                         arrival time                          -0.255    
  -------------------------------------------------------------------
                         slack                                  0.111    

Slack (MET) :             0.116ns  (arrival time - required time)
  Source:                 pixel_gen_inst/DisplayCharacter_inst/rom_addr_reg[4]/C
                            (rising edge-triggered cell FDRE clocked by clk_25_clkDVIprescaler  {rise@0.000ns fall@20.000ns period=40.000ns})
  Destination:            pixel_gen_inst/DisplayCharacter_inst/ROM_inst_2/U0/inst_blk_mem_gen/gnbram.gnativebmg.native_blk_mem_gen/valid.cstr/ramloop[0].ram.r/prim_init.ram/DEVICE_7SERIES.NO_BMM_INFO.SP.SIMPLE_PRIM18.ram/ADDRARDADDR[8]
                            (rising edge-triggered cell RAMB18E1 clocked by clk_25_clkDVIprescaler  {rise@0.000ns fall@20.000ns period=40.000ns})
  Path Group:             clk_25_clkDVIprescaler
  Path Type:              Hold (Min at Fast Process Corner)
  Requirement:            0.000ns  (clk_25_clkDVIprescaler rise@0.000ns - clk_25_clkDVIprescaler rise@0.000ns)
  Data Path Delay:        0.356ns  (logic 0.141ns (39.590%)  route 0.215ns (60.410%))
  Logic Levels:           0  
  Clock Path Skew:        0.057ns (DCD - SCD - CPR)
    Destination Clock Delay (DCD):    -0.811ns
    Source Clock Delay      (SCD):    -0.614ns
    Clock Pessimism Removal (CPR):    -0.254ns

    Location             Delay type                Incr(ns)  Path(ns)    Netlist Resource(s)
  -------------------------------------------------------------------    -------------------
                         (clock clk_25_clkDVIprescaler rise edge)
                                                      0.000     0.000 r  
    W5                                                0.000     0.000 r  clk100 (IN)
                         net (fo=0)                   0.000     0.000    prescaler_instance/inst/clk_100
    W5                   IBUF (Prop_ibuf_I_O)         0.226     0.226 r  prescaler_instance/inst/clkin1_ibufg/O
                         net (fo=1, routed)           0.440     0.667    prescaler_instance/inst/clk_100_clkDVIprescaler
    MMCME2_ADV_X1Y0      MMCME2_ADV (Prop_mmcme2_adv_CLKIN1_CLKOUT0)
                                                     -2.360    -1.693 r  prescaler_instance/inst/mmcm_adv_inst/CLKOUT0
                         net (fo=1, routed)           0.486    -1.207    prescaler_instance/inst/clk_25_clkDVIprescaler
    BUFGCTRL_X0Y0        BUFG (Prop_bufg_I_O)         0.026    -1.181 r  prescaler_instance/inst/clkout1_buf/O
                         net (fo=645, routed)         0.567    -0.614    pixel_gen_inst/DisplayCharacter_inst/clk_25
    SLICE_X9Y2           FDRE                                         r  pixel_gen_inst/DisplayCharacter_inst/rom_addr_reg[4]/C
  -------------------------------------------------------------------    -------------------
    SLICE_X9Y2           FDRE (Prop_fdre_C_Q)         0.141    -0.473 r  pixel_gen_inst/DisplayCharacter_inst/rom_addr_reg[4]/Q
                         net (fo=4, routed)           0.215    -0.258    pixel_gen_inst/DisplayCharacter_inst/ROM_inst_2/U0/inst_blk_mem_gen/gnbram.gnativebmg.native_blk_mem_gen/valid.cstr/ramloop[0].ram.r/prim_init.ram/addra[4]
    RAMB18_X0Y0          RAMB18E1                                     r  pixel_gen_inst/DisplayCharacter_inst/ROM_inst_2/U0/inst_blk_mem_gen/gnbram.gnativebmg.native_blk_mem_gen/valid.cstr/ramloop[0].ram.r/prim_init.ram/DEVICE_7SERIES.NO_BMM_INFO.SP.SIMPLE_PRIM18.ram/ADDRARDADDR[8]
  -------------------------------------------------------------------    -------------------

                         (clock clk_25_clkDVIprescaler rise edge)
                                                      0.000     0.000 r  
    W5                                                0.000     0.000 r  clk100 (IN)
                         net (fo=0)                   0.000     0.000    prescaler_instance/inst/clk_100
    W5                   IBUF (Prop_ibuf_I_O)         0.414     0.414 r  prescaler_instance/inst/clkin1_ibufg/O
                         net (fo=1, routed)           0.480     0.894    prescaler_instance/inst/clk_100_clkDVIprescaler
    MMCME2_ADV_X1Y0      MMCME2_ADV (Prop_mmcme2_adv_CLKIN1_CLKOUT0)
                                                     -3.142    -2.248 r  prescaler_instance/inst/mmcm_adv_inst/CLKOUT0
                         net (fo=1, routed)           0.530    -1.718    prescaler_instance/inst/clk_25_clkDVIprescaler
    BUFGCTRL_X0Y0        BUFG (Prop_bufg_I_O)         0.029    -1.689 r  prescaler_instance/inst/clkout1_buf/O
                         net (fo=645, routed)         0.878    -0.811    pixel_gen_inst/DisplayCharacter_inst/ROM_inst_2/U0/inst_blk_mem_gen/gnbram.gnativebmg.native_blk_mem_gen/valid.cstr/ramloop[0].ram.r/prim_init.ram/clka
    RAMB18_X0Y0          RAMB18E1                                     r  pixel_gen_inst/DisplayCharacter_inst/ROM_inst_2/U0/inst_blk_mem_gen/gnbram.gnativebmg.native_blk_mem_gen/valid.cstr/ramloop[0].ram.r/prim_init.ram/DEVICE_7SERIES.NO_BMM_INFO.SP.SIMPLE_PRIM18.ram/CLKARDCLK
                         clock pessimism              0.254    -0.557    
    RAMB18_X0Y0          RAMB18E1 (Hold_ramb18e1_CLKARDCLK_ADDRARDADDR[8])
                                                      0.183    -0.374    pixel_gen_inst/DisplayCharacter_inst/ROM_inst_2/U0/inst_blk_mem_gen/gnbram.gnativebmg.native_blk_mem_gen/valid.cstr/ramloop[0].ram.r/prim_init.ram/DEVICE_7SERIES.NO_BMM_INFO.SP.SIMPLE_PRIM18.ram
  -------------------------------------------------------------------
                         required time                          0.374    
                         arrival time                          -0.258    
  -------------------------------------------------------------------
                         slack                                  0.116    

Slack (MET) :             0.116ns  (arrival time - required time)
  Source:                 pixel_gen_inst/DisplayCharacter_inst/rom_addr_reg[4]/C
                            (rising edge-triggered cell FDRE clocked by clk_25_clkDVIprescaler  {rise@0.000ns fall@20.000ns period=40.000ns})
  Destination:            pixel_gen_inst/DisplayCharacter_inst/ROM_inst_4/U0/inst_blk_mem_gen/gnbram.gnativebmg.native_blk_mem_gen/valid.cstr/ramloop[0].ram.r/prim_init.ram/DEVICE_7SERIES.NO_BMM_INFO.SP.SIMPLE_PRIM18.ram/ADDRARDADDR[8]
                            (rising edge-triggered cell RAMB18E1 clocked by clk_25_clkDVIprescaler  {rise@0.000ns fall@20.000ns period=40.000ns})
  Path Group:             clk_25_clkDVIprescaler
  Path Type:              Hold (Min at Fast Process Corner)
  Requirement:            0.000ns  (clk_25_clkDVIprescaler rise@0.000ns - clk_25_clkDVIprescaler rise@0.000ns)
  Data Path Delay:        0.356ns  (logic 0.141ns (39.590%)  route 0.215ns (60.410%))
  Logic Levels:           0  
  Clock Path Skew:        0.057ns (DCD - SCD - CPR)
    Destination Clock Delay (DCD):    -0.811ns
    Source Clock Delay      (SCD):    -0.614ns
    Clock Pessimism Removal (CPR):    -0.254ns

    Location             Delay type                Incr(ns)  Path(ns)    Netlist Resource(s)
  -------------------------------------------------------------------    -------------------
                         (clock clk_25_clkDVIprescaler rise edge)
                                                      0.000     0.000 r  
    W5                                                0.000     0.000 r  clk100 (IN)
                         net (fo=0)                   0.000     0.000    prescaler_instance/inst/clk_100
    W5                   IBUF (Prop_ibuf_I_O)         0.226     0.226 r  prescaler_instance/inst/clkin1_ibufg/O
                         net (fo=1, routed)           0.440     0.667    prescaler_instance/inst/clk_100_clkDVIprescaler
    MMCME2_ADV_X1Y0      MMCME2_ADV (Prop_mmcme2_adv_CLKIN1_CLKOUT0)
                                                     -2.360    -1.693 r  prescaler_instance/inst/mmcm_adv_inst/CLKOUT0
                         net (fo=1, routed)           0.486    -1.207    prescaler_instance/inst/clk_25_clkDVIprescaler
    BUFGCTRL_X0Y0        BUFG (Prop_bufg_I_O)         0.026    -1.181 r  prescaler_instance/inst/clkout1_buf/O
                         net (fo=645, routed)         0.567    -0.614    pixel_gen_inst/DisplayCharacter_inst/clk_25
    SLICE_X9Y2           FDRE                                         r  pixel_gen_inst/DisplayCharacter_inst/rom_addr_reg[4]/C
  -------------------------------------------------------------------    -------------------
    SLICE_X9Y2           FDRE (Prop_fdre_C_Q)         0.141    -0.473 r  pixel_gen_inst/DisplayCharacter_inst/rom_addr_reg[4]/Q
                         net (fo=4, routed)           0.215    -0.258    pixel_gen_inst/DisplayCharacter_inst/ROM_inst_4/U0/inst_blk_mem_gen/gnbram.gnativebmg.native_blk_mem_gen/valid.cstr/ramloop[0].ram.r/prim_init.ram/addra[4]
    RAMB18_X0Y1          RAMB18E1                                     r  pixel_gen_inst/DisplayCharacter_inst/ROM_inst_4/U0/inst_blk_mem_gen/gnbram.gnativebmg.native_blk_mem_gen/valid.cstr/ramloop[0].ram.r/prim_init.ram/DEVICE_7SERIES.NO_BMM_INFO.SP.SIMPLE_PRIM18.ram/ADDRARDADDR[8]
  -------------------------------------------------------------------    -------------------

                         (clock clk_25_clkDVIprescaler rise edge)
                                                      0.000     0.000 r  
    W5                                                0.000     0.000 r  clk100 (IN)
                         net (fo=0)                   0.000     0.000    prescaler_instance/inst/clk_100
    W5                   IBUF (Prop_ibuf_I_O)         0.414     0.414 r  prescaler_instance/inst/clkin1_ibufg/O
                         net (fo=1, routed)           0.480     0.894    prescaler_instance/inst/clk_100_clkDVIprescaler
    MMCME2_ADV_X1Y0      MMCME2_ADV (Prop_mmcme2_adv_CLKIN1_CLKOUT0)
                                                     -3.142    -2.248 r  prescaler_instance/inst/mmcm_adv_inst/CLKOUT0
                         net (fo=1, routed)           0.530    -1.718    prescaler_instance/inst/clk_25_clkDVIprescaler
    BUFGCTRL_X0Y0        BUFG (Prop_bufg_I_O)         0.029    -1.689 r  prescaler_instance/inst/clkout1_buf/O
                         net (fo=645, routed)         0.878    -0.811    pixel_gen_inst/DisplayCharacter_inst/ROM_inst_4/U0/inst_blk_mem_gen/gnbram.gnativebmg.native_blk_mem_gen/valid.cstr/ramloop[0].ram.r/prim_init.ram/clka
    RAMB18_X0Y1          RAMB18E1                                     r  pixel_gen_inst/DisplayCharacter_inst/ROM_inst_4/U0/inst_blk_mem_gen/gnbram.gnativebmg.native_blk_mem_gen/valid.cstr/ramloop[0].ram.r/prim_init.ram/DEVICE_7SERIES.NO_BMM_INFO.SP.SIMPLE_PRIM18.ram/CLKARDCLK
                         clock pessimism              0.254    -0.557    
    RAMB18_X0Y1          RAMB18E1 (Hold_ramb18e1_CLKARDCLK_ADDRARDADDR[8])
                                                      0.183    -0.374    pixel_gen_inst/DisplayCharacter_inst/ROM_inst_4/U0/inst_blk_mem_gen/gnbram.gnativebmg.native_blk_mem_gen/valid.cstr/ramloop[0].ram.r/prim_init.ram/DEVICE_7SERIES.NO_BMM_INFO.SP.SIMPLE_PRIM18.ram
  -------------------------------------------------------------------
                         required time                          0.374    
                         arrival time                          -0.258    
  -------------------------------------------------------------------
                         slack                                  0.116    

Slack (MET) :             0.119ns  (arrival time - required time)
  Source:                 pixel_gen_inst/DisplayHoofdMenu_inst/rom_addr_reg[10]/C
                            (rising edge-triggered cell FDRE clocked by clk_25_clkDVIprescaler  {rise@0.000ns fall@20.000ns period=40.000ns})
  Destination:            pixel_gen_inst/DisplayHoofdMenu_inst/ROM_inst_0/U0/inst_blk_mem_gen/gnbram.gnativebmg.native_blk_mem_gen/valid.cstr/ramloop[1].ram.r/prim_init.ram/DEVICE_7SERIES.NO_BMM_INFO.SP.SIMPLE_PRIM36.ram/ADDRARDADDR[11]
                            (rising edge-triggered cell RAMB36E1 clocked by clk_25_clkDVIprescaler  {rise@0.000ns fall@20.000ns period=40.000ns})
  Path Group:             clk_25_clkDVIprescaler
  Path Type:              Hold (Min at Fast Process Corner)
  Requirement:            0.000ns  (clk_25_clkDVIprescaler rise@0.000ns - clk_25_clkDVIprescaler rise@0.000ns)
  Data Path Delay:        0.613ns  (logic 0.164ns (26.771%)  route 0.449ns (73.229%))
  Logic Levels:           0  
  Clock Path Skew:        0.310ns (DCD - SCD - CPR)
    Destination Clock Delay (DCD):    -0.812ns
    Source Clock Delay      (SCD):    -0.619ns
    Clock Pessimism Removal (CPR):    -0.503ns

    Location             Delay type                Incr(ns)  Path(ns)    Netlist Resource(s)
  -------------------------------------------------------------------    -------------------
                         (clock clk_25_clkDVIprescaler rise edge)
                                                      0.000     0.000 r  
    W5                                                0.000     0.000 r  clk100 (IN)
                         net (fo=0)                   0.000     0.000    prescaler_instance/inst/clk_100
    W5                   IBUF (Prop_ibuf_I_O)         0.226     0.226 r  prescaler_instance/inst/clkin1_ibufg/O
                         net (fo=1, routed)           0.440     0.667    prescaler_instance/inst/clk_100_clkDVIprescaler
    MMCME2_ADV_X1Y0      MMCME2_ADV (Prop_mmcme2_adv_CLKIN1_CLKOUT0)
                                                     -2.360    -1.693 r  prescaler_instance/inst/mmcm_adv_inst/CLKOUT0
                         net (fo=1, routed)           0.486    -1.207    prescaler_instance/inst/clk_25_clkDVIprescaler
    BUFGCTRL_X0Y0        BUFG (Prop_bufg_I_O)         0.026    -1.181 r  prescaler_instance/inst/clkout1_buf/O
                         net (fo=645, routed)         0.562    -0.619    pixel_gen_inst/DisplayHoofdMenu_inst/clk_25
    SLICE_X30Y8          FDRE                                         r  pixel_gen_inst/DisplayHoofdMenu_inst/rom_addr_reg[10]/C
  -------------------------------------------------------------------    -------------------
    SLICE_X30Y8          FDRE (Prop_fdre_C_Q)         0.164    -0.455 r  pixel_gen_inst/DisplayHoofdMenu_inst/rom_addr_reg[10]/Q
                         net (fo=20, routed)          0.449    -0.007    pixel_gen_inst/DisplayHoofdMenu_inst/ROM_inst_0/U0/inst_blk_mem_gen/gnbram.gnativebmg.native_blk_mem_gen/valid.cstr/ramloop[1].ram.r/prim_init.ram/addra[10]
    RAMB36_X1Y1          RAMB36E1                                     r  pixel_gen_inst/DisplayHoofdMenu_inst/ROM_inst_0/U0/inst_blk_mem_gen/gnbram.gnativebmg.native_blk_mem_gen/valid.cstr/ramloop[1].ram.r/prim_init.ram/DEVICE_7SERIES.NO_BMM_INFO.SP.SIMPLE_PRIM36.ram/ADDRARDADDR[11]
  -------------------------------------------------------------------    -------------------

                         (clock clk_25_clkDVIprescaler rise edge)
                                                      0.000     0.000 r  
    W5                                                0.000     0.000 r  clk100 (IN)
                         net (fo=0)                   0.000     0.000    prescaler_instance/inst/clk_100
    W5                   IBUF (Prop_ibuf_I_O)         0.414     0.414 r  prescaler_instance/inst/clkin1_ibufg/O
                         net (fo=1, routed)           0.480     0.894    prescaler_instance/inst/clk_100_clkDVIprescaler
    MMCME2_ADV_X1Y0      MMCME2_ADV (Prop_mmcme2_adv_CLKIN1_CLKOUT0)
                                                     -3.142    -2.248 r  prescaler_instance/inst/mmcm_adv_inst/CLKOUT0
                         net (fo=1, routed)           0.530    -1.718    prescaler_instance/inst/clk_25_clkDVIprescaler
    BUFGCTRL_X0Y0        BUFG (Prop_bufg_I_O)         0.029    -1.689 r  prescaler_instance/inst/clkout1_buf/O
                         net (fo=645, routed)         0.877    -0.812    pixel_gen_inst/DisplayHoofdMenu_inst/ROM_inst_0/U0/inst_blk_mem_gen/gnbram.gnativebmg.native_blk_mem_gen/valid.cstr/ramloop[1].ram.r/prim_init.ram/clka
    RAMB36_X1Y1          RAMB36E1                                     r  pixel_gen_inst/DisplayHoofdMenu_inst/ROM_inst_0/U0/inst_blk_mem_gen/gnbram.gnativebmg.native_blk_mem_gen/valid.cstr/ramloop[1].ram.r/prim_init.ram/DEVICE_7SERIES.NO_BMM_INFO.SP.SIMPLE_PRIM36.ram/CLKARDCLK
                         clock pessimism              0.503    -0.309    
    RAMB36_X1Y1          RAMB36E1 (Hold_ramb36e1_CLKARDCLK_ADDRARDADDR[11])
                                                      0.183    -0.126    pixel_gen_inst/DisplayHoofdMenu_inst/ROM_inst_0/U0/inst_blk_mem_gen/gnbram.gnativebmg.native_blk_mem_gen/valid.cstr/ramloop[1].ram.r/prim_init.ram/DEVICE_7SERIES.NO_BMM_INFO.SP.SIMPLE_PRIM36.ram
  -------------------------------------------------------------------
                         required time                          0.126    
                         arrival time                          -0.007    
  -------------------------------------------------------------------
                         slack                                  0.119    

Slack (MET) :             0.120ns  (arrival time - required time)
  Source:                 pixel_gen_inst/DisplayHoofdMenu_inst/rom_addr_reg[6]/C
                            (rising edge-triggered cell FDRE clocked by clk_25_clkDVIprescaler  {rise@0.000ns fall@20.000ns period=40.000ns})
  Destination:            pixel_gen_inst/DisplayHoofdMenu_inst/ROM_inst_0/U0/inst_blk_mem_gen/gnbram.gnativebmg.native_blk_mem_gen/valid.cstr/ramloop[1].ram.r/prim_init.ram/DEVICE_7SERIES.NO_BMM_INFO.SP.SIMPLE_PRIM36.ram/ADDRARDADDR[7]
                            (rising edge-triggered cell RAMB36E1 clocked by clk_25_clkDVIprescaler  {rise@0.000ns fall@20.000ns period=40.000ns})
  Path Group:             clk_25_clkDVIprescaler
  Path Type:              Hold (Min at Fast Process Corner)
  Requirement:            0.000ns  (clk_25_clkDVIprescaler rise@0.000ns - clk_25_clkDVIprescaler rise@0.000ns)
  Data Path Delay:        0.613ns  (logic 0.164ns (26.740%)  route 0.449ns (73.260%))
  Logic Levels:           0  
  Clock Path Skew:        0.310ns (DCD - SCD - CPR)
    Destination Clock Delay (DCD):    -0.812ns
    Source Clock Delay      (SCD):    -0.619ns
    Clock Pessimism Removal (CPR):    -0.503ns

    Location             Delay type                Incr(ns)  Path(ns)    Netlist Resource(s)
  -------------------------------------------------------------------    -------------------
                         (clock clk_25_clkDVIprescaler rise edge)
                                                      0.000     0.000 r  
    W5                                                0.000     0.000 r  clk100 (IN)
                         net (fo=0)                   0.000     0.000    prescaler_instance/inst/clk_100
    W5                   IBUF (Prop_ibuf_I_O)         0.226     0.226 r  prescaler_instance/inst/clkin1_ibufg/O
                         net (fo=1, routed)           0.440     0.667    prescaler_instance/inst/clk_100_clkDVIprescaler
    MMCME2_ADV_X1Y0      MMCME2_ADV (Prop_mmcme2_adv_CLKIN1_CLKOUT0)
                                                     -2.360    -1.693 r  prescaler_instance/inst/mmcm_adv_inst/CLKOUT0
                         net (fo=1, routed)           0.486    -1.207    prescaler_instance/inst/clk_25_clkDVIprescaler
    BUFGCTRL_X0Y0        BUFG (Prop_bufg_I_O)         0.026    -1.181 r  prescaler_instance/inst/clkout1_buf/O
                         net (fo=645, routed)         0.562    -0.619    pixel_gen_inst/DisplayHoofdMenu_inst/clk_25
    SLICE_X30Y7          FDRE                                         r  pixel_gen_inst/DisplayHoofdMenu_inst/rom_addr_reg[6]/C
  -------------------------------------------------------------------    -------------------
    SLICE_X30Y7          FDRE (Prop_fdre_C_Q)         0.164    -0.455 r  pixel_gen_inst/DisplayHoofdMenu_inst/rom_addr_reg[6]/Q
                         net (fo=20, routed)          0.449    -0.006    pixel_gen_inst/DisplayHoofdMenu_inst/ROM_inst_0/U0/inst_blk_mem_gen/gnbram.gnativebmg.native_blk_mem_gen/valid.cstr/ramloop[1].ram.r/prim_init.ram/addra[6]
    RAMB36_X1Y1          RAMB36E1                                     r  pixel_gen_inst/DisplayHoofdMenu_inst/ROM_inst_0/U0/inst_blk_mem_gen/gnbram.gnativebmg.native_blk_mem_gen/valid.cstr/ramloop[1].ram.r/prim_init.ram/DEVICE_7SERIES.NO_BMM_INFO.SP.SIMPLE_PRIM36.ram/ADDRARDADDR[7]
  -------------------------------------------------------------------    -------------------

                         (clock clk_25_clkDVIprescaler rise edge)
                                                      0.000     0.000 r  
    W5                                                0.000     0.000 r  clk100 (IN)
                         net (fo=0)                   0.000     0.000    prescaler_instance/inst/clk_100
    W5                   IBUF (Prop_ibuf_I_O)         0.414     0.414 r  prescaler_instance/inst/clkin1_ibufg/O
                         net (fo=1, routed)           0.480     0.894    prescaler_instance/inst/clk_100_clkDVIprescaler
    MMCME2_ADV_X1Y0      MMCME2_ADV (Prop_mmcme2_adv_CLKIN1_CLKOUT0)
                                                     -3.142    -2.248 r  prescaler_instance/inst/mmcm_adv_inst/CLKOUT0
                         net (fo=1, routed)           0.530    -1.718    prescaler_instance/inst/clk_25_clkDVIprescaler
    BUFGCTRL_X0Y0        BUFG (Prop_bufg_I_O)         0.029    -1.689 r  prescaler_instance/inst/clkout1_buf/O
                         net (fo=645, routed)         0.877    -0.812    pixel_gen_inst/DisplayHoofdMenu_inst/ROM_inst_0/U0/inst_blk_mem_gen/gnbram.gnativebmg.native_blk_mem_gen/valid.cstr/ramloop[1].ram.r/prim_init.ram/clka
    RAMB36_X1Y1          RAMB36E1                                     r  pixel_gen_inst/DisplayHoofdMenu_inst/ROM_inst_0/U0/inst_blk_mem_gen/gnbram.gnativebmg.native_blk_mem_gen/valid.cstr/ramloop[1].ram.r/prim_init.ram/DEVICE_7SERIES.NO_BMM_INFO.SP.SIMPLE_PRIM36.ram/CLKARDCLK
                         clock pessimism              0.503    -0.309    
    RAMB36_X1Y1          RAMB36E1 (Hold_ramb36e1_CLKARDCLK_ADDRARDADDR[7])
                                                      0.183    -0.126    pixel_gen_inst/DisplayHoofdMenu_inst/ROM_inst_0/U0/inst_blk_mem_gen/gnbram.gnativebmg.native_blk_mem_gen/valid.cstr/ramloop[1].ram.r/prim_init.ram/DEVICE_7SERIES.NO_BMM_INFO.SP.SIMPLE_PRIM36.ram
  -------------------------------------------------------------------
                         required time                          0.126    
                         arrival time                          -0.006    
  -------------------------------------------------------------------
                         slack                                  0.120    

Slack (MET) :             0.122ns  (arrival time - required time)
  Source:                 pixel_gen_inst/DisplayLevel_inst/rom_addr_reg[1]/C
                            (rising edge-triggered cell FDRE clocked by clk_25_clkDVIprescaler  {rise@0.000ns fall@20.000ns period=40.000ns})
  Destination:            pixel_gen_inst/DisplayLevel_inst/ROM_inst/U0/inst_blk_mem_gen/gnbram.gnativebmg.native_blk_mem_gen/valid.cstr/ramloop[1].ram.r/prim_init.ram/DEVICE_7SERIES.NO_BMM_INFO.SP.SIMPLE_PRIM36.ram/ADDRARDADDR[2]
                            (rising edge-triggered cell RAMB36E1 clocked by clk_25_clkDVIprescaler  {rise@0.000ns fall@20.000ns period=40.000ns})
  Path Group:             clk_25_clkDVIprescaler
  Path Type:              Hold (Min at Fast Process Corner)
  Requirement:            0.000ns  (clk_25_clkDVIprescaler rise@0.000ns - clk_25_clkDVIprescaler rise@0.000ns)
  Data Path Delay:        0.382ns  (logic 0.141ns (36.914%)  route 0.241ns (63.086%))
  Logic Levels:           0  
  Clock Path Skew:        0.076ns (DCD - SCD - CPR)
    Destination Clock Delay (DCD):    -0.823ns
    Source Clock Delay      (SCD):    -0.625ns
    Clock Pessimism Removal (CPR):    -0.274ns

    Location             Delay type                Incr(ns)  Path(ns)    Netlist Resource(s)
  -------------------------------------------------------------------    -------------------
                         (clock clk_25_clkDVIprescaler rise edge)
                                                      0.000     0.000 r  
    W5                                                0.000     0.000 r  clk100 (IN)
                         net (fo=0)                   0.000     0.000    prescaler_instance/inst/clk_100
    W5                   IBUF (Prop_ibuf_I_O)         0.226     0.226 r  prescaler_instance/inst/clkin1_ibufg/O
                         net (fo=1, routed)           0.440     0.667    prescaler_instance/inst/clk_100_clkDVIprescaler
    MMCME2_ADV_X1Y0      MMCME2_ADV (Prop_mmcme2_adv_CLKIN1_CLKOUT0)
                                                     -2.360    -1.693 r  prescaler_instance/inst/mmcm_adv_inst/CLKOUT0
                         net (fo=1, routed)           0.486    -1.207    prescaler_instance/inst/clk_25_clkDVIprescaler
    BUFGCTRL_X0Y0        BUFG (Prop_bufg_I_O)         0.026    -1.181 r  prescaler_instance/inst/clkout1_buf/O
                         net (fo=645, routed)         0.556    -0.625    pixel_gen_inst/DisplayLevel_inst/clk_25
    SLICE_X11Y27         FDRE                                         r  pixel_gen_inst/DisplayLevel_inst/rom_addr_reg[1]/C
  -------------------------------------------------------------------    -------------------
    SLICE_X11Y27         FDRE (Prop_fdre_C_Q)         0.141    -0.484 r  pixel_gen_inst/DisplayLevel_inst/rom_addr_reg[1]/Q
                         net (fo=5, routed)           0.241    -0.243    pixel_gen_inst/DisplayLevel_inst/ROM_inst/U0/inst_blk_mem_gen/gnbram.gnativebmg.native_blk_mem_gen/valid.cstr/ramloop[1].ram.r/prim_init.ram/addra[1]
    RAMB36_X0Y5          RAMB36E1                                     r  pixel_gen_inst/DisplayLevel_inst/ROM_inst/U0/inst_blk_mem_gen/gnbram.gnativebmg.native_blk_mem_gen/valid.cstr/ramloop[1].ram.r/prim_init.ram/DEVICE_7SERIES.NO_BMM_INFO.SP.SIMPLE_PRIM36.ram/ADDRARDADDR[2]
  -------------------------------------------------------------------    -------------------

                         (clock clk_25_clkDVIprescaler rise edge)
                                                      0.000     0.000 r  
    W5                                                0.000     0.000 r  clk100 (IN)
                         net (fo=0)                   0.000     0.000    prescaler_instance/inst/clk_100
    W5                   IBUF (Prop_ibuf_I_O)         0.414     0.414 r  prescaler_instance/inst/clkin1_ibufg/O
                         net (fo=1, routed)           0.480     0.894    prescaler_instance/inst/clk_100_clkDVIprescaler
    MMCME2_ADV_X1Y0      MMCME2_ADV (Prop_mmcme2_adv_CLKIN1_CLKOUT0)
                                                     -3.142    -2.248 r  prescaler_instance/inst/mmcm_adv_inst/CLKOUT0
                         net (fo=1, routed)           0.530    -1.718    prescaler_instance/inst/clk_25_clkDVIprescaler
    BUFGCTRL_X0Y0        BUFG (Prop_bufg_I_O)         0.029    -1.689 r  prescaler_instance/inst/clkout1_buf/O
                         net (fo=645, routed)         0.866    -0.823    pixel_gen_inst/DisplayLevel_inst/ROM_inst/U0/inst_blk_mem_gen/gnbram.gnativebmg.native_blk_mem_gen/valid.cstr/ramloop[1].ram.r/prim_init.ram/clka
    RAMB36_X0Y5          RAMB36E1                                     r  pixel_gen_inst/DisplayLevel_inst/ROM_inst/U0/inst_blk_mem_gen/gnbram.gnativebmg.native_blk_mem_gen/valid.cstr/ramloop[1].ram.r/prim_init.ram/DEVICE_7SERIES.NO_BMM_INFO.SP.SIMPLE_PRIM36.ram/CLKARDCLK
                         clock pessimism              0.274    -0.549    
    RAMB36_X0Y5          RAMB36E1 (Hold_ramb36e1_CLKARDCLK_ADDRARDADDR[2])
                                                      0.183    -0.366    pixel_gen_inst/DisplayLevel_inst/ROM_inst/U0/inst_blk_mem_gen/gnbram.gnativebmg.native_blk_mem_gen/valid.cstr/ramloop[1].ram.r/prim_init.ram/DEVICE_7SERIES.NO_BMM_INFO.SP.SIMPLE_PRIM36.ram
  -------------------------------------------------------------------
                         required time                          0.366    
                         arrival time                          -0.243    
  -------------------------------------------------------------------
                         slack                                  0.122    





Pulse Width Checks
--------------------------------------------------------------------------------------
Clock Name:         clk_25_clkDVIprescaler
Waveform(ns):       { 0.000 20.000 }
Period(ns):         40.000
Sources:            { prescaler_instance/inst/mmcm_adv_inst/CLKOUT0 }

Check Type        Corner  Lib Pin             Reference Pin  Required(ns)  Actual(ns)  Slack(ns)  Location         Pin
Min Period        n/a     RAMB36E1/CLKARDCLK  n/a            2.892         40.000      37.108     RAMB36_X2Y3      pixel_gen_inst/DisplayHoofdMenu_inst/ROM_inst_0/U0/inst_blk_mem_gen/gnbram.gnativebmg.native_blk_mem_gen/valid.cstr/ramloop[0].ram.r/prim_init.ram/DEVICE_7SERIES.NO_BMM_INFO.SP.CASCADED_PRIM36.ram_B/CLKARDCLK
Min Period        n/a     RAMB36E1/CLKARDCLK  n/a            2.892         40.000      37.108     RAMB36_X2Y4      pixel_gen_inst/DisplayHoofdMenu_inst/ROM_inst_0/U0/inst_blk_mem_gen/gnbram.gnativebmg.native_blk_mem_gen/valid.cstr/ramloop[0].ram.r/prim_init.ram/DEVICE_7SERIES.NO_BMM_INFO.SP.CASCADED_PRIM36.ram_T/CLKARDCLK
Min Period        n/a     RAMB36E1/CLKARDCLK  n/a            2.892         40.000      37.108     RAMB36_X1Y3      pixel_gen_inst/DisplayHoofdMenu_inst/ROM_inst_0/U0/inst_blk_mem_gen/gnbram.gnativebmg.native_blk_mem_gen/valid.cstr/ramloop[2].ram.r/prim_init.ram/DEVICE_7SERIES.NO_BMM_INFO.SP.CASCADED_PRIM36.ram_B/CLKARDCLK
Min Period        n/a     RAMB36E1/CLKARDCLK  n/a            2.892         40.000      37.108     RAMB36_X1Y4      pixel_gen_inst/DisplayHoofdMenu_inst/ROM_inst_0/U0/inst_blk_mem_gen/gnbram.gnativebmg.native_blk_mem_gen/valid.cstr/ramloop[2].ram.r/prim_init.ram/DEVICE_7SERIES.NO_BMM_INFO.SP.CASCADED_PRIM36.ram_T/CLKARDCLK
Min Period        n/a     RAMB36E1/CLKARDCLK  n/a            2.892         40.000      37.108     RAMB36_X2Y5      pixel_gen_inst/DisplayHoofdMenu_inst/ROM_inst_1/U0/inst_blk_mem_gen/gnbram.gnativebmg.native_blk_mem_gen/valid.cstr/ramloop[0].ram.r/prim_init.ram/DEVICE_7SERIES.NO_BMM_INFO.SP.CASCADED_PRIM36.ram_B/CLKARDCLK
Min Period        n/a     RAMB36E1/CLKARDCLK  n/a            2.892         40.000      37.108     RAMB36_X2Y6      pixel_gen_inst/DisplayHoofdMenu_inst/ROM_inst_1/U0/inst_blk_mem_gen/gnbram.gnativebmg.native_blk_mem_gen/valid.cstr/ramloop[0].ram.r/prim_init.ram/DEVICE_7SERIES.NO_BMM_INFO.SP.CASCADED_PRIM36.ram_T/CLKARDCLK
Min Period        n/a     RAMB36E1/CLKARDCLK  n/a            2.892         40.000      37.108     RAMB36_X1Y7      pixel_gen_inst/DisplayHoofdMenu_inst/ROM_inst_1/U0/inst_blk_mem_gen/gnbram.gnativebmg.native_blk_mem_gen/valid.cstr/ramloop[2].ram.r/prim_init.ram/DEVICE_7SERIES.NO_BMM_INFO.SP.CASCADED_PRIM36.ram_B/CLKARDCLK
Min Period        n/a     RAMB36E1/CLKARDCLK  n/a            2.892         40.000      37.108     RAMB36_X1Y8      pixel_gen_inst/DisplayHoofdMenu_inst/ROM_inst_1/U0/inst_blk_mem_gen/gnbram.gnativebmg.native_blk_mem_gen/valid.cstr/ramloop[2].ram.r/prim_init.ram/DEVICE_7SERIES.NO_BMM_INFO.SP.CASCADED_PRIM36.ram_T/CLKARDCLK
Min Period        n/a     RAMB36E1/CLKARDCLK  n/a            2.892         40.000      37.108     RAMB36_X2Y7      pixel_gen_inst/DisplayHoofdMenu_inst/ROM_inst_2/U0/inst_blk_mem_gen/gnbram.gnativebmg.native_blk_mem_gen/valid.cstr/ramloop[0].ram.r/prim_init.ram/DEVICE_7SERIES.NO_BMM_INFO.SP.CASCADED_PRIM36.ram_B/CLKARDCLK
Min Period        n/a     RAMB36E1/CLKARDCLK  n/a            2.892         40.000      37.108     RAMB36_X2Y8      pixel_gen_inst/DisplayHoofdMenu_inst/ROM_inst_2/U0/inst_blk_mem_gen/gnbram.gnativebmg.native_blk_mem_gen/valid.cstr/ramloop[0].ram.r/prim_init.ram/DEVICE_7SERIES.NO_BMM_INFO.SP.CASCADED_PRIM36.ram_T/CLKARDCLK
Max Period        n/a     MMCME2_ADV/CLKOUT0  n/a            213.360       40.000      173.360    MMCME2_ADV_X1Y0  prescaler_instance/inst/mmcm_adv_inst/CLKOUT0
Low Pulse Width   Slow    FDRE/C              n/a            0.500         20.000      19.500     SLICE_X10Y5      dvi_driver_inst/DE_internal_reg/C
Low Pulse Width   Fast    FDRE/C              n/a            0.500         20.000      19.500     SLICE_X10Y5      dvi_driver_inst/DE_internal_reg/C
Low Pulse Width   Slow    FDRE/C              n/a            0.500         20.000      19.500     SLICE_X14Y6      dvi_driver_inst/hcount_int_reg[0]/C
Low Pulse Width   Fast    FDRE/C              n/a            0.500         20.000      19.500     SLICE_X14Y6      dvi_driver_inst/hcount_int_reg[0]/C
Low Pulse Width   Slow    FDRE/C              n/a            0.500         20.000      19.500     SLICE_X14Y6      dvi_driver_inst/hcount_int_reg[1]/C
Low Pulse Width   Fast    FDRE/C              n/a            0.500         20.000      19.500     SLICE_X14Y6      dvi_driver_inst/hcount_int_reg[1]/C
Low Pulse Width   Slow    FDRE/C              n/a            0.500         20.000      19.500     SLICE_X15Y4      dvi_driver_inst/hcount_int_reg[2]/C
Low Pulse Width   Fast    FDRE/C              n/a            0.500         20.000      19.500     SLICE_X15Y4      dvi_driver_inst/hcount_int_reg[2]/C
Low Pulse Width   Slow    FDRE/C              n/a            0.500         20.000      19.500     SLICE_X15Y4      dvi_driver_inst/hcount_int_reg[3]/C
Low Pulse Width   Fast    FDRE/C              n/a            0.500         20.000      19.500     SLICE_X15Y4      dvi_driver_inst/hcount_int_reg[3]/C
High Pulse Width  Slow    FDRE/C              n/a            0.500         20.000      19.500     SLICE_X10Y5      dvi_driver_inst/DE_internal_reg/C
High Pulse Width  Fast    FDRE/C              n/a            0.500         20.000      19.500     SLICE_X10Y5      dvi_driver_inst/DE_internal_reg/C
High Pulse Width  Slow    FDRE/C              n/a            0.500         20.000      19.500     SLICE_X14Y6      dvi_driver_inst/hcount_int_reg[0]/C
High Pulse Width  Fast    FDRE/C              n/a            0.500         20.000      19.500     SLICE_X14Y6      dvi_driver_inst/hcount_int_reg[0]/C
High Pulse Width  Slow    FDRE/C              n/a            0.500         20.000      19.500     SLICE_X14Y6      dvi_driver_inst/hcount_int_reg[1]/C
High Pulse Width  Fast    FDRE/C              n/a            0.500         20.000      19.500     SLICE_X14Y6      dvi_driver_inst/hcount_int_reg[1]/C
High Pulse Width  Slow    FDRE/C              n/a            0.500         20.000      19.500     SLICE_X15Y4      dvi_driver_inst/hcount_int_reg[2]/C
High Pulse Width  Fast    FDRE/C              n/a            0.500         20.000      19.500     SLICE_X15Y4      dvi_driver_inst/hcount_int_reg[2]/C
High Pulse Width  Slow    FDRE/C              n/a            0.500         20.000      19.500     SLICE_X15Y4      dvi_driver_inst/hcount_int_reg[3]/C
High Pulse Width  Fast    FDRE/C              n/a            0.500         20.000      19.500     SLICE_X15Y4      dvi_driver_inst/hcount_int_reg[3]/C



---------------------------------------------------------------------------------------------------
From Clock:  clkfbout_clkDVIprescaler
  To Clock:  clkfbout_clkDVIprescaler

Setup :           NA  Failing Endpoints,  Worst Slack           NA  ,  Total Violation           NA
Hold  :           NA  Failing Endpoints,  Worst Slack           NA  ,  Total Violation           NA
PW    :            0  Failing Endpoints,  Worst Slack        7.845ns,  Total Violation        0.000ns
---------------------------------------------------------------------------------------------------


Pulse Width Checks
--------------------------------------------------------------------------------------
Clock Name:         clkfbout_clkDVIprescaler
Waveform(ns):       { 0.000 5.000 }
Period(ns):         10.000
Sources:            { prescaler_instance/inst/mmcm_adv_inst/CLKFBOUT }

Check Type  Corner  Lib Pin              Reference Pin  Required(ns)  Actual(ns)  Slack(ns)  Location         Pin
Min Period  n/a     BUFG/I               n/a            2.155         10.000      7.845      BUFGCTRL_X0Y2    prescaler_instance/inst/clkf_buf/I
Min Period  n/a     MMCME2_ADV/CLKFBOUT  n/a            1.249         10.000      8.751      MMCME2_ADV_X1Y0  prescaler_instance/inst/mmcm_adv_inst/CLKFBOUT
Min Period  n/a     MMCME2_ADV/CLKFBIN   n/a            1.249         10.000      8.751      MMCME2_ADV_X1Y0  prescaler_instance/inst/mmcm_adv_inst/CLKFBIN
Max Period  n/a     MMCME2_ADV/CLKFBIN   n/a            100.000       10.000      90.000     MMCME2_ADV_X1Y0  prescaler_instance/inst/mmcm_adv_inst/CLKFBIN
Max Period  n/a     MMCME2_ADV/CLKFBOUT  n/a            213.360       10.000      203.360    MMCME2_ADV_X1Y0  prescaler_instance/inst/mmcm_adv_inst/CLKFBOUT



--------------------------------------------------------------------------------------
Path Group:  (none)
From Clock:  
  To Clock:  

Max Delay          1364 Endpoints
Min Delay          1364 Endpoints
--------------------------------------------------------------------------------------


Max Delay Paths
--------------------------------------------------------------------------------------
Slack:                    inf
  Source:                 CS
                            (input port)
  Destination:            Spi_instance/shift_reg_reg[499]/CLR
  Path Group:             (none)
  Path Type:              Max at Slow Process Corner
  Data Path Delay:        15.068ns  (logic 1.577ns (10.468%)  route 13.490ns (89.532%))
  Logic Levels:           2  (IBUF=1 LUT1=1)

    Location             Delay type                Incr(ns)  Path(ns)    Netlist Resource(s)
  -------------------------------------------------------------------    -------------------
    J2                                                0.000     0.000 r  CS (IN)
                         net (fo=0)                   0.000     0.000    CS
    J2                   IBUF (Prop_ibuf_I_O)         1.453     1.453 r  CS_IBUF_inst/O
                         net (fo=2, routed)           3.974     5.428    Spi_instance/CS_IBUF
    SLICE_X10Y52         LUT1 (Prop_lut1_I0_O)        0.124     5.552 f  Spi_instance/bit_count[8]_i_2/O
                         net (fo=392, routed)         9.516    15.068    Spi_instance/bit_count[8]_i_2_n_0
    SLICE_X29Y4          FDCE                                         f  Spi_instance/shift_reg_reg[499]/CLR
  -------------------------------------------------------------------    -------------------

Slack:                    inf
  Source:                 CS
                            (input port)
  Destination:            Spi_instance/shift_reg_reg[500]/CLR
  Path Group:             (none)
  Path Type:              Max at Slow Process Corner
  Data Path Delay:        15.068ns  (logic 1.577ns (10.468%)  route 13.490ns (89.532%))
  Logic Levels:           2  (IBUF=1 LUT1=1)

    Location             Delay type                Incr(ns)  Path(ns)    Netlist Resource(s)
  -------------------------------------------------------------------    -------------------
    J2                                                0.000     0.000 r  CS (IN)
                         net (fo=0)                   0.000     0.000    CS
    J2                   IBUF (Prop_ibuf_I_O)         1.453     1.453 r  CS_IBUF_inst/O
                         net (fo=2, routed)           3.974     5.428    Spi_instance/CS_IBUF
    SLICE_X10Y52         LUT1 (Prop_lut1_I0_O)        0.124     5.552 f  Spi_instance/bit_count[8]_i_2/O
                         net (fo=392, routed)         9.516    15.068    Spi_instance/bit_count[8]_i_2_n_0
    SLICE_X29Y4          FDCE                                         f  Spi_instance/shift_reg_reg[500]/CLR
  -------------------------------------------------------------------    -------------------

Slack:                    inf
  Source:                 CS
                            (input port)
  Destination:            Spi_instance/shift_reg_reg[501]/CLR
  Path Group:             (none)
  Path Type:              Max at Slow Process Corner
  Data Path Delay:        15.068ns  (logic 1.577ns (10.468%)  route 13.490ns (89.532%))
  Logic Levels:           2  (IBUF=1 LUT1=1)

    Location             Delay type                Incr(ns)  Path(ns)    Netlist Resource(s)
  -------------------------------------------------------------------    -------------------
    J2                                                0.000     0.000 r  CS (IN)
                         net (fo=0)                   0.000     0.000    CS
    J2                   IBUF (Prop_ibuf_I_O)         1.453     1.453 r  CS_IBUF_inst/O
                         net (fo=2, routed)           3.974     5.428    Spi_instance/CS_IBUF
    SLICE_X10Y52         LUT1 (Prop_lut1_I0_O)        0.124     5.552 f  Spi_instance/bit_count[8]_i_2/O
                         net (fo=392, routed)         9.516    15.068    Spi_instance/bit_count[8]_i_2_n_0
    SLICE_X29Y4          FDCE                                         f  Spi_instance/shift_reg_reg[501]/CLR
  -------------------------------------------------------------------    -------------------

Slack:                    inf
  Source:                 CS
                            (input port)
  Destination:            Spi_instance/shift_reg_reg[498]/CLR
  Path Group:             (none)
  Path Type:              Max at Slow Process Corner
  Data Path Delay:        15.024ns  (logic 1.577ns (10.499%)  route 13.447ns (89.501%))
  Logic Levels:           2  (IBUF=1 LUT1=1)

    Location             Delay type                Incr(ns)  Path(ns)    Netlist Resource(s)
  -------------------------------------------------------------------    -------------------
    J2                                                0.000     0.000 r  CS (IN)
                         net (fo=0)                   0.000     0.000    CS
    J2                   IBUF (Prop_ibuf_I_O)         1.453     1.453 r  CS_IBUF_inst/O
                         net (fo=2, routed)           3.974     5.428    Spi_instance/CS_IBUF
    SLICE_X10Y52         LUT1 (Prop_lut1_I0_O)        0.124     5.552 f  Spi_instance/bit_count[8]_i_2/O
                         net (fo=392, routed)         9.472    15.024    Spi_instance/bit_count[8]_i_2_n_0
    SLICE_X29Y7          FDCE                                         f  Spi_instance/shift_reg_reg[498]/CLR
  -------------------------------------------------------------------    -------------------

Slack:                    inf
  Source:                 CS
                            (input port)
  Destination:            Spi_instance/shift_reg_reg[497]/CLR
  Path Group:             (none)
  Path Type:              Max at Slow Process Corner
  Data Path Delay:        14.926ns  (logic 1.577ns (10.567%)  route 13.349ns (89.433%))
  Logic Levels:           2  (IBUF=1 LUT1=1)

    Location             Delay type                Incr(ns)  Path(ns)    Netlist Resource(s)
  -------------------------------------------------------------------    -------------------
    J2                                                0.000     0.000 r  CS (IN)
                         net (fo=0)                   0.000     0.000    CS
    J2                   IBUF (Prop_ibuf_I_O)         1.453     1.453 r  CS_IBUF_inst/O
                         net (fo=2, routed)           3.974     5.428    Spi_instance/CS_IBUF
    SLICE_X10Y52         LUT1 (Prop_lut1_I0_O)        0.124     5.552 f  Spi_instance/bit_count[8]_i_2/O
                         net (fo=392, routed)         9.375    14.926    Spi_instance/bit_count[8]_i_2_n_0
    SLICE_X29Y9          FDCE                                         f  Spi_instance/shift_reg_reg[497]/CLR
  -------------------------------------------------------------------    -------------------

Slack:                    inf
  Source:                 CS
                            (input port)
  Destination:            Spi_instance/shift_reg_reg[496]/CLR
  Path Group:             (none)
  Path Type:              Max at Slow Process Corner
  Data Path Delay:        14.782ns  (logic 1.577ns (10.670%)  route 13.205ns (89.330%))
  Logic Levels:           2  (IBUF=1 LUT1=1)

    Location             Delay type                Incr(ns)  Path(ns)    Netlist Resource(s)
  -------------------------------------------------------------------    -------------------
    J2                                                0.000     0.000 r  CS (IN)
                         net (fo=0)                   0.000     0.000    CS
    J2                   IBUF (Prop_ibuf_I_O)         1.453     1.453 r  CS_IBUF_inst/O
                         net (fo=2, routed)           3.974     5.428    Spi_instance/CS_IBUF
    SLICE_X10Y52         LUT1 (Prop_lut1_I0_O)        0.124     5.552 f  Spi_instance/bit_count[8]_i_2/O
                         net (fo=392, routed)         9.230    14.782    Spi_instance/bit_count[8]_i_2_n_0
    SLICE_X15Y10         FDCE                                         f  Spi_instance/shift_reg_reg[496]/CLR
  -------------------------------------------------------------------    -------------------

Slack:                    inf
  Source:                 CS
                            (input port)
  Destination:            Spi_instance/shift_reg_reg[502]/CLR
  Path Group:             (none)
  Path Type:              Max at Slow Process Corner
  Data Path Delay:        14.503ns  (logic 1.577ns (10.876%)  route 12.925ns (89.124%))
  Logic Levels:           2  (IBUF=1 LUT1=1)

    Location             Delay type                Incr(ns)  Path(ns)    Netlist Resource(s)
  -------------------------------------------------------------------    -------------------
    J2                                                0.000     0.000 r  CS (IN)
                         net (fo=0)                   0.000     0.000    CS
    J2                   IBUF (Prop_ibuf_I_O)         1.453     1.453 r  CS_IBUF_inst/O
                         net (fo=2, routed)           3.974     5.428    Spi_instance/CS_IBUF
    SLICE_X10Y52         LUT1 (Prop_lut1_I0_O)        0.124     5.552 f  Spi_instance/bit_count[8]_i_2/O
                         net (fo=392, routed)         8.951    14.503    Spi_instance/bit_count[8]_i_2_n_0
    SLICE_X15Y8          FDCE                                         f  Spi_instance/shift_reg_reg[502]/CLR
  -------------------------------------------------------------------    -------------------

Slack:                    inf
  Source:                 CS
                            (input port)
  Destination:            Spi_instance/shift_reg_reg[39]/CLR
  Path Group:             (none)
  Path Type:              Max at Slow Process Corner
  Data Path Delay:        14.201ns  (logic 1.577ns (11.107%)  route 12.624ns (88.893%))
  Logic Levels:           2  (IBUF=1 LUT1=1)

    Location             Delay type                Incr(ns)  Path(ns)    Netlist Resource(s)
  -------------------------------------------------------------------    -------------------
    J2                                                0.000     0.000 r  CS (IN)
                         net (fo=0)                   0.000     0.000    CS
    J2                   IBUF (Prop_ibuf_I_O)         1.453     1.453 r  CS_IBUF_inst/O
                         net (fo=2, routed)           3.974     5.428    Spi_instance/CS_IBUF
    SLICE_X10Y52         LUT1 (Prop_lut1_I0_O)        0.124     5.552 f  Spi_instance/bit_count[8]_i_2/O
                         net (fo=392, routed)         8.649    14.201    Spi_instance/bit_count[8]_i_2_n_0
    SLICE_X15Y5          FDCE                                         f  Spi_instance/shift_reg_reg[39]/CLR
  -------------------------------------------------------------------    -------------------

Slack:                    inf
  Source:                 CS
                            (input port)
  Destination:            Spi_instance/shift_reg_reg[40]/CLR
  Path Group:             (none)
  Path Type:              Max at Slow Process Corner
  Data Path Delay:        14.201ns  (logic 1.577ns (11.107%)  route 12.624ns (88.893%))
  Logic Levels:           2  (IBUF=1 LUT1=1)

    Location             Delay type                Incr(ns)  Path(ns)    Netlist Resource(s)
  -------------------------------------------------------------------    -------------------
    J2                                                0.000     0.000 r  CS (IN)
                         net (fo=0)                   0.000     0.000    CS
    J2                   IBUF (Prop_ibuf_I_O)         1.453     1.453 r  CS_IBUF_inst/O
                         net (fo=2, routed)           3.974     5.428    Spi_instance/CS_IBUF
    SLICE_X10Y52         LUT1 (Prop_lut1_I0_O)        0.124     5.552 f  Spi_instance/bit_count[8]_i_2/O
                         net (fo=392, routed)         8.649    14.201    Spi_instance/bit_count[8]_i_2_n_0
    SLICE_X15Y5          FDCE                                         f  Spi_instance/shift_reg_reg[40]/CLR
  -------------------------------------------------------------------    -------------------

Slack:                    inf
  Source:                 CS
                            (input port)
  Destination:            Spi_instance/shift_reg_reg[38]/CLR
  Path Group:             (none)
  Path Type:              Max at Slow Process Corner
  Data Path Delay:        13.912ns  (logic 1.577ns (11.338%)  route 12.335ns (88.662%))
  Logic Levels:           2  (IBUF=1 LUT1=1)

    Location             Delay type                Incr(ns)  Path(ns)    Netlist Resource(s)
  -------------------------------------------------------------------    -------------------
    J2                                                0.000     0.000 r  CS (IN)
                         net (fo=0)                   0.000     0.000    CS
    J2                   IBUF (Prop_ibuf_I_O)         1.453     1.453 r  CS_IBUF_inst/O
                         net (fo=2, routed)           3.974     5.428    Spi_instance/CS_IBUF
    SLICE_X10Y52         LUT1 (Prop_lut1_I0_O)        0.124     5.552 f  Spi_instance/bit_count[8]_i_2/O
                         net (fo=392, routed)         8.360    13.912    Spi_instance/bit_count[8]_i_2_n_0
    SLICE_X14Y3          FDCE                                         f  Spi_instance/shift_reg_reg[38]/CLR
  -------------------------------------------------------------------    -------------------





Min Delay Paths
--------------------------------------------------------------------------------------
Slack:                    inf
  Source:                 Spi_instance/shift_reg_reg[239]/C
                            (rising edge-triggered cell FDCE)
  Destination:            Spi_instance/shift_reg_reg[240]/D
  Path Group:             (none)
  Path Type:              Min at Fast Process Corner
  Data Path Delay:        0.197ns  (logic 0.128ns (64.896%)  route 0.069ns (35.104%))
  Logic Levels:           1  (FDCE=1)

    Location             Delay type                Incr(ns)  Path(ns)    Netlist Resource(s)
  -------------------------------------------------------------------    -------------------
    SLICE_X5Y36          FDCE                         0.000     0.000 r  Spi_instance/shift_reg_reg[239]/C
    SLICE_X5Y36          FDCE (Prop_fdce_C_Q)         0.128     0.128 r  Spi_instance/shift_reg_reg[239]/Q
                         net (fo=2, routed)           0.069     0.197    Spi_instance/p_0_in[240]
    SLICE_X5Y36          FDCE                                         r  Spi_instance/shift_reg_reg[240]/D
  -------------------------------------------------------------------    -------------------

Slack:                    inf
  Source:                 Spi_instance/shift_reg_reg[372]/C
                            (rising edge-triggered cell FDCE)
  Destination:            Spi_instance/output_register_reg[373]/D
  Path Group:             (none)
  Path Type:              Min at Fast Process Corner
  Data Path Delay:        0.203ns  (logic 0.128ns (63.195%)  route 0.075ns (36.805%))
  Logic Levels:           1  (FDCE=1)

    Location             Delay type                Incr(ns)  Path(ns)    Netlist Resource(s)
  -------------------------------------------------------------------    -------------------
    SLICE_X11Y35         FDCE                         0.000     0.000 r  Spi_instance/shift_reg_reg[372]/C
    SLICE_X11Y35         FDCE (Prop_fdce_C_Q)         0.128     0.128 r  Spi_instance/shift_reg_reg[372]/Q
                         net (fo=2, routed)           0.075     0.203    Spi_instance/p_0_in[373]
    SLICE_X10Y35         FDRE                                         r  Spi_instance/output_register_reg[373]/D
  -------------------------------------------------------------------    -------------------

Slack:                    inf
  Source:                 Spi_instance/shift_reg_reg[371]/C
                            (rising edge-triggered cell FDCE)
  Destination:            Spi_instance/output_register_reg[372]/D
  Path Group:             (none)
  Path Type:              Min at Fast Process Corner
  Data Path Delay:        0.203ns  (logic 0.128ns (62.981%)  route 0.075ns (37.019%))
  Logic Levels:           1  (FDCE=1)

    Location             Delay type                Incr(ns)  Path(ns)    Netlist Resource(s)
  -------------------------------------------------------------------    -------------------
    SLICE_X11Y35         FDCE                         0.000     0.000 r  Spi_instance/shift_reg_reg[371]/C
    SLICE_X11Y35         FDCE (Prop_fdce_C_Q)         0.128     0.128 r  Spi_instance/shift_reg_reg[371]/Q
                         net (fo=2, routed)           0.075     0.203    Spi_instance/p_0_in[372]
    SLICE_X10Y35         FDRE                                         r  Spi_instance/output_register_reg[372]/D
  -------------------------------------------------------------------    -------------------

Slack:                    inf
  Source:                 Spi_instance/shift_reg_reg[246]/C
                            (rising edge-triggered cell FDCE)
  Destination:            Spi_instance/output_register_reg[247]/D
  Path Group:             (none)
  Path Type:              Min at Fast Process Corner
  Data Path Delay:        0.207ns  (logic 0.141ns (68.037%)  route 0.066ns (31.963%))
  Logic Levels:           1  (FDCE=1)

    Location             Delay type                Incr(ns)  Path(ns)    Netlist Resource(s)
  -------------------------------------------------------------------    -------------------
    SLICE_X7Y36          FDCE                         0.000     0.000 r  Spi_instance/shift_reg_reg[246]/C
    SLICE_X7Y36          FDCE (Prop_fdce_C_Q)         0.141     0.141 r  Spi_instance/shift_reg_reg[246]/Q
                         net (fo=2, routed)           0.066     0.207    Spi_instance/p_0_in[247]
    SLICE_X6Y36          FDRE                                         r  Spi_instance/output_register_reg[247]/D
  -------------------------------------------------------------------    -------------------

Slack:                    inf
  Source:                 Spi_instance/shift_reg_reg[82]/C
                            (rising edge-triggered cell FDCE)
  Destination:            Spi_instance/shift_reg_reg[83]/D
  Path Group:             (none)
  Path Type:              Min at Fast Process Corner
  Data Path Delay:        0.209ns  (logic 0.141ns (67.387%)  route 0.068ns (32.613%))
  Logic Levels:           1  (FDCE=1)

    Location             Delay type                Incr(ns)  Path(ns)    Netlist Resource(s)
  -------------------------------------------------------------------    -------------------
    SLICE_X11Y8          FDCE                         0.000     0.000 r  Spi_instance/shift_reg_reg[82]/C
    SLICE_X11Y8          FDCE (Prop_fdce_C_Q)         0.141     0.141 r  Spi_instance/shift_reg_reg[82]/Q
                         net (fo=2, routed)           0.068     0.209    Spi_instance/p_0_in[83]
    SLICE_X10Y8          FDCE                                         r  Spi_instance/shift_reg_reg[83]/D
  -------------------------------------------------------------------    -------------------

Slack:                    inf
  Source:                 Spi_instance/shift_reg_reg[328]/C
                            (rising edge-triggered cell FDCE)
  Destination:            Spi_instance/output_register_reg[329]/D
  Path Group:             (none)
  Path Type:              Min at Fast Process Corner
  Data Path Delay:        0.233ns  (logic 0.141ns (60.437%)  route 0.092ns (39.563%))
  Logic Levels:           1  (FDCE=1)

    Location             Delay type                Incr(ns)  Path(ns)    Netlist Resource(s)
  -------------------------------------------------------------------    -------------------
    SLICE_X13Y33         FDCE                         0.000     0.000 r  Spi_instance/shift_reg_reg[328]/C
    SLICE_X13Y33         FDCE (Prop_fdce_C_Q)         0.141     0.141 r  Spi_instance/shift_reg_reg[328]/Q
                         net (fo=2, routed)           0.092     0.233    Spi_instance/p_0_in[329]
    SLICE_X12Y33         FDRE                                         r  Spi_instance/output_register_reg[329]/D
  -------------------------------------------------------------------    -------------------

Slack:                    inf
  Source:                 Spi_instance/shift_reg_reg[100]/C
                            (rising edge-triggered cell FDCE)
  Destination:            Spi_instance/output_register_reg[101]/D
  Path Group:             (none)
  Path Type:              Min at Fast Process Corner
  Data Path Delay:        0.239ns  (logic 0.141ns (58.945%)  route 0.098ns (41.055%))
  Logic Levels:           1  (FDCE=1)

    Location             Delay type                Incr(ns)  Path(ns)    Netlist Resource(s)
  -------------------------------------------------------------------    -------------------
    SLICE_X3Y4           FDCE                         0.000     0.000 r  Spi_instance/shift_reg_reg[100]/C
    SLICE_X3Y4           FDCE (Prop_fdce_C_Q)         0.141     0.141 r  Spi_instance/shift_reg_reg[100]/Q
                         net (fo=2, routed)           0.098     0.239    Spi_instance/p_0_in[101]
    SLICE_X2Y4           FDRE                                         r  Spi_instance/output_register_reg[101]/D
  -------------------------------------------------------------------    -------------------

Slack:                    inf
  Source:                 Spi_instance/shift_reg_reg[69]/C
                            (rising edge-triggered cell FDCE)
  Destination:            Spi_instance/output_register_reg[70]/D
  Path Group:             (none)
  Path Type:              Min at Fast Process Corner
  Data Path Delay:        0.240ns  (logic 0.141ns (58.795%)  route 0.099ns (41.205%))
  Logic Levels:           1  (FDCE=1)

    Location             Delay type                Incr(ns)  Path(ns)    Netlist Resource(s)
  -------------------------------------------------------------------    -------------------
    SLICE_X0Y7           FDCE                         0.000     0.000 r  Spi_instance/shift_reg_reg[69]/C
    SLICE_X0Y7           FDCE (Prop_fdce_C_Q)         0.141     0.141 r  Spi_instance/shift_reg_reg[69]/Q
                         net (fo=2, routed)           0.099     0.240    Spi_instance/p_0_in[70]
    SLICE_X1Y7           FDRE                                         r  Spi_instance/output_register_reg[70]/D
  -------------------------------------------------------------------    -------------------

Slack:                    inf
  Source:                 Spi_instance/shift_reg_reg[325]/C
                            (rising edge-triggered cell FDCE)
  Destination:            Spi_instance/output_register_reg[326]/D
  Path Group:             (none)
  Path Type:              Min at Fast Process Corner
  Data Path Delay:        0.240ns  (logic 0.141ns (58.692%)  route 0.099ns (41.308%))
  Logic Levels:           1  (FDCE=1)

    Location             Delay type                Incr(ns)  Path(ns)    Netlist Resource(s)
  -------------------------------------------------------------------    -------------------
    SLICE_X13Y33         FDCE                         0.000     0.000 r  Spi_instance/shift_reg_reg[325]/C
    SLICE_X13Y33         FDCE (Prop_fdce_C_Q)         0.141     0.141 r  Spi_instance/shift_reg_reg[325]/Q
                         net (fo=2, routed)           0.099     0.240    Spi_instance/p_0_in[326]
    SLICE_X12Y33         FDRE                                         r  Spi_instance/output_register_reg[326]/D
  -------------------------------------------------------------------    -------------------

Slack:                    inf
  Source:                 Spi_instance/shift_reg_reg[321]/C
                            (rising edge-triggered cell FDCE)
  Destination:            Spi_instance/output_register_reg[322]/D
  Path Group:             (none)
  Path Type:              Min at Fast Process Corner
  Data Path Delay:        0.247ns  (logic 0.128ns (51.873%)  route 0.119ns (48.127%))
  Logic Levels:           1  (FDCE=1)

    Location             Delay type                Incr(ns)  Path(ns)    Netlist Resource(s)
  -------------------------------------------------------------------    -------------------
    SLICE_X13Y36         FDCE                         0.000     0.000 r  Spi_instance/shift_reg_reg[321]/C
    SLICE_X13Y36         FDCE (Prop_fdce_C_Q)         0.128     0.128 r  Spi_instance/shift_reg_reg[321]/Q
                         net (fo=2, routed)           0.119     0.247    Spi_instance/p_0_in[322]
    SLICE_X14Y36         FDRE                                         r  Spi_instance/output_register_reg[322]/D
  -------------------------------------------------------------------    -------------------





--------------------------------------------------------------------------------------
Path Group:  (none)
From Clock:  clk_25_clkDVIprescaler
  To Clock:  

Max Delay            16 Endpoints
Min Delay            16 Endpoints
--------------------------------------------------------------------------------------


Max Delay Paths
--------------------------------------------------------------------------------------
Slack:                    inf
  Source:                 prescaler_instance/inst/mmcm_adv_inst/CLKOUT0
                            (clock source 'clk_25_clkDVIprescaler'  {rise@0.000ns fall@20.000ns period=40.000ns})
  Destination:            clk_out
                            (output port)
  Path Group:             (none)
  Path Type:              Max at Slow Process Corner
  Data Path Delay:        8.192ns  (logic 3.604ns (43.990%)  route 4.589ns (56.010%))
  Logic Levels:           2  (BUFG=1 OBUF=1)
  Clock Uncertainty:      0.199ns  ((TSJ^2 + DJ^2)^1/2) / 2 + PE
    Total System Jitter     (TSJ):    0.050ns
    Discrete Jitter          (DJ):    0.182ns
    Phase Error              (PE):    0.104ns

    Location             Delay type                Incr(ns)  Path(ns)    Netlist Resource(s)
  -------------------------------------------------------------------    -------------------
                         (clock clk_25_clkDVIprescaler fall edge)
                                                     20.000    20.000 f  
    W5                                                0.000    20.000 f  clk100 (IN)
                         net (fo=0)                   0.000    20.000    prescaler_instance/inst/clk_100
    W5                   IBUF (Prop_ibuf_I_O)         1.458    21.458 f  prescaler_instance/inst/clkin1_ibufg/O
                         net (fo=1, routed)           1.233    22.691    prescaler_instance/inst/clk_100_clkDVIprescaler
  -------------------------------------------------------------------    -------------------
    MMCME2_ADV_X1Y0      MMCME2_ADV (Prop_mmcme2_adv_CLKIN1_CLKOUT0)
                                                     -6.961    15.731 f  prescaler_instance/inst/mmcm_adv_inst/CLKOUT0
                         net (fo=1, routed)           1.661    17.392    prescaler_instance/inst/clk_25_clkDVIprescaler
    BUFGCTRL_X0Y0        BUFG (Prop_bufg_I_O)         0.096    17.488 f  prescaler_instance/inst/clkout1_buf/O
                         net (fo=645, routed)         2.927    20.415    clk_out_OBUF
    M18                  OBUF (Prop_obuf_I_O)         3.508    23.923 f  clk_out_OBUF_inst/O
                         net (fo=0)                   0.000    23.923    clk_out
    M18                                                               f  clk_out (OUT)
  -------------------------------------------------------------------    -------------------

Slack:                    inf
  Source:                 pixel_gen_inst/PixelAan_reg/C
                            (rising edge-triggered cell FDRE clocked by clk_25_clkDVIprescaler  {rise@0.000ns fall@20.000ns period=40.000ns})
  Destination:            rgb[2]
                            (output port)
  Path Group:             (none)
  Path Type:              Max at Slow Process Corner
  Data Path Delay:        12.482ns  (logic 4.221ns (33.817%)  route 8.261ns (66.183%))
  Logic Levels:           2  (LUT2=1 OBUF=1)
  Clock Uncertainty:      0.199ns  ((TSJ^2 + DJ^2)^1/2) / 2 + PE
    Total System Jitter     (TSJ):    0.050ns
    Discrete Jitter          (DJ):    0.182ns
    Phase Error              (PE):    0.104ns

    Location             Delay type                Incr(ns)  Path(ns)    Netlist Resource(s)
  -------------------------------------------------------------------    -------------------
                         (clock clk_25_clkDVIprescaler rise edge)
                                                      0.000     0.000 r  
    W5                                                0.000     0.000 r  clk100 (IN)
                         net (fo=0)                   0.000     0.000    prescaler_instance/inst/clk_100
    W5                   IBUF (Prop_ibuf_I_O)         1.458     1.458 r  prescaler_instance/inst/clkin1_ibufg/O
                         net (fo=1, routed)           1.233     2.691    prescaler_instance/inst/clk_100_clkDVIprescaler
    MMCME2_ADV_X1Y0      MMCME2_ADV (Prop_mmcme2_adv_CLKIN1_CLKOUT0)
                                                     -6.961    -4.269 r  prescaler_instance/inst/mmcm_adv_inst/CLKOUT0
                         net (fo=1, routed)           1.661    -2.608    prescaler_instance/inst/clk_25_clkDVIprescaler
    BUFGCTRL_X0Y0        BUFG (Prop_bufg_I_O)         0.096    -2.512 r  prescaler_instance/inst/clkout1_buf/O
                         net (fo=645, routed)         1.567    -0.945    pixel_gen_inst/clk_25
    SLICE_X9Y10          FDRE                                         r  pixel_gen_inst/PixelAan_reg/C
  -------------------------------------------------------------------    -------------------
    SLICE_X9Y10          FDRE (Prop_fdre_C_Q)         0.419    -0.526 r  pixel_gen_inst/PixelAan_reg/Q
                         net (fo=12, routed)          0.932     0.406    pixel_gen_inst/PixelAan
    SLICE_X8Y11          LUT2 (Prop_lut2_I0_O)        0.299     0.705 r  pixel_gen_inst/rgb_OBUF[2]_inst_i_1/O
                         net (fo=1, routed)           7.329     8.034    rgb_OBUF[2]
    A15                  OBUF (Prop_obuf_I_O)         3.503    11.537 r  rgb_OBUF[2]_inst/O
                         net (fo=0)                   0.000    11.537    rgb[2]
    A15                                                               r  rgb[2] (OUT)
  -------------------------------------------------------------------    -------------------

Slack:                    inf
  Source:                 pixel_gen_inst/PixelAan_reg/C
                            (rising edge-triggered cell FDRE clocked by clk_25_clkDVIprescaler  {rise@0.000ns fall@20.000ns period=40.000ns})
  Destination:            rgb[7]
                            (output port)
  Path Group:             (none)
  Path Type:              Max at Slow Process Corner
  Data Path Delay:        11.967ns  (logic 4.471ns (37.357%)  route 7.497ns (62.643%))
  Logic Levels:           2  (LUT2=1 OBUF=1)
  Clock Uncertainty:      0.199ns  ((TSJ^2 + DJ^2)^1/2) / 2 + PE
    Total System Jitter     (TSJ):    0.050ns
    Discrete Jitter          (DJ):    0.182ns
    Phase Error              (PE):    0.104ns

    Location             Delay type                Incr(ns)  Path(ns)    Netlist Resource(s)
  -------------------------------------------------------------------    -------------------
                         (clock clk_25_clkDVIprescaler rise edge)
                                                      0.000     0.000 r  
    W5                                                0.000     0.000 r  clk100 (IN)
                         net (fo=0)                   0.000     0.000    prescaler_instance/inst/clk_100
    W5                   IBUF (Prop_ibuf_I_O)         1.458     1.458 r  prescaler_instance/inst/clkin1_ibufg/O
                         net (fo=1, routed)           1.233     2.691    prescaler_instance/inst/clk_100_clkDVIprescaler
    MMCME2_ADV_X1Y0      MMCME2_ADV (Prop_mmcme2_adv_CLKIN1_CLKOUT0)
                                                     -6.961    -4.269 r  prescaler_instance/inst/mmcm_adv_inst/CLKOUT0
                         net (fo=1, routed)           1.661    -2.608    prescaler_instance/inst/clk_25_clkDVIprescaler
    BUFGCTRL_X0Y0        BUFG (Prop_bufg_I_O)         0.096    -2.512 r  prescaler_instance/inst/clkout1_buf/O
                         net (fo=645, routed)         1.567    -0.945    pixel_gen_inst/clk_25
    SLICE_X9Y10          FDRE                                         r  pixel_gen_inst/PixelAan_reg/C
  -------------------------------------------------------------------    -------------------
    SLICE_X9Y10          FDRE (Prop_fdre_C_Q)         0.419    -0.526 r  pixel_gen_inst/PixelAan_reg/Q
                         net (fo=12, routed)          0.994     0.468    pixel_gen_inst/PixelAan
    SLICE_X7Y13          LUT2 (Prop_lut2_I0_O)        0.325     0.793 r  pixel_gen_inst/rgb_OBUF[7]_inst_i_1/O
                         net (fo=1, routed)           6.503     7.296    rgb_OBUF[7]
    B15                  OBUF (Prop_obuf_I_O)         3.727    11.023 r  rgb_OBUF[7]_inst/O
                         net (fo=0)                   0.000    11.023    rgb[7]
    B15                                                               r  rgb[7] (OUT)
  -------------------------------------------------------------------    -------------------

Slack:                    inf
  Source:                 pixel_gen_inst/PixelAan_reg/C
                            (rising edge-triggered cell FDRE clocked by clk_25_clkDVIprescaler  {rise@0.000ns fall@20.000ns period=40.000ns})
  Destination:            rgb[0]
                            (output port)
  Path Group:             (none)
  Path Type:              Max at Slow Process Corner
  Data Path Delay:        11.802ns  (logic 4.226ns (35.807%)  route 7.576ns (64.193%))
  Logic Levels:           2  (LUT2=1 OBUF=1)
  Clock Uncertainty:      0.199ns  ((TSJ^2 + DJ^2)^1/2) / 2 + PE
    Total System Jitter     (TSJ):    0.050ns
    Discrete Jitter          (DJ):    0.182ns
    Phase Error              (PE):    0.104ns

    Location             Delay type                Incr(ns)  Path(ns)    Netlist Resource(s)
  -------------------------------------------------------------------    -------------------
                         (clock clk_25_clkDVIprescaler rise edge)
                                                      0.000     0.000 r  
    W5                                                0.000     0.000 r  clk100 (IN)
                         net (fo=0)                   0.000     0.000    prescaler_instance/inst/clk_100
    W5                   IBUF (Prop_ibuf_I_O)         1.458     1.458 r  prescaler_instance/inst/clkin1_ibufg/O
                         net (fo=1, routed)           1.233     2.691    prescaler_instance/inst/clk_100_clkDVIprescaler
    MMCME2_ADV_X1Y0      MMCME2_ADV (Prop_mmcme2_adv_CLKIN1_CLKOUT0)
                                                     -6.961    -4.269 r  prescaler_instance/inst/mmcm_adv_inst/CLKOUT0
                         net (fo=1, routed)           1.661    -2.608    prescaler_instance/inst/clk_25_clkDVIprescaler
    BUFGCTRL_X0Y0        BUFG (Prop_bufg_I_O)         0.096    -2.512 r  prescaler_instance/inst/clkout1_buf/O
                         net (fo=645, routed)         1.567    -0.945    pixel_gen_inst/clk_25
    SLICE_X9Y10          FDRE                                         r  pixel_gen_inst/PixelAan_reg/C
  -------------------------------------------------------------------    -------------------
    SLICE_X9Y10          FDRE (Prop_fdre_C_Q)         0.419    -0.526 r  pixel_gen_inst/PixelAan_reg/Q
                         net (fo=12, routed)          0.932     0.406    pixel_gen_inst/PixelAan
    SLICE_X8Y11          LUT2 (Prop_lut2_I0_O)        0.299     0.705 r  pixel_gen_inst/rgb_OBUF[0]_inst_i_1/O
                         net (fo=1, routed)           6.645     7.350    rgb_OBUF[0]
    A17                  OBUF (Prop_obuf_I_O)         3.508    10.858 r  rgb_OBUF[0]_inst/O
                         net (fo=0)                   0.000    10.858    rgb[0]
    A17                                                               r  rgb[0] (OUT)
  -------------------------------------------------------------------    -------------------

Slack:                    inf
  Source:                 pixel_gen_inst/PixelAan_reg/C
                            (rising edge-triggered cell FDRE clocked by clk_25_clkDVIprescaler  {rise@0.000ns fall@20.000ns period=40.000ns})
  Destination:            rgb[4]
                            (output port)
  Path Group:             (none)
  Path Type:              Max at Slow Process Corner
  Data Path Delay:        11.392ns  (logic 4.210ns (36.957%)  route 7.182ns (63.043%))
  Logic Levels:           2  (LUT2=1 OBUF=1)
  Clock Uncertainty:      0.199ns  ((TSJ^2 + DJ^2)^1/2) / 2 + PE
    Total System Jitter     (TSJ):    0.050ns
    Discrete Jitter          (DJ):    0.182ns
    Phase Error              (PE):    0.104ns

    Location             Delay type                Incr(ns)  Path(ns)    Netlist Resource(s)
  -------------------------------------------------------------------    -------------------
                         (clock clk_25_clkDVIprescaler rise edge)
                                                      0.000     0.000 r  
    W5                                                0.000     0.000 r  clk100 (IN)
                         net (fo=0)                   0.000     0.000    prescaler_instance/inst/clk_100
    W5                   IBUF (Prop_ibuf_I_O)         1.458     1.458 r  prescaler_instance/inst/clkin1_ibufg/O
                         net (fo=1, routed)           1.233     2.691    prescaler_instance/inst/clk_100_clkDVIprescaler
    MMCME2_ADV_X1Y0      MMCME2_ADV (Prop_mmcme2_adv_CLKIN1_CLKOUT0)
                                                     -6.961    -4.269 r  prescaler_instance/inst/mmcm_adv_inst/CLKOUT0
                         net (fo=1, routed)           1.661    -2.608    prescaler_instance/inst/clk_25_clkDVIprescaler
    BUFGCTRL_X0Y0        BUFG (Prop_bufg_I_O)         0.096    -2.512 r  prescaler_instance/inst/clkout1_buf/O
                         net (fo=645, routed)         1.567    -0.945    pixel_gen_inst/clk_25
    SLICE_X9Y10          FDRE                                         r  pixel_gen_inst/PixelAan_reg/C
  -------------------------------------------------------------------    -------------------
    SLICE_X9Y10          FDRE (Prop_fdre_C_Q)         0.419    -0.526 r  pixel_gen_inst/PixelAan_reg/Q
                         net (fo=12, routed)          0.988     0.463    pixel_gen_inst/PixelAan
    SLICE_X3Y13          LUT2 (Prop_lut2_I0_O)        0.299     0.762 r  pixel_gen_inst/rgb_OBUF[4]_inst_i_1/O
                         net (fo=1, routed)           6.194     6.956    rgb_OBUF[4]
    C16                  OBUF (Prop_obuf_I_O)         3.492    10.448 r  rgb_OBUF[4]_inst/O
                         net (fo=0)                   0.000    10.448    rgb[4]
    C16                                                               r  rgb[4] (OUT)
  -------------------------------------------------------------------    -------------------

Slack:                    inf
  Source:                 pixel_gen_inst/rgb_out_reg[5]/C
                            (rising edge-triggered cell FDRE clocked by clk_25_clkDVIprescaler  {rise@0.000ns fall@20.000ns period=40.000ns})
  Destination:            rgb[5]
                            (output port)
  Path Group:             (none)
  Path Type:              Max at Slow Process Corner
  Data Path Delay:        11.252ns  (logic 4.319ns (38.386%)  route 6.933ns (61.614%))
  Logic Levels:           2  (LUT2=1 OBUF=1)
  Clock Uncertainty:      0.199ns  ((TSJ^2 + DJ^2)^1/2) / 2 + PE
    Total System Jitter     (TSJ):    0.050ns
    Discrete Jitter          (DJ):    0.182ns
    Phase Error              (PE):    0.104ns

    Location             Delay type                Incr(ns)  Path(ns)    Netlist Resource(s)
  -------------------------------------------------------------------    -------------------
                         (clock clk_25_clkDVIprescaler rise edge)
                                                      0.000     0.000 r  
    W5                                                0.000     0.000 r  clk100 (IN)
                         net (fo=0)                   0.000     0.000    prescaler_instance/inst/clk_100
    W5                   IBUF (Prop_ibuf_I_O)         1.458     1.458 r  prescaler_instance/inst/clkin1_ibufg/O
                         net (fo=1, routed)           1.233     2.691    prescaler_instance/inst/clk_100_clkDVIprescaler
    MMCME2_ADV_X1Y0      MMCME2_ADV (Prop_mmcme2_adv_CLKIN1_CLKOUT0)
                                                     -6.961    -4.269 r  prescaler_instance/inst/mmcm_adv_inst/CLKOUT0
                         net (fo=1, routed)           1.661    -2.608    prescaler_instance/inst/clk_25_clkDVIprescaler
    BUFGCTRL_X0Y0        BUFG (Prop_bufg_I_O)         0.096    -2.512 r  prescaler_instance/inst/clkout1_buf/O
                         net (fo=645, routed)         1.567    -0.945    pixel_gen_inst/clk_25
    SLICE_X9Y10          FDRE                                         r  pixel_gen_inst/rgb_out_reg[5]/C
  -------------------------------------------------------------------    -------------------
    SLICE_X9Y10          FDRE (Prop_fdre_C_Q)         0.456    -0.489 r  pixel_gen_inst/rgb_out_reg[5]/Q
                         net (fo=1, routed)           1.241     0.752    pixel_gen_inst/rgb_out[5]
    SLICE_X3Y13          LUT2 (Prop_lut2_I1_O)        0.152     0.904 r  pixel_gen_inst/rgb_OBUF[5]_inst_i_1/O
                         net (fo=1, routed)           5.692     6.596    rgb_OBUF[5]
    B16                  OBUF (Prop_obuf_I_O)         3.711    10.307 r  rgb_OBUF[5]_inst/O
                         net (fo=0)                   0.000    10.307    rgb[5]
    B16                                                               r  rgb[5] (OUT)
  -------------------------------------------------------------------    -------------------

Slack:                    inf
  Source:                 pixel_gen_inst/PixelAan_reg/C
                            (rising edge-triggered cell FDRE clocked by clk_25_clkDVIprescaler  {rise@0.000ns fall@20.000ns period=40.000ns})
  Destination:            rgb[1]
                            (output port)
  Path Group:             (none)
  Path Type:              Max at Slow Process Corner
  Data Path Delay:        10.882ns  (logic 4.480ns (41.167%)  route 6.402ns (58.833%))
  Logic Levels:           2  (LUT2=1 OBUF=1)
  Clock Uncertainty:      0.199ns  ((TSJ^2 + DJ^2)^1/2) / 2 + PE
    Total System Jitter     (TSJ):    0.050ns
    Discrete Jitter          (DJ):    0.182ns
    Phase Error              (PE):    0.104ns

    Location             Delay type                Incr(ns)  Path(ns)    Netlist Resource(s)
  -------------------------------------------------------------------    -------------------
                         (clock clk_25_clkDVIprescaler rise edge)
                                                      0.000     0.000 r  
    W5                                                0.000     0.000 r  clk100 (IN)
                         net (fo=0)                   0.000     0.000    prescaler_instance/inst/clk_100
    W5                   IBUF (Prop_ibuf_I_O)         1.458     1.458 r  prescaler_instance/inst/clkin1_ibufg/O
                         net (fo=1, routed)           1.233     2.691    prescaler_instance/inst/clk_100_clkDVIprescaler
    MMCME2_ADV_X1Y0      MMCME2_ADV (Prop_mmcme2_adv_CLKIN1_CLKOUT0)
                                                     -6.961    -4.269 r  prescaler_instance/inst/mmcm_adv_inst/CLKOUT0
                         net (fo=1, routed)           1.661    -2.608    prescaler_instance/inst/clk_25_clkDVIprescaler
    BUFGCTRL_X0Y0        BUFG (Prop_bufg_I_O)         0.096    -2.512 r  prescaler_instance/inst/clkout1_buf/O
                         net (fo=645, routed)         1.567    -0.945    pixel_gen_inst/clk_25
    SLICE_X9Y10          FDRE                                         r  pixel_gen_inst/PixelAan_reg/C
  -------------------------------------------------------------------    -------------------
    SLICE_X9Y10          FDRE (Prop_fdre_C_Q)         0.419    -0.526 r  pixel_gen_inst/PixelAan_reg/Q
                         net (fo=12, routed)          0.932     0.406    pixel_gen_inst/PixelAan
    SLICE_X8Y11          LUT2 (Prop_lut2_I0_O)        0.325     0.731 r  pixel_gen_inst/rgb_OBUF[1]_inst_i_1/O
                         net (fo=1, routed)           5.471     6.202    rgb_OBUF[1]
    A16                  OBUF (Prop_obuf_I_O)         3.736     9.937 r  rgb_OBUF[1]_inst/O
                         net (fo=0)                   0.000     9.937    rgb[1]
    A16                                                               r  rgb[1] (OUT)
  -------------------------------------------------------------------    -------------------

Slack:                    inf
  Source:                 pixel_gen_inst/PixelAan_reg/C
                            (rising edge-triggered cell FDRE clocked by clk_25_clkDVIprescaler  {rise@0.000ns fall@20.000ns period=40.000ns})
  Destination:            rgb[3]
                            (output port)
  Path Group:             (none)
  Path Type:              Max at Slow Process Corner
  Data Path Delay:        10.134ns  (logic 4.474ns (44.149%)  route 5.660ns (55.851%))
  Logic Levels:           2  (LUT2=1 OBUF=1)
  Clock Uncertainty:      0.199ns  ((TSJ^2 + DJ^2)^1/2) / 2 + PE
    Total System Jitter     (TSJ):    0.050ns
    Discrete Jitter          (DJ):    0.182ns
    Phase Error              (PE):    0.104ns

    Location             Delay type                Incr(ns)  Path(ns)    Netlist Resource(s)
  -------------------------------------------------------------------    -------------------
                         (clock clk_25_clkDVIprescaler rise edge)
                                                      0.000     0.000 r  
    W5                                                0.000     0.000 r  clk100 (IN)
                         net (fo=0)                   0.000     0.000    prescaler_instance/inst/clk_100
    W5                   IBUF (Prop_ibuf_I_O)         1.458     1.458 r  prescaler_instance/inst/clkin1_ibufg/O
                         net (fo=1, routed)           1.233     2.691    prescaler_instance/inst/clk_100_clkDVIprescaler
    MMCME2_ADV_X1Y0      MMCME2_ADV (Prop_mmcme2_adv_CLKIN1_CLKOUT0)
                                                     -6.961    -4.269 r  prescaler_instance/inst/mmcm_adv_inst/CLKOUT0
                         net (fo=1, routed)           1.661    -2.608    prescaler_instance/inst/clk_25_clkDVIprescaler
    BUFGCTRL_X0Y0        BUFG (Prop_bufg_I_O)         0.096    -2.512 r  prescaler_instance/inst/clkout1_buf/O
                         net (fo=645, routed)         1.567    -0.945    pixel_gen_inst/clk_25
    SLICE_X9Y10          FDRE                                         r  pixel_gen_inst/PixelAan_reg/C
  -------------------------------------------------------------------    -------------------
    SLICE_X9Y10          FDRE (Prop_fdre_C_Q)         0.419    -0.526 r  pixel_gen_inst/PixelAan_reg/Q
                         net (fo=12, routed)          0.932     0.406    pixel_gen_inst/PixelAan
    SLICE_X8Y11          LUT2 (Prop_lut2_I0_O)        0.328     0.734 r  pixel_gen_inst/rgb_OBUF[3]_inst_i_1/O
                         net (fo=1, routed)           4.728     5.462    rgb_OBUF[3]
    A14                  OBUF (Prop_obuf_I_O)         3.727     9.189 r  rgb_OBUF[3]_inst/O
                         net (fo=0)                   0.000     9.189    rgb[3]
    A14                                                               r  rgb[3] (OUT)
  -------------------------------------------------------------------    -------------------

Slack:                    inf
  Source:                 pixel_gen_inst/PixelAan_reg/C
                            (rising edge-triggered cell FDRE clocked by clk_25_clkDVIprescaler  {rise@0.000ns fall@20.000ns period=40.000ns})
  Destination:            rgb[6]
                            (output port)
  Path Group:             (none)
  Path Type:              Max at Slow Process Corner
  Data Path Delay:        9.451ns  (logic 4.223ns (44.683%)  route 5.228ns (55.317%))
  Logic Levels:           2  (LUT2=1 OBUF=1)
  Clock Uncertainty:      0.199ns  ((TSJ^2 + DJ^2)^1/2) / 2 + PE
    Total System Jitter     (TSJ):    0.050ns
    Discrete Jitter          (DJ):    0.182ns
    Phase Error              (PE):    0.104ns

    Location             Delay type                Incr(ns)  Path(ns)    Netlist Resource(s)
  -------------------------------------------------------------------    -------------------
                         (clock clk_25_clkDVIprescaler rise edge)
                                                      0.000     0.000 r  
    W5                                                0.000     0.000 r  clk100 (IN)
                         net (fo=0)                   0.000     0.000    prescaler_instance/inst/clk_100
    W5                   IBUF (Prop_ibuf_I_O)         1.458     1.458 r  prescaler_instance/inst/clkin1_ibufg/O
                         net (fo=1, routed)           1.233     2.691    prescaler_instance/inst/clk_100_clkDVIprescaler
    MMCME2_ADV_X1Y0      MMCME2_ADV (Prop_mmcme2_adv_CLKIN1_CLKOUT0)
                                                     -6.961    -4.269 r  prescaler_instance/inst/mmcm_adv_inst/CLKOUT0
                         net (fo=1, routed)           1.661    -2.608    prescaler_instance/inst/clk_25_clkDVIprescaler
    BUFGCTRL_X0Y0        BUFG (Prop_bufg_I_O)         0.096    -2.512 r  prescaler_instance/inst/clkout1_buf/O
                         net (fo=645, routed)         1.567    -0.945    pixel_gen_inst/clk_25
    SLICE_X9Y10          FDRE                                         r  pixel_gen_inst/PixelAan_reg/C
  -------------------------------------------------------------------    -------------------
    SLICE_X9Y10          FDRE (Prop_fdre_C_Q)         0.419    -0.526 r  pixel_gen_inst/PixelAan_reg/Q
                         net (fo=12, routed)          0.994     0.468    pixel_gen_inst/PixelAan
    SLICE_X7Y13          LUT2 (Prop_lut2_I0_O)        0.299     0.767 r  pixel_gen_inst/rgb_OBUF[6]_inst_i_1/O
                         net (fo=1, routed)           4.234     5.001    rgb_OBUF[6]
    C15                  OBUF (Prop_obuf_I_O)         3.505     8.506 r  rgb_OBUF[6]_inst/O
                         net (fo=0)                   0.000     8.506    rgb[6]
    C15                                                               r  rgb[6] (OUT)
  -------------------------------------------------------------------    -------------------

Slack:                    inf
  Source:                 pixel_gen_inst/PixelAan_reg/C
                            (rising edge-triggered cell FDRE clocked by clk_25_clkDVIprescaler  {rise@0.000ns fall@20.000ns period=40.000ns})
  Destination:            rgb[9]
                            (output port)
  Path Group:             (none)
  Path Type:              Max at Slow Process Corner
  Data Path Delay:        7.984ns  (logic 4.440ns (55.612%)  route 3.544ns (44.388%))
  Logic Levels:           2  (LUT2=1 OBUF=1)
  Clock Uncertainty:      0.199ns  ((TSJ^2 + DJ^2)^1/2) / 2 + PE
    Total System Jitter     (TSJ):    0.050ns
    Discrete Jitter          (DJ):    0.182ns
    Phase Error              (PE):    0.104ns

    Location             Delay type                Incr(ns)  Path(ns)    Netlist Resource(s)
  -------------------------------------------------------------------    -------------------
                         (clock clk_25_clkDVIprescaler rise edge)
                                                      0.000     0.000 r  
    W5                                                0.000     0.000 r  clk100 (IN)
                         net (fo=0)                   0.000     0.000    prescaler_instance/inst/clk_100
    W5                   IBUF (Prop_ibuf_I_O)         1.458     1.458 r  prescaler_instance/inst/clkin1_ibufg/O
                         net (fo=1, routed)           1.233     2.691    prescaler_instance/inst/clk_100_clkDVIprescaler
    MMCME2_ADV_X1Y0      MMCME2_ADV (Prop_mmcme2_adv_CLKIN1_CLKOUT0)
                                                     -6.961    -4.269 r  prescaler_instance/inst/mmcm_adv_inst/CLKOUT0
                         net (fo=1, routed)           1.661    -2.608    prescaler_instance/inst/clk_25_clkDVIprescaler
    BUFGCTRL_X0Y0        BUFG (Prop_bufg_I_O)         0.096    -2.512 r  prescaler_instance/inst/clkout1_buf/O
                         net (fo=645, routed)         1.567    -0.945    pixel_gen_inst/clk_25
    SLICE_X9Y10          FDRE                                         r  pixel_gen_inst/PixelAan_reg/C
  -------------------------------------------------------------------    -------------------
    SLICE_X9Y10          FDRE (Prop_fdre_C_Q)         0.419    -0.526 r  pixel_gen_inst/PixelAan_reg/Q
                         net (fo=12, routed)          1.289     0.764    pixel_gen_inst/PixelAan
    SLICE_X0Y13          LUT2 (Prop_lut2_I0_O)        0.294     1.058 r  pixel_gen_inst/rgb_OBUF[9]_inst_i_1/O
                         net (fo=1, routed)           2.255     3.312    rgb_OBUF[9]
    M19                  OBUF (Prop_obuf_I_O)         3.727     7.039 r  rgb_OBUF[9]_inst/O
                         net (fo=0)                   0.000     7.039    rgb[9]
    M19                                                               r  rgb[9] (OUT)
  -------------------------------------------------------------------    -------------------





Min Delay Paths
--------------------------------------------------------------------------------------
Slack:                    inf
  Source:                 prescaler_instance/inst/mmcm_adv_inst/CLKOUT0
                            (clock source 'clk_25_clkDVIprescaler'  {rise@0.000ns fall@20.000ns period=40.000ns})
  Destination:            clk_out
                            (output port)
  Path Group:             (none)
  Path Type:              Min at Fast Process Corner
  Data Path Delay:        2.460ns  (logic 1.235ns (50.196%)  route 1.225ns (49.804%))
  Logic Levels:           2  (BUFG=1 OBUF=1)
  Clock Uncertainty:      0.199ns  ((TSJ^2 + DJ^2)^1/2) / 2 + PE
    Total System Jitter     (TSJ):    0.050ns
    Discrete Jitter          (DJ):    0.182ns
    Phase Error              (PE):    0.104ns

    Location             Delay type                Incr(ns)  Path(ns)    Netlist Resource(s)
  -------------------------------------------------------------------    -------------------
                         (clock clk_25_clkDVIprescaler rise edge)
                                                      0.000     0.000 r  
    W5                                                0.000     0.000 r  clk100 (IN)
                         net (fo=0)                   0.000     0.000    prescaler_instance/inst/clk_100
    W5                   IBUF (Prop_ibuf_I_O)         0.226     0.226 r  prescaler_instance/inst/clkin1_ibufg/O
                         net (fo=1, routed)           0.440     0.667    prescaler_instance/inst/clk_100_clkDVIprescaler
  -------------------------------------------------------------------    -------------------
    MMCME2_ADV_X1Y0      MMCME2_ADV (Prop_mmcme2_adv_CLKIN1_CLKOUT0)
                                                     -2.360    -1.693 r  prescaler_instance/inst/mmcm_adv_inst/CLKOUT0
                         net (fo=1, routed)           0.486    -1.207    prescaler_instance/inst/clk_25_clkDVIprescaler
    BUFGCTRL_X0Y0        BUFG (Prop_bufg_I_O)         0.026    -1.181 r  prescaler_instance/inst/clkout1_buf/O
                         net (fo=645, routed)         0.739    -0.442    clk_out_OBUF
    M18                  OBUF (Prop_obuf_I_O)         1.209     0.767 r  clk_out_OBUF_inst/O
                         net (fo=0)                   0.000     0.767    clk_out
    M18                                                               r  clk_out (OUT)
  -------------------------------------------------------------------    -------------------

Slack:                    inf
  Source:                 dvi_driver_inst/hsync_internal_reg/C
                            (rising edge-triggered cell FDRE clocked by clk_25_clkDVIprescaler  {rise@0.000ns fall@20.000ns period=40.000ns})
  Destination:            hsync
                            (output port)
  Path Group:             (none)
  Path Type:              Min at Fast Process Corner
  Data Path Delay:        1.875ns  (logic 1.356ns (72.315%)  route 0.519ns (27.685%))
  Logic Levels:           1  (OBUF=1)
  Clock Uncertainty:      0.199ns  ((TSJ^2 + DJ^2)^1/2) / 2 + PE
    Total System Jitter     (TSJ):    0.050ns
    Discrete Jitter          (DJ):    0.182ns
    Phase Error              (PE):    0.104ns

    Location             Delay type                Incr(ns)  Path(ns)    Netlist Resource(s)
  -------------------------------------------------------------------    -------------------
                         (clock clk_25_clkDVIprescaler rise edge)
                                                      0.000     0.000 r  
    W5                                                0.000     0.000 r  clk100 (IN)
                         net (fo=0)                   0.000     0.000    prescaler_instance/inst/clk_100
    W5                   IBUF (Prop_ibuf_I_O)         0.226     0.226 r  prescaler_instance/inst/clkin1_ibufg/O
                         net (fo=1, routed)           0.440     0.667    prescaler_instance/inst/clk_100_clkDVIprescaler
    MMCME2_ADV_X1Y0      MMCME2_ADV (Prop_mmcme2_adv_CLKIN1_CLKOUT0)
                                                     -2.360    -1.693 r  prescaler_instance/inst/mmcm_adv_inst/CLKOUT0
                         net (fo=1, routed)           0.486    -1.207    prescaler_instance/inst/clk_25_clkDVIprescaler
    BUFGCTRL_X0Y0        BUFG (Prop_bufg_I_O)         0.026    -1.181 r  prescaler_instance/inst/clkout1_buf/O
                         net (fo=645, routed)         0.594    -0.587    dvi_driver_inst/clk_25
    SLICE_X0Y8           FDRE                                         r  dvi_driver_inst/hsync_internal_reg/C
  -------------------------------------------------------------------    -------------------
    SLICE_X0Y8           FDRE (Prop_fdre_C_Q)         0.141    -0.446 r  dvi_driver_inst/hsync_internal_reg/Q
                         net (fo=1, routed)           0.519     0.073    hsync_OBUF
    P18                  OBUF (Prop_obuf_I_O)         1.215     1.288 r  hsync_OBUF_inst/O
                         net (fo=0)                   0.000     1.288    hsync
    P18                                                               r  hsync (OUT)
  -------------------------------------------------------------------    -------------------

Slack:                    inf
  Source:                 dvi_driver_inst/vsync_internal_reg/C
                            (rising edge-triggered cell FDRE clocked by clk_25_clkDVIprescaler  {rise@0.000ns fall@20.000ns period=40.000ns})
  Destination:            vsync
                            (output port)
  Path Group:             (none)
  Path Type:              Min at Fast Process Corner
  Data Path Delay:        1.996ns  (logic 1.366ns (68.408%)  route 0.631ns (31.592%))
  Logic Levels:           1  (OBUF=1)
  Clock Uncertainty:      0.199ns  ((TSJ^2 + DJ^2)^1/2) / 2 + PE
    Total System Jitter     (TSJ):    0.050ns
    Discrete Jitter          (DJ):    0.182ns
    Phase Error              (PE):    0.104ns

    Location             Delay type                Incr(ns)  Path(ns)    Netlist Resource(s)
  -------------------------------------------------------------------    -------------------
                         (clock clk_25_clkDVIprescaler rise edge)
                                                      0.000     0.000 r  
    W5                                                0.000     0.000 r  clk100 (IN)
                         net (fo=0)                   0.000     0.000    prescaler_instance/inst/clk_100
    W5                   IBUF (Prop_ibuf_I_O)         0.226     0.226 r  prescaler_instance/inst/clkin1_ibufg/O
                         net (fo=1, routed)           0.440     0.667    prescaler_instance/inst/clk_100_clkDVIprescaler
    MMCME2_ADV_X1Y0      MMCME2_ADV (Prop_mmcme2_adv_CLKIN1_CLKOUT0)
                                                     -2.360    -1.693 r  prescaler_instance/inst/mmcm_adv_inst/CLKOUT0
                         net (fo=1, routed)           0.486    -1.207    prescaler_instance/inst/clk_25_clkDVIprescaler
    BUFGCTRL_X0Y0        BUFG (Prop_bufg_I_O)         0.026    -1.181 r  prescaler_instance/inst/clkout1_buf/O
                         net (fo=645, routed)         0.564    -0.617    dvi_driver_inst/clk_25
    SLICE_X10Y10         FDRE                                         r  dvi_driver_inst/vsync_internal_reg/C
  -------------------------------------------------------------------    -------------------
    SLICE_X10Y10         FDRE (Prop_fdre_C_Q)         0.164    -0.453 r  dvi_driver_inst/vsync_internal_reg/Q
                         net (fo=1, routed)           0.631     0.177    vsync_OBUF
    R18                  OBUF (Prop_obuf_I_O)         1.202     1.379 r  vsync_OBUF_inst/O
                         net (fo=0)                   0.000     1.379    vsync
    R18                                                               r  vsync (OUT)
  -------------------------------------------------------------------    -------------------

Slack:                    inf
  Source:                 dvi_driver_inst/DE_internal_reg/C
                            (rising edge-triggered cell FDRE clocked by clk_25_clkDVIprescaler  {rise@0.000ns fall@20.000ns period=40.000ns})
  Destination:            DE
                            (output port)
  Path Group:             (none)
  Path Type:              Min at Fast Process Corner
  Data Path Delay:        2.108ns  (logic 1.362ns (64.600%)  route 0.746ns (35.400%))
  Logic Levels:           1  (OBUF=1)
  Clock Uncertainty:      0.199ns  ((TSJ^2 + DJ^2)^1/2) / 2 + PE
    Total System Jitter     (TSJ):    0.050ns
    Discrete Jitter          (DJ):    0.182ns
    Phase Error              (PE):    0.104ns

    Location             Delay type                Incr(ns)  Path(ns)    Netlist Resource(s)
  -------------------------------------------------------------------    -------------------
                         (clock clk_25_clkDVIprescaler rise edge)
                                                      0.000     0.000 r  
    W5                                                0.000     0.000 r  clk100 (IN)
                         net (fo=0)                   0.000     0.000    prescaler_instance/inst/clk_100
    W5                   IBUF (Prop_ibuf_I_O)         0.226     0.226 r  prescaler_instance/inst/clkin1_ibufg/O
                         net (fo=1, routed)           0.440     0.667    prescaler_instance/inst/clk_100_clkDVIprescaler
    MMCME2_ADV_X1Y0      MMCME2_ADV (Prop_mmcme2_adv_CLKIN1_CLKOUT0)
                                                     -2.360    -1.693 r  prescaler_instance/inst/mmcm_adv_inst/CLKOUT0
                         net (fo=1, routed)           0.486    -1.207    prescaler_instance/inst/clk_25_clkDVIprescaler
    BUFGCTRL_X0Y0        BUFG (Prop_bufg_I_O)         0.026    -1.181 r  prescaler_instance/inst/clkout1_buf/O
                         net (fo=645, routed)         0.566    -0.615    dvi_driver_inst/clk_25
    SLICE_X10Y5          FDRE                                         r  dvi_driver_inst/DE_internal_reg/C
  -------------------------------------------------------------------    -------------------
    SLICE_X10Y5          FDRE (Prop_fdre_C_Q)         0.164    -0.451 r  dvi_driver_inst/DE_internal_reg/Q
                         net (fo=1, routed)           0.746     0.295    DE_OBUF
    P17                  OBUF (Prop_obuf_I_O)         1.198     1.493 r  DE_OBUF_inst/O
                         net (fo=0)                   0.000     1.493    DE
    P17                                                               r  DE (OUT)
  -------------------------------------------------------------------    -------------------

Slack:                    inf
  Source:                 pixel_gen_inst/rgb_out_reg[8]/C
                            (rising edge-triggered cell FDRE clocked by clk_25_clkDVIprescaler  {rise@0.000ns fall@20.000ns period=40.000ns})
  Destination:            rgb[8]
                            (output port)
  Path Group:             (none)
  Path Type:              Min at Fast Process Corner
  Data Path Delay:        2.205ns  (logic 1.380ns (62.578%)  route 0.825ns (37.422%))
  Logic Levels:           2  (LUT2=1 OBUF=1)
  Clock Uncertainty:      0.199ns  ((TSJ^2 + DJ^2)^1/2) / 2 + PE
    Total System Jitter     (TSJ):    0.050ns
    Discrete Jitter          (DJ):    0.182ns
    Phase Error              (PE):    0.104ns

    Location             Delay type                Incr(ns)  Path(ns)    Netlist Resource(s)
  -------------------------------------------------------------------    -------------------
                         (clock clk_25_clkDVIprescaler rise edge)
                                                      0.000     0.000 r  
    W5                                                0.000     0.000 r  clk100 (IN)
                         net (fo=0)                   0.000     0.000    prescaler_instance/inst/clk_100
    W5                   IBUF (Prop_ibuf_I_O)         0.226     0.226 r  prescaler_instance/inst/clkin1_ibufg/O
                         net (fo=1, routed)           0.440     0.667    prescaler_instance/inst/clk_100_clkDVIprescaler
    MMCME2_ADV_X1Y0      MMCME2_ADV (Prop_mmcme2_adv_CLKIN1_CLKOUT0)
                                                     -2.360    -1.693 r  prescaler_instance/inst/mmcm_adv_inst/CLKOUT0
                         net (fo=1, routed)           0.486    -1.207    prescaler_instance/inst/clk_25_clkDVIprescaler
    BUFGCTRL_X0Y0        BUFG (Prop_bufg_I_O)         0.026    -1.181 r  prescaler_instance/inst/clkout1_buf/O
                         net (fo=645, routed)         0.564    -0.617    pixel_gen_inst/clk_25
    SLICE_X9Y11          FDRE                                         r  pixel_gen_inst/rgb_out_reg[8]/C
  -------------------------------------------------------------------    -------------------
    SLICE_X9Y11          FDRE (Prop_fdre_C_Q)         0.141    -0.476 r  pixel_gen_inst/rgb_out_reg[8]/Q
                         net (fo=1, routed)           0.392    -0.085    pixel_gen_inst/rgb_out[8]
    SLICE_X0Y13          LUT2 (Prop_lut2_I1_O)        0.045    -0.040 r  pixel_gen_inst/rgb_OBUF[8]_inst_i_1/O
                         net (fo=1, routed)           0.433     0.394    rgb_OBUF[8]
    N17                  OBUF (Prop_obuf_I_O)         1.194     1.587 r  rgb_OBUF[8]_inst/O
                         net (fo=0)                   0.000     1.587    rgb[8]
    N17                                                               r  rgb[8] (OUT)
  -------------------------------------------------------------------    -------------------

Slack:                    inf
  Source:                 pixel_gen_inst/rgb_out_reg[10]/C
                            (rising edge-triggered cell FDRE clocked by clk_25_clkDVIprescaler  {rise@0.000ns fall@20.000ns period=40.000ns})
  Destination:            rgb[10]
                            (output port)
  Path Group:             (none)
  Path Type:              Min at Fast Process Corner
  Data Path Delay:        2.314ns  (logic 1.418ns (61.276%)  route 0.896ns (38.724%))
  Logic Levels:           2  (LUT2=1 OBUF=1)
  Clock Uncertainty:      0.199ns  ((TSJ^2 + DJ^2)^1/2) / 2 + PE
    Total System Jitter     (TSJ):    0.050ns
    Discrete Jitter          (DJ):    0.182ns
    Phase Error              (PE):    0.104ns

    Location             Delay type                Incr(ns)  Path(ns)    Netlist Resource(s)
  -------------------------------------------------------------------    -------------------
                         (clock clk_25_clkDVIprescaler rise edge)
                                                      0.000     0.000 r  
    W5                                                0.000     0.000 r  clk100 (IN)
                         net (fo=0)                   0.000     0.000    prescaler_instance/inst/clk_100
    W5                   IBUF (Prop_ibuf_I_O)         0.226     0.226 r  prescaler_instance/inst/clkin1_ibufg/O
                         net (fo=1, routed)           0.440     0.667    prescaler_instance/inst/clk_100_clkDVIprescaler
    MMCME2_ADV_X1Y0      MMCME2_ADV (Prop_mmcme2_adv_CLKIN1_CLKOUT0)
                                                     -2.360    -1.693 r  prescaler_instance/inst/mmcm_adv_inst/CLKOUT0
                         net (fo=1, routed)           0.486    -1.207    prescaler_instance/inst/clk_25_clkDVIprescaler
    BUFGCTRL_X0Y0        BUFG (Prop_bufg_I_O)         0.026    -1.181 r  prescaler_instance/inst/clkout1_buf/O
                         net (fo=645, routed)         0.564    -0.617    pixel_gen_inst/clk_25
    SLICE_X9Y10          FDRE                                         r  pixel_gen_inst/rgb_out_reg[10]/C
  -------------------------------------------------------------------    -------------------
    SLICE_X9Y10          FDRE (Prop_fdre_C_Q)         0.141    -0.476 r  pixel_gen_inst/rgb_out_reg[10]/Q
                         net (fo=1, routed)           0.271    -0.206    pixel_gen_inst/rgb_out[10]
    SLICE_X5Y11          LUT2 (Prop_lut2_I1_O)        0.045    -0.161 r  pixel_gen_inst/rgb_OBUF[10]_inst_i_1/O
                         net (fo=1, routed)           0.625     0.465    rgb_OBUF[10]
    L17                  OBUF (Prop_obuf_I_O)         1.232     1.696 r  rgb_OBUF[10]_inst/O
                         net (fo=0)                   0.000     1.696    rgb[10]
    L17                                                               r  rgb[10] (OUT)
  -------------------------------------------------------------------    -------------------

Slack:                    inf
  Source:                 pixel_gen_inst/rgb_out_reg[11]/C
                            (rising edge-triggered cell FDRE clocked by clk_25_clkDVIprescaler  {rise@0.000ns fall@20.000ns period=40.000ns})
  Destination:            rgb[11]
                            (output port)
  Path Group:             (none)
  Path Type:              Min at Fast Process Corner
  Data Path Delay:        2.404ns  (logic 1.487ns (61.848%)  route 0.917ns (38.152%))
  Logic Levels:           2  (LUT2=1 OBUF=1)
  Clock Uncertainty:      0.199ns  ((TSJ^2 + DJ^2)^1/2) / 2 + PE
    Total System Jitter     (TSJ):    0.050ns
    Discrete Jitter          (DJ):    0.182ns
    Phase Error              (PE):    0.104ns

    Location             Delay type                Incr(ns)  Path(ns)    Netlist Resource(s)
  -------------------------------------------------------------------    -------------------
                         (clock clk_25_clkDVIprescaler rise edge)
                                                      0.000     0.000 r  
    W5                                                0.000     0.000 r  clk100 (IN)
                         net (fo=0)                   0.000     0.000    prescaler_instance/inst/clk_100
    W5                   IBUF (Prop_ibuf_I_O)         0.226     0.226 r  prescaler_instance/inst/clkin1_ibufg/O
                         net (fo=1, routed)           0.440     0.667    prescaler_instance/inst/clk_100_clkDVIprescaler
    MMCME2_ADV_X1Y0      MMCME2_ADV (Prop_mmcme2_adv_CLKIN1_CLKOUT0)
                                                     -2.360    -1.693 r  prescaler_instance/inst/mmcm_adv_inst/CLKOUT0
                         net (fo=1, routed)           0.486    -1.207    prescaler_instance/inst/clk_25_clkDVIprescaler
    BUFGCTRL_X0Y0        BUFG (Prop_bufg_I_O)         0.026    -1.181 r  prescaler_instance/inst/clkout1_buf/O
                         net (fo=645, routed)         0.564    -0.617    pixel_gen_inst/clk_25
    SLICE_X9Y11          FDRE                                         r  pixel_gen_inst/rgb_out_reg[11]/C
  -------------------------------------------------------------------    -------------------
    SLICE_X9Y11          FDRE (Prop_fdre_C_Q)         0.141    -0.476 r  pixel_gen_inst/rgb_out_reg[11]/Q
                         net (fo=1, routed)           0.324    -0.152    pixel_gen_inst/rgb_out[11]
    SLICE_X5Y11          LUT2 (Prop_lut2_I1_O)        0.046    -0.106 r  pixel_gen_inst/rgb_OBUF[11]_inst_i_1/O
                         net (fo=1, routed)           0.593     0.487    rgb_OBUF[11]
    K17                  OBUF (Prop_obuf_I_O)         1.300     1.786 r  rgb_OBUF[11]_inst/O
                         net (fo=0)                   0.000     1.786    rgb[11]
    K17                                                               r  rgb[11] (OUT)
  -------------------------------------------------------------------    -------------------

Slack:                    inf
  Source:                 pixel_gen_inst/rgb_out_reg[9]/C
                            (rising edge-triggered cell FDRE clocked by clk_25_clkDVIprescaler  {rise@0.000ns fall@20.000ns period=40.000ns})
  Destination:            rgb[9]
                            (output port)
  Path Group:             (none)
  Path Type:              Min at Fast Process Corner
  Data Path Delay:        2.534ns  (logic 1.471ns (58.042%)  route 1.063ns (41.958%))
  Logic Levels:           2  (LUT2=1 OBUF=1)
  Clock Uncertainty:      0.199ns  ((TSJ^2 + DJ^2)^1/2) / 2 + PE
    Total System Jitter     (TSJ):    0.050ns
    Discrete Jitter          (DJ):    0.182ns
    Phase Error              (PE):    0.104ns

    Location             Delay type                Incr(ns)  Path(ns)    Netlist Resource(s)
  -------------------------------------------------------------------    -------------------
                         (clock clk_25_clkDVIprescaler rise edge)
                                                      0.000     0.000 r  
    W5                                                0.000     0.000 r  clk100 (IN)
                         net (fo=0)                   0.000     0.000    prescaler_instance/inst/clk_100
    W5                   IBUF (Prop_ibuf_I_O)         0.226     0.226 r  prescaler_instance/inst/clkin1_ibufg/O
                         net (fo=1, routed)           0.440     0.667    prescaler_instance/inst/clk_100_clkDVIprescaler
    MMCME2_ADV_X1Y0      MMCME2_ADV (Prop_mmcme2_adv_CLKIN1_CLKOUT0)
                                                     -2.360    -1.693 r  prescaler_instance/inst/mmcm_adv_inst/CLKOUT0
                         net (fo=1, routed)           0.486    -1.207    prescaler_instance/inst/clk_25_clkDVIprescaler
    BUFGCTRL_X0Y0        BUFG (Prop_bufg_I_O)         0.026    -1.181 r  prescaler_instance/inst/clkout1_buf/O
                         net (fo=645, routed)         0.564    -0.617    pixel_gen_inst/clk_25
    SLICE_X9Y11          FDRE                                         r  pixel_gen_inst/rgb_out_reg[9]/C
  -------------------------------------------------------------------    -------------------
    SLICE_X9Y11          FDRE (Prop_fdre_C_Q)         0.141    -0.476 r  pixel_gen_inst/rgb_out_reg[9]/Q
                         net (fo=1, routed)           0.479     0.002    pixel_gen_inst/rgb_out[9]
    SLICE_X0Y13          LUT2 (Prop_lut2_I1_O)        0.043     0.045 r  pixel_gen_inst/rgb_OBUF[9]_inst_i_1/O
                         net (fo=1, routed)           0.585     0.630    rgb_OBUF[9]
    M19                  OBUF (Prop_obuf_I_O)         1.287     1.917 r  rgb_OBUF[9]_inst/O
                         net (fo=0)                   0.000     1.917    rgb[9]
    M19                                                               r  rgb[9] (OUT)
  -------------------------------------------------------------------    -------------------

Slack:                    inf
  Source:                 pixel_gen_inst/rgb_out_reg[6]/C
                            (rising edge-triggered cell FDRE clocked by clk_25_clkDVIprescaler  {rise@0.000ns fall@20.000ns period=40.000ns})
  Destination:            rgb[6]
                            (output port)
  Path Group:             (none)
  Path Type:              Min at Fast Process Corner
  Data Path Delay:        3.095ns  (logic 1.392ns (44.970%)  route 1.703ns (55.030%))
  Logic Levels:           2  (LUT2=1 OBUF=1)
  Clock Uncertainty:      0.199ns  ((TSJ^2 + DJ^2)^1/2) / 2 + PE
    Total System Jitter     (TSJ):    0.050ns
    Discrete Jitter          (DJ):    0.182ns
    Phase Error              (PE):    0.104ns

    Location             Delay type                Incr(ns)  Path(ns)    Netlist Resource(s)
  -------------------------------------------------------------------    -------------------
                         (clock clk_25_clkDVIprescaler rise edge)
                                                      0.000     0.000 r  
    W5                                                0.000     0.000 r  clk100 (IN)
                         net (fo=0)                   0.000     0.000    prescaler_instance/inst/clk_100
    W5                   IBUF (Prop_ibuf_I_O)         0.226     0.226 r  prescaler_instance/inst/clkin1_ibufg/O
                         net (fo=1, routed)           0.440     0.667    prescaler_instance/inst/clk_100_clkDVIprescaler
    MMCME2_ADV_X1Y0      MMCME2_ADV (Prop_mmcme2_adv_CLKIN1_CLKOUT0)
                                                     -2.360    -1.693 r  prescaler_instance/inst/mmcm_adv_inst/CLKOUT0
                         net (fo=1, routed)           0.486    -1.207    prescaler_instance/inst/clk_25_clkDVIprescaler
    BUFGCTRL_X0Y0        BUFG (Prop_bufg_I_O)         0.026    -1.181 r  prescaler_instance/inst/clkout1_buf/O
                         net (fo=645, routed)         0.564    -0.617    pixel_gen_inst/clk_25
    SLICE_X11Y10         FDRE                                         r  pixel_gen_inst/rgb_out_reg[6]/C
  -------------------------------------------------------------------    -------------------
    SLICE_X11Y10         FDRE (Prop_fdre_C_Q)         0.141    -0.476 r  pixel_gen_inst/rgb_out_reg[6]/Q
                         net (fo=1, routed)           0.435    -0.042    pixel_gen_inst/rgb_out[6]
    SLICE_X7Y13          LUT2 (Prop_lut2_I1_O)        0.045     0.003 r  pixel_gen_inst/rgb_OBUF[6]_inst_i_1/O
                         net (fo=1, routed)           1.269     1.272    rgb_OBUF[6]
    C15                  OBUF (Prop_obuf_I_O)         1.206     2.478 r  rgb_OBUF[6]_inst/O
                         net (fo=0)                   0.000     2.478    rgb[6]
    C15                                                               r  rgb[6] (OUT)
  -------------------------------------------------------------------    -------------------

Slack:                    inf
  Source:                 pixel_gen_inst/rgb_out_reg[3]/C
                            (rising edge-triggered cell FDRE clocked by clk_25_clkDVIprescaler  {rise@0.000ns fall@20.000ns period=40.000ns})
  Destination:            rgb[3]
                            (output port)
  Path Group:             (none)
  Path Type:              Min at Fast Process Corner
  Data Path Delay:        3.321ns  (logic 1.474ns (44.376%)  route 1.847ns (55.624%))
  Logic Levels:           2  (LUT2=1 OBUF=1)
  Clock Uncertainty:      0.199ns  ((TSJ^2 + DJ^2)^1/2) / 2 + PE
    Total System Jitter     (TSJ):    0.050ns
    Discrete Jitter          (DJ):    0.182ns
    Phase Error              (PE):    0.104ns

    Location             Delay type                Incr(ns)  Path(ns)    Netlist Resource(s)
  -------------------------------------------------------------------    -------------------
                         (clock clk_25_clkDVIprescaler rise edge)
                                                      0.000     0.000 r  
    W5                                                0.000     0.000 r  clk100 (IN)
                         net (fo=0)                   0.000     0.000    prescaler_instance/inst/clk_100
    W5                   IBUF (Prop_ibuf_I_O)         0.226     0.226 r  prescaler_instance/inst/clkin1_ibufg/O
                         net (fo=1, routed)           0.440     0.667    prescaler_instance/inst/clk_100_clkDVIprescaler
    MMCME2_ADV_X1Y0      MMCME2_ADV (Prop_mmcme2_adv_CLKIN1_CLKOUT0)
                                                     -2.360    -1.693 r  prescaler_instance/inst/mmcm_adv_inst/CLKOUT0
                         net (fo=1, routed)           0.486    -1.207    prescaler_instance/inst/clk_25_clkDVIprescaler
    BUFGCTRL_X0Y0        BUFG (Prop_bufg_I_O)         0.026    -1.181 r  prescaler_instance/inst/clkout1_buf/O
                         net (fo=645, routed)         0.564    -0.617    pixel_gen_inst/clk_25
    SLICE_X11Y10         FDRE                                         r  pixel_gen_inst/rgb_out_reg[3]/C
  -------------------------------------------------------------------    -------------------
    SLICE_X11Y10         FDRE (Prop_fdre_C_Q)         0.141    -0.476 r  pixel_gen_inst/rgb_out_reg[3]/Q
                         net (fo=1, routed)           0.284    -0.192    pixel_gen_inst/rgb_out[3]
    SLICE_X8Y11          LUT2 (Prop_lut2_I1_O)        0.044    -0.148 r  pixel_gen_inst/rgb_OBUF[3]_inst_i_1/O
                         net (fo=1, routed)           1.563     1.415    rgb_OBUF[3]
    A14                  OBUF (Prop_obuf_I_O)         1.289     2.704 r  rgb_OBUF[3]_inst/O
                         net (fo=0)                   0.000     2.704    rgb[3]
    A14                                                               r  rgb[3] (OUT)
  -------------------------------------------------------------------    -------------------





--------------------------------------------------------------------------------------
Path Group:  (none)
From Clock:  clkfbout_clkDVIprescaler
  To Clock:  

Max Delay             1 Endpoint
Min Delay             1 Endpoint
--------------------------------------------------------------------------------------


Max Delay Paths
--------------------------------------------------------------------------------------
Slack:                    inf
  Source:                 prescaler_instance/inst/mmcm_adv_inst/CLKFBOUT
                            (clock source 'clkfbout_clkDVIprescaler'  {rise@0.000ns fall@5.000ns period=10.000ns})
  Destination:            prescaler_instance/inst/mmcm_adv_inst/CLKFBIN
  Path Group:             (none)
  Path Type:              Max at Fast Process Corner
  Data Path Delay:        1.375ns  (logic 0.029ns (2.109%)  route 1.346ns (97.891%))
  Logic Levels:           1  (BUFG=1)
  Clock Uncertainty:      0.156ns  ((TSJ^2 + DJ^2)^1/2) / 2 + PE
    Total System Jitter     (TSJ):    0.050ns
    Discrete Jitter          (DJ):    0.090ns
    Phase Error              (PE):    0.104ns

    Location             Delay type                Incr(ns)  Path(ns)    Netlist Resource(s)
  -------------------------------------------------------------------    -------------------
                         (clock clkfbout_clkDVIprescaler fall edge)
                                                      5.000     5.000 f  
    W5                                                0.000     5.000 f  clk100 (IN)
                         net (fo=0)                   0.000     5.000    prescaler_instance/inst/clk_100
    W5                   IBUF (Prop_ibuf_I_O)         0.414     5.414 f  prescaler_instance/inst/clkin1_ibufg/O
                         net (fo=1, routed)           0.480     5.894    prescaler_instance/inst/clk_100_clkDVIprescaler
  -------------------------------------------------------------------    -------------------
    MMCME2_ADV_X1Y0      MMCME2_ADV (Prop_mmcme2_adv_CLKIN1_CLKFBOUT)
                                                     -3.142     2.752 f  prescaler_instance/inst/mmcm_adv_inst/CLKFBOUT
                         net (fo=1, routed)           0.530     3.282    prescaler_instance/inst/clkfbout_clkDVIprescaler
    BUFGCTRL_X0Y2        BUFG (Prop_bufg_I_O)         0.029     3.311 f  prescaler_instance/inst/clkf_buf/O
                         net (fo=1, routed)           0.817     4.127    prescaler_instance/inst/clkfbout_buf_clkDVIprescaler
    MMCME2_ADV_X1Y0      MMCME2_ADV                                   f  prescaler_instance/inst/mmcm_adv_inst/CLKFBIN
  -------------------------------------------------------------------    -------------------





Min Delay Paths
--------------------------------------------------------------------------------------
Slack:                    inf
  Source:                 prescaler_instance/inst/mmcm_adv_inst/CLKFBOUT
                            (clock source 'clkfbout_clkDVIprescaler'  {rise@0.000ns fall@5.000ns period=10.000ns})
  Destination:            prescaler_instance/inst/mmcm_adv_inst/CLKFBIN
  Path Group:             (none)
  Path Type:              Min at Slow Process Corner
  Data Path Delay:        3.129ns  (logic 0.091ns (2.908%)  route 3.038ns (97.092%))
  Logic Levels:           1  (BUFG=1)
  Clock Uncertainty:      0.156ns  ((TSJ^2 + DJ^2)^1/2) / 2 + PE
    Total System Jitter     (TSJ):    0.050ns
    Discrete Jitter          (DJ):    0.090ns
    Phase Error              (PE):    0.104ns

    Location             Delay type                Incr(ns)  Path(ns)    Netlist Resource(s)
  -------------------------------------------------------------------    -------------------
                         (clock clkfbout_clkDVIprescaler rise edge)
                                                      0.000     0.000 r  
    W5                                                0.000     0.000 r  clk100 (IN)
                         net (fo=0)                   0.000     0.000    prescaler_instance/inst/clk_100
    W5                   IBUF (Prop_ibuf_I_O)         1.388     1.388 r  prescaler_instance/inst/clkin1_ibufg/O
                         net (fo=1, routed)           1.162     2.550    prescaler_instance/inst/clk_100_clkDVIprescaler
  -------------------------------------------------------------------    -------------------
    MMCME2_ADV_X1Y0      MMCME2_ADV (Prop_mmcme2_adv_CLKIN1_CLKFBOUT)
                                                     -7.217    -4.668 r  prescaler_instance/inst/mmcm_adv_inst/CLKFBOUT
                         net (fo=1, routed)           1.581    -3.086    prescaler_instance/inst/clkfbout_clkDVIprescaler
    BUFGCTRL_X0Y2        BUFG (Prop_bufg_I_O)         0.091    -2.995 r  prescaler_instance/inst/clkf_buf/O
                         net (fo=1, routed)           1.457    -1.538    prescaler_instance/inst/clkfbout_buf_clkDVIprescaler
    MMCME2_ADV_X1Y0      MMCME2_ADV                                   r  prescaler_instance/inst/mmcm_adv_inst/CLKFBIN
  -------------------------------------------------------------------    -------------------





--------------------------------------------------------------------------------------
Path Group:  (none)
From Clock:  
  To Clock:  clk_25_clkDVIprescaler

Max Delay           277 Endpoints
Min Delay           277 Endpoints
--------------------------------------------------------------------------------------


Max Delay Paths
--------------------------------------------------------------------------------------
Slack:                    inf
  Source:                 pixel_gen_inst/DisplayRounds_inst/marker_position4/CLK
                            (rising edge-triggered cell DSP48E1)
  Destination:            pixel_gen_inst/rgb_out_reg[3]/D
                            (rising edge-triggered cell FDRE clocked by clk_25_clkDVIprescaler  {rise@0.000ns fall@20.000ns period=40.000ns})
  Path Group:             (none)
  Path Type:              Setup (Max at Slow Process Corner)
  Data Path Delay:        45.404ns  (logic 21.057ns (46.377%)  route 24.347ns (53.623%))
  Logic Levels:           49  (CARRY4=33 DSP48E1=1 LUT1=1 LUT2=3 LUT3=4 LUT4=3 LUT6=4)
  Clock Uncertainty:      0.199ns  ((TSJ^2 + DJ^2)^1/2) / 2 + PE
    Total System Jitter     (TSJ):    0.050ns
    Discrete Jitter          (DJ):    0.182ns
    Phase Error              (PE):    0.104ns

    Location             Delay type                Incr(ns)  Path(ns)    Netlist Resource(s)
  -------------------------------------------------------------------    -------------------
    DSP48_X0Y8           DSP48E1                      0.000     0.000 r  pixel_gen_inst/DisplayRounds_inst/marker_position4/CLK
    DSP48_X0Y8           DSP48E1 (Prop_dsp48e1_CLK_P[2])
                                                      5.368     5.368 f  pixel_gen_inst/DisplayRounds_inst/marker_position4/P[2]
                         net (fo=26, routed)          1.884     7.252    pixel_gen_inst/DisplayRounds_inst/marker_position4_n_103
    SLICE_X11Y17         LUT1 (Prop_lut1_I0_O)        0.124     7.376 r  pixel_gen_inst/DisplayRounds_inst/rgb_out[3]_i_414/O
                         net (fo=1, routed)           0.000     7.376    pixel_gen_inst/DisplayRounds_inst/p_0_out[2]
    SLICE_X11Y17         CARRY4 (Prop_carry4_S[1]_CO[3])
                                                      0.550     7.926 r  pixel_gen_inst/DisplayRounds_inst/rgb_out_reg[3]_i_340/CO[3]
                         net (fo=1, routed)           0.000     7.926    pixel_gen_inst/DisplayRounds_inst/rgb_out_reg[3]_i_340_n_0
    SLICE_X11Y18         CARRY4 (Prop_carry4_CI_CO[3])
                                                      0.114     8.040 r  pixel_gen_inst/DisplayRounds_inst/rgb_out_reg[3]_i_327/CO[3]
                         net (fo=1, routed)           0.000     8.040    pixel_gen_inst/DisplayRounds_inst/rgb_out_reg[3]_i_327_n_0
    SLICE_X11Y19         CARRY4 (Prop_carry4_CI_CO[3])
                                                      0.114     8.154 r  pixel_gen_inst/DisplayRounds_inst/rgb_out_reg[3]_i_248/CO[3]
                         net (fo=1, routed)           0.000     8.154    pixel_gen_inst/DisplayRounds_inst/rgb_out_reg[3]_i_248_n_0
    SLICE_X11Y20         CARRY4 (Prop_carry4_CI_O[2])
                                                      0.239     8.393 r  pixel_gen_inst/DisplayRounds_inst/rgb_out_reg[3]_i_188/O[2]
                         net (fo=9, routed)           0.979     9.372    pixel_gen_inst/DisplayRounds_inst/marker_position4__0[15]
    SLICE_X14Y20         LUT3 (Prop_lut3_I0_O)        0.302     9.674 r  pixel_gen_inst/DisplayRounds_inst/rgb_out[3]_i_241/O
                         net (fo=17, routed)          2.128    11.802    pixel_gen_inst/DisplayRounds_inst/rgb_out[3]_i_241_n_0
    SLICE_X11Y28         LUT6 (Prop_lut6_I5_O)        0.124    11.926 r  pixel_gen_inst/DisplayRounds_inst/rgb_out[3]_i_273/O
                         net (fo=10, routed)          1.460    13.385    pixel_gen_inst/DisplayRounds_inst/rgb_out[3]_i_273_n_0
    SLICE_X15Y21         LUT6 (Prop_lut6_I0_O)        0.124    13.509 r  pixel_gen_inst/DisplayRounds_inst/rgb_out[3]_i_553/O
                         net (fo=1, routed)           0.000    13.509    pixel_gen_inst/DisplayRounds_inst/rgb_out[3]_i_553_n_0
    SLICE_X15Y21         CARRY4 (Prop_carry4_S[3]_CO[3])
                                                      0.401    13.910 r  pixel_gen_inst/DisplayRounds_inst/rgb_out_reg[3]_i_508/CO[3]
                         net (fo=1, routed)           0.000    13.910    pixel_gen_inst/DisplayRounds_inst/rgb_out_reg[3]_i_508_n_0
    SLICE_X15Y22         CARRY4 (Prop_carry4_CI_CO[3])
                                                      0.114    14.024 r  pixel_gen_inst/DisplayRounds_inst/rgb_out_reg[3]_i_473/CO[3]
                         net (fo=1, routed)           0.000    14.024    pixel_gen_inst/DisplayRounds_inst/rgb_out_reg[3]_i_473_n_0
    SLICE_X15Y23         CARRY4 (Prop_carry4_CI_O[0])
                                                      0.222    14.246 r  pixel_gen_inst/DisplayRounds_inst/rgb_out_reg[3]_i_431/O[0]
                         net (fo=2, routed)           0.581    14.827    pixel_gen_inst/DisplayRounds_inst/rgb_out_reg[3]_i_431_n_7
    SLICE_X13Y22         LUT3 (Prop_lut3_I1_O)        0.328    15.155 r  pixel_gen_inst/DisplayRounds_inst/rgb_out[3]_i_416/O
                         net (fo=2, routed)           1.328    16.484    pixel_gen_inst/DisplayRounds_inst/rgb_out[3]_i_416_n_0
    SLICE_X13Y22         LUT4 (Prop_lut4_I3_O)        0.327    16.811 r  pixel_gen_inst/DisplayRounds_inst/rgb_out[3]_i_420/O
                         net (fo=1, routed)           0.000    16.811    pixel_gen_inst/DisplayRounds_inst/rgb_out[3]_i_420_n_0
    SLICE_X13Y22         CARRY4 (Prop_carry4_S[3]_CO[3])
                                                      0.401    17.212 r  pixel_gen_inst/DisplayRounds_inst/rgb_out_reg[3]_i_341/CO[3]
                         net (fo=1, routed)           0.000    17.212    pixel_gen_inst/DisplayRounds_inst/rgb_out_reg[3]_i_341_n_0
    SLICE_X13Y23         CARRY4 (Prop_carry4_CI_CO[3])
                                                      0.114    17.326 r  pixel_gen_inst/DisplayRounds_inst/rgb_out_reg[3]_i_263/CO[3]
                         net (fo=1, routed)           0.000    17.326    pixel_gen_inst/DisplayRounds_inst/rgb_out_reg[3]_i_263_n_0
    SLICE_X13Y24         CARRY4 (Prop_carry4_CI_O[0])
                                                      0.223    17.549 r  pixel_gen_inst/DisplayRounds_inst/rgb_out_reg[3]_i_202/O[0]
                         net (fo=2, routed)           1.270    18.818    pixel_gen_inst/DisplayRounds_inst/rgb_out_reg[3]_i_202_n_7
    SLICE_X7Y22          LUT3 (Prop_lut3_I0_O)        0.299    19.117 r  pixel_gen_inst/DisplayRounds_inst/rgb_out[3]_i_192/O
                         net (fo=2, routed)           0.905    20.022    pixel_gen_inst/DisplayRounds_inst/rgb_out[3]_i_192_n_0
    SLICE_X9Y22          LUT4 (Prop_lut4_I3_O)        0.124    20.146 r  pixel_gen_inst/DisplayRounds_inst/rgb_out[3]_i_196/O
                         net (fo=1, routed)           0.000    20.146    pixel_gen_inst/DisplayRounds_inst/rgb_out[3]_i_196_n_0
    SLICE_X9Y22          CARRY4 (Prop_carry4_S[1]_CO[3])
                                                      0.550    20.696 r  pixel_gen_inst/DisplayRounds_inst/rgb_out_reg[3]_i_148/CO[3]
                         net (fo=1, routed)           0.000    20.696    pixel_gen_inst/DisplayRounds_inst/rgb_out_reg[3]_i_148_n_0
    SLICE_X9Y23          CARRY4 (Prop_carry4_CI_CO[3])
                                                      0.114    20.810 r  pixel_gen_inst/DisplayRounds_inst/rgb_out_reg[3]_i_112/CO[3]
                         net (fo=1, routed)           0.000    20.810    pixel_gen_inst/DisplayRounds_inst/rgb_out_reg[3]_i_112_n_0
    SLICE_X9Y24          CARRY4 (Prop_carry4_CI_CO[3])
                                                      0.114    20.924 r  pixel_gen_inst/DisplayRounds_inst/rgb_out_reg[3]_i_161/CO[3]
                         net (fo=1, routed)           0.009    20.933    pixel_gen_inst/DisplayRounds_inst/rgb_out_reg[3]_i_161_n_0
    SLICE_X9Y25          CARRY4 (Prop_carry4_CI_CO[3])
                                                      0.114    21.047 r  pixel_gen_inst/DisplayRounds_inst/rgb_out_reg[3]_i_158/CO[3]
                         net (fo=1, routed)           0.000    21.047    pixel_gen_inst/DisplayRounds_inst/rgb_out_reg[3]_i_158_n_0
    SLICE_X9Y26          CARRY4 (Prop_carry4_CI_O[1])
                                                      0.334    21.381 r  pixel_gen_inst/DisplayRounds_inst/rgb_out_reg[3]_i_130/O[1]
                         net (fo=6, routed)           1.347    22.728    pixel_gen_inst/DisplayRounds_inst/rgb_out_reg[3]_i_130_n_6
    SLICE_X8Y23          LUT2 (Prop_lut2_I1_O)        0.303    23.031 r  pixel_gen_inst/DisplayRounds_inst/rgb_out[3]_i_446/O
                         net (fo=1, routed)           0.000    23.031    pixel_gen_inst/DisplayRounds_inst/rgb_out[3]_i_446_n_0
    SLICE_X8Y23          CARRY4 (Prop_carry4_S[1]_CO[3])
                                                      0.533    23.564 r  pixel_gen_inst/DisplayRounds_inst/rgb_out_reg[3]_i_391/CO[3]
                         net (fo=1, routed)           0.000    23.564    pixel_gen_inst/DisplayRounds_inst/rgb_out_reg[3]_i_391_n_0
    SLICE_X8Y24          CARRY4 (Prop_carry4_CI_CO[3])
                                                      0.117    23.681 r  pixel_gen_inst/DisplayRounds_inst/rgb_out_reg[3]_i_311/CO[3]
                         net (fo=1, routed)           0.009    23.690    pixel_gen_inst/DisplayRounds_inst/rgb_out_reg[3]_i_311_n_0
    SLICE_X8Y25          CARRY4 (Prop_carry4_CI_CO[1])
                                                      0.157    23.847 r  pixel_gen_inst/DisplayRounds_inst/rgb_out_reg[3]_i_227/CO[1]
                         net (fo=12, routed)          1.245    25.092    pixel_gen_inst/DisplayRounds_inst/rgb_out_reg[3]_i_227_n_2
    SLICE_X7Y23          CARRY4 (Prop_carry4_CYINIT_CO[2])
                                                      0.800    25.892 r  pixel_gen_inst/DisplayRounds_inst/rgb_out_reg[3]_i_167/CO[2]
                         net (fo=4, routed)           0.490    26.383    pixel_gen_inst/DisplayRounds_inst/rgb_out_reg[3]_i_167_n_1
    SLICE_X5Y23          CARRY4 (Prop_carry4_CYINIT_CO[2])
                                                      0.781    27.164 r  pixel_gen_inst/DisplayRounds_inst/rgb_out_reg[3]_i_126/CO[2]
                         net (fo=24, routed)          1.464    28.628    pixel_gen_inst/DisplayRounds_inst/rgb_out_reg[3]_i_126_n_1
    SLICE_X10Y24         LUT4 (Prop_lut4_I3_O)        0.313    28.941 r  pixel_gen_inst/DisplayRounds_inst/rgb_out[3]_i_171/O
                         net (fo=1, routed)           0.000    28.941    pixel_gen_inst/DisplayRounds_inst/rgb_out[3]_i_171_n_0
    SLICE_X10Y24         CARRY4 (Prop_carry4_S[0]_CO[0])
                                                      0.364    29.305 r  pixel_gen_inst/DisplayRounds_inst/rgb_out_reg[3]_i_127/CO[0]
                         net (fo=23, routed)          1.335    30.640    pixel_gen_inst/DisplayRounds_inst/rgb_out_reg[3]_i_127_n_3
    SLICE_X5Y22          LUT6 (Prop_lut6_I1_O)        0.367    31.007 r  pixel_gen_inst/DisplayRounds_inst/rgb_out[3]_i_146/O
                         net (fo=1, routed)           0.714    31.721    pixel_gen_inst/DisplayRounds_inst/rgb_out[3]_i_146_n_0
    SLICE_X4Y22          CARRY4 (Prop_carry4_S[0]_CO[3])
                                                      0.656    32.377 r  pixel_gen_inst/DisplayRounds_inst/rgb_out_reg[3]_i_108/CO[3]
                         net (fo=1, routed)           0.000    32.377    pixel_gen_inst/DisplayRounds_inst/rgb_out_reg[3]_i_108_n_0
    SLICE_X4Y23          CARRY4 (Prop_carry4_CI_CO[3])
                                                      0.114    32.491 r  pixel_gen_inst/DisplayRounds_inst/rgb_out_reg[3]_i_162/CO[3]
                         net (fo=1, routed)           0.000    32.491    pixel_gen_inst/DisplayRounds_inst/rgb_out_reg[3]_i_162_n_0
    SLICE_X4Y24          CARRY4 (Prop_carry4_CI_CO[3])
                                                      0.114    32.605 r  pixel_gen_inst/DisplayRounds_inst/rgb_out_reg[3]_i_157/CO[3]
                         net (fo=1, routed)           0.009    32.614    pixel_gen_inst/DisplayRounds_inst/rgb_out_reg[3]_i_157_n_0
    SLICE_X4Y25          CARRY4 (Prop_carry4_CI_CO[3])
                                                      0.114    32.728 r  pixel_gen_inst/DisplayRounds_inst/rgb_out_reg[3]_i_129/CO[3]
                         net (fo=1, routed)           0.000    32.728    pixel_gen_inst/DisplayRounds_inst/rgb_out_reg[3]_i_129_n_0
    SLICE_X4Y26          CARRY4 (Prop_carry4_CI_CO[3])
                                                      0.114    32.842 r  pixel_gen_inst/DisplayRounds_inst/rgb_out_reg[3]_i_124/CO[3]
                         net (fo=1, routed)           0.000    32.842    pixel_gen_inst/DisplayRounds_inst/rgb_out_reg[3]_i_124_n_0
    SLICE_X4Y27          CARRY4 (Prop_carry4_CI_CO[0])
                                                      0.271    33.113 r  pixel_gen_inst/DisplayRounds_inst/rgb_out_reg[3]_i_123/CO[0]
                         net (fo=2, routed)           1.091    34.204    pixel_gen_inst/DisplayRounds_inst/rgb_out_reg[3]_i_123_n_3
    SLICE_X29Y27         CARRY4 (Prop_carry4_CYINIT_CO[2])
                                                      0.841    35.045 r  pixel_gen_inst/DisplayRounds_inst/rgb_out_reg[3]_i_105/CO[2]
                         net (fo=2, routed)           0.344    35.390    pixel_gen_inst/DisplayRounds_inst/rgb_out_reg[3]_i_105_n_1
    SLICE_X29Y28         CARRY4 (Prop_carry4_CYINIT_CO[2])
                                                      0.781    36.171 r  pixel_gen_inst/DisplayRounds_inst/rgb_out_reg[3]_i_104/CO[2]
                         net (fo=2, routed)           0.492    36.663    pixel_gen_inst/DisplayRounds_inst/rgb_out_reg[3]_i_104_n_1
    SLICE_X30Y28         CARRY4 (Prop_carry4_CYINIT_CO[2])
                                                      0.797    37.460 r  pixel_gen_inst/DisplayRounds_inst/rgb_out_reg[3]_i_103/CO[2]
                         net (fo=2, routed)           0.367    37.826    pixel_gen_inst/DisplayRounds_inst/rgb_out_reg[3]_i_103_n_1
    SLICE_X29Y29         CARRY4 (Prop_carry4_CYINIT_O[1])
                                                      0.784    38.610 r  pixel_gen_inst/DisplayRounds_inst/rgb_out_reg[3]_i_102/O[1]
                         net (fo=1, routed)           0.805    39.415    pixel_gen_inst/DisplayRounds_inst/marker_position2[28]
    SLICE_X28Y29         LUT2 (Prop_lut2_I1_O)        0.303    39.718 r  pixel_gen_inst/DisplayRounds_inst/rgb_out[3]_i_65/O
                         net (fo=1, routed)           0.000    39.718    pixel_gen_inst/DisplayRounds_inst/marker_position1[28]
    SLICE_X28Y29         CARRY4 (Prop_carry4_S[1]_O[3])
                                                      0.640    40.358 f  pixel_gen_inst/DisplayRounds_inst/rgb_out_reg[3]_i_39/O[3]
                         net (fo=2, routed)           1.673    42.031    pixel_gen_inst/DisplayRounds_inst/marker_position[30]
    SLICE_X5Y27          LUT2 (Prop_lut2_I0_O)        0.306    42.337 r  pixel_gen_inst/DisplayRounds_inst/rgb_out[3]_i_18/O
                         net (fo=1, routed)           0.000    42.337    pixel_gen_inst/DisplayRounds_inst/rgb_out[3]_i_18_n_0
    SLICE_X5Y27          CARRY4 (Prop_carry4_S[3]_CO[3])
                                                      0.401    42.738 r  pixel_gen_inst/DisplayRounds_inst/rgb_out_reg[3]_i_7/CO[3]
                         net (fo=1, routed)           1.762    44.500    pixel_gen_inst/DisplayCharacter_inst/CO[0]
    SLICE_X10Y10         LUT3 (Prop_lut3_I2_O)        0.124    44.624 f  pixel_gen_inst/DisplayCharacter_inst/rgb_out[3]_i_2/O
                         net (fo=1, routed)           0.656    45.280    pixel_gen_inst/DisplayBullet_inst/rgb_out_reg[3]
    SLICE_X11Y10         LUT6 (Prop_lut6_I0_O)        0.124    45.404 r  pixel_gen_inst/DisplayBullet_inst/rgb_out[3]_i_1/O
                         net (fo=1, routed)           0.000    45.404    pixel_gen_inst/DisplayBullet_inst_n_221
    SLICE_X11Y10         FDRE                                         r  pixel_gen_inst/rgb_out_reg[3]/D
  -------------------------------------------------------------------    -------------------

                         (clock clk_25_clkDVIprescaler rise edge)
                                                      0.000     0.000 r  
    W5                                                0.000     0.000 r  clk100 (IN)
                         net (fo=0)                   0.000     0.000    prescaler_instance/inst/clk_100
    W5                   IBUF (Prop_ibuf_I_O)         1.388     1.388 r  prescaler_instance/inst/clkin1_ibufg/O
                         net (fo=1, routed)           1.162     2.550    prescaler_instance/inst/clk_100_clkDVIprescaler
    MMCME2_ADV_X1Y0      MMCME2_ADV (Prop_mmcme2_adv_CLKIN1_CLKOUT0)
                                                     -7.217    -4.668 r  prescaler_instance/inst/mmcm_adv_inst/CLKOUT0
                         net (fo=1, routed)           1.581    -3.086    prescaler_instance/inst/clk_25_clkDVIprescaler
    BUFGCTRL_X0Y0        BUFG (Prop_bufg_I_O)         0.091    -2.995 r  prescaler_instance/inst/clkout1_buf/O
                         net (fo=645, routed)         1.449    -1.546    pixel_gen_inst/clk_25
    SLICE_X11Y10         FDRE                                         r  pixel_gen_inst/rgb_out_reg[3]/C

Slack:                    inf
  Source:                 Spi_instance/output_register_reg[200]/C
                            (rising edge-triggered cell FDRE)
  Destination:            pixel_gen_inst/DisplayBullet_inst/bullet_active_reg[4]/D
                            (rising edge-triggered cell FDRE clocked by clk_25_clkDVIprescaler  {rise@0.000ns fall@20.000ns period=40.000ns})
  Path Group:             (none)
  Path Type:              Setup (Max at Slow Process Corner)
  Data Path Delay:        4.529ns  (logic 0.890ns (19.651%)  route 3.639ns (80.349%))
  Logic Levels:           4  (FDRE=1 LUT5=1 LUT6=2)
  Clock Uncertainty:      0.199ns  ((TSJ^2 + DJ^2)^1/2) / 2 + PE
    Total System Jitter     (TSJ):    0.050ns
    Discrete Jitter          (DJ):    0.182ns
    Phase Error              (PE):    0.104ns

    Location             Delay type                Incr(ns)  Path(ns)    Netlist Resource(s)
  -------------------------------------------------------------------    -------------------
    SLICE_X2Y37          FDRE                         0.000     0.000 r  Spi_instance/output_register_reg[200]/C
    SLICE_X2Y37          FDRE (Prop_fdre_C_Q)         0.518     0.518 r  Spi_instance/output_register_reg[200]/Q
                         net (fo=2, routed)           1.547     2.065    pixel_gen_inst/DisplayBullet_inst/centers_y_reg[9][9]_0[92]
    SLICE_X2Y35          LUT6 (Prop_lut6_I0_O)        0.124     2.189 r  pixel_gen_inst/DisplayBullet_inst/bullet_active[4]_i_4/O
                         net (fo=1, routed)           0.670     2.859    pixel_gen_inst/DisplayBullet_inst/bullet_active[4]_i_4_n_0
    SLICE_X2Y35          LUT5 (Prop_lut5_I0_O)        0.124     2.983 r  pixel_gen_inst/DisplayBullet_inst/bullet_active[4]_i_3/O
                         net (fo=1, routed)           1.422     4.405    pixel_gen_inst/DisplayBullet_inst/bullet_active160_in
    SLICE_X5Y19          LUT6 (Prop_lut6_I5_O)        0.124     4.529 r  pixel_gen_inst/DisplayBullet_inst/bullet_active[4]_i_1/O
                         net (fo=1, routed)           0.000     4.529    pixel_gen_inst/DisplayBullet_inst/p_20_out[4]
    SLICE_X5Y19          FDRE                                         r  pixel_gen_inst/DisplayBullet_inst/bullet_active_reg[4]/D
  -------------------------------------------------------------------    -------------------

                         (clock clk_25_clkDVIprescaler rise edge)
                                                      0.000     0.000 r  
    W5                                                0.000     0.000 r  clk100 (IN)
                         net (fo=0)                   0.000     0.000    prescaler_instance/inst/clk_100
    W5                   IBUF (Prop_ibuf_I_O)         1.388     1.388 r  prescaler_instance/inst/clkin1_ibufg/O
                         net (fo=1, routed)           1.162     2.550    prescaler_instance/inst/clk_100_clkDVIprescaler
    MMCME2_ADV_X1Y0      MMCME2_ADV (Prop_mmcme2_adv_CLKIN1_CLKOUT0)
                                                     -7.217    -4.668 r  prescaler_instance/inst/mmcm_adv_inst/CLKOUT0
                         net (fo=1, routed)           1.581    -3.086    prescaler_instance/inst/clk_25_clkDVIprescaler
    BUFGCTRL_X0Y0        BUFG (Prop_bufg_I_O)         0.091    -2.995 r  prescaler_instance/inst/clkout1_buf/O
                         net (fo=645, routed)         1.506    -1.489    pixel_gen_inst/DisplayBullet_inst/clk_25
    SLICE_X5Y19          FDRE                                         r  pixel_gen_inst/DisplayBullet_inst/bullet_active_reg[4]/C

Slack:                    inf
  Source:                 Spi_instance/output_register_reg[169]/C
                            (rising edge-triggered cell FDRE)
  Destination:            pixel_gen_inst/DisplayBullet_inst/bullet_active_reg[3]/D
                            (rising edge-triggered cell FDRE clocked by clk_25_clkDVIprescaler  {rise@0.000ns fall@20.000ns period=40.000ns})
  Path Group:             (none)
  Path Type:              Setup (Max at Slow Process Corner)
  Data Path Delay:        3.777ns  (logic 0.828ns (21.925%)  route 2.949ns (78.075%))
  Logic Levels:           4  (FDRE=1 LUT5=1 LUT6=2)
  Clock Uncertainty:      0.199ns  ((TSJ^2 + DJ^2)^1/2) / 2 + PE
    Total System Jitter     (TSJ):    0.050ns
    Discrete Jitter          (DJ):    0.182ns
    Phase Error              (PE):    0.104ns

    Location             Delay type                Incr(ns)  Path(ns)    Netlist Resource(s)
  -------------------------------------------------------------------    -------------------
    SLICE_X3Y10          FDRE                         0.000     0.000 r  Spi_instance/output_register_reg[169]/C
    SLICE_X3Y10          FDRE (Prop_fdre_C_Q)         0.456     0.456 r  Spi_instance/output_register_reg[169]/Q
                         net (fo=2, routed)           1.151     1.607    pixel_gen_inst/DisplayBullet_inst/centers_y_reg[9][9]_0[72]
    SLICE_X0Y9           LUT6 (Prop_lut6_I1_O)        0.124     1.731 r  pixel_gen_inst/DisplayBullet_inst/bullet_active[3]_i_4/O
                         net (fo=1, routed)           0.782     2.513    pixel_gen_inst/DisplayBullet_inst/bullet_active[3]_i_4_n_0
    SLICE_X1Y8           LUT5 (Prop_lut5_I0_O)        0.124     2.637 r  pixel_gen_inst/DisplayBullet_inst/bullet_active[3]_i_3/O
                         net (fo=1, routed)           1.015     3.653    pixel_gen_inst/DisplayBullet_inst/bullet_active157_in
    SLICE_X3Y13          LUT6 (Prop_lut6_I5_O)        0.124     3.777 r  pixel_gen_inst/DisplayBullet_inst/bullet_active[3]_i_1/O
                         net (fo=1, routed)           0.000     3.777    pixel_gen_inst/DisplayBullet_inst/p_20_out[3]
    SLICE_X3Y13          FDRE                                         r  pixel_gen_inst/DisplayBullet_inst/bullet_active_reg[3]/D
  -------------------------------------------------------------------    -------------------

                         (clock clk_25_clkDVIprescaler rise edge)
                                                      0.000     0.000 r  
    W5                                                0.000     0.000 r  clk100 (IN)
                         net (fo=0)                   0.000     0.000    prescaler_instance/inst/clk_100
    W5                   IBUF (Prop_ibuf_I_O)         1.388     1.388 r  prescaler_instance/inst/clkin1_ibufg/O
                         net (fo=1, routed)           1.162     2.550    prescaler_instance/inst/clk_100_clkDVIprescaler
    MMCME2_ADV_X1Y0      MMCME2_ADV (Prop_mmcme2_adv_CLKIN1_CLKOUT0)
                                                     -7.217    -4.668 r  prescaler_instance/inst/mmcm_adv_inst/CLKOUT0
                         net (fo=1, routed)           1.581    -3.086    prescaler_instance/inst/clk_25_clkDVIprescaler
    BUFGCTRL_X0Y0        BUFG (Prop_bufg_I_O)         0.091    -2.995 r  prescaler_instance/inst/clkout1_buf/O
                         net (fo=645, routed)         1.514    -1.481    pixel_gen_inst/DisplayBullet_inst/clk_25
    SLICE_X3Y13          FDRE                                         r  pixel_gen_inst/DisplayBullet_inst/bullet_active_reg[3]/C

Slack:                    inf
  Source:                 Spi_instance/output_register_reg[97]/C
                            (rising edge-triggered cell FDRE)
  Destination:            pixel_gen_inst/DisplayBullet_inst/bullet_active_reg[1]/D
                            (rising edge-triggered cell FDRE clocked by clk_25_clkDVIprescaler  {rise@0.000ns fall@20.000ns period=40.000ns})
  Path Group:             (none)
  Path Type:              Setup (Max at Slow Process Corner)
  Data Path Delay:        3.721ns  (logic 0.828ns (22.253%)  route 2.893ns (77.747%))
  Logic Levels:           4  (FDRE=1 LUT5=1 LUT6=2)
  Clock Uncertainty:      0.199ns  ((TSJ^2 + DJ^2)^1/2) / 2 + PE
    Total System Jitter     (TSJ):    0.050ns
    Discrete Jitter          (DJ):    0.182ns
    Phase Error              (PE):    0.104ns

    Location             Delay type                Incr(ns)  Path(ns)    Netlist Resource(s)
  -------------------------------------------------------------------    -------------------
    SLICE_X7Y5           FDRE                         0.000     0.000 r  Spi_instance/output_register_reg[97]/C
    SLICE_X7Y5           FDRE (Prop_fdre_C_Q)         0.456     0.456 r  Spi_instance/output_register_reg[97]/Q
                         net (fo=2, routed)           1.083     1.539    pixel_gen_inst/DisplayBullet_inst/centers_y_reg[9][9]_0[22]
    SLICE_X0Y4           LUT6 (Prop_lut6_I5_O)        0.124     1.663 r  pixel_gen_inst/DisplayBullet_inst/bullet_active[1]_i_4/O
                         net (fo=1, routed)           0.930     2.593    pixel_gen_inst/DisplayBullet_inst/bullet_active[1]_i_4_n_0
    SLICE_X3Y3           LUT5 (Prop_lut5_I0_O)        0.124     2.717 r  pixel_gen_inst/DisplayBullet_inst/bullet_active[1]_i_3/O
                         net (fo=1, routed)           0.879     3.597    pixel_gen_inst/DisplayBullet_inst/bullet_active151_in
    SLICE_X5Y6           LUT6 (Prop_lut6_I5_O)        0.124     3.721 r  pixel_gen_inst/DisplayBullet_inst/bullet_active[1]_i_1/O
                         net (fo=1, routed)           0.000     3.721    pixel_gen_inst/DisplayBullet_inst/p_20_out[1]
    SLICE_X5Y6           FDRE                                         r  pixel_gen_inst/DisplayBullet_inst/bullet_active_reg[1]/D
  -------------------------------------------------------------------    -------------------

                         (clock clk_25_clkDVIprescaler rise edge)
                                                      0.000     0.000 r  
    W5                                                0.000     0.000 r  clk100 (IN)
                         net (fo=0)                   0.000     0.000    prescaler_instance/inst/clk_100
    W5                   IBUF (Prop_ibuf_I_O)         1.388     1.388 r  prescaler_instance/inst/clkin1_ibufg/O
                         net (fo=1, routed)           1.162     2.550    prescaler_instance/inst/clk_100_clkDVIprescaler
    MMCME2_ADV_X1Y0      MMCME2_ADV (Prop_mmcme2_adv_CLKIN1_CLKOUT0)
                                                     -7.217    -4.668 r  prescaler_instance/inst/mmcm_adv_inst/CLKOUT0
                         net (fo=1, routed)           1.581    -3.086    prescaler_instance/inst/clk_25_clkDVIprescaler
    BUFGCTRL_X0Y0        BUFG (Prop_bufg_I_O)         0.091    -2.995 r  prescaler_instance/inst/clkout1_buf/O
                         net (fo=645, routed)         1.517    -1.478    pixel_gen_inst/DisplayBullet_inst/clk_25
    SLICE_X5Y6           FDRE                                         r  pixel_gen_inst/DisplayBullet_inst/bullet_active_reg[1]/C

Slack:                    inf
  Source:                 Spi_instance/output_register_reg[73]/C
                            (rising edge-triggered cell FDRE)
  Destination:            pixel_gen_inst/DisplayBullet_inst/bullet_active_reg[0]/D
                            (rising edge-triggered cell FDRE clocked by clk_25_clkDVIprescaler  {rise@0.000ns fall@20.000ns period=40.000ns})
  Path Group:             (none)
  Path Type:              Setup (Max at Slow Process Corner)
  Data Path Delay:        3.693ns  (logic 0.828ns (22.420%)  route 2.865ns (77.580%))
  Logic Levels:           4  (FDRE=1 LUT5=1 LUT6=2)
  Clock Uncertainty:      0.199ns  ((TSJ^2 + DJ^2)^1/2) / 2 + PE
    Total System Jitter     (TSJ):    0.050ns
    Discrete Jitter          (DJ):    0.182ns
    Phase Error              (PE):    0.104ns

    Location             Delay type                Incr(ns)  Path(ns)    Netlist Resource(s)
  -------------------------------------------------------------------    -------------------
    SLICE_X7Y8           FDRE                         0.000     0.000 r  Spi_instance/output_register_reg[73]/C
    SLICE_X7Y8           FDRE (Prop_fdre_C_Q)         0.456     0.456 r  Spi_instance/output_register_reg[73]/Q
                         net (fo=2, routed)           1.115     1.571    pixel_gen_inst/DisplayBullet_inst/centers_y_reg[9][9]_0[9]
    SLICE_X2Y7           LUT6 (Prop_lut6_I1_O)        0.124     1.695 r  pixel_gen_inst/DisplayBullet_inst/bullet_active[0]_i_4/O
                         net (fo=1, routed)           0.806     2.502    pixel_gen_inst/DisplayBullet_inst/bullet_active[0]_i_4_n_0
    SLICE_X3Y7           LUT5 (Prop_lut5_I0_O)        0.124     2.626 r  pixel_gen_inst/DisplayBullet_inst/bullet_active[0]_i_3/O
                         net (fo=1, routed)           0.943     3.569    pixel_gen_inst/DisplayBullet_inst/bullet_active149_in
    SLICE_X9Y7           LUT6 (Prop_lut6_I5_O)        0.124     3.693 r  pixel_gen_inst/DisplayBullet_inst/bullet_active[0]_i_1/O
                         net (fo=1, routed)           0.000     3.693    pixel_gen_inst/DisplayBullet_inst/p_20_out[0]
    SLICE_X9Y7           FDRE                                         r  pixel_gen_inst/DisplayBullet_inst/bullet_active_reg[0]/D
  -------------------------------------------------------------------    -------------------

                         (clock clk_25_clkDVIprescaler rise edge)
                                                      0.000     0.000 r  
    W5                                                0.000     0.000 r  clk100 (IN)
                         net (fo=0)                   0.000     0.000    prescaler_instance/inst/clk_100
    W5                   IBUF (Prop_ibuf_I_O)         1.388     1.388 r  prescaler_instance/inst/clkin1_ibufg/O
                         net (fo=1, routed)           1.162     2.550    prescaler_instance/inst/clk_100_clkDVIprescaler
    MMCME2_ADV_X1Y0      MMCME2_ADV (Prop_mmcme2_adv_CLKIN1_CLKOUT0)
                                                     -7.217    -4.668 r  prescaler_instance/inst/mmcm_adv_inst/CLKOUT0
                         net (fo=1, routed)           1.581    -3.086    prescaler_instance/inst/clk_25_clkDVIprescaler
    BUFGCTRL_X0Y0        BUFG (Prop_bufg_I_O)         0.091    -2.995 r  prescaler_instance/inst/clkout1_buf/O
                         net (fo=645, routed)         1.449    -1.546    pixel_gen_inst/DisplayBullet_inst/clk_25
    SLICE_X9Y7           FDRE                                         r  pixel_gen_inst/DisplayBullet_inst/bullet_active_reg[0]/C

Slack:                    inf
  Source:                 Spi_instance/output_register_reg[297]/C
                            (rising edge-triggered cell FDRE)
  Destination:            pixel_gen_inst/DisplayBullet_inst/bullet_active_reg[7]/D
                            (rising edge-triggered cell FDRE clocked by clk_25_clkDVIprescaler  {rise@0.000ns fall@20.000ns period=40.000ns})
  Path Group:             (none)
  Path Type:              Setup (Max at Slow Process Corner)
  Data Path Delay:        3.676ns  (logic 0.890ns (24.208%)  route 2.786ns (75.792%))
  Logic Levels:           4  (FDRE=1 LUT5=1 LUT6=2)
  Clock Uncertainty:      0.199ns  ((TSJ^2 + DJ^2)^1/2) / 2 + PE
    Total System Jitter     (TSJ):    0.050ns
    Discrete Jitter          (DJ):    0.182ns
    Phase Error              (PE):    0.104ns

    Location             Delay type                Incr(ns)  Path(ns)    Netlist Resource(s)
  -------------------------------------------------------------------    -------------------
    SLICE_X12Y19         FDRE                         0.000     0.000 r  Spi_instance/output_register_reg[297]/C
    SLICE_X12Y19         FDRE (Prop_fdre_C_Q)         0.518     0.518 r  Spi_instance/output_register_reg[297]/Q
                         net (fo=2, routed)           0.832     1.350    pixel_gen_inst/DisplayBullet_inst/centers_y_reg[9][9]_0[156]
    SLICE_X12Y18         LUT6 (Prop_lut6_I1_O)        0.124     1.474 r  pixel_gen_inst/DisplayBullet_inst/bullet_active[7]_i_4/O
                         net (fo=1, routed)           0.796     2.270    pixel_gen_inst/DisplayBullet_inst/bullet_active[7]_i_4_n_0
    SLICE_X13Y17         LUT5 (Prop_lut5_I0_O)        0.124     2.394 r  pixel_gen_inst/DisplayBullet_inst/bullet_active[7]_i_3/O
                         net (fo=1, routed)           1.158     3.552    pixel_gen_inst/DisplayBullet_inst/bullet_active169_in
    SLICE_X3Y24          LUT6 (Prop_lut6_I5_O)        0.124     3.676 r  pixel_gen_inst/DisplayBullet_inst/bullet_active[7]_i_1/O
                         net (fo=1, routed)           0.000     3.676    pixel_gen_inst/DisplayBullet_inst/p_20_out[7]
    SLICE_X3Y24          FDRE                                         r  pixel_gen_inst/DisplayBullet_inst/bullet_active_reg[7]/D
  -------------------------------------------------------------------    -------------------

                         (clock clk_25_clkDVIprescaler rise edge)
                                                      0.000     0.000 r  
    W5                                                0.000     0.000 r  clk100 (IN)
                         net (fo=0)                   0.000     0.000    prescaler_instance/inst/clk_100
    W5                   IBUF (Prop_ibuf_I_O)         1.388     1.388 r  prescaler_instance/inst/clkin1_ibufg/O
                         net (fo=1, routed)           1.162     2.550    prescaler_instance/inst/clk_100_clkDVIprescaler
    MMCME2_ADV_X1Y0      MMCME2_ADV (Prop_mmcme2_adv_CLKIN1_CLKOUT0)
                                                     -7.217    -4.668 r  prescaler_instance/inst/mmcm_adv_inst/CLKOUT0
                         net (fo=1, routed)           1.581    -3.086    prescaler_instance/inst/clk_25_clkDVIprescaler
    BUFGCTRL_X0Y0        BUFG (Prop_bufg_I_O)         0.091    -2.995 r  prescaler_instance/inst/clkout1_buf/O
                         net (fo=645, routed)         1.502    -1.493    pixel_gen_inst/DisplayBullet_inst/clk_25
    SLICE_X3Y24          FDRE                                         r  pixel_gen_inst/DisplayBullet_inst/bullet_active_reg[7]/C

Slack:                    inf
  Source:                 Spi_instance/output_register_reg[232]/C
                            (rising edge-triggered cell FDRE)
  Destination:            pixel_gen_inst/DisplayBullet_inst/bullet_active_reg[5]/D
                            (rising edge-triggered cell FDRE clocked by clk_25_clkDVIprescaler  {rise@0.000ns fall@20.000ns period=40.000ns})
  Path Group:             (none)
  Path Type:              Setup (Max at Slow Process Corner)
  Data Path Delay:        3.266ns  (logic 1.027ns (31.444%)  route 2.239ns (68.556%))
  Logic Levels:           4  (FDRE=1 LUT5=1 LUT6=2)
  Clock Uncertainty:      0.199ns  ((TSJ^2 + DJ^2)^1/2) / 2 + PE
    Total System Jitter     (TSJ):    0.050ns
    Discrete Jitter          (DJ):    0.182ns
    Phase Error              (PE):    0.104ns

    Location             Delay type                Incr(ns)  Path(ns)    Netlist Resource(s)
  -------------------------------------------------------------------    -------------------
    SLICE_X2Y37          FDRE                         0.000     0.000 r  Spi_instance/output_register_reg[232]/C
    SLICE_X2Y37          FDRE (Prop_fdre_C_Q)         0.478     0.478 r  Spi_instance/output_register_reg[232]/Q
                         net (fo=2, routed)           1.134     1.612    pixel_gen_inst/DisplayBullet_inst/centers_y_reg[9][9]_0[113]
    SLICE_X2Y35          LUT6 (Prop_lut6_I0_O)        0.301     1.913 r  pixel_gen_inst/DisplayBullet_inst/bullet_active[5]_i_4/O
                         net (fo=1, routed)           0.799     2.712    pixel_gen_inst/DisplayBullet_inst/bullet_active[5]_i_4_n_0
    SLICE_X1Y35          LUT5 (Prop_lut5_I0_O)        0.124     2.836 r  pixel_gen_inst/DisplayBullet_inst/bullet_active[5]_i_3/O
                         net (fo=1, routed)           0.306     3.142    pixel_gen_inst/DisplayBullet_inst/bullet_active163_in
    SLICE_X4Y35          LUT6 (Prop_lut6_I5_O)        0.124     3.266 r  pixel_gen_inst/DisplayBullet_inst/bullet_active[5]_i_1/O
                         net (fo=1, routed)           0.000     3.266    pixel_gen_inst/DisplayBullet_inst/p_20_out[5]
    SLICE_X4Y35          FDRE                                         r  pixel_gen_inst/DisplayBullet_inst/bullet_active_reg[5]/D
  -------------------------------------------------------------------    -------------------

                         (clock clk_25_clkDVIprescaler rise edge)
                                                      0.000     0.000 r  
    W5                                                0.000     0.000 r  clk100 (IN)
                         net (fo=0)                   0.000     0.000    prescaler_instance/inst/clk_100
    W5                   IBUF (Prop_ibuf_I_O)         1.388     1.388 r  prescaler_instance/inst/clkin1_ibufg/O
                         net (fo=1, routed)           1.162     2.550    prescaler_instance/inst/clk_100_clkDVIprescaler
    MMCME2_ADV_X1Y0      MMCME2_ADV (Prop_mmcme2_adv_CLKIN1_CLKOUT0)
                                                     -7.217    -4.668 r  prescaler_instance/inst/mmcm_adv_inst/CLKOUT0
                         net (fo=1, routed)           1.581    -3.086    prescaler_instance/inst/clk_25_clkDVIprescaler
    BUFGCTRL_X0Y0        BUFG (Prop_bufg_I_O)         0.091    -2.995 r  prescaler_instance/inst/clkout1_buf/O
                         net (fo=645, routed)         1.512    -1.483    pixel_gen_inst/DisplayBullet_inst/clk_25
    SLICE_X4Y35          FDRE                                         r  pixel_gen_inst/DisplayBullet_inst/bullet_active_reg[5]/C

Slack:                    inf
  Source:                 Spi_instance/output_register_reg[326]/C
                            (rising edge-triggered cell FDRE)
  Destination:            pixel_gen_inst/DisplayBullet_inst/bullet_active_reg[8]/D
                            (rising edge-triggered cell FDRE clocked by clk_25_clkDVIprescaler  {rise@0.000ns fall@20.000ns period=40.000ns})
  Path Group:             (none)
  Path Type:              Setup (Max at Slow Process Corner)
  Data Path Delay:        3.252ns  (logic 0.890ns (27.364%)  route 2.362ns (72.636%))
  Logic Levels:           4  (FDRE=1 LUT5=1 LUT6=2)
  Clock Uncertainty:      0.199ns  ((TSJ^2 + DJ^2)^1/2) / 2 + PE
    Total System Jitter     (TSJ):    0.050ns
    Discrete Jitter          (DJ):    0.182ns
    Phase Error              (PE):    0.104ns

    Location             Delay type                Incr(ns)  Path(ns)    Netlist Resource(s)
  -------------------------------------------------------------------    -------------------
    SLICE_X12Y33         FDRE                         0.000     0.000 r  Spi_instance/output_register_reg[326]/C
    SLICE_X12Y33         FDRE (Prop_fdre_C_Q)         0.518     0.518 r  Spi_instance/output_register_reg[326]/Q
                         net (fo=2, routed)           0.809     1.327    pixel_gen_inst/DisplayBullet_inst/centers_y_reg[9][9]_0[174]
    SLICE_X13Y32         LUT6 (Prop_lut6_I3_O)        0.124     1.451 r  pixel_gen_inst/DisplayBullet_inst/bullet_active[8]_i_4/O
                         net (fo=1, routed)           0.736     2.188    pixel_gen_inst/DisplayBullet_inst/bullet_active[8]_i_4_n_0
    SLICE_X14Y34         LUT5 (Prop_lut5_I0_O)        0.124     2.312 r  pixel_gen_inst/DisplayBullet_inst/bullet_active[8]_i_3/O
                         net (fo=1, routed)           0.817     3.128    pixel_gen_inst/DisplayBullet_inst/bullet_active172_in
    SLICE_X14Y32         LUT6 (Prop_lut6_I5_O)        0.124     3.252 r  pixel_gen_inst/DisplayBullet_inst/bullet_active[8]_i_1/O
                         net (fo=1, routed)           0.000     3.252    pixel_gen_inst/DisplayBullet_inst/p_20_out[8]
    SLICE_X14Y32         FDRE                                         r  pixel_gen_inst/DisplayBullet_inst/bullet_active_reg[8]/D
  -------------------------------------------------------------------    -------------------

                         (clock clk_25_clkDVIprescaler rise edge)
                                                      0.000     0.000 r  
    W5                                                0.000     0.000 r  clk100 (IN)
                         net (fo=0)                   0.000     0.000    prescaler_instance/inst/clk_100
    W5                   IBUF (Prop_ibuf_I_O)         1.388     1.388 r  prescaler_instance/inst/clkin1_ibufg/O
                         net (fo=1, routed)           1.162     2.550    prescaler_instance/inst/clk_100_clkDVIprescaler
    MMCME2_ADV_X1Y0      MMCME2_ADV (Prop_mmcme2_adv_CLKIN1_CLKOUT0)
                                                     -7.217    -4.668 r  prescaler_instance/inst/mmcm_adv_inst/CLKOUT0
                         net (fo=1, routed)           1.581    -3.086    prescaler_instance/inst/clk_25_clkDVIprescaler
    BUFGCTRL_X0Y0        BUFG (Prop_bufg_I_O)         0.091    -2.995 r  prescaler_instance/inst/clkout1_buf/O
                         net (fo=645, routed)         1.442    -1.553    pixel_gen_inst/DisplayBullet_inst/clk_25
    SLICE_X14Y32         FDRE                                         r  pixel_gen_inst/DisplayBullet_inst/bullet_active_reg[8]/C

Slack:                    inf
  Source:                 Spi_instance/output_register_reg[352]/C
                            (rising edge-triggered cell FDRE)
  Destination:            pixel_gen_inst/DisplayBullet_inst/bullet_active_reg[9]/D
                            (rising edge-triggered cell FDRE clocked by clk_25_clkDVIprescaler  {rise@0.000ns fall@20.000ns period=40.000ns})
  Path Group:             (none)
  Path Type:              Setup (Max at Slow Process Corner)
  Data Path Delay:        2.878ns  (logic 0.890ns (30.929%)  route 1.988ns (69.071%))
  Logic Levels:           4  (FDRE=1 LUT5=1 LUT6=2)
  Clock Uncertainty:      0.199ns  ((TSJ^2 + DJ^2)^1/2) / 2 + PE
    Total System Jitter     (TSJ):    0.050ns
    Discrete Jitter          (DJ):    0.182ns
    Phase Error              (PE):    0.104ns

    Location             Delay type                Incr(ns)  Path(ns)    Netlist Resource(s)
  -------------------------------------------------------------------    -------------------
    SLICE_X10Y29         FDRE                         0.000     0.000 r  Spi_instance/output_register_reg[352]/C
    SLICE_X10Y29         FDRE (Prop_fdre_C_Q)         0.518     0.518 r  Spi_instance/output_register_reg[352]/Q
                         net (fo=2, routed)           0.679     1.197    pixel_gen_inst/DisplayBullet_inst/centers_y_reg[9][9]_0[189]
    SLICE_X11Y29         LUT6 (Prop_lut6_I4_O)        0.124     1.321 r  pixel_gen_inst/DisplayBullet_inst/bullet_active[9]_i_4/O
                         net (fo=1, routed)           0.572     1.893    pixel_gen_inst/DisplayBullet_inst/bullet_active[9]_i_4_n_0
    SLICE_X11Y28         LUT5 (Prop_lut5_I0_O)        0.124     2.017 r  pixel_gen_inst/DisplayBullet_inst/bullet_active[9]_i_3/O
                         net (fo=1, routed)           0.736     2.754    pixel_gen_inst/DisplayBullet_inst/bullet_active175_in
    SLICE_X10Y32         LUT6 (Prop_lut6_I5_O)        0.124     2.878 r  pixel_gen_inst/DisplayBullet_inst/bullet_active[9]_i_1/O
                         net (fo=1, routed)           0.000     2.878    pixel_gen_inst/DisplayBullet_inst/p_20_out[9]
    SLICE_X10Y32         FDRE                                         r  pixel_gen_inst/DisplayBullet_inst/bullet_active_reg[9]/D
  -------------------------------------------------------------------    -------------------

                         (clock clk_25_clkDVIprescaler rise edge)
                                                      0.000     0.000 r  
    W5                                                0.000     0.000 r  clk100 (IN)
                         net (fo=0)                   0.000     0.000    prescaler_instance/inst/clk_100
    W5                   IBUF (Prop_ibuf_I_O)         1.388     1.388 r  prescaler_instance/inst/clkin1_ibufg/O
                         net (fo=1, routed)           1.162     2.550    prescaler_instance/inst/clk_100_clkDVIprescaler
    MMCME2_ADV_X1Y0      MMCME2_ADV (Prop_mmcme2_adv_CLKIN1_CLKOUT0)
                                                     -7.217    -4.668 r  prescaler_instance/inst/mmcm_adv_inst/CLKOUT0
                         net (fo=1, routed)           1.581    -3.086    prescaler_instance/inst/clk_25_clkDVIprescaler
    BUFGCTRL_X0Y0        BUFG (Prop_bufg_I_O)         0.091    -2.995 r  prescaler_instance/inst/clkout1_buf/O
                         net (fo=645, routed)         1.443    -1.552    pixel_gen_inst/DisplayBullet_inst/clk_25
    SLICE_X10Y32         FDRE                                         r  pixel_gen_inst/DisplayBullet_inst/bullet_active_reg[9]/C

Slack:                    inf
  Source:                 Spi_instance/output_register_reg[264]/C
                            (rising edge-triggered cell FDRE)
  Destination:            pixel_gen_inst/DisplayBullet_inst/bullet_active_reg[6]/D
                            (rising edge-triggered cell FDRE clocked by clk_25_clkDVIprescaler  {rise@0.000ns fall@20.000ns period=40.000ns})
  Path Group:             (none)
  Path Type:              Setup (Max at Slow Process Corner)
  Data Path Delay:        2.862ns  (logic 0.828ns (28.933%)  route 2.034ns (71.067%))
  Logic Levels:           4  (FDRE=1 LUT5=1 LUT6=2)
  Clock Uncertainty:      0.199ns  ((TSJ^2 + DJ^2)^1/2) / 2 + PE
    Total System Jitter     (TSJ):    0.050ns
    Discrete Jitter          (DJ):    0.182ns
    Phase Error              (PE):    0.104ns

    Location             Delay type                Incr(ns)  Path(ns)    Netlist Resource(s)
  -------------------------------------------------------------------    -------------------
    SLICE_X5Y31          FDRE                         0.000     0.000 r  Spi_instance/output_register_reg[264]/C
    SLICE_X5Y31          FDRE (Prop_fdre_C_Q)         0.456     0.456 r  Spi_instance/output_register_reg[264]/Q
                         net (fo=2, routed)           0.820     1.276    pixel_gen_inst/DisplayBullet_inst/centers_y_reg[9][9]_0[134]
    SLICE_X5Y30          LUT6 (Prop_lut6_I0_O)        0.124     1.400 r  pixel_gen_inst/DisplayBullet_inst/bullet_active[6]_i_4/O
                         net (fo=1, routed)           0.149     1.549    pixel_gen_inst/DisplayBullet_inst/bullet_active[6]_i_4_n_0
    SLICE_X5Y30          LUT5 (Prop_lut5_I0_O)        0.124     1.673 r  pixel_gen_inst/DisplayBullet_inst/bullet_active[6]_i_3/O
                         net (fo=1, routed)           1.065     2.738    pixel_gen_inst/DisplayBullet_inst/bullet_active166_in
    SLICE_X7Y35          LUT6 (Prop_lut6_I5_O)        0.124     2.862 r  pixel_gen_inst/DisplayBullet_inst/bullet_active[6]_i_1/O
                         net (fo=1, routed)           0.000     2.862    pixel_gen_inst/DisplayBullet_inst/p_20_out[6]
    SLICE_X7Y35          FDRE                                         r  pixel_gen_inst/DisplayBullet_inst/bullet_active_reg[6]/D
  -------------------------------------------------------------------    -------------------

                         (clock clk_25_clkDVIprescaler rise edge)
                                                      0.000     0.000 r  
    W5                                                0.000     0.000 r  clk100 (IN)
                         net (fo=0)                   0.000     0.000    prescaler_instance/inst/clk_100
    W5                   IBUF (Prop_ibuf_I_O)         1.388     1.388 r  prescaler_instance/inst/clkin1_ibufg/O
                         net (fo=1, routed)           1.162     2.550    prescaler_instance/inst/clk_100_clkDVIprescaler
    MMCME2_ADV_X1Y0      MMCME2_ADV (Prop_mmcme2_adv_CLKIN1_CLKOUT0)
                                                     -7.217    -4.668 r  prescaler_instance/inst/mmcm_adv_inst/CLKOUT0
                         net (fo=1, routed)           1.581    -3.086    prescaler_instance/inst/clk_25_clkDVIprescaler
    BUFGCTRL_X0Y0        BUFG (Prop_bufg_I_O)         0.091    -2.995 r  prescaler_instance/inst/clkout1_buf/O
                         net (fo=645, routed)         1.512    -1.483    pixel_gen_inst/DisplayBullet_inst/clk_25
    SLICE_X7Y35          FDRE                                         r  pixel_gen_inst/DisplayBullet_inst/bullet_active_reg[6]/C





Min Delay Paths
--------------------------------------------------------------------------------------
Slack:                    inf
  Source:                 Spi_instance/output_register_reg[138]/C
                            (rising edge-triggered cell FDRE)
  Destination:            pixel_gen_inst/DisplayBullet_inst/directions_reg[2]/D
                            (rising edge-triggered cell FDRE clocked by clk_25_clkDVIprescaler  {rise@0.000ns fall@20.000ns period=40.000ns})
  Path Group:             (none)
  Path Type:              Hold (Min at Fast Process Corner)
  Data Path Delay:        0.228ns  (logic 0.141ns (61.929%)  route 0.087ns (38.071%))
  Logic Levels:           1  (FDRE=1)
  Clock Uncertainty:      0.199ns  ((TSJ^2 + DJ^2)^1/2) / 2 + PE
    Total System Jitter     (TSJ):    0.050ns
    Discrete Jitter          (DJ):    0.182ns
    Phase Error              (PE):    0.104ns

    Location             Delay type                Incr(ns)  Path(ns)    Netlist Resource(s)
  -------------------------------------------------------------------    -------------------
    SLICE_X0Y12          FDRE                         0.000     0.000 r  Spi_instance/output_register_reg[138]/C
    SLICE_X0Y12          FDRE (Prop_fdre_C_Q)         0.141     0.141 r  Spi_instance/output_register_reg[138]/Q
                         net (fo=1, routed)           0.087     0.228    pixel_gen_inst/DisplayBullet_inst/centers_y_reg[9][9]_0[52]
    SLICE_X1Y12          FDRE                                         r  pixel_gen_inst/DisplayBullet_inst/directions_reg[2]/D
  -------------------------------------------------------------------    -------------------

                         (clock clk_25_clkDVIprescaler rise edge)
                                                      0.000     0.000 r  
    W5                                                0.000     0.000 r  clk100 (IN)
                         net (fo=0)                   0.000     0.000    prescaler_instance/inst/clk_100
    W5                   IBUF (Prop_ibuf_I_O)         0.414     0.414 r  prescaler_instance/inst/clkin1_ibufg/O
                         net (fo=1, routed)           0.480     0.894    prescaler_instance/inst/clk_100_clkDVIprescaler
    MMCME2_ADV_X1Y0      MMCME2_ADV (Prop_mmcme2_adv_CLKIN1_CLKOUT0)
                                                     -3.142    -2.248 r  prescaler_instance/inst/mmcm_adv_inst/CLKOUT0
                         net (fo=1, routed)           0.530    -1.718    prescaler_instance/inst/clk_25_clkDVIprescaler
    BUFGCTRL_X0Y0        BUFG (Prop_bufg_I_O)         0.029    -1.689 r  prescaler_instance/inst/clkout1_buf/O
                         net (fo=645, routed)         0.862    -0.828    pixel_gen_inst/DisplayBullet_inst/clk_25
    SLICE_X1Y12          FDRE                                         r  pixel_gen_inst/DisplayBullet_inst/directions_reg[2]/C

Slack:                    inf
  Source:                 Spi_instance/output_register_reg[1]/C
                            (rising edge-triggered cell FDRE)
  Destination:            pixel_gen_inst/DisplayCharacter_inst/ControlChar_inst/X_Out_reg[1]/D
                            (rising edge-triggered cell FDRE clocked by clk_25_clkDVIprescaler  {rise@0.000ns fall@20.000ns period=40.000ns})
  Path Group:             (none)
  Path Type:              Hold (Min at Fast Process Corner)
  Data Path Delay:        0.228ns  (logic 0.141ns (61.814%)  route 0.087ns (38.186%))
  Logic Levels:           1  (FDRE=1)
  Clock Uncertainty:      0.199ns  ((TSJ^2 + DJ^2)^1/2) / 2 + PE
    Total System Jitter     (TSJ):    0.050ns
    Discrete Jitter          (DJ):    0.182ns
    Phase Error              (PE):    0.104ns

    Location             Delay type                Incr(ns)  Path(ns)    Netlist Resource(s)
  -------------------------------------------------------------------    -------------------
    SLICE_X7Y1           FDRE                         0.000     0.000 r  Spi_instance/output_register_reg[1]/C
    SLICE_X7Y1           FDRE (Prop_fdre_C_Q)         0.141     0.141 r  Spi_instance/output_register_reg[1]/Q
                         net (fo=1, routed)           0.087     0.228    pixel_gen_inst/DisplayCharacter_inst/ControlChar_inst/Y_Out_reg[9]_1[1]
    SLICE_X6Y1           FDRE                                         r  pixel_gen_inst/DisplayCharacter_inst/ControlChar_inst/X_Out_reg[1]/D
  -------------------------------------------------------------------    -------------------

                         (clock clk_25_clkDVIprescaler rise edge)
                                                      0.000     0.000 r  
    W5                                                0.000     0.000 r  clk100 (IN)
                         net (fo=0)                   0.000     0.000    prescaler_instance/inst/clk_100
    W5                   IBUF (Prop_ibuf_I_O)         0.414     0.414 r  prescaler_instance/inst/clkin1_ibufg/O
                         net (fo=1, routed)           0.480     0.894    prescaler_instance/inst/clk_100_clkDVIprescaler
    MMCME2_ADV_X1Y0      MMCME2_ADV (Prop_mmcme2_adv_CLKIN1_CLKOUT0)
                                                     -3.142    -2.248 r  prescaler_instance/inst/mmcm_adv_inst/CLKOUT0
                         net (fo=1, routed)           0.530    -1.718    prescaler_instance/inst/clk_25_clkDVIprescaler
    BUFGCTRL_X0Y0        BUFG (Prop_bufg_I_O)         0.029    -1.689 r  prescaler_instance/inst/clkout1_buf/O
                         net (fo=645, routed)         0.865    -0.825    pixel_gen_inst/DisplayCharacter_inst/ControlChar_inst/clk_25
    SLICE_X6Y1           FDRE                                         r  pixel_gen_inst/DisplayCharacter_inst/ControlChar_inst/X_Out_reg[1]/C

Slack:                    inf
  Source:                 Spi_instance/output_register_reg[9]/C
                            (rising edge-triggered cell FDRE)
  Destination:            pixel_gen_inst/DisplayCharacter_inst/ControlChar_inst/X_Out_reg[9]/D
                            (rising edge-triggered cell FDRE clocked by clk_25_clkDVIprescaler  {rise@0.000ns fall@20.000ns period=40.000ns})
  Path Group:             (none)
  Path Type:              Hold (Min at Fast Process Corner)
  Data Path Delay:        0.232ns  (logic 0.128ns (55.231%)  route 0.104ns (44.769%))
  Logic Levels:           1  (FDRE=1)
  Clock Uncertainty:      0.199ns  ((TSJ^2 + DJ^2)^1/2) / 2 + PE
    Total System Jitter     (TSJ):    0.050ns
    Discrete Jitter          (DJ):    0.182ns
    Phase Error              (PE):    0.104ns

    Location             Delay type                Incr(ns)  Path(ns)    Netlist Resource(s)
  -------------------------------------------------------------------    -------------------
    SLICE_X3Y3           FDRE                         0.000     0.000 r  Spi_instance/output_register_reg[9]/C
    SLICE_X3Y3           FDRE (Prop_fdre_C_Q)         0.128     0.128 r  Spi_instance/output_register_reg[9]/Q
                         net (fo=1, routed)           0.104     0.232    pixel_gen_inst/DisplayCharacter_inst/ControlChar_inst/Y_Out_reg[9]_1[9]
    SLICE_X0Y3           FDRE                                         r  pixel_gen_inst/DisplayCharacter_inst/ControlChar_inst/X_Out_reg[9]/D
  -------------------------------------------------------------------    -------------------

                         (clock clk_25_clkDVIprescaler rise edge)
                                                      0.000     0.000 r  
    W5                                                0.000     0.000 r  clk100 (IN)
                         net (fo=0)                   0.000     0.000    prescaler_instance/inst/clk_100
    W5                   IBUF (Prop_ibuf_I_O)         0.414     0.414 r  prescaler_instance/inst/clkin1_ibufg/O
                         net (fo=1, routed)           0.480     0.894    prescaler_instance/inst/clk_100_clkDVIprescaler
    MMCME2_ADV_X1Y0      MMCME2_ADV (Prop_mmcme2_adv_CLKIN1_CLKOUT0)
                                                     -3.142    -2.248 r  prescaler_instance/inst/mmcm_adv_inst/CLKOUT0
                         net (fo=1, routed)           0.530    -1.718    prescaler_instance/inst/clk_25_clkDVIprescaler
    BUFGCTRL_X0Y0        BUFG (Prop_bufg_I_O)         0.029    -1.689 r  prescaler_instance/inst/clkout1_buf/O
                         net (fo=645, routed)         0.866    -0.824    pixel_gen_inst/DisplayCharacter_inst/ControlChar_inst/clk_25
    SLICE_X0Y3           FDRE                                         r  pixel_gen_inst/DisplayCharacter_inst/ControlChar_inst/X_Out_reg[9]/C

Slack:                    inf
  Source:                 Spi_instance/output_register_reg[160]/C
                            (rising edge-triggered cell FDRE)
  Destination:            pixel_gen_inst/DisplayBullet_inst/centers_x_reg[3][0]/D
                            (rising edge-triggered cell FDRE clocked by clk_25_clkDVIprescaler  {rise@0.000ns fall@20.000ns period=40.000ns})
  Path Group:             (none)
  Path Type:              Hold (Min at Fast Process Corner)
  Data Path Delay:        0.239ns  (logic 0.141ns (59.026%)  route 0.098ns (40.974%))
  Logic Levels:           1  (FDRE=1)
  Clock Uncertainty:      0.199ns  ((TSJ^2 + DJ^2)^1/2) / 2 + PE
    Total System Jitter     (TSJ):    0.050ns
    Discrete Jitter          (DJ):    0.182ns
    Phase Error              (PE):    0.104ns

    Location             Delay type                Incr(ns)  Path(ns)    Netlist Resource(s)
  -------------------------------------------------------------------    -------------------
    SLICE_X0Y11          FDRE                         0.000     0.000 r  Spi_instance/output_register_reg[160]/C
    SLICE_X0Y11          FDRE (Prop_fdre_C_Q)         0.141     0.141 r  Spi_instance/output_register_reg[160]/Q
                         net (fo=2, routed)           0.098     0.239    pixel_gen_inst/DisplayBullet_inst/centers_y_reg[9][9]_0[63]
    SLICE_X1Y11          FDRE                                         r  pixel_gen_inst/DisplayBullet_inst/centers_x_reg[3][0]/D
  -------------------------------------------------------------------    -------------------

                         (clock clk_25_clkDVIprescaler rise edge)
                                                      0.000     0.000 r  
    W5                                                0.000     0.000 r  clk100 (IN)
                         net (fo=0)                   0.000     0.000    prescaler_instance/inst/clk_100
    W5                   IBUF (Prop_ibuf_I_O)         0.414     0.414 r  prescaler_instance/inst/clkin1_ibufg/O
                         net (fo=1, routed)           0.480     0.894    prescaler_instance/inst/clk_100_clkDVIprescaler
    MMCME2_ADV_X1Y0      MMCME2_ADV (Prop_mmcme2_adv_CLKIN1_CLKOUT0)
                                                     -3.142    -2.248 r  prescaler_instance/inst/mmcm_adv_inst/CLKOUT0
                         net (fo=1, routed)           0.530    -1.718    prescaler_instance/inst/clk_25_clkDVIprescaler
    BUFGCTRL_X0Y0        BUFG (Prop_bufg_I_O)         0.029    -1.689 r  prescaler_instance/inst/clkout1_buf/O
                         net (fo=645, routed)         0.864    -0.826    pixel_gen_inst/DisplayBullet_inst/clk_25
    SLICE_X1Y11          FDRE                                         r  pixel_gen_inst/DisplayBullet_inst/centers_x_reg[3][0]/C

Slack:                    inf
  Source:                 Spi_instance/output_register_reg[39]/C
                            (rising edge-triggered cell FDRE)
  Destination:            pixel_gen_inst/DisplayCharacter_inst_Player2/ControlChar_inst/X_Out_reg[7]/D
                            (rising edge-triggered cell FDRE clocked by clk_25_clkDVIprescaler  {rise@0.000ns fall@20.000ns period=40.000ns})
  Path Group:             (none)
  Path Type:              Hold (Min at Fast Process Corner)
  Data Path Delay:        0.242ns  (logic 0.141ns (58.263%)  route 0.101ns (41.737%))
  Logic Levels:           1  (FDRE=1)
  Clock Uncertainty:      0.199ns  ((TSJ^2 + DJ^2)^1/2) / 2 + PE
    Total System Jitter     (TSJ):    0.050ns
    Discrete Jitter          (DJ):    0.182ns
    Phase Error              (PE):    0.104ns

    Location             Delay type                Incr(ns)  Path(ns)    Netlist Resource(s)
  -------------------------------------------------------------------    -------------------
    SLICE_X13Y4          FDRE                         0.000     0.000 r  Spi_instance/output_register_reg[39]/C
    SLICE_X13Y4          FDRE (Prop_fdre_C_Q)         0.141     0.141 r  Spi_instance/output_register_reg[39]/Q
                         net (fo=1, routed)           0.101     0.242    pixel_gen_inst/DisplayCharacter_inst_Player2/ControlChar_inst/Y_Out_reg[9]_1[7]
    SLICE_X14Y4          FDRE                                         r  pixel_gen_inst/DisplayCharacter_inst_Player2/ControlChar_inst/X_Out_reg[7]/D
  -------------------------------------------------------------------    -------------------

                         (clock clk_25_clkDVIprescaler rise edge)
                                                      0.000     0.000 r  
    W5                                                0.000     0.000 r  clk100 (IN)
                         net (fo=0)                   0.000     0.000    prescaler_instance/inst/clk_100
    W5                   IBUF (Prop_ibuf_I_O)         0.414     0.414 r  prescaler_instance/inst/clkin1_ibufg/O
                         net (fo=1, routed)           0.480     0.894    prescaler_instance/inst/clk_100_clkDVIprescaler
    MMCME2_ADV_X1Y0      MMCME2_ADV (Prop_mmcme2_adv_CLKIN1_CLKOUT0)
                                                     -3.142    -2.248 r  prescaler_instance/inst/mmcm_adv_inst/CLKOUT0
                         net (fo=1, routed)           0.530    -1.718    prescaler_instance/inst/clk_25_clkDVIprescaler
    BUFGCTRL_X0Y0        BUFG (Prop_bufg_I_O)         0.029    -1.689 r  prescaler_instance/inst/clkout1_buf/O
                         net (fo=645, routed)         0.836    -0.854    pixel_gen_inst/DisplayCharacter_inst_Player2/ControlChar_inst/clk_25
    SLICE_X14Y4          FDRE                                         r  pixel_gen_inst/DisplayCharacter_inst_Player2/ControlChar_inst/X_Out_reg[7]/C

Slack:                    inf
  Source:                 Spi_instance/output_register_reg[99]/C
                            (rising edge-triggered cell FDRE)
  Destination:            pixel_gen_inst/DisplayBullet_inst/centers_x_reg[1][3]/D
                            (rising edge-triggered cell FDRE clocked by clk_25_clkDVIprescaler  {rise@0.000ns fall@20.000ns period=40.000ns})
  Path Group:             (none)
  Path Type:              Hold (Min at Fast Process Corner)
  Data Path Delay:        0.246ns  (logic 0.128ns (52.027%)  route 0.118ns (47.973%))
  Logic Levels:           1  (FDRE=1)
  Clock Uncertainty:      0.199ns  ((TSJ^2 + DJ^2)^1/2) / 2 + PE
    Total System Jitter     (TSJ):    0.050ns
    Discrete Jitter          (DJ):    0.182ns
    Phase Error              (PE):    0.104ns

    Location             Delay type                Incr(ns)  Path(ns)    Netlist Resource(s)
  -------------------------------------------------------------------    -------------------
    SLICE_X3Y3           FDRE                         0.000     0.000 r  Spi_instance/output_register_reg[99]/C
    SLICE_X3Y3           FDRE (Prop_fdre_C_Q)         0.128     0.128 r  Spi_instance/output_register_reg[99]/Q
                         net (fo=2, routed)           0.118     0.246    pixel_gen_inst/DisplayBullet_inst/centers_y_reg[9][9]_0[24]
    SLICE_X0Y3           FDRE                                         r  pixel_gen_inst/DisplayBullet_inst/centers_x_reg[1][3]/D
  -------------------------------------------------------------------    -------------------

                         (clock clk_25_clkDVIprescaler rise edge)
                                                      0.000     0.000 r  
    W5                                                0.000     0.000 r  clk100 (IN)
                         net (fo=0)                   0.000     0.000    prescaler_instance/inst/clk_100
    W5                   IBUF (Prop_ibuf_I_O)         0.414     0.414 r  prescaler_instance/inst/clkin1_ibufg/O
                         net (fo=1, routed)           0.480     0.894    prescaler_instance/inst/clk_100_clkDVIprescaler
    MMCME2_ADV_X1Y0      MMCME2_ADV (Prop_mmcme2_adv_CLKIN1_CLKOUT0)
                                                     -3.142    -2.248 r  prescaler_instance/inst/mmcm_adv_inst/CLKOUT0
                         net (fo=1, routed)           0.530    -1.718    prescaler_instance/inst/clk_25_clkDVIprescaler
    BUFGCTRL_X0Y0        BUFG (Prop_bufg_I_O)         0.029    -1.689 r  prescaler_instance/inst/clkout1_buf/O
                         net (fo=645, routed)         0.866    -0.824    pixel_gen_inst/DisplayBullet_inst/clk_25
    SLICE_X0Y3           FDRE                                         r  pixel_gen_inst/DisplayBullet_inst/centers_x_reg[1][3]/C

Slack:                    inf
  Source:                 Spi_instance/output_register_reg[249]/C
                            (rising edge-triggered cell FDRE)
  Destination:            pixel_gen_inst/DisplayBullet_inst/centers_y_reg[5][9]/D
                            (rising edge-triggered cell FDRE clocked by clk_25_clkDVIprescaler  {rise@0.000ns fall@20.000ns period=40.000ns})
  Path Group:             (none)
  Path Type:              Hold (Min at Fast Process Corner)
  Data Path Delay:        0.247ns  (logic 0.128ns (51.828%)  route 0.119ns (48.172%))
  Logic Levels:           1  (FDRE=1)
  Clock Uncertainty:      0.199ns  ((TSJ^2 + DJ^2)^1/2) / 2 + PE
    Total System Jitter     (TSJ):    0.050ns
    Discrete Jitter          (DJ):    0.182ns
    Phase Error              (PE):    0.104ns

    Location             Delay type                Incr(ns)  Path(ns)    Netlist Resource(s)
  -------------------------------------------------------------------    -------------------
    SLICE_X4Y36          FDRE                         0.000     0.000 r  Spi_instance/output_register_reg[249]/C
    SLICE_X4Y36          FDRE (Prop_fdre_C_Q)         0.128     0.128 r  Spi_instance/output_register_reg[249]/Q
                         net (fo=2, routed)           0.119     0.247    pixel_gen_inst/DisplayBullet_inst/centers_y_reg[9][9]_0[125]
    SLICE_X4Y35          FDRE                                         r  pixel_gen_inst/DisplayBullet_inst/centers_y_reg[5][9]/D
  -------------------------------------------------------------------    -------------------

                         (clock clk_25_clkDVIprescaler rise edge)
                                                      0.000     0.000 r  
    W5                                                0.000     0.000 r  clk100 (IN)
                         net (fo=0)                   0.000     0.000    prescaler_instance/inst/clk_100
    W5                   IBUF (Prop_ibuf_I_O)         0.414     0.414 r  prescaler_instance/inst/clkin1_ibufg/O
                         net (fo=1, routed)           0.480     0.894    prescaler_instance/inst/clk_100_clkDVIprescaler
    MMCME2_ADV_X1Y0      MMCME2_ADV (Prop_mmcme2_adv_CLKIN1_CLKOUT0)
                                                     -3.142    -2.248 r  prescaler_instance/inst/mmcm_adv_inst/CLKOUT0
                         net (fo=1, routed)           0.530    -1.718    prescaler_instance/inst/clk_25_clkDVIprescaler
    BUFGCTRL_X0Y0        BUFG (Prop_bufg_I_O)         0.029    -1.689 r  prescaler_instance/inst/clkout1_buf/O
                         net (fo=645, routed)         0.859    -0.831    pixel_gen_inst/DisplayBullet_inst/clk_25
    SLICE_X4Y35          FDRE                                         r  pixel_gen_inst/DisplayBullet_inst/centers_y_reg[5][9]/C

Slack:                    inf
  Source:                 Spi_instance/output_register_reg[310]/C
                            (rising edge-triggered cell FDRE)
  Destination:            pixel_gen_inst/DisplayBullet_inst/centers_y_reg[7][6]/D
                            (rising edge-triggered cell FDRE clocked by clk_25_clkDVIprescaler  {rise@0.000ns fall@20.000ns period=40.000ns})
  Path Group:             (none)
  Path Type:              Hold (Min at Fast Process Corner)
  Data Path Delay:        0.249ns  (logic 0.141ns (56.522%)  route 0.108ns (43.478%))
  Logic Levels:           1  (FDRE=1)
  Clock Uncertainty:      0.199ns  ((TSJ^2 + DJ^2)^1/2) / 2 + PE
    Total System Jitter     (TSJ):    0.050ns
    Discrete Jitter          (DJ):    0.182ns
    Phase Error              (PE):    0.104ns

    Location             Delay type                Incr(ns)  Path(ns)    Netlist Resource(s)
  -------------------------------------------------------------------    -------------------
    SLICE_X1Y26          FDRE                         0.000     0.000 r  Spi_instance/output_register_reg[310]/C
    SLICE_X1Y26          FDRE (Prop_fdre_C_Q)         0.141     0.141 r  Spi_instance/output_register_reg[310]/Q
                         net (fo=2, routed)           0.108     0.249    pixel_gen_inst/DisplayBullet_inst/centers_y_reg[9][9]_0[164]
    SLICE_X2Y25          FDRE                                         r  pixel_gen_inst/DisplayBullet_inst/centers_y_reg[7][6]/D
  -------------------------------------------------------------------    -------------------

                         (clock clk_25_clkDVIprescaler rise edge)
                                                      0.000     0.000 r  
    W5                                                0.000     0.000 r  clk100 (IN)
                         net (fo=0)                   0.000     0.000    prescaler_instance/inst/clk_100
    W5                   IBUF (Prop_ibuf_I_O)         0.414     0.414 r  prescaler_instance/inst/clkin1_ibufg/O
                         net (fo=1, routed)           0.480     0.894    prescaler_instance/inst/clk_100_clkDVIprescaler
    MMCME2_ADV_X1Y0      MMCME2_ADV (Prop_mmcme2_adv_CLKIN1_CLKOUT0)
                                                     -3.142    -2.248 r  prescaler_instance/inst/mmcm_adv_inst/CLKOUT0
                         net (fo=1, routed)           0.530    -1.718    prescaler_instance/inst/clk_25_clkDVIprescaler
    BUFGCTRL_X0Y0        BUFG (Prop_bufg_I_O)         0.029    -1.689 r  prescaler_instance/inst/clkout1_buf/O
                         net (fo=645, routed)         0.850    -0.840    pixel_gen_inst/DisplayBullet_inst/clk_25
    SLICE_X2Y25          FDRE                                         r  pixel_gen_inst/DisplayBullet_inst/centers_y_reg[7][6]/C

Slack:                    inf
  Source:                 Spi_instance/output_register_reg[311]/C
                            (rising edge-triggered cell FDRE)
  Destination:            pixel_gen_inst/DisplayBullet_inst/centers_y_reg[7][7]/D
                            (rising edge-triggered cell FDRE clocked by clk_25_clkDVIprescaler  {rise@0.000ns fall@20.000ns period=40.000ns})
  Path Group:             (none)
  Path Type:              Hold (Min at Fast Process Corner)
  Data Path Delay:        0.249ns  (logic 0.141ns (56.522%)  route 0.108ns (43.478%))
  Logic Levels:           1  (FDRE=1)
  Clock Uncertainty:      0.199ns  ((TSJ^2 + DJ^2)^1/2) / 2 + PE
    Total System Jitter     (TSJ):    0.050ns
    Discrete Jitter          (DJ):    0.182ns
    Phase Error              (PE):    0.104ns

    Location             Delay type                Incr(ns)  Path(ns)    Netlist Resource(s)
  -------------------------------------------------------------------    -------------------
    SLICE_X1Y26          FDRE                         0.000     0.000 r  Spi_instance/output_register_reg[311]/C
    SLICE_X1Y26          FDRE (Prop_fdre_C_Q)         0.141     0.141 r  Spi_instance/output_register_reg[311]/Q
                         net (fo=2, routed)           0.108     0.249    pixel_gen_inst/DisplayBullet_inst/centers_y_reg[9][9]_0[165]
    SLICE_X2Y25          FDRE                                         r  pixel_gen_inst/DisplayBullet_inst/centers_y_reg[7][7]/D
  -------------------------------------------------------------------    -------------------

                         (clock clk_25_clkDVIprescaler rise edge)
                                                      0.000     0.000 r  
    W5                                                0.000     0.000 r  clk100 (IN)
                         net (fo=0)                   0.000     0.000    prescaler_instance/inst/clk_100
    W5                   IBUF (Prop_ibuf_I_O)         0.414     0.414 r  prescaler_instance/inst/clkin1_ibufg/O
                         net (fo=1, routed)           0.480     0.894    prescaler_instance/inst/clk_100_clkDVIprescaler
    MMCME2_ADV_X1Y0      MMCME2_ADV (Prop_mmcme2_adv_CLKIN1_CLKOUT0)
                                                     -3.142    -2.248 r  prescaler_instance/inst/mmcm_adv_inst/CLKOUT0
                         net (fo=1, routed)           0.530    -1.718    prescaler_instance/inst/clk_25_clkDVIprescaler
    BUFGCTRL_X0Y0        BUFG (Prop_bufg_I_O)         0.029    -1.689 r  prescaler_instance/inst/clkout1_buf/O
                         net (fo=645, routed)         0.850    -0.840    pixel_gen_inst/DisplayBullet_inst/clk_25
    SLICE_X2Y25          FDRE                                         r  pixel_gen_inst/DisplayBullet_inst/centers_y_reg[7][7]/C

Slack:                    inf
  Source:                 Spi_instance/output_register_reg[312]/C
                            (rising edge-triggered cell FDRE)
  Destination:            pixel_gen_inst/DisplayBullet_inst/centers_y_reg[7][8]/D
                            (rising edge-triggered cell FDRE clocked by clk_25_clkDVIprescaler  {rise@0.000ns fall@20.000ns period=40.000ns})
  Path Group:             (none)
  Path Type:              Hold (Min at Fast Process Corner)
  Data Path Delay:        0.250ns  (logic 0.141ns (56.297%)  route 0.109ns (43.703%))
  Logic Levels:           1  (FDRE=1)
  Clock Uncertainty:      0.199ns  ((TSJ^2 + DJ^2)^1/2) / 2 + PE
    Total System Jitter     (TSJ):    0.050ns
    Discrete Jitter          (DJ):    0.182ns
    Phase Error              (PE):    0.104ns

    Location             Delay type                Incr(ns)  Path(ns)    Netlist Resource(s)
  -------------------------------------------------------------------    -------------------
    SLICE_X1Y26          FDRE                         0.000     0.000 r  Spi_instance/output_register_reg[312]/C
    SLICE_X1Y26          FDRE (Prop_fdre_C_Q)         0.141     0.141 r  Spi_instance/output_register_reg[312]/Q
                         net (fo=2, routed)           0.109     0.250    pixel_gen_inst/DisplayBullet_inst/centers_y_reg[9][9]_0[166]
    SLICE_X2Y25          FDRE                                         r  pixel_gen_inst/DisplayBullet_inst/centers_y_reg[7][8]/D
  -------------------------------------------------------------------    -------------------

                         (clock clk_25_clkDVIprescaler rise edge)
                                                      0.000     0.000 r  
    W5                                                0.000     0.000 r  clk100 (IN)
                         net (fo=0)                   0.000     0.000    prescaler_instance/inst/clk_100
    W5                   IBUF (Prop_ibuf_I_O)         0.414     0.414 r  prescaler_instance/inst/clkin1_ibufg/O
                         net (fo=1, routed)           0.480     0.894    prescaler_instance/inst/clk_100_clkDVIprescaler
    MMCME2_ADV_X1Y0      MMCME2_ADV (Prop_mmcme2_adv_CLKIN1_CLKOUT0)
                                                     -3.142    -2.248 r  prescaler_instance/inst/mmcm_adv_inst/CLKOUT0
                         net (fo=1, routed)           0.530    -1.718    prescaler_instance/inst/clk_25_clkDVIprescaler
    BUFGCTRL_X0Y0        BUFG (Prop_bufg_I_O)         0.029    -1.689 r  prescaler_instance/inst/clkout1_buf/O
                         net (fo=645, routed)         0.850    -0.840    pixel_gen_inst/DisplayBullet_inst/clk_25
    SLICE_X2Y25          FDRE                                         r  pixel_gen_inst/DisplayBullet_inst/centers_y_reg[7][8]/C





